gene_symbol	gene_id	logFC	AveExpr	t	P.Value	adj.P.Val
C16orf89	ENSG00000153446.15	2.06191914394322	0.910160198809088	4.35641851150791	5.01267717106423e-05	0.0128160934518811
EYA4	ENSG00000112319.17	2.00706011025915	0.0999350727063356	3.80974376167952	0.000320135797300719	0.0229546994808895
ENSG00000227253	ENSG00000227253.3	2.00644344803127	-2.7068946537524	3.58100589790882	0.000669414995668452	0.0294776923500026
DMRT2	ENSG00000173253.15	1.99629149000758	-1.902347215722	3.61766583005706	0.000595755706336937	0.028301682770384
H1-4	ENSG00000168298.6	1.9215806931724	-2.269670087247	3.44507385007788	0.00102548640400849	0.0346792591908759
ENSG00000265625	ENSG00000265625.1	1.77931117479065	-2.35298075711432	4.34001964807112	5.30840131441622e-05	0.0128160934518811
POU5F1	ENSG00000204531.17	1.69184545771278	0.0421296971503626	3.76935245864311	0.000365314071941391	0.0236609065298009
PTCHD4	ENSG00000244694.7	1.67844460957747	-1.49440137748103	3.21504574374426	0.00206576206627768	0.048284656728081
ADRA1A	ENSG00000120907.17	1.65642792655573	-0.402469418960275	3.36434142527363	0.00131534346685814	0.0387510257300441
ENSG00000229808	ENSG00000229808.1	1.64800340517916	-2.01580150118277	3.20741948467023	0.00211327461314382	0.0485620321644483
TMEM123-DT	ENSG00000255337.1	1.64095868286875	-1.9840451665049	3.65114152385654	0.000535297253459439	0.0272705303436162
RPS28P4	ENSG00000237039.1	1.61155899107631	-1.10398180499444	3.99937617374061	0.000170611065692149	0.0187015221606112
CP	ENSG00000047457.13	1.6080211673326	2.78760304766829	3.75476963911004	0.000383077679423207	0.023722209674152
GDF15	ENSG00000130513.6	1.57756640274112	1.3159905772242	3.32455657681333	0.00148518058636632	0.0405938789126519
ATP6V1B1	ENSG00000116039.11	1.5737894662394	0.268929402068037	3.64775445682334	0.000541137530193996	0.0274497768973141
CHMP1B2P	ENSG00000278530.4	1.55167137514534	-0.122793539156027	5.21582441958047	2.20339165238447e-06	0.00534441163504447
H2BC6	ENSG00000274290.2	1.51447919438338	-2.43624622031445	3.20567839865142	0.00212426475036205	0.0486387774113511
LRRC2	ENSG00000163827.12	1.50887166207934	0.778974031149839	4.6840495265004	1.56400252358985e-05	0.00932194379138411
PPP4R4	ENSG00000119698.11	1.48023356138321	-1.22247540357141	3.73758224916484	0.000405075687908155	0.0243148666097673
AIM2	ENSG00000163568.14	1.46339515423302	-0.69409671480985	3.31316390402519	0.00153750208362093	0.0413607577445725
ENSG00000279602	ENSG00000279602.1	1.45944432083991	-0.818524646928563	4.1307602432718	0.000109342256643236	0.0155633198578838
ENSG00000278071	ENSG00000278071.1	1.4550144451065	-0.146044973041658	3.23638643978956	0.00193808457506675	0.046805388949467
RGS1	ENSG00000090104.11	1.44370040499161	3.64101231896064	3.47615262969054	0.000930956952200045	0.0331271305024467
ENSG00000271788	ENSG00000271788.1	1.4015198199507	-2.1802648253607	3.67094652143407	0.000502333435290445	0.0265605039180923
PPP1R14BP3	ENSG00000179967.11	1.39802435856751	-1.00834088076315	3.42567716603241	0.00108901977582933	0.0357303742348496
ENSG00000226396	ENSG00000226396.1	1.38323996733389	0.140421446388855	4.23077255378887	7.7571807836383e-05	0.0139578027439937
ENSG00000272416	ENSG00000272416.1	1.37580464860747	-1.56346252863205	3.722663590685	0.000425144872267416	0.0250215545751944
ENSG00000276564	ENSG00000276564.1	1.36584112245947	0.356308680585465	4.02789825418182	0.000154996477993463	0.0179323806580397
VAX2	ENSG00000116035.2	1.35298757401713	-1.52662073128127	3.75748302051494	0.000379711056689069	0.023722209674152
SFRP2	ENSG00000145423.4	1.30865770960118	6.01232582444473	3.54048493884935	0.000760898225029125	0.0307301564040018
LIPC	ENSG00000166035.10	1.30402380241548	-1.82131751724087	3.91444126828746	0.000226600842449886	0.0211357014825376
DEPP1	ENSG00000165507.8	1.30160153551369	7.01543424652911	3.71692680479067	0.000433112471867618	0.0252622451863336
ENSG00000272037	ENSG00000272037.1	1.27647207898679	0.350396711821776	3.86870912778633	0.000263675849848198	0.0216487810583638
CCDC163	ENSG00000280670.2	1.2729767783736	0.95374826235725	4.55358317141935	2.49770269249775e-05	0.0108999666146308
PTPRB-AS1	ENSG00000258168.5	1.26353403866253	1.06495191834195	3.66135203549321	0.000518053089654291	0.0269232331852215
LINC01239	ENSG00000234840.1	1.25607411829239	0.149788992138946	3.39785131378752	0.0011867014737793	0.0371048478842501
MLPH	ENSG00000115648.13	1.22321756005048	3.26434369331141	3.33551708048265	0.00143643299570859	0.0398793108109896
ENSG00000230333	ENSG00000230333.6	1.22309101974407	-1.14819283805551	3.35002575024408	0.00137422438243068	0.0394147569008956
KAZALD1	ENSG00000107821.14	1.20935499301445	0.866906083110918	4.29361829282429	6.2398036481727e-05	0.0132919285796399
HOXD3	ENSG00000128652.11	1.20767056117825	0.396516935150127	4.35007987330474	5.12503723368183e-05	0.0128160934518811
AIDAP2	ENSG00000251429.1	1.19873505324811	-1.0028366220081	3.34344101570688	0.00140213559083877	0.039632537076415
ENSG00000273203	ENSG00000273203.1	1.19662069422668	0.000629178614446617	3.23510330762452	0.00194554678518933	0.046805388949467
ENSG00000278925	ENSG00000278925.1	1.19537063260606	-1.68312006368888	3.2772460225931	0.00171406478074833	0.0437648695625341
RSPO1	ENSG00000169218.13	1.19047805637848	1.43200412270603	3.42039705545739	0.00110694971949575	0.0359178058598219
LINC00924	ENSG00000259134.5	1.19023439820741	1.04653078111103	3.83080967547807	0.000298749341426135	0.0224332527126798
APOLTP	ENSG00000188897.8	1.18719865140355	0.290577329638813	3.36828584419131	0.00129954370286361	0.0387453101372924
CD69	ENSG00000110848.8	1.15302056875885	1.19905153811754	3.1872950675329	0.00224362552987737	0.0498168448560547
CFD	ENSG00000197766.7	1.15036340418355	7.15487328008133	3.90906232048147	0.000230686550609227	0.0211357014825376
ADM	ENSG00000148926.9	1.1494861659378	5.82534466825261	4.24963659195458	7.26769050041974e-05	0.0135898687171084
IGSF10	ENSG00000152580.8	1.12662346963924	2.68051398828211	3.20827496501638	0.00210789420691551	0.0485620321644483
ENSG00000276445	ENSG00000276445.1	1.10871657760485	-1.00891006550638	3.21732435152854	0.00205176190909314	0.0481343848611728
LRRC70	ENSG00000186105.7	1.09027755465626	-0.661659777064845	3.5224205573502	0.000805406121112369	0.0310523850660053
ENSG00000259298	ENSG00000259298.1	1.08624942838654	-1.13630477728351	3.47193256185861	0.000943289496701894	0.0331332607193282
BHLHE22	ENSG00000180828.2	1.08362262986225	1.00594638158625	3.39811602595292	0.00118573433113636	0.0371048478842501
SLCO1C1	ENSG00000139155.8	1.08261949515063	-0.837075700088682	3.19835308512614	0.00217109434810199	0.049214480767349
CFAP43	ENSG00000197748.12	1.08166662452854	-1.28891366794526	3.86454835137792	0.000267324095978032	0.0216487810583638
ENSG00000263812	ENSG00000263812.5	1.07970952512462	-1.73765098796372	3.23375890268464	0.0019533943062851	0.046805388949467
ENSG00000224945	ENSG00000224945.1	1.07748689236341	0.169123495605237	4.16543326869083	9.71167509012245e-05	0.0152792251669533
LINC01140	ENSG00000267272.5	1.06427252506352	2.1253535708359	3.60556244219525	0.000619175707376661	0.0286921914549876
APOBEC3D	ENSG00000243811.8	1.06358507699619	0.295371873269945	4.54695621555359	2.55742578455135e-05	0.0108999666146308
CCDC102B	ENSG00000150636.17	1.05719919340984	1.18310604259391	3.23714320573429	0.00193369613520742	0.0468037898309787
SPRY1	ENSG00000164056.10	1.05412009491153	6.26419712523685	3.40815694900513	0.00114959496434697	0.0365437079249831
RNF152	ENSG00000176641.10	1.04488958048734	3.83986270169945	3.83986130904374	0.00028998697374574	0.02212368620101
CLEC2B	ENSG00000110852.4	1.04045907640511	3.28738337665015	3.74475608566847	0.000395750881714195	0.0239754168683184
ENSG00000278867	ENSG00000278867.1	1.03559595793468	0.942973798651002	4.54168046332142	2.60596369245834e-05	0.0108999666146308
ELOVL7	ENSG00000164181.13	1.02217551543889	3.0472186675815	4.49377898655661	3.08972513793476e-05	0.0110555391029759
ENSG00000273373	ENSG00000273373.1	1.0129877852704	3.16573295915524	3.5739602787932	0.00068453115150267	0.0296969462286978
ENSG00000279926	ENSG00000279926.1	1.00789385650115	0.763110969423483	3.31574342986662	0.00152550540956766	0.0412687466359447
ICAM5	ENSG00000105376.4	1.00385595719622	0.409977115791041	3.76966530675309	0.000364941764568464	0.0236609065298009
HCG27	ENSG00000206344.7	1.0027263457061	0.511642713823979	3.22210950446163	0.00202265074625198	0.0476632486186676
CYP4Z1	ENSG00000186160.4	0.997552347783177	-0.374786273448506	3.34933361298953	0.00137713333080132	0.0394147569008956
MRC2	ENSG00000011028.13	0.991257837065194	6.23636370650622	4.3690321744412	4.79615268901437e-05	0.0128160934518811
ENSG00000277978	ENSG00000277978.1	0.98475579622477	-1.67466201828522	3.27440408149595	0.00172882133838839	0.0438956410626419
ZNF732	ENSG00000186777.11	0.982296712525573	-0.954094122231559	3.65408952630659	0.000530263042328431	0.0272705303436162
RASL10A	ENSG00000100276.9	0.971786260254266	-1.01122272871674	3.34122652214063	0.00141164199473174	0.039632537076415
RN7SKP23	ENSG00000280039.1	0.96987283732231	0.324037361161569	3.85208650694813	0.000278542998927172	0.021709374541934
NOSTRIN	ENSG00000163072.15	0.967861327922533	3.387165550777	3.53403702941615	0.000776509593171475	0.0309666740768599
H1-10-AS1	ENSG00000206417.8	0.9633677988095	1.88241623147274	3.61080357978504	0.000608928419745807	0.0286061373148073
SGK2	ENSG00000101049.14	0.960050516699709	0.557085906884423	3.63302428109258	0.000567250990250439	0.0281017613949263
FBXW4P1	ENSG00000230701.2	0.958246190406881	0.429178027050696	3.19218636566435	0.00221126675012533	0.0495599185959347
FBLN2	ENSG00000163520.13	0.956900968287219	6.84388312426577	3.67249344683214	0.000499841960541258	0.0265605039180923
RORB	ENSG00000198963.10	0.955153312838546	0.0106135241021822	3.28372585217373	0.00168086113678054	0.0434954987109231
PKP4-AS1	ENSG00000204380.4	0.954527337813123	0.847306941985248	3.42029261398828	0.00110730718007525	0.0359178058598219
ENSG00000260912	ENSG00000260912.1	0.954256629385797	1.96050710392677	3.81621077710278	0.000313418992692695	0.022877391890296
EMID1	ENSG00000186998.15	0.945152184177486	0.647701416811827	3.19081558180681	0.00222029083515812	0.0495873619425887
ENSG00000276007	ENSG00000276007.1	0.944755834199691	-0.392393041436163	3.64577485954121	0.000544579017320563	0.0274756849766456
SNHG28	ENSG00000188004.9	0.942826459485866	0.697280515978775	3.73817571073447	0.000404296380912569	0.0243148666097673
ENSG00000240401	ENSG00000240401.8	0.942535677478292	-0.567708993104546	3.34091255458032	0.00141299471316166	0.039632537076415
ACSS3	ENSG00000111058.7	0.940221892211765	2.73238137527336	3.51237095626957	0.00083122656038226	0.0311473166722414
LINC-PINT	ENSG00000231721.6	0.936163861041623	3.52602886328805	3.32267070140951	0.00149372396096627	0.0406997101535853
DDX50P1	ENSG00000229816.1	0.934429970609539	-1.28975763024255	3.30946983782102	0.00155483720265482	0.0416191740235688
PDE6C	ENSG00000095464.9	0.929966560912024	-1.08632263905902	3.57300269021028	0.000686610534307808	0.0296969462286978
LINC01176	ENSG00000281404.1	0.925176113571881	0.892765472159358	3.76272905921713	0.00037328216877055	0.0236609065298009
ZMYND10	ENSG00000004838.13	0.924902257367168	-1.15634237411387	3.67874427089001	0.000489894025449884	0.0264695431937837
DLGAP1-AS2	ENSG00000262001.1	0.924648125817355	0.94585887397757	3.56312284588875	0.000708418296001206	0.0298270687850574
PON3	ENSG00000105852.10	0.920556800344909	-0.19262251950501	3.93115801886108	0.000214342397757243	0.0206733602841562
MEG3	ENSG00000214548.14	0.919421329499813	6.92385565089423	3.47003515917789	0.000948884742224509	0.0332685270008236
ENSG00000276517	ENSG00000276517.1	0.918831435453363	0.276574651469521	3.5713141383445	0.000690291842181433	0.0296969462286978
VWCE	ENSG00000167992.12	0.918676132883057	0.899306003357411	3.50246285845609	0.000857451824438139	0.0314583530994673
ENSG00000224251	ENSG00000224251.6	0.917266824996971	-1.66793433094348	3.20648934193816	0.00211913922883499	0.0485797385956367
ENSG00000232450	ENSG00000232450.1	0.905390854441902	-1.55150209569306	3.60297284172342	0.000624299242584798	0.0286921914549876
ENSG00000261351	ENSG00000261351.2	0.904386488980722	0.490054203866379	4.08297545824797	0.000128651420307033	0.0166923029899051
ENSG00000230177	ENSG00000230177.1	0.897299720077449	-0.446468770119809	3.40941793979684	0.00114513078221222	0.036523544162431
MYG1-AS1	ENSG00000257605.2	0.896423070657525	-0.461154342586765	3.61972251666032	0.000591860901471824	0.028301682770384
RIPOR3	ENSG00000042062.11	0.895425887881479	4.82828883542036	3.58515093244181	0.000660670983381953	0.029396616728914
DUSP1	ENSG00000120129.5	0.887109615789913	8.5023444450345	3.76059477907977	0.000375885003855171	0.0236609065298009
YEATS2-AS1	ENSG00000233885.7	0.874859617159896	0.520306674129068	3.64310772880163	0.000549248791924772	0.0274789109026693
MELTF-AS1	ENSG00000228109.1	0.873175615100538	1.23565171362801	3.23251729624343	0.00196066819685245	0.0469207333984527
NPFF	ENSG00000139574.8	0.871551518584635	1.28253091674619	3.59223463924565	0.000645978974566821	0.0291270850636241
CFAP45	ENSG00000213085.9	0.871375107298002	-0.325271330098107	3.21274277935473	0.00208000301768248	0.0484394353556263
RPL9P29	ENSG00000267355.2	0.869622382856877	-1.27687782823762	3.36712549800292	0.00130417286783106	0.0387453101372924
TFAP2E	ENSG00000116819.6	0.865997148593681	0.825404346561728	4.19293914392106	8.83687949080477e-05	0.0149155577458513
MT1F	ENSG00000198417.6	0.863155920535905	0.770249582054347	3.22509627252438	0.00200467750969037	0.0474382309458119
ENSG00000227782	ENSG00000227782.2	0.857814239466338	0.76222396748692	3.42531585796689	0.00109023786965637	0.0357303742348496
REV3L-AS1	ENSG00000272356.1	0.856569717693727	0.555262909847319	4.03003077429092	0.000153886048518882	0.0179323806580397
ENSG00000272800	ENSG00000272800.1	0.848577977843119	-1.37552272997586	3.40986412346895	0.0011435551283551	0.036523544162431
LTBP2	ENSG00000119681.11	0.845427336202101	6.35600512479619	4.01691285389266	0.000160840152247266	0.0181520959988882
ENSG00000279488	ENSG00000279488.1	0.844540006467313	1.39365078818618	4.00591577193686	0.000166902352704664	0.0184007431973183
CCSER1	ENSG00000184305.14	0.834220931899784	-0.0887804549159262	3.56512888788672	0.000703937721230827	0.0297881686194551
CATSPER2	ENSG00000166762.16	0.817724708617304	1.58359807100523	3.45495452947223	0.000994488710338894	0.0341763660762049
ANXA2R	ENSG00000177721.4	0.813894417479437	0.803743538980742	4.78707103517601	1.07660922535013e-05	0.00733363134110822
PRANCR	ENSG00000257815.5	0.809375618606284	0.97120340669202	4.20656376296565	8.43228718190416e-05	0.0146208194018598
ENSG00000272842	ENSG00000272842.1	0.80905352756084	-0.450548392157581	3.42226335834027	0.00110058051641103	0.0358214542483064
SNED1	ENSG00000162804.13	0.807908417949045	4.74304215710928	4.3983453822785	4.32744776136891e-05	0.0128160934518811
ZNF90	ENSG00000213988.10	0.807622275375734	0.415033643848158	3.81944244463096	0.000310113327044227	0.022877391890296
TERF1P7	ENSG00000232186.1	0.805301767996904	-0.112284870400509	3.28239114590994	0.00168765043566777	0.0434954987109231
CELF6-AS1	ENSG00000261460.1	0.804351317743061	1.0197644798711	4.50475180873878	2.97173105416454e-05	0.0108999666146308
ENSG00000270055	ENSG00000270055.1	0.802561080731958	3.01848565941376	3.6754283466955	0.000495147403519715	0.0265266870456562
SULT1A1	ENSG00000196502.11	0.801466179073662	2.76311697880926	3.8626479140603	0.000269006507147917	0.0216487810583638
HSD17B7P2	ENSG00000099251.14	0.78818397053488	1.92473873222045	4.14224282842417	0.000105137518072569	0.0155448673038612
B3GAT2	ENSG00000112309.10	0.786321141863302	0.713136510164776	3.22658691151097	0.00199576365638212	0.0474037362617387
LSMEM1	ENSG00000181016.9	0.784063230392939	1.21320795387793	3.85143070194612	0.000279145737452199	0.021709374541934
ENSG00000249476	ENSG00000249476.1	0.783654012372288	-0.116687297425512	3.38044666145025	0.00125195367679685	0.0381445886222786
MXD3	ENSG00000213347.10	0.78296759091698	3.508558391009	3.56983520829652	0.000693531565205949	0.0297252304340968
RHEBL1	ENSG00000167550.10	0.782720006098653	-0.880561769063953	3.9098244599539	0.000230103374856437	0.0211357014825376
RHPN1	ENSG00000158106.13	0.782239968989144	3.26514369409046	3.74473156337166	0.000395782404063778	0.0239754168683184
ENSG00000280332	ENSG00000280332.1	0.781866291640003	1.80583279024296	3.40730873416898	0.00115260708994477	0.0365784942204936
MICB	ENSG00000204516.9	0.780925587041731	1.17366493931435	4.10854664535146	0.000117942248524895	0.0161824322811562
SLC25A37	ENSG00000147454.13	0.779092036938021	5.57983145299201	5.3651019600768	1.25458703005855e-06	0.00534441163504447
ENSG00000276248	ENSG00000276248.1	0.779077811009793	1.58559959403475	3.27062561097249	0.00174862606098997	0.0439414293297255
RADX	ENSG00000147231.13	0.77802222892261	1.07741504286048	3.90960386380486	0.000230272025322598	0.0211357014825376
ENSG00000228393	ENSG00000228393.3	0.776457598926664	1.06202152524834	3.60846404265307	0.000613482473116665	0.0286788019846916
MHENCR	ENSG00000232442.1	0.772421200492948	2.71082276789666	3.96820050593584	0.000189409679492805	0.0199552633888761
HESX1	ENSG00000163666.8	0.767054750589202	-0.908595734036883	3.5161872897634	0.000821329995429375	0.0311028468576935
DCAF4L1	ENSG00000182308.6	0.76469571687422	-0.709990959907676	3.22191406343892	0.00202383209860725	0.0476632486186676
TMEM91	ENSG00000142046.14	0.75467768550835	3.6846799880369	4.16120313496453	9.85342995614355e-05	0.0152792251669533
ZNF436-AS1	ENSG00000249087.6	0.750512196564035	2.76298499641916	3.597295935866	0.000635672698941146	0.0288671080640583
NLRP1	ENSG00000091592.15	0.749030386782272	5.65461770124209	4.10646061686022	0.000118782599452727	0.0161824322811562
ENSG00000276148	ENSG00000276148.1	0.748009140344636	-0.887741239388679	3.2089999418932	0.00210334465401341	0.0485620321644483
CD72	ENSG00000137101.12	0.746344150607655	0.392582202905718	3.36717120430022	0.00130399022954664	0.0387453101372924
AGBL2	ENSG00000165923.15	0.736660140075656	-0.199341140956984	3.26482156724998	0.00177946426399016	0.0443079481930706
ENSG00000272630	ENSG00000272630.1	0.733989623649152	-0.312358141467816	3.3603662676726	0.00133144987285622	0.0390088224654174
ENSG00000244701	ENSG00000244701.1	0.733648671138146	1.29460283910693	3.46123935927049	0.000975236350341985	0.0337580452088433
HNRNPA1P16	ENSG00000262333.1	0.731948356070884	-0.515510699007754	3.26799976057561	0.00176251495305272	0.0440603464470068
ENSG00000232807	ENSG00000232807.2	0.728213136106876	1.61604438902532	4.50632357486744	2.95519252398557e-05	0.0108999666146308
ENSG00000272338	ENSG00000272338.2	0.722636284524646	-0.0735900916304214	3.62029337908448	0.000590784153739407	0.028301682770384
ENSG00000263272	ENSG00000263272.1	0.720675773020726	2.89361303914624	3.22677121568954	0.00199466412923916	0.0474037362617387
ZNF876P	ENSG00000198155.5	0.720525236457752	-0.115799063901187	3.33703002381385	0.00142982391239545	0.039811724789954
CCDC17	ENSG00000159588.14	0.719073289804432	1.06933654950246	3.66967977723106	0.000504382475171929	0.0265605039180923
IL15RA	ENSG00000134470.20	0.716800253957515	4.04581741757734	3.34146552513138	0.0014106130782325	0.039632537076415
C6orf163	ENSG00000203872.6	0.715808226174781	-0.694264963173704	3.2693162372642	0.00175553879180593	0.0440570939159401
MCUB	ENSG00000005059.15	0.7128456312735	3.22897159029078	3.52097556844611	0.000809071243708638	0.0310523850660053
MEF2B	ENSG00000213999.15	0.710096393822188	2.55478227129694	4.13154874688561	0.000109048399183431	0.0155633198578838
ENSG00000260296	ENSG00000260296.1	0.707022806835866	0.889593128798671	3.86388815481104	0.000267907404016013	0.0216487810583638
BEX5	ENSG00000184515.10	0.704841661938327	0.306577058749114	3.22990221236818	0.00197607190631058	0.0471709880714164
LINC01569	ENSG00000262468.5	0.701514119915827	0.340330402070752	3.51502135993001	0.000824341562891274	0.0311028468576935
ENSG00000226849	ENSG00000226849.1	0.697710960188654	1.82418995471405	3.62102403640105	0.000589408728515298	0.028301682770384
SLC16A1-AS1	ENSG00000226419.7	0.694065422309596	1.94260427258614	4.22404685234042	7.93930190254418e-05	0.014151991138993
INPP5D	ENSG00000168918.13	0.692472007678857	4.18267968113729	3.68523273389881	0.000479767991562585	0.0261446140087805
ENSG00000283236	ENSG00000283236.1	0.687131149589188	0.973989054215347	3.30316346395642	0.00158485765553193	0.0422178632178218
ENSG00000280077	ENSG00000280077.1	0.685050200731562	3.06358005588233	3.21230068641832	0.0020827473373803	0.0484441950803103
IRAK3	ENSG00000090376.10	0.683716276731607	4.52031985676119	3.38244799823323	0.00124428132298802	0.0381122832096089
INTS6-AS1	ENSG00000236778.7	0.683554954299884	0.864074206673438	3.761839870742	0.000374364464349988	0.0236609065298009
TBX19	ENSG00000143178.12	0.683278563894384	2.23040402178133	3.72178051710068	0.000426362147377873	0.0250215545751944
ZNF678	ENSG00000181450.17	0.681027566378305	2.53076727889785	4.31951242005547	5.70209509348147e-05	0.0129471499664252
LINC01355	ENSG00000261326.2	0.679166930230411	4.18254878996284	3.19269764303517	0.0022079097527127	0.0495599185959347
ST3GAL6	ENSG00000064225.12	0.673287328249123	2.56747890368492	3.23974174043848	0.00191869840345079	0.0466182606993846
ENSG00000262089	ENSG00000262089.1	0.67279003686994	-0.231441829653539	3.2285601982392	0.00198402090837426	0.0473015384817779
UAP1L1	ENSG00000197355.10	0.671498673174262	4.05412295972477	4.28075067065969	6.52497598701894e-05	0.0132919285796399
CLDN15	ENSG00000106404.13	0.669614157864053	3.17341085625641	4.10054338185989	0.000121197915323483	0.0163943818366297
CORT	ENSG00000241563.3	0.667014673944376	-0.859404485728858	3.50223470227677	0.000858064876224368	0.0314583530994673
SNHG18	ENSG00000250786.1	0.662081924846543	2.97278821087587	3.23875568437919	0.00192437661188726	0.0466967367920174
LRRC39	ENSG00000122477.12	0.66044086871804	0.510655534165928	3.28425096363313	0.00167819709205089	0.0434954987109231
LINC02878	ENSG00000181097.5	0.659540092384693	-0.316683538987883	3.52601902238318	0.000796347281289896	0.0309974116245759
FAM86B1	ENSG00000186523.14	0.658246685381034	0.864230231008845	3.2788321459798	0.0017058806154365	0.0436518451242255
DLEC1	ENSG00000008226.19	0.657421643736903	0.308855747909304	3.23399299152732	0.00195202575365511	0.046805388949467
ENSG00000258302	ENSG00000258302.2	0.65435814822101	-0.649416582498195	3.28455739114624	0.00167664433345107	0.0434954987109231
SLC35G2	ENSG00000168917.8	0.649933387391555	2.19538858719418	3.28107741949478	0.00169435823372237	0.0434954987109231
TMEM81	ENSG00000174529.7	0.645147477353633	0.848132516868651	4.13465200523221	0.000107899276851661	0.0155633198578838
ENSG00000259865	ENSG00000259865.1	0.645136183311595	3.03413118808194	3.52698420807002	0.000793934023152335	0.0309666740768599
KANTR	ENSG00000232593.7	0.642140903873557	4.39793170852157	3.36348125494447	0.00131881298884897	0.0387510257300441
SCARB1	ENSG00000073060.15	0.640413206517148	4.2549823030421	4.16127266768637	9.85108377836373e-05	0.0152792251669533
SLC13A3	ENSG00000158296.13	0.638856819979481	1.06768415837251	3.18614701278261	0.00225128469286748	0.0498329837179742
TRPV1	ENSG00000196689.11	0.637154837682743	3.33117280184755	3.7872445468349	0.000344595339123531	0.0236089788024686
DNAH17	ENSG00000187775.16	0.630502115688486	1.71426474205696	3.43181013628159	0.00106853901580191	0.0353210479174868
LRP5L	ENSG00000100068.11	0.629013391504326	3.16275845664655	3.61395186299816	0.000602850911132726	0.0283905566124308
ZNF826P	ENSG00000231205.11	0.62783926685703	0.857560946302905	3.6652771007076	0.000511566316414337	0.0268052317389304
TM7SF3-AS1	ENSG00000247903.1	0.62479176989922	3.2444929741129	3.40158862223534	0.00117311583910149	0.036922175576209
MELTF	ENSG00000163975.11	0.62419156231842	2.87271851096975	3.40395896402989	0.00116457572497994	0.0367147469269188
ATP1A1-AS1	ENSG00000203865.9	0.621128352242813	0.715594459957827	4.37494436280065	4.69781643329007e-05	0.0128160934518811
RPS21-DT	ENSG00000273619.1	0.616202845574841	0.277087613870664	3.6070779649192	0.00061619584781314	0.0286921914549876
CENATAC	ENSG00000186166.8	0.615073467746634	4.06274589277503	3.61491637365155	0.000601000597093674	0.0283905566124308
TNFRSF14	ENSG00000157873.17	0.607468349017394	5.85023070403282	3.68572028842798	0.00047901523224863	0.0261446140087805
A1BG	ENSG00000121410.11	0.601904885953348	0.883047094700192	3.41032602814424	0.00114192611913897	0.036523544162431
MICALL2	ENSG00000164877.18	0.600635478731972	5.37816355793058	3.45894156414236	0.000982233852936367	0.0339386707917669
IDUA	ENSG00000127415.12	0.59898902318234	3.99175609197825	3.62689588272162	0.000578465572399161	0.0282899329804338
RAD9A	ENSG00000172613.7	0.592609633129277	4.08936918308715	3.41786004058782	0.00111566387010291	0.0359895682120566
ST20	ENSG00000180953.11	0.590804278701353	0.949993515291065	3.52264917032833	0.000804827706145227	0.0310523850660053
N4BP2L2-IT2	ENSG00000281026.1	0.582752189626927	2.90485903157971	3.47936061050993	0.000921684584042658	0.0329200188603851
NPIPB5	ENSG00000243716.10	0.572645218728276	5.02307040473795	3.75579261350767	0.000381805085027867	0.023722209674152
TMEM44	ENSG00000145014.17	0.571792781677614	3.33923885953151	3.43354951568556	0.00106279718295344	0.0352534446442973
CD40	ENSG00000101017.13	0.569916013824466	4.19290257981199	4.97086937331308	5.48715067231045e-06	0.00654102654831107
ZNF254	ENSG00000213096.10	0.566981642349999	3.47603775633838	3.91859969521231	0.000223489964666157	0.0211020994855328
ENSG00000260563	ENSG00000260563.3	0.566072218755391	3.23705130576842	3.80326965965657	0.00032699802377035	0.0231170053835276
RPL30-AS1	ENSG00000245970.2	0.558300985794697	1.55482173584935	3.28166166265471	0.0016913720330752	0.0434954987109231
SIRPA	ENSG00000198053.11	0.553065789153683	5.36300528318448	3.35832732604472	0.00133978330714122	0.0390284188056546
LENG8-AS1	ENSG00000226696.5	0.551403712279984	1.60742430934033	3.23498671809588	0.00194622616269106	0.046805388949467
SLC26A6	ENSG00000225697.12	0.54860852196821	3.87352291378485	3.63012740352493	0.000572526010204312	0.0282477745957122
ENSG00000261438	ENSG00000261438.1	0.545962444411466	0.0690576002075924	3.3855750151022	0.00123238248282244	0.0380343545224472
KMT5C	ENSG00000133247.13	0.545640880718115	3.25427182060315	3.26324365597145	0.00178793614916327	0.044345001525346
KMT2E-AS1	ENSG00000239569.3	0.542601230874374	1.32677271565845	3.37925038011648	0.0012565610939962	0.0381484733132049
SNHG7	ENSG00000233016.6	0.540864266288936	5.10370191616153	4.93998238842765	6.14930509397732e-06	0.00657650952297575
TMEM198B	ENSG00000182796.13	0.538962603481864	4.70724050657939	3.69411766910846	0.000466225789429509	0.0260771978938094
ENSG00000224138	ENSG00000224138.1	0.538268920153592	-0.898640266727868	3.51859819706264	0.000815135800459212	0.0310523850660053
ANKRD13D	ENSG00000172932.14	0.52824734673638	5.5246010021671	3.65205398045444	0.000533734227731326	0.0272705303436162
C18orf54	ENSG00000166845.13	0.525418148325082	1.33895637296052	3.4459352231426	0.00102274808775078	0.0346627832785256
LRRC37A3	ENSG00000176809.10	0.525086596514258	2.25532011079471	3.46645406955014	0.000959530886523503	0.0334210605696405
LNCRNA-IUR	ENSG00000245552.6	0.52255390273346	-0.0230578286574108	3.3327555457398	0.00144857078852117	0.0399257090310178
SATB2	ENSG00000119042.16	0.521906958566121	1.94100535151519	3.20334093748184	0.00213910375002065	0.0488027820862965
SHROOM1	ENSG00000164403.14	0.520920362325568	3.66603756596485	3.35938317646485	0.00133546176946163	0.0390284188056546
ARL15	ENSG00000185305.10	0.518863914224218	3.5279276672848	3.89292809386124	0.00024337065646334	0.0211357014825376
NEIL1	ENSG00000140398.13	0.50987405889856	4.39616714315913	3.28260369635257	0.00168656752115673	0.0434954987109231
CCHCR1	ENSG00000204536.13	0.507375546156338	4.41259604672316	3.58561451122007	0.00065969984582783	0.029396616728914
CFAP418	ENSG00000156172.5	0.507328460886257	1.36460038309824	3.96172411253811	0.000193557580188857	0.0199552633888761
PIDD1	ENSG00000177595.17	0.506862902223835	4.95514228193704	3.72295660613454	0.000424741699022322	0.0250215545751944
UBTD1	ENSG00000165886.4	0.505978324793424	3.45114857694126	3.5864388658185	0.000657976286016928	0.029396616728914
ZNF26	ENSG00000198393.7	0.503021701560662	3.93546752017467	3.92926549236505	0.000215697514630477	0.0206733602841562
KATNAL2	ENSG00000167216.16	0.500339939421952	1.58130752917896	3.55412472457898	0.000728851878090508	0.0302862567991727
NUTM2B-AS1	ENSG00000225484.6	0.490301795639683	3.40299153931616	3.34865298011643	0.00137999959809469	0.0394147569008956
PLCG2	ENSG00000197943.9	0.487517262548756	3.64791365502891	3.25916012707188	0.00181003740377367	0.0447272045011822
CCDC7	ENSG00000216937.13	0.486137043484643	1.3082448949001	3.37769802748304	0.00126256380246917	0.0381484733132049
FBXO44	ENSG00000132879.13	0.485991647782798	5.05598898550035	3.35802040459901	0.00134104199586759	0.0390284188056546
TAFAZZIN	ENSG00000102125.15	0.482441077426155	5.08615021387912	3.6575672249463	0.000524382357745327	0.0271044572067117
HLA-C	ENSG00000204525.16	0.482329976571287	8.23648836901919	3.37481673025967	0.00127377725511545	0.0382594544674283
UBA7	ENSG00000182179.12	0.480953565898353	5.60347826325693	3.1881497247588	0.00223793962880459	0.0497900213419017
ZNF169	ENSG00000175787.16	0.478604785451844	2.16972517327908	3.26798399301975	0.00176259866507976	0.0440603464470068
PLXDC2	ENSG00000120594.16	0.471429581483259	5.99558359865836	3.21439508389085	0.00206977627263443	0.048319269091746
YBEY	ENSG00000182362.13	0.466812527901605	1.95934122450859	3.33322860715087	0.00144648469089807	0.0399257090310178
GLA	ENSG00000102393.9	0.465125868426085	3.31934251546805	3.53013529682166	0.000786103631906786	0.0309666740768599
PLA2G15	ENSG00000103066.12	0.463607511736404	3.14652203855464	4.34177775395987	5.27590440372678e-05	0.0128160934518811
FAM193B	ENSG00000146067.15	0.452954553574147	6.66843504307834	3.50769137338777	0.000843516340730795	0.0313613784927065
ABCD4	ENSG00000119688.20	0.450139023384978	5.09956469588143	3.89240550107981	0.0002437924986189	0.0211357014825376
ENSG00000205485	ENSG00000205485.13	0.446985947430838	1.12951634730956	3.87344256295784	0.000259583595522454	0.0216487810583638
ZNF141	ENSG00000131127.13	0.443166888667638	2.97676611910353	3.20289996943635	0.00214191405481669	0.0488085146565338
RIN2	ENSG00000132669.12	0.437526547570974	5.34056727058317	3.26481993859165	0.00177947298882672	0.0443079481930706
SCRN2	ENSG00000141295.13	0.437073141910319	4.63547080038416	3.61726786328738	0.00059651216241254	0.028301682770384
ZNF721	ENSG00000182903.15	0.432406465970826	4.01827298851715	3.87524384846803	0.000258042381547846	0.0216487810583638
IRF3	ENSG00000126456.15	0.431610995628672	5.72119685452651	4.0696584039319	0.000134594180975731	0.0172289584815444
CEP131	ENSG00000141577.13	0.425097593424588	3.76101282108431	3.5708465200923	0.000691314639833367	0.0296969462286978
ZNF205	ENSG00000122386.10	0.421655994515397	3.43625488653239	4.14681257738702	0.00010350798042381	0.0154811572091052
ZBTB48	ENSG00000204859.12	0.415652411891708	4.2298130888239	3.74473914465264	0.000395772658399203	0.0239754168683184
TMEM243	ENSG00000135185.11	0.41516156578838	3.2734498935339	3.68052361860456	0.000487097010831689	0.0263931854761159
FBXO41	ENSG00000163013.11	0.414500946945276	2.95204221936745	3.59426416978069	0.00064182729049187	0.0290479117151683
TCIRG1	ENSG00000110719.9	0.408790849187047	6.64956282529622	3.23802971757508	0.00192856718958496	0.0467389606187471
PCED1A	ENSG00000132635.16	0.408095558081607	5.18543285614839	3.36467803417627	0.00131398809440505	0.0387510257300441
XYLT2	ENSG00000015532.9	0.406834096506234	4.64735232862692	3.36865276629507	0.00129808311294598	0.0387453101372924
PAXX	ENSG00000148362.10	0.402517784937465	4.32485286539461	3.18470257002327	0.00226095603543597	0.0499587255956225
SBF2-AS1	ENSG00000246273.6	0.400485596461096	1.01936591771069	3.215745613096	0.00206145242912902	0.0482430456205863
ZNF680	ENSG00000173041.11	0.400070048446207	2.73235504045343	3.75260986836172	0.000385777808520046	0.0237723223736576
SPATS2	ENSG00000123352.17	0.390696293317746	4.04236008491838	5.34869889071172	1.33500985822974e-06	0.00534441163504447
RHBDD3	ENSG00000100263.13	0.388548286511897	3.80317428859717	3.53935365523928	0.000763615475855459	0.0307301564040018
FLYWCH2	ENSG00000162076.12	0.387528303571381	3.86645574102922	3.48787212592192	0.00089750565241991	0.0325287505502818
CXorf38	ENSG00000185753.12	0.386500044224015	3.92772635674554	3.62444730332387	0.000583005152353166	0.028301682770384
TAF1C	ENSG00000103168.16	0.385780063279308	6.19105179968335	3.69143525857278	0.000470275293740352	0.0261446140087805
QTRT1	ENSG00000213339.8	0.382554161743678	5.49233032992535	3.43763204170088	0.00104943502459633	0.0351410243934657
POLG2	ENSG00000256525.6	0.375052777116701	3.02856500491967	3.68963655694995	0.000473009499869091	0.0261446140087805
ZFYVE27	ENSG00000155256.17	0.373200394517333	5.0183327447493	4.04218142285073	0.00014770388451161	0.0179323806580397
ADPGK	ENSG00000159322.17	0.370760907968783	5.10734451693366	3.43493719309748	0.00105823731948251	0.0351633456349998
KHDC4	ENSG00000132680.10	0.370048621448792	6.3149583784144	3.18601146098633	0.00225219063413694	0.0498329837179742
SELENOO	ENSG00000073169.13	0.369445112532369	5.05133076185922	3.32765683593925	0.00147123593626114	0.040375371240732
DPY19L3	ENSG00000178904.18	0.367281069259861	4.41279950283257	3.45288240271415	0.00100091486124172	0.0342736968554098
LETMD1	ENSG00000050426.15	0.359798086717877	5.54949572269489	4.84869535351677	8.59777004482816e-06	0.00733346308179295
ARHGAP12	ENSG00000165322.17	0.359625658351642	4.91594875039477	3.22524191585228	0.002003804932599	0.0474382309458119
KRABD5	ENSG00000197302.10	0.351669671284841	3.72240552143796	4.93746798435379	6.20653129625981e-06	0.00657650952297575
XPNPEP3	ENSG00000196236.12	0.350104659982138	3.95852939437281	3.90354741854983	0.000234948976864303	0.0211357014825376
ANKRD16	ENSG00000134461.15	0.3420343223507	2.33920120288396	3.77253315901999	0.000361545739595315	0.0236609065298009
POC5	ENSG00000152359.14	0.34149120759099	2.60525330589464	3.25534402879768	0.00183092341118157	0.0449436322026591
SEPSECS	ENSG00000109618.11	0.336077596814441	3.7860994016017	3.291805224682	0.00164030962674986	0.0430931480867771
FCSK	ENSG00000157353.16	0.32746106894932	4.31594368249226	3.4185011932658	0.00111345552354459	0.0359895682120566
GUSB	ENSG00000169919.16	0.316818268782983	5.21642047496077	3.53931756688532	0.000763702308787125	0.0307301564040018
C14orf93	ENSG00000100802.14	0.316799702094305	2.83059613681717	3.80343812951323	0.000326817681263657	0.0231170053835276
TRIM65	ENSG00000141569.10	0.306430304005691	4.81571460827622	3.29013007540078	0.0016486409291286	0.0432162490718485
MUTYH	ENSG00000132781.17	0.298942931697044	3.44382792849728	3.52421380639177	0.000800879593530725	0.0310471066817307
SLC66A1	ENSG00000040487.12	0.297996334160275	3.5705796988926	3.70895502546524	0.000444421469366763	0.0253221115212187
BRAT1	ENSG00000106009.15	0.290596486286313	5.36093038285332	3.61446043503859	0.000601874592709488	0.0283905566124308
ODR4	ENSG00000157181.15	0.28844696505111	4.50173304696333	3.8533360209274	0.000277398047597518	0.021709374541934
ARHGEF1	ENSG00000076928.17	0.287228257171309	6.70383308492886	3.41812943556403	0.00111473547809818	0.0359895682120566
ZDHHC8	ENSG00000099904.15	0.286967782664016	5.62400151734071	3.31519620463442	0.00152804300395135	0.0412687466359447
EDEM2	ENSG00000088298.12	0.284166923071853	4.1517157893145	3.76239732430623	0.000373685596616234	0.0236609065298009
MRE11	ENSG00000020922.12	0.282227156773071	4.70069196306647	3.56698021694948	0.000699826639328455	0.0297278251490237
FBXL4	ENSG00000112234.8	0.275289866600847	4.1304606984776	3.95475028887703	0.000198121761161121	0.0200861297060324
COA1	ENSG00000106603.18	0.264545417514247	4.57327541124689	3.38431935393138	0.00123714750441264	0.0380582489542941
USF1	ENSG00000158773.14	0.259922006736822	5.30944904516875	3.62352145710726	0.000584730470558662	0.028301682770384
CEP164	ENSG00000110274.15	0.247841016804256	5.27152673244449	3.30530285956542	0.00157461269733317	0.0420208174413173
AGK	ENSG00000006530.15	0.247383632678683	4.80359166463155	3.50244855325782	0.000857490250039683	0.0314583530994673
AUP1	ENSG00000115307.16	0.243514379064	6.51028555336899	3.19359437246302	0.00220203346234384	0.0495599185959347
TYK2	ENSG00000105397.13	0.230705123667192	6.06016786707708	3.36880194866502	0.0012974897132726	0.0387453101372924
OXA1L	ENSG00000155463.12	0.217466765609458	6.53727296118097	3.20473373613819	0.00213025011409499	0.0487173386404482
BRD2	ENSG00000204256.12	-0.1789216636762	7.86797708777539	-3.20754865691007	0.00211246137929713	0.0485620321644483
UBE2V1	ENSG00000244687.11	-0.19947627782497	6.87885016545696	-3.34854944570944	0.00138043609341993	0.0394147569008956
RC3H2	ENSG00000056586.15	-0.202555626871267	5.72995592997261	-3.27360886098216	0.0017329718292288	0.0438956410626419
ARIH1	ENSG00000166233.14	-0.210846740312985	6.17806531561779	-3.42726434557468	0.00108368409740388	0.035697939187883
DLST	ENSG00000119689.14	-0.213258994291149	6.9805433569766	-3.33820271699835	0.00142472092212677	0.0397276347188946
POGK	ENSG00000143157.11	-0.214888614589619	5.76242552213351	-3.29201052800872	0.00163929129036392	0.0430931480867771
PAFAH1B1	ENSG00000007168.12	-0.218249597613195	7.17670434272008	-4.03892050111875	0.000149339102097376	0.0179323806580397
SACM1L	ENSG00000211456.10	-0.221384428445227	5.33876771428993	-3.78127922767884	0.000351374742433444	0.0236089788024686
TLK2	ENSG00000146872.17	-0.22210154463259	4.76434895646859	-3.27140899958953	0.00174450248652454	0.0438956410626419
PRRC2A	ENSG00000204469.12	-0.225430855201843	7.95828161964302	-3.29557123781388	0.00162172410241089	0.0427816650142227
ZNF24	ENSG00000172466.15	-0.226317123145864	6.00798980875515	-3.34508687719191	0.00139510940710013	0.0396298936052085
USP22	ENSG00000124422.11	-0.227010477792174	6.75081333438289	-3.48182910819888	0.000914609347009673	0.0327812930712366
CTNNB1	ENSG00000168036.16	-0.229281944444048	7.84640526662326	-3.27258870265813	0.00173831007623438	0.0438956410626419
HNRNPU	ENSG00000153187.18	-0.230194300087222	8.49872462087606	-3.55922704009178	0.000717197361925004	0.0301301878502106
QRICH1	ENSG00000198218.10	-0.230837293920736	6.20406422571205	-3.60502986165899	0.000620226137030778	0.0286921914549876
XPO4	ENSG00000132953.16	-0.23288604478943	4.87921826276019	-3.52797293014548	0.000791469123763461	0.0309666740768599
FUBP3	ENSG00000107164.15	-0.234029837583138	5.91800532681753	-3.50176823558162	0.000859319559839692	0.0314583530994673
NIPBL	ENSG00000164190.17	-0.234676059307576	6.1204985517556	-3.55015829807476	0.000738036053134149	0.0304264223773757
DCTN4	ENSG00000132912.12	-0.237409337018907	5.68605537423553	-3.82088401084169	0.0003086495559796	0.022877391890296
LONP2	ENSG00000102910.13	-0.238434118486662	6.25507688303628	-3.512872281389	0.000829920085248642	0.0311473166722414
NAGA	ENSG00000198951.11	-0.241231825412267	4.94731100313478	-3.47342276736811	0.000938916990296376	0.0331332607193282
KAT6A	ENSG00000083168.9	-0.241557641908679	5.97554449953723	-3.28071105393959	0.00169623334457502	0.0434954987109231
EIF4E2	ENSG00000135930.13	-0.242474597194158	5.42161470396562	-3.38313757527293	0.00124164806399985	0.0381122832096089
GBF1	ENSG00000107862.4	-0.243880397219969	6.72243452701239	-4.12127942229799	0.000112935980774473	0.0158954831153798
DSTYK	ENSG00000133059.16	-0.245265637967671	5.00001601825573	-3.18786881736518	0.00223980696856035	0.0497900213419017
METTL14	ENSG00000145388.14	-0.245577441531039	4.23950237460213	-3.51073683465119	0.000835498727707664	0.0312460141834672
KLHL9	ENSG00000198642.6	-0.250007756177419	4.78836578881654	-3.20956912600765	0.0020997792337787	0.0485620321644483
COPA	ENSG00000122218.14	-0.251123064474801	7.07971368455295	-3.56319763657706	0.000708250762173446	0.0298270687850574
PICALM	ENSG00000073921.17	-0.251720106078842	7.34796022435104	-3.29982136629467	0.00160098785238168	0.0425287483404955
TAF1	ENSG00000147133.15	-0.254396854487066	5.6451255077818	-3.18663333158852	0.00224803726273992	0.0498329837179742
ANXA7	ENSG00000138279.15	-0.255946728830553	6.74775183049196	-3.20056177460996	0.00215687346175289	0.0489738661143011
MAPK1	ENSG00000100030.14	-0.256310441311708	6.94326894401315	-4.0234511146495	0.000157337053435984	0.0179693989232606
GOSR1	ENSG00000108587.15	-0.256317116182125	5.41356237988659	-4.53412578280327	2.67703322259973e-05	0.0108999666146308
RAB3GAP2	ENSG00000118873.15	-0.258522269580683	5.11167194575047	-3.79400081255181	0.000337068354579242	0.0233908818357873
GNB1	ENSG00000078369.17	-0.259381894250581	7.91985633596206	-3.47395640482826	0.000937355891163538	0.0331332607193282
UBE2D2	ENSG00000131508.15	-0.260659415409738	6.20317042948494	-3.39331223094822	0.00120340185859717	0.0374876697562616
ANKRD17	ENSG00000132466.18	-0.260952964055132	6.51834258330803	-3.27854694903909	0.00170734947112003	0.0436518451242255
GOLGA7	ENSG00000147533.16	-0.261097562893458	5.13364930760019	-3.18438133157028	0.00226311219601625	0.0499587255956225
UBE2V2	ENSG00000169139.11	-0.261151013812919	5.40435399435724	-3.38176441419015	0.00124689690781712	0.0381122832096089
SEC31A	ENSG00000138674.16	-0.261879315841322	7.16557274743098	-3.7068771308876	0.00044741527723225	0.0253221115212187
USP14	ENSG00000101557.14	-0.262445021684695	5.85605135722228	-3.26380859607243	0.00178489860395691	0.044345001525346
CAND1	ENSG00000111530.12	-0.263241569364213	6.47297803491782	-3.85426481927072	0.000276549900897109	0.021709374541934
UBE2L3	ENSG00000185651.14	-0.263261676437771	6.33200263068192	-3.5780597721005	0.000675696752811191	0.0296265842905008
ACTR10	ENSG00000131966.13	-0.263636732384026	5.47688976808359	-3.94765568187367	0.000202871150056776	0.0202168041917849
MDN1	ENSG00000112159.11	-0.264041827715702	6.05697312427985	-3.35114817849356	0.0013695193182837	0.0394147569008956
UBE3B	ENSG00000151148.13	-0.265363401828059	6.00160752606696	-3.70863300867928	0.000444884170785478	0.0253221115212187
NUP133	ENSG00000069248.11	-0.265611505874367	5.39378866862971	-3.48723514905339	0.000899294088827133	0.0325287505502818
DCAF7	ENSG00000136485.14	-0.265620815300658	6.14661798472571	-3.54030695497482	0.000761325117542201	0.0307301564040018
AIMP1	ENSG00000164022.16	-0.269571468441492	5.35732949641527	-3.76194856690114	0.00037423200143993	0.0236609065298009
KPNA1	ENSG00000114030.12	-0.2696993927426	5.48022434341414	-3.2080755236604	0.00210914741014674	0.0485620321644483
NAA35	ENSG00000135040.15	-0.269742629528104	4.19711941561316	-3.50604234524075	0.000847888082669522	0.0314345529458309
FRYL	ENSG00000075539.13	-0.271908853168679	5.65899845504194	-3.19691944387149	0.0021803720572752	0.049214480767349
ABRAXAS2	ENSG00000165660.7	-0.27256194833753	4.0676615795647	-3.37624267527202	0.00126821603727264	0.0381838139657785
VEZT	ENSG00000028203.17	-0.273255753106686	5.73014579235634	-3.40070595240695	0.00117631112887575	0.0369617498534549
AP3D1	ENSG00000065000.15	-0.273478318917241	7.21638283278619	-3.59383647204409	0.000642700086184713	0.0290479117151683
CDC42BPB	ENSG00000198752.10	-0.275455935788002	7.29923555670433	-3.39969926714177	0.00117996540896553	0.037015592508552
ZNF274	ENSG00000171606.17	-0.277487045725552	4.70041443017268	-3.36729150929866	0.00130350961703909	0.0387453101372924
VDAC3	ENSG00000078668.13	-0.277532145189889	6.31276513694225	-3.36353465001698	0.00131859736679474	0.0387510257300441
API5	ENSG00000166181.12	-0.280232656117453	6.17778641174567	-3.67457074152757	0.000496514825947636	0.0265266870456562
CLPTM1	ENSG00000104853.15	-0.280310709024283	6.58748406632499	-3.55467149578945	0.000727594399027382	0.0302862567991727
STEEP1	ENSG00000018610.13	-0.282835669969719	3.87644988618821	-3.76496615707874	0.000370572464963515	0.0236609065298009
KRAS	ENSG00000133703.11	-0.283044631143784	5.77531707581685	-3.35065317524861	0.00137159242517016	0.0394147569008956
CHD8	ENSG00000100888.12	-0.283705353669829	6.08935633467077	-3.62948462904559	0.000573702783084926	0.0282477745957122
NCOR1	ENSG00000141027.20	-0.284477708699621	6.61805406485213	-4.11807524091093	0.000114176122623973	0.0158954831153798
TRAPPC12	ENSG00000171853.15	-0.284916781082954	5.33030217626701	-3.31640289749266	0.00152245260541093	0.0412467877031287
SEC23IP	ENSG00000107651.12	-0.286402482777746	5.36340679597465	-3.74692666617391	0.00039297018983119	0.0239754168683184
EIF4G3	ENSG00000075151.20	-0.286428309598825	6.41221698649273	-3.20799770958224	0.00210963654987999	0.0485620321644483
HNRNPA0	ENSG00000177733.6	-0.286670459886784	7.02218774188507	-3.22085875118061	0.00203022219205842	0.0476877190506531
EMC2	ENSG00000104412.7	-0.286836456976626	5.04058607463557	-3.70467043227351	0.000450615762442424	0.0254277941924981
NCOA6	ENSG00000198646.13	-0.287948138468269	5.91170982719808	-3.33994880754833	0.0014171546314746	0.039632537076415
CDC23	ENSG00000094880.10	-0.289341969284982	4.70948915980607	-3.68894732104009	0.000474061225721448	0.0261446140087805
PJA1	ENSG00000181191.11	-0.289534299908841	4.17910943965951	-3.57120540510641	0.000690529540293623	0.0296969462286978
KDM3B	ENSG00000120733.13	-0.290526856163608	6.48254103229873	-3.27349794491261	0.00173355147799632	0.0438956410626419
VPS41	ENSG00000006715.15	-0.291895764897518	5.37705345343703	-3.46604793498705	0.000960745402142338	0.0334210605696405
FLII	ENSG00000177731.15	-0.292360843080349	7.83525458203521	-3.60404443145433	0.000622174218394739	0.0286921914549876
EMC4	ENSG00000128463.12	-0.293039425836629	5.33887607721525	-3.34002192192134	0.00141683863570767	0.039632537076415
AP3M1	ENSG00000185009.12	-0.294513984878621	5.52474398849802	-4.524485664299	2.77046581825683e-05	0.0108999666146308
FIP1L1	ENSG00000145216.15	-0.295230319771854	4.61536745065755	-3.21396598561649	0.0020724275764412	0.0483220185396858
ZNF830	ENSG00000198783.5	-0.295251184933627	3.62391804577617	-4.02584537317844	0.000156072730521396	0.0179323806580397
RALGAPB	ENSG00000170471.14	-0.296373296121178	6.10003874066502	-4.28835699659571	6.35491396753048e-05	0.0132919285796399
C14orf119	ENSG00000179933.5	-0.296466067190781	5.0419628510641	-3.25567834234371	0.00182908464548609	0.0449436322026591
CHD4	ENSG00000111642.14	-0.296809023257336	7.48777543287256	-3.62897280814778	0.000574641458770845	0.0282477745957122
PRKCE	ENSG00000171132.13	-0.297021018006395	3.75323490787814	-3.4060556715612	0.00115707055504319	0.0366591473361108
TAF5L	ENSG00000135801.9	-0.297302592305435	4.74448046334034	-3.32446748419789	0.00148558315320249	0.0405938789126519
SMARCE1	ENSG00000073584.18	-0.297996564918387	6.58427098462459	-3.25751538792186	0.00181901163567002	0.0448243009394499
IWS1	ENSG00000163166.14	-0.298403010564722	5.5024355126984	-4.31233912629707	5.84637897966227e-05	0.0129660449161742
C5orf22	ENSG00000082213.17	-0.298908581724074	3.9712041913504	-3.3902347996569	0.00121485066463615	0.0376761735391957
PSMF1	ENSG00000125818.17	-0.299044698215704	6.39079529889165	-3.76431671099679	0.000371357166343696	0.0236609065298009
MSH6	ENSG00000116062.14	-0.299393376468245	5.19742692874859	-3.52724586446623	0.000793281000832337	0.0309666740768599
NAA30	ENSG00000139977.13	-0.300430723824699	4.72727210455299	-3.81539402899273	0.000314259774301764	0.022877391890296
CHERP	ENSG00000085872.14	-0.300726121795956	5.09251044699692	-3.87184332095912	0.000260959339869753	0.0216487810583638
STRIP1	ENSG00000143093.14	-0.300961912136699	5.15675788400372	-3.95336686246458	0.000199039402004935	0.0200861297060324
CAPZB	ENSG00000077549.17	-0.301531458730371	7.95308645002158	-3.4862365357356	0.000902104698928325	0.0325287505502818
SUCLA2	ENSG00000136143.14	-0.302416753792111	5.25570884334266	-3.37228570701781	0.00128370511584741	0.0384970246455308
SPEN	ENSG00000065526.10	-0.302617570104936	6.95109707464513	-3.20357508279527	0.0021376129412247	0.0488027820862965
ANKRD27	ENSG00000105186.15	-0.303058904319355	5.41849672499906	-3.50836499423554	0.000841736668635461	0.0313613784927065
PRPF6	ENSG00000101161.7	-0.304095229386562	6.32816863105829	-3.34773797739531	0.001383861717075	0.0394535045288065
DARS1	ENSG00000115866.10	-0.304960336548804	6.32533719955277	-3.37786949887678	0.00126189941960511	0.0381484733132049
YTHDF3	ENSG00000185728.16	-0.305157954928131	5.77961314397598	-4.33462144329324	5.40940005583601e-05	0.01289668590812
CUL2	ENSG00000108094.14	-0.305594823828797	4.79236492526503	-3.57187286768595	0.000689071650156459	0.0296969462286978
YLPM1	ENSG00000119596.17	-0.305968790068515	6.07260222343593	-4.35372412327688	5.06014329822515e-05	0.0128160934518811
PRKAG1	ENSG00000181929.11	-0.307434299112509	5.5036478876887	-3.89743008461586	0.000239765525097186	0.0211357014825376
SNRNP200	ENSG00000144028.14	-0.308605796338123	7.63473647386682	-3.64497816509621	0.000545969936881911	0.0274756849766456
USP16	ENSG00000156256.14	-0.308724427847414	5.38573094760037	-3.46312431487536	0.000969531391103108	0.0336215858591083
PRPF8	ENSG00000174231.16	-0.31041324592757	8.13956984362897	-3.52732749018	0.000793077390000614	0.0309666740768599
COPS5	ENSG00000121022.13	-0.310497819772652	5.08220499986878	-3.5670403573795	0.00069969347470152	0.0297278251490237
SNIP1	ENSG00000163877.10	-0.310835812205497	4.07930534274343	-4.03025346418195	0.000153770534250975	0.0179323806580397
PAIP1	ENSG00000172239.13	-0.310914974165391	5.35421024681448	-3.23991869462602	0.00191768108067989	0.0466182606993846
MUL1	ENSG00000090432.6	-0.311507366287113	5.08144169038941	-3.33835690287316	0.00142405126040304	0.0397276347188946
RALGAPA1	ENSG00000174373.16	-0.311666157447535	5.03624873254715	-4.27998452712728	6.54234785675228e-05	0.0132919285796399
PUF60	ENSG00000179950.13	-0.312278489106702	6.57303079574637	-4.03514944036785	0.000151251895122033	0.0179323806580397
CSTF1	ENSG00000101138.11	-0.313451302998137	4.28180757303488	-3.61957647065073	0.000592136670464355	0.028301682770384
ECPAS	ENSG00000136813.14	-0.313546729082971	6.97831890049788	-3.45294425821532	0.00100072246418286	0.0342736968554098
TRAPPC2B	ENSG00000256060.2	-0.313684497359356	2.03706005341944	-3.30961846999656	0.00155413617342301	0.0416191740235688
UNC13B	ENSG00000198722.14	-0.313731551354326	6.20139083121617	-3.19003862552167	0.00222542099312555	0.0496438065519107
DBR1	ENSG00000138231.12	-0.314196780920316	3.6195258382681	-3.36426717048751	0.00131564263523506	0.0387510257300441
HTATSF1	ENSG00000102241.11	-0.314543858568334	5.69474611889826	-3.86296438788351	0.000268725637052036	0.0216487810583638
PURB	ENSG00000146676.8	-0.314630135007565	6.15751344101111	-4.28609633926044	6.40500390889902e-05	0.0132919285796399
LIG3	ENSG00000005156.11	-0.314921138726408	4.51793101008869	-3.65197909944566	0.000533862333697132	0.0272705303436162
COPB1	ENSG00000129083.12	-0.315460807668678	6.46266812674564	-3.40971589446065	0.00114407835680086	0.036523544162431
ZCCHC3	ENSG00000247315.3	-0.315699085027921	4.06793255847378	-3.27493697916531	0.00172604522781908	0.0438956410626419
VIRMA	ENSG00000164944.11	-0.315977882697186	5.36057836217728	-3.71975418818066	0.000429167953457635	0.0251089582095014
UBE2D3	ENSG00000109332.19	-0.316101669645686	7.75093022847312	-3.52738899236454	0.000792924009008707	0.0309666740768599
MRPL35	ENSG00000132313.14	-0.316321964928531	5.16948169630912	-3.3447664689957	0.00139647461864397	0.0396298936052085
ZNF551	ENSG00000204519.10	-0.316464899742833	2.82476791885453	-3.2969025066278	0.00161520181111777	0.0426686206972982
FAM177A1	ENSG00000151327.12	-0.316759113015105	5.33086767807147	-3.32914989530495	0.00146456446829753	0.0403082800921196
HCFC1	ENSG00000172534.13	-0.317085186936734	6.43933318003709	-4.23818098901716	7.56125302434293e-05	0.0138669018205089
ZNF574	ENSG00000105732.12	-0.317336017544495	4.24271880593209	-3.53332808537918	0.000778244513292275	0.0309666740768599
PIK3R4	ENSG00000196455.7	-0.318348511088056	4.71201478390652	-3.9663870762888	0.00019056241432198	0.0199552633888761
MRPL49	ENSG00000149792.8	-0.319076181577542	5.63089093328382	-3.19448735047765	0.00219619634316464	0.0495130648382732
PDHX	ENSG00000110435.11	-0.319888598229828	4.71732683761542	-3.28062513701759	0.00169667336239327	0.0434954987109231
SCYL2	ENSG00000136021.18	-0.320703910068057	5.70789128649745	-3.63665682760384	0.000560701838702443	0.0278496514832596
RNF40	ENSG00000103549.21	-0.321115706455166	5.25742316781502	-3.3808825551437	0.00125027882801992	0.0381445886222786
UBE3A	ENSG00000114062.18	-0.321221574158113	6.04119815619753	-4.43801041160065	3.76346434880739e-05	0.0128160934518811
MAFG	ENSG00000197063.10	-0.321321200739621	5.82584912126711	-3.23580023367728	0.00194149038276795	0.046805388949467
ZNF35	ENSG00000169981.10	-0.321441030304873	2.68010320613722	-3.24515324359033	0.00188781569199861	0.0459850685740607
ARF4	ENSG00000168374.10	-0.321475461839452	6.69249497102375	-3.49189866806048	0.000886278225865197	0.0322595125990972
USP7	ENSG00000187555.14	-0.322277073676747	7.09153987586248	-3.89291386618877	0.000243382131894306	0.0211357014825376
SMG1	ENSG00000157106.16	-0.323013846088355	7.16115812070791	-4.54892134391771	2.53957220510187e-05	0.0108999666146308
GIGYF2	ENSG00000204120.14	-0.32343573188095	5.92925048020156	-3.83467551046861	0.000294976422929168	0.0222721906612908
PSMC6	ENSG00000100519.11	-0.323775946084767	5.90350402271011	-3.31482765082866	0.0015297543056474	0.0412687466359447
ZBTB45	ENSG00000119574.12	-0.324373260312482	3.90761808442232	-3.97548332594323	0.000184847468062788	0.0198067177436042
GPATCH8	ENSG00000186566.12	-0.325681716547119	5.34290184111004	-3.27187994220616	0.00174202796278948	0.0438956410626419
THUMPD3	ENSG00000134077.15	-0.325717558184794	4.30809723779795	-3.29932382099419	0.00160340238165964	0.0425336489922035
STIP1	ENSG00000168439.16	-0.325795125664868	6.52493896268931	-3.48593924364818	0.000902943040320273	0.0325287505502818
GTF2B	ENSG00000137947.11	-0.325802202839829	4.22955277852803	-3.47774001662468	0.000926357752818893	0.0330250867654481
DMXL1	ENSG00000172869.14	-0.326385992036203	5.34702063607303	-3.60317618229825	0.000623895475715949	0.0286921914549876
BOD1L1	ENSG00000038219.12	-0.326441575641377	5.86999622193754	-3.86848332427839	0.000263872606040525	0.0216487810583638
HBS1L	ENSG00000112339.14	-0.326556905051347	4.97447531466067	-3.54864768594212	0.000741562698613888	0.0304823822212558
VPS29	ENSG00000111237.18	-0.32684254554376	5.91582642173547	-3.20241832188292	0.00214498757215673	0.0488202243004121
MRFAP1	ENSG00000179010.14	-0.326975706639666	7.82989502147462	-3.39292374306563	0.00120484148065791	0.0374876697562616
SMCR8	ENSG00000176994.10	-0.327005500892868	4.82396285083068	-3.35720380393541	0.00134439632754758	0.0390284188056546
RBM15B	ENSG00000259956.1	-0.327556419369714	5.85677511347582	-3.18934809870007	0.00222998980041868	0.0496876115226467
ADSL	ENSG00000239900.12	-0.327830521974589	5.2528896857379	-3.34067169213327	0.00141403329012976	0.039632537076415
HNRNPK	ENSG00000165119.20	-0.328784491910227	8.65901661862848	-3.84682071781689	0.000283418144022522	0.021709374541934
TOMM70	ENSG00000154174.7	-0.329911237262416	5.98876018271245	-3.28389619293467	0.00167999651183017	0.0434954987109231
GEMIN5	ENSG00000082516.8	-0.329942942102935	4.28018545089597	-3.67516019541419	0.000495574574847489	0.0265266870456562
DCAF1	ENSG00000145041.15	-0.330048494426551	5.15584620669212	-3.54244405171155	0.000756214326902346	0.0307301564040018
JMJD1C	ENSG00000171988.18	-0.330209394406329	5.95662144887472	-3.22136591690929	0.00202714885575175	0.0476742418320014
HDHD2	ENSG00000167220.11	-0.331017554930604	3.82123846397022	-3.33405823737525	0.00144283304736468	0.0399257090310178
STAG1	ENSG00000118007.12	-0.331071202562709	4.67677779417544	-3.22185612670879	0.00202418242442829	0.0476632486186676
SLC71A1	ENSG00000156875.13	-0.332476197135865	5.70006107948519	-3.80859596384624	0.000321342255525225	0.0229549095117326
PPP1R2	ENSG00000184203.7	-0.333625725744377	5.85125145683018	-3.53951667322169	0.000763223351877836	0.0307301564040018
ELP3	ENSG00000134014.16	-0.333738075544894	4.64317150594259	-3.73637052083327	0.000406671338987877	0.0243148666097673
RUNDC1	ENSG00000198863.7	-0.334814119942726	4.21254471466281	-3.58489665213528	0.000661204245619677	0.029396616728914
DHX9	ENSG00000135829.16	-0.335332175919146	6.82444497335998	-4.08564233369388	0.000127492136060479	0.0166923029899051
SF3A1	ENSG00000099995.18	-0.335648828123188	6.77208740706955	-3.62780259569628	0.000576793123782063	0.0282806561693966
TAF7	ENSG00000178913.7	-0.335794321551025	6.09938837414854	-3.92768307588324	0.000216836900681305	0.0206786510334727
DNAJA2	ENSG00000069345.11	-0.335964883155393	6.10632051774952	-4.25812369529658	7.05734794438548e-05	0.0135898687171084
ARCN1	ENSG00000095139.13	-0.336183675237138	6.87750864891592	-3.82137710225555	0.000308150391377206	0.022877391890296
PCMT1	ENSG00000120265.16	-0.336215900424504	5.42964450686225	-3.34863099176808	0.00138009228885107	0.0394147569008956
DCTN2	ENSG00000175203.15	-0.336300977711737	7.06759380996735	-3.6461977316843	0.00054384211423176	0.0274756849766456
PREP	ENSG00000085377.13	-0.336527212170006	5.06376470921709	-3.24777959315442	0.00187299654637336	0.0457686337211706
MED7	ENSG00000155868.7	-0.337081798390936	3.06271391503899	-4.52323304014542	2.78283694686261e-05	0.0108999666146308
DCTN1	ENSG00000204843.12	-0.337122459069635	7.47630194050559	-3.65172630677161	0.000534295026554759	0.0272705303436162
DDX6	ENSG00000110367.11	-0.338078807687043	6.66216225230732	-4.79875640515427	1.03175021700662e-05	0.00733346308179295
KMT2C	ENSG00000055609.17	-0.3388361736441	6.64284029704764	-4.11909293403243	0.000113780817880283	0.0158954831153798
UBIAD1	ENSG00000120942.13	-0.339734661908066	3.96913718149285	-3.32341648917028	0.00149033987307712	0.040665597137625
BRD7	ENSG00000166164.15	-0.340067724049379	5.7928901582879	-3.67636223304857	0.000493662442944165	0.0265266870456562
TINF2	ENSG00000092330.15	-0.34039814470693	5.93164948694161	-3.1971937968161	0.00217859372704512	0.049214480767349
GPKOW	ENSG00000068394.10	-0.3416495485524	4.17829453070883	-3.58763169988083	0.000655489898510956	0.029396616728914
UBQLN1	ENSG00000135018.13	-0.342458400487351	6.69301127093346	-3.53112099125653	0.000783669310189727	0.0309666740768599
DDX19A	ENSG00000168872.16	-0.342955675937719	5.29875950305243	-3.20679982454131	0.0021171799169361	0.0485797385956367
RAB3GAP1	ENSG00000115839.17	-0.343933654118247	6.20268489377644	-3.67172122147226	0.000501084226823236	0.0265605039180923
UFC1	ENSG00000143222.11	-0.345536332618885	5.81467233726169	-3.60331399600285	0.000623621964904119	0.0286921914549876
PAF1	ENSG00000006712.14	-0.345723887141645	5.87040099857208	-3.60922683161607	0.000611994103737986	0.0286788019846916
TXNL1	ENSG00000091164.12	-0.348335756511115	5.64635270680635	-4.03656357428249	0.000150531853617704	0.0179323806580397
XRCC6	ENSG00000196419.12	-0.348723211763786	7.87619317036788	-3.76979259861018	0.000364790383875316	0.0236609065298009
EXOC7	ENSG00000182473.21	-0.349168681470945	6.4188793763936	-3.79513575513844	0.000335819495153961	0.0233908818357873
PPP2R5E	ENSG00000154001.13	-0.349636213180918	5.44595752396145	-3.94986748114217	0.000201378864684416	0.0202152583480309
SF3B4	ENSG00000143368.9	-0.351723385048746	5.70202375909064	-3.55429555923204	0.000728458766123649	0.0302862567991727
MED1	ENSG00000125686.11	-0.352366747281751	4.7669276881308	-3.6823481343014	0.000484244832964469	0.0263133951542203
PBDC1	ENSG00000102390.10	-0.353202042736896	4.31360168133287	-3.40406268135274	0.00116420338810446	0.0367147469269188
RAP1GDS1	ENSG00000138698.14	-0.35463492774848	4.95940822289173	-3.47291704539939	0.000940398701479123	0.0331332607193282
PSMC2	ENSG00000161057.11	-0.355291540776943	5.89541186774108	-4.03408794532275	0.000151794561754835	0.0179323806580397
WBP11	ENSG00000084463.7	-0.355395440739377	6.00640573643942	-3.77821305117329	0.000354908872589081	0.0236089788024686
FYTTD1	ENSG00000122068.12	-0.356133766331697	6.12127381677957	-4.14925179324216	0.000102648192280823	0.0154811572091052
DDX18	ENSG00000088205.12	-0.356288011573656	5.79547388272981	-3.51609062609665	0.000821579277376943	0.0311028468576935
ZNF384	ENSG00000126746.17	-0.356721101999483	4.64458166237072	-3.74458890567338	0.00039596583198869	0.0239754168683184
TRAPPC8	ENSG00000153339.13	-0.357314183856944	5.45100136494335	-4.13204346451139	0.000108864418734118	0.0155633198578838
CNPPD1	ENSG00000115649.15	-0.357345704154783	6.51142368043048	-3.31832128852407	0.00151360472747958	0.0410654096261993
GFM1	ENSG00000168827.14	-0.357519869431403	5.13303955999271	-3.61821092010307	0.000594721081628226	0.028301682770384
PDE12	ENSG00000174840.8	-0.357833703083791	4.6791761030154	-3.36412305636005	0.00131622344647746	0.0387510257300441
MCMBP	ENSG00000197771.12	-0.358248515349243	5.84459023488969	-3.43581887296846	0.00105534978269921	0.0351633456349998
PDCD6IP	ENSG00000170248.13	-0.359331616354206	7.30647088697206	-3.37904089874182	0.00125736954847615	0.0381484733132049
GOLGB1	ENSG00000173230.15	-0.359360949623843	7.11688884609065	-3.25909696509749	0.00181038126539677	0.0447272045011822
FERRY3	ENSG00000047621.11	-0.359412165506792	3.90624725200628	-3.52507208659279	0.000798721682123918	0.0310265145481659
MTMR12	ENSG00000150712.10	-0.359682269178752	5.43922459586952	-3.45665456096521	0.000989245740823015	0.03411913926712
RHOA	ENSG00000067560.10	-0.359803639349243	8.70586149551958	-3.93718955929109	0.000210077994850487	0.020489315510532
DYNC1LI2	ENSG00000135720.12	-0.360630547326523	6.75442020809871	-3.28995237640902	0.00164952704473893	0.0432162490718485
NUP98	ENSG00000110713.15	-0.360961898552009	6.41820139634242	-3.41246157029137	0.00113442316635038	0.0364256785383853
UBR5	ENSG00000104517.12	-0.361333689568082	6.83365359065274	-4.38035816541993	4.60948841457503e-05	0.0128160934518811
SDAD1	ENSG00000198301.11	-0.362083794190732	5.15458899842369	-4.03946514965333	0.000149064774707676	0.0179323806580397
SH3GLB1	ENSG00000097033.14	-0.362131243165011	6.83421068949953	-3.88111574226218	0.000253079040391699	0.0215490023990664
TBL1X	ENSG00000101849.15	-0.362310270414526	5.55709747979413	-3.33598316637255	0.00143439389711038	0.0398793108109896
DDB1	ENSG00000167986.13	-0.36236411997789	7.3708306821388	-4.26845849577019	6.80916552326156e-05	0.013528251460955
PPP2R5C	ENSG00000078304.19	-0.362742627229867	6.67199768018553	-3.40395211418489	0.00116460031934074	0.0367147469269188
DNAJC13	ENSG00000138246.15	-0.36306277168099	6.00785285306158	-3.49656078082566	0.000873445149708634	0.0319142132957716
COPS3	ENSG00000141030.12	-0.364199199218344	5.33389718830514	-3.22238430153598	0.0020209908184955	0.0476632486186676
SIN3A	ENSG00000169375.15	-0.364266266420328	6.10193983758713	-3.44579863925188	0.00102318182697058	0.0346627832785256
RNF123	ENSG00000164068.15	-0.364372720154305	4.73953303635551	-3.25385329287516	0.00183914383138512	0.0450873911259749
VPS18	ENSG00000104142.10	-0.365358539925622	4.67762100761476	-3.44883797627444	0.00101357113184085	0.0345590576078173
CAB39	ENSG00000135932.10	-0.365488387408694	6.50763262828582	-3.40823067513842	0.00114933350507795	0.0365437079249831
WDR82	ENSG00000164091.11	-0.366085615491839	7.00018496146362	-3.72659373082223	0.000419767545684047	0.0249415152611584
VAPB	ENSG00000124164.15	-0.366186803635642	5.97975351855356	-4.16215264988678	9.82143797975948e-05	0.0152792251669533
NAF1	ENSG00000145414.8	-0.366532590023301	2.84639077404888	-3.29227810300359	0.00163796497095827	0.0430931480867771
UBE2J1	ENSG00000198833.6	-0.36659307797032	5.68728167096464	-3.43213168662297	0.00106747534290859	0.0353210479174868
ZFP41	ENSG00000181638.17	-0.367838521164515	3.55922850771644	-3.78038810017962	0.000352398382907562	0.0236089788024686
RNF10	ENSG00000022840.15	-0.368146768825226	7.59643336668914	-3.78413180515983	0.000348117091332228	0.0236089788024686
ZNF410	ENSG00000119725.18	-0.368218350245777	4.46680468767694	-3.89710114864431	0.00024002718574956	0.0211357014825376
KIF1B	ENSG00000054523.17	-0.368499296708105	6.53976717105917	-4.09776906243521	0.00012234660512536	0.0164332168982816
UBE2F	ENSG00000184182.18	-0.369042983001254	5.11977837008533	-3.54659120044719	0.000746389494969439	0.0306148104033379
PLAA	ENSG00000137055.14	-0.36914609058088	4.75635645036278	-3.61905348085245	0.000593125202252997	0.028301682770384
FBXL5	ENSG00000118564.14	-0.36974297258836	6.4584910565966	-3.85565203796714	0.000275287772475224	0.021709374541934
STX12	ENSG00000117758.13	-0.370155185785653	5.93452841781394	-3.68679978337872	0.000477352558625833	0.0261446140087805
FASTKD2	ENSG00000118246.13	-0.370538176082434	4.60816694174008	-3.4690157016752	0.000951904003483331	0.0333131468962157
PPP1R11	ENSG00000204619.7	-0.370795259250599	5.6737680394497	-3.27335803658021	0.00173428290106401	0.0438956410626419
M6PR	ENSG00000003056.7	-0.370869493902997	5.40074136885554	-3.28675155605245	0.00166556532976809	0.0434614171679984
MAPK1IP1L	ENSG00000168175.14	-0.372336860500885	6.24816616143753	-4.69891376882998	1.48226286541334e-05	0.00913722937602262
YME1L1	ENSG00000136758.18	-0.373623248168422	6.62592134763107	-3.77791440496355	0.000355254910937371	0.0236089788024686
TRMT5	ENSG00000126814.6	-0.373767556487641	3.79031171951837	-4.05114414571903	0.00014329787947396	0.0179323806580397
ERC1	ENSG00000082805.19	-0.373969346867963	6.18156086824817	-3.83538396544269	0.000294289968566616	0.0222721906612908
WAPL	ENSG00000062650.17	-0.374325508639162	5.6016076347499	-4.00828778432451	0.000165576434114072	0.0183606937666145
SKP1	ENSG00000113558.18	-0.374714878368686	7.75993124121155	-3.47243557640989	0.000941811414846536	0.0331332607193282
MGAT5	ENSG00000152127.8	-0.375202034261879	5.32593176927518	-3.31235859011751	0.0015412655668683	0.0414036030378578
HEATR5A	ENSG00000129493.14	-0.375506251608778	4.75284109654302	-3.76309493311517	0.000372837707424264	0.0236609065298009
ATP5F1A	ENSG00000152234.15	-0.375881866249447	8.60508892459467	-3.27231860822699	0.00173972600651869	0.0438956410626419
SIPA1L1	ENSG00000197555.9	-0.375899460204096	5.7605198905928	-3.42315864225006	0.00109753747734369	0.0357834740262841
MALSU1	ENSG00000156928.4	-0.376211708161904	3.86678758020274	-3.77859216133279	0.000354470066368055	0.0236089788024686
OPA3	ENSG00000125741.4	-0.376477243207555	4.41304542344631	-3.42372456894047	0.00109561802376611	0.0357820591905669
PITRM1	ENSG00000107959.15	-0.376849663468919	6.44230182376983	-3.27153922772305	0.00174381788419341	0.0438956410626419
KTN1	ENSG00000126777.17	-0.377527602033788	7.33574211911757	-3.20871799415476	0.00210511290481541	0.0485620321644483
FAF1	ENSG00000185104.19	-0.377973578179156	5.54829930929368	-3.95583008634762	0.000197408349878338	0.0200861297060324
IPP	ENSG00000197429.10	-0.378916928515209	2.82052773379201	-4.11403106279196	0.000115760158690686	0.0159992283094743
ATXN1L	ENSG00000224470.7	-0.379283223829827	5.76775444178163	-3.53025286397041	0.000785812905000317	0.0309666740768599
TANC1	ENSG00000115183.14	-0.379349259351376	6.39801753071948	-3.39465081279145	0.00119845391912035	0.037410984614374
ASH1L	ENSG00000116539.12	-0.380118572059943	6.47942573601362	-3.75661073003257	0.000380790249192082	0.023722209674152
RHBDD1	ENSG00000144468.16	-0.380196160493732	4.52961062608686	-3.29781088365538	0.00161076559354969	0.0426375513388029
TNPO3	ENSG00000064419.13	-0.380307326947116	5.66813490019029	-3.55056620827809	0.000737086492461268	0.0304264223773757
CRNKL1	ENSG00000101343.14	-0.380404118748777	4.4716826492786	-3.85600757244666	0.000274965188673851	0.021709374541934
IK	ENSG00000113141.17	-0.381706110683677	6.62684507006625	-3.55136902650966	0.000735221031069856	0.0304264223773757
TIMM17A	ENSG00000134375.10	-0.381769873055736	5.2004135930402	-3.25160538814703	0.00185160522027142	0.0453346166447199
OSBPL11	ENSG00000144909.7	-0.381946483778388	3.97852158297501	-3.78394609162679	0.000348328293425338	0.0236089788024686
ENSG00000130723	ENSG00000130723.18	-0.38202147713834	7.10974183583569	-3.89959260905025	0.000238052098821411	0.0211357014825376
CHMP2B	ENSG00000083937.8	-0.382038572256516	5.45815172108894	-3.64247840382251	0.0005503562085052	0.0274789109026693
RPRD1B	ENSG00000101413.11	-0.38265090264226	5.32457695636324	-4.08385141090503	0.00012826952855243	0.0166923029899051
FH	ENSG00000091483.6	-0.38312356746393	5.83140123512562	-3.3870291582954	0.0012268859432154	0.0379260868637721
RGP1	ENSG00000107185.9	-0.383559568941824	5.0376399920454	-3.35740697630554	0.00134356102122494	0.0390284188056546
PBRM1	ENSG00000163939.18	-0.383729586404875	5.79809096819227	-4.36395385176609	4.88221215968027e-05	0.0128160934518811
HIF1AN	ENSG00000166135.13	-0.384117861679849	5.83192492712921	-4.41000266836505	4.15368914136747e-05	0.0128160934518811
POLR2D	ENSG00000144231.10	-0.384160194960092	4.06310708641595	-4.09403120478578	0.000123910870174685	0.0165269372506417
IBA57	ENSG00000181873.12	-0.38464764344722	3.21261280597478	-3.7521304047238	0.000386379695686774	0.0237723223736576
ETFA	ENSG00000140374.15	-0.385680310045358	6.15488290664611	-3.53394002912215	0.000776746753958786	0.0309666740768599
PSMD6	ENSG00000163636.10	-0.386271173351002	5.6315422541276	-3.5499136714221	0.000738606069350651	0.0304264223773757
HINT3	ENSG00000111911.6	-0.387027111153473	5.00633138768574	-4.40302230292338	4.25690372395971e-05	0.0128160934518811
IGF2R	ENSG00000197081.12	-0.387490929314618	6.84791493625968	-3.27599300921463	0.00172055627545324	0.0438718848151333
MEA1	ENSG00000124733.3	-0.388731449354989	4.84717416196375	-4.0184730811091	0.000159997442828981	0.0181520959988882
SLAIN2	ENSG00000109171.14	-0.388946097939103	6.16875285053622	-3.44696756706694	0.00101947538178521	0.0346603457340273
SHPRH	ENSG00000146414.15	-0.389867989440068	3.64742422455888	-3.38216185030602	0.00124537557354238	0.0381122832096089
LRRFIP1	ENSG00000124831.18	-0.389911778175217	7.48010237938874	-3.55512275849223	0.000726558127610029	0.0302862567991727
PPP2CB	ENSG00000104695.12	-0.39052869738722	6.70416152753216	-4.19356929926633	8.81775937006206e-05	0.0149155577458513
PDHA1	ENSG00000131828.13	-0.391365517669104	6.07600782016187	-4.37197297212277	4.74699180314609e-05	0.0128160934518811
MFN2	ENSG00000116688.16	-0.391667502818657	7.66397948490394	-3.32857969007892	0.00146710895170576	0.0403201282937809
CD59	ENSG00000085063.14	-0.392071599591874	8.36919673225386	-3.35006533903144	0.00137405817230638	0.0394147569008956
SOS2	ENSG00000100485.11	-0.392160402709871	5.48484478601906	-3.80980219796961	0.0003200744907888	0.0229546994808895
TPR	ENSG00000047410.13	-0.392252551283002	6.81376785769625	-3.45527265332429	0.000993505603633442	0.0341763660762049
XRCC5	ENSG00000079246.15	-0.393035187156937	7.57766296845598	-3.6586129658496	0.000522626245843904	0.0270870934428826
BRF2	ENSG00000104221.12	-0.393367733373208	1.96439146844218	-3.53107832541992	0.000783774531421285	0.0309666740768599
VPS35	ENSG00000069329.16	-0.393829203529964	6.38319317184028	-3.50570663198562	0.000848780724956897	0.0314345529458309
TCP1	ENSG00000120438.11	-0.395149448014014	6.964981586119	-3.33349139679282	0.00144532707122538	0.0399257090310178
LYRM2	ENSG00000083099.10	-0.396182539133567	4.47311201135184	-3.31421946377763	0.00153258224669895	0.0412866401006909
C6orf47	ENSG00000204439.3	-0.396546564791072	4.44506739354587	-3.48323316322218	0.000910608052166536	0.0327081494895901
ICE1	ENSG00000164151.11	-0.397577120987878	5.37654090433712	-3.26346427116996	0.00178674937647159	0.044345001525346
EP300	ENSG00000100393.12	-0.398896808096397	6.76999707500875	-3.62292861751588	0.000585837784408715	0.028301682770384
ZNFX1	ENSG00000124201.14	-0.399523884527592	5.7839475011695	-3.42510234220276	0.0010909583111841	0.0357303742348496
SMU1	ENSG00000122692.8	-0.399654638290023	5.84067107982348	-5.16214585550695	2.69456306517017e-06	0.00534441163504447
CDC5L	ENSG00000096401.7	-0.40026512910556	5.23881417223412	-4.36869139105271	4.80188136592886e-05	0.0128160934518811
RTCB	ENSG00000100220.11	-0.400668890691753	5.8592037119505	-3.3092580592367	0.0015558365793952	0.0416191740235688
SMARCA5	ENSG00000153147.5	-0.401493608906277	6.22700332144385	-3.28720284623899	0.0016632951965443	0.0434614171679984
COPB2	ENSG00000184432.9	-0.403211081983851	6.56736942588343	-3.83420136352212	0.000295436703051779	0.0222721906612908
MTOR	ENSG00000198793.12	-0.403367831268534	6.18198095286677	-3.9467073971574	0.000203514203576925	0.0202168041917849
UBQLN2	ENSG00000188021.8	-0.405319363794285	5.50305721244039	-4.25744595305542	7.07392600373878e-05	0.0135898687171084
SRR	ENSG00000167720.12	-0.405659030689264	1.81308678396578	-3.5019896026432	0.000858723918468205	0.0314583530994673
EIF4H	ENSG00000106682.14	-0.405816130195723	8.02069170441206	-3.54494882958795	0.000750265760722412	0.0306926380523295
STAU1	ENSG00000124214.19	-0.406013129931254	6.71684916662447	-3.58412501582326	0.000662824987316186	0.02940014182112
PHAX	ENSG00000164902.13	-0.407016651551967	4.51500750097361	-3.77839054039748	0.000354703370550556	0.0236089788024686
SRP54	ENSG00000100883.11	-0.407420298642636	5.28357057974264	-4.57332413176968	2.32773218644579e-05	0.0108999666146308
HNRNPH2	ENSG00000126945.8	-0.408061002896536	6.37297631135973	-4.41728113155832	4.04865666790617e-05	0.0128160934518811
ZNG1B	ENSG00000136682.14	-0.408967493861956	3.57186143533003	-3.80303675970304	0.000327247494025714	0.0231170053835276
NUBP1	ENSG00000103274.10	-0.409263673085856	3.03048009820104	-3.39176224903781	0.00120915535863773	0.0375606191454355
TFIP11	ENSG00000100109.16	-0.410765300087013	4.17135475158827	-3.32507486971775	0.00148284070929818	0.0405938789126519
ATP6V1H	ENSG00000047249.17	-0.411424350226549	5.56668312997673	-3.5672925067174	0.000699135420982838	0.0297278251490237
PARP1	ENSG00000143799.12	-0.411525729144175	6.45216540888728	-3.42913154076686	0.00107743877580877	0.0355536155207622
EMC3	ENSG00000125037.12	-0.411530860002428	5.45976553575001	-3.31849726285699	0.00151279554328247	0.0410654096261993
UQCRC2	ENSG00000140740.10	-0.41157747768121	7.19407215573292	-3.79383021260408	0.000337256462268207	0.0233908818357873
BLTP2	ENSG00000007202.14	-0.411968050922953	6.60453894247353	-4.06559873724996	0.000136457886627157	0.0173510751442651
NAPA	ENSG00000105402.7	-0.413258580468079	6.01108559281546	-3.26869700142663	0.00175881694949686	0.0440603464470068
OST4	ENSG00000228474.5	-0.413820186154446	5.37924281341563	-4.0768863307047	0.000131336598854718	0.016925560472676
UBE4A	ENSG00000110344.9	-0.415322566744785	4.90056027827264	-3.45080154540113	0.00100740768498761	0.0344342056913418
VPS13D	ENSG00000048707.13	-0.415854945880383	7.02658872269766	-3.53177912660334	0.000782047935991088	0.0309666740768599
HADHA	ENSG00000084754.10	-0.416559040727462	7.65058087506849	-3.52730894901411	0.000793123635554431	0.0309666740768599
PPP1R15B	ENSG00000158615.8	-0.416670068560874	5.92853947112459	-3.73240042374026	0.00041194153931862	0.0245530030607001
MRPS18C	ENSG00000163319.10	-0.417942042363129	2.44855613303119	-3.24581212567787	0.00188408762997988	0.0459529454815937
DNAJA1	ENSG00000086061.15	-0.418514268997171	6.23262584892481	-3.43760804598579	0.00104951309581876	0.0351410243934657
NEMF	ENSG00000165525.17	-0.419084725953981	5.08845680265854	-4.43212423080935	3.84239852872831e-05	0.0128160934518811
YWHAQ	ENSG00000134308.13	-0.419495404835416	7.76539518391226	-3.41745320824736	0.00111706728786963	0.0359895682120566
COPS4	ENSG00000138663.8	-0.420322530016823	4.79053970070614	-5.09830219462671	3.42005777180355e-06	0.00575200668876354
STRAP	ENSG00000023734.10	-0.420788201105903	6.4651754380719	-4.03761059350856	0.00015000086760525	0.0179323806580397
HERC2	ENSG00000128731.15	-0.421198434490448	6.60588926757676	-3.51839018450461	0.000815668479949073	0.0310523850660053
TRIM21	ENSG00000132109.9	-0.421632650366564	3.90695548701145	-3.43520696092984	0.0010573530253531	0.0351633456349998
PSMD8	ENSG00000099341.11	-0.421823631381227	6.55748075408244	-3.71548931370769	0.000435131199314973	0.025299542460852
VCP	ENSG00000165280.15	-0.421917907567	8.03011237130241	-3.52095579474621	0.000809121508180624	0.0310523850660053
GSPT1	ENSG00000103342.12	-0.422514122718412	6.78414676325862	-3.67026299181944	0.000503438099120103	0.0265605039180923
EIF1	ENSG00000173812.10	-0.42377387970142	8.97150231132673	-4.00840412616908	0.000165511662518071	0.0183606937666145
ZNF304	ENSG00000131845.14	-0.426068145298862	3.7444307729589	-3.70844380223654	0.000445156253561651	0.0253221115212187
MRPL36	ENSG00000171421.12	-0.426841711536069	3.82671742517097	-3.58743906070448	0.000655890836111837	0.029396616728914
HERC3	ENSG00000138641.15	-0.427772156466526	5.34187676829364	-3.8007657658566	0.000329689642088525	0.0232035813415293
RANBP2	ENSG00000153201.15	-0.427944635052041	6.69519873485438	-4.5086902729636	2.93045835534639e-05	0.0108999666146308
BIRC6	ENSG00000115760.13	-0.428927035553231	6.37257896113347	-5.80436749987259	2.32872471511592e-07	0.0022207883245703
CHMP3	ENSG00000115561.15	-0.429614232980515	7.11364075535217	-3.33473404021924	0.00143986491195211	0.0399164875954397
SPECC1L	ENSG00000100014.19	-0.42985359367822	6.3238708094401	-3.43991739784799	0.00104202467161705	0.0350520927015026
TOX4	ENSG00000092203.13	-0.430564433854439	6.22469184082277	-4.42361111427927	3.95941285148653e-05	0.0128160934518811
SON	ENSG00000159140.19	-0.430712576267885	8.00265000334859	-3.85231651054347	0.000278331902703096	0.021709374541934
ABCF1	ENSG00000204574.12	-0.431747393836369	6.23540944221124	-4.1626719409116	9.80398401775187e-05	0.0152792251669533
GCC1	ENSG00000179562.2	-0.43237246399774	4.06955492273632	-3.94207615588174	0.000206683024067296	0.0203199243197708
MAD2L1BP	ENSG00000124688.13	-0.432415300609381	3.51061139328691	-3.85875553832	0.00027248410982073	0.021709374541934
TEX2	ENSG00000136478.7	-0.435812426192754	5.48167658044022	-3.73701478077035	0.000405822205445456	0.0243148666097673
YAP1	ENSG00000137693.13	-0.435876572283824	7.21187717082937	-3.43739829377592	0.00105019576911212	0.0351410243934657
CTR9	ENSG00000198730.7	-0.436354521057075	5.27300194102682	-3.37597532375408	0.00126925696294781	0.0381838139657785
DCTN5	ENSG00000166847.9	-0.436602553689155	6.07590934284132	-4.81628095826509	9.6788080970701e-06	0.00733346308179295
TIMM10B	ENSG00000132286.11	-0.437540771394183	5.13376518351526	-4.2782207523597	6.5825109611258e-05	0.0132919285796399
FBXO11	ENSG00000138081.20	-0.438070404264469	4.67908122142837	-4.63828138966344	1.84428460592395e-05	0.0103458942025845
MMUT	ENSG00000146085.7	-0.438602929035335	5.22814551526303	-3.30516784277379	0.00157525740421234	0.0420208174413173
ISOC1	ENSG00000066583.11	-0.439026880269662	4.85149432876783	-3.52000048402809	0.000811553432090022	0.0310523850660053
SMC1A	ENSG00000072501.17	-0.440823234595684	6.31671710800296	-3.34886628999678	0.00137910070631048	0.0394147569008956
EID2	ENSG00000176396.10	-0.441384738346316	3.38441581962363	-3.58105723204052	0.00066930603490563	0.0294776923500026
OGDH	ENSG00000105953.14	-0.443248509056282	7.33312845475561	-3.70035816702017	0.000456933311656182	0.0257082272956294
SPTY2D1	ENSG00000179119.14	-0.444128004490977	4.2646002860936	-3.4430484883845	0.00103195245503588	0.0348361578316802
RNF20	ENSG00000155827.11	-0.444372628471489	5.21050798706414	-3.87804679689358	0.000255661583651494	0.0216487810583638
DDX1	ENSG00000079785.14	-0.444824611832651	6.39952396930888	-4.00871053243335	0.000165341192138984	0.0183606937666145
ARHGAP35	ENSG00000160007.18	-0.445106952807084	6.46084145042792	-3.46573559790767	0.000961680414806234	0.0334210605696405
ENSG00000230733	ENSG00000230733.2	-0.44524831375541	2.76099356261595	-3.34565696972201	0.00139268344316154	0.0396298936052085
BCL9	ENSG00000116128.10	-0.446600787837705	5.05312233382294	-3.21188010082012	0.00208536130524867	0.0484459149512885
MMGT1	ENSG00000169446.5	-0.446661718479307	4.87207476543981	-3.20980708255838	0.00209829033576309	0.0485620321644483
MDH1	ENSG00000014641.17	-0.447661634721469	6.70263936362553	-3.51999300988157	0.000811572486292723	0.0310523850660053
GOLGA4	ENSG00000144674.16	-0.448208829850262	6.7411588380129	-3.96855231812635	0.000189186823109318	0.0199552633888761
EIF3J	ENSG00000104131.12	-0.450071776734795	5.69911292472928	-3.50313950710529	0.000855636125756715	0.0314583530994673
ZNF555	ENSG00000186300.11	-0.451478725227963	2.38528161942509	-4.18065725583617	9.2176424948811e-05	0.0151558702849023
PEA15	ENSG00000162734.12	-0.451648281889771	7.84199573655824	-3.26156149691655	0.00179700954509241	0.044512159809802
FAM98A	ENSG00000119812.18	-0.452215881920803	5.10677357908665	-4.32364160902859	5.62061269597483e-05	0.0129471499664252
ALAS1	ENSG00000023330.14	-0.453511062509607	5.1918697751437	-3.19704227439749	0.00217957571286213	0.049214480767349
CYFIP1	ENSG00000273749.4	-0.453816892272054	6.63226421107837	-3.57599913595933	0.000680123765873406	0.029684211868429
KPNA4	ENSG00000186432.8	-0.454025646153484	6.50797949669148	-4.15646909275497	0.000100144427880035	0.0154036667173864
NFATC3	ENSG00000072736.18	-0.454436281153173	3.72107647588453	-3.42474586865826	0.00109216212336378	0.0357303742348496
USP38	ENSG00000170185.9	-0.456387367612244	4.39243810147498	-4.35384263975059	5.05804629382374e-05	0.0128160934518811
SLC20A2	ENSG00000168575.9	-0.456477841804611	6.20427777100349	-3.34128535811156	0.00141138863803298	0.039632537076415
BZW2	ENSG00000136261.14	-0.456650167594055	5.51494350940327	-3.54374691796472	0.000753114591752227	0.0306926380523295
YWHAB	ENSG00000166913.12	-0.456860528605159	7.86835331237362	-3.71035011499335	0.000442422191691246	0.0253221115212187
GHITM	ENSG00000165678.20	-0.456879032672919	7.16584602077997	-3.65063074618095	0.000536174114132862	0.0272705303436162
ZNF407	ENSG00000215421.9	-0.458015287244943	3.92826190578953	-5.01464915423834	4.66682326508546e-06	0.00593402134233167
RBBP7	ENSG00000102054.17	-0.45948470267828	6.74352457230429	-3.79779667908869	0.000332908844326704	0.0233440087788354
RBM12	ENSG00000244462.7	-0.461870978224504	5.62143150066151	-5.0831257614997	3.61894197374102e-06	0.00575200668876354
RRAGA	ENSG00000155876.5	-0.464053190317845	6.14673584290005	-3.81743999096658	0.000312157671536715	0.022877391890296
FAM168B	ENSG00000152102.17	-0.467767444531025	7.14771308669105	-3.3589604446749	0.00133719040431928	0.0390284188056546
SND1	ENSG00000197157.10	-0.4680754248698	6.68096383229511	-3.48559736494077	0.000903908026616126	0.0325287505502818
CEBPZ	ENSG00000115816.14	-0.468823078841546	4.54813664572529	-3.81333258630177	0.000316391502186701	0.0228841268718056
KAT5	ENSG00000172977.12	-0.469176087888814	4.60484447654974	-3.99493866645558	0.000173172711725574	0.0188738464613821
ATP6V1E1	ENSG00000131100.12	-0.469924347100573	6.82537631906834	-3.57456664968954	0.000683217531014713	0.0296969462286978
PLEKHF2	ENSG00000175895.3	-0.472117370089399	4.01411050275286	-3.56493446557333	0.000704370788411589	0.0297881686194551
PCCA	ENSG00000175198.15	-0.472800299767104	4.26508343510371	-3.19125560072125	0.00221739036236338	0.0495873619425887
POLR2B	ENSG00000047315.15	-0.473484981199405	6.15986909578266	-4.34284836697092	5.25620978117705e-05	0.0128160934518811
MLLT11	ENSG00000213190.3	-0.475016310018941	3.35543434042596	-4.18104250930838	9.2054614322179e-05	0.0151558702849023
PDHB	ENSG00000168291.12	-0.476110400041548	5.81093447695389	-3.8479937173648	0.000282325128091235	0.021709374541934
RNF139	ENSG00000170881.4	-0.477975369214975	4.72498788081501	-4.32514867748837	5.59115551286048e-05	0.0129471499664252
EIF4G1	ENSG00000114867.20	-0.478081492360525	8.6771733719791	-3.44848457002567	0.00101468422693743	0.0345590576078173
HUWE1	ENSG00000086758.15	-0.479585997363136	7.83624097901401	-4.82171685146891	9.48867042264481e-06	0.00733346308179295
NIPA2	ENSG00000140157.14	-0.481124410335552	4.19578363628771	-3.25674817491573	0.00182321210445497	0.0448698380235738
ZC3H13	ENSG00000123200.16	-0.482081598120107	6.02846319872317	-3.68535018072718	0.000479586556428574	0.0261446140087805
TOP1	ENSG00000198900.5	-0.487453529262943	6.07865276326909	-3.47417176638051	0.000936726571653389	0.0331332607193282
NDUFS1	ENSG00000023228.13	-0.487634786804995	6.23942136928716	-4.39077701130309	4.44401654287343e-05	0.0128160934518811
ELOVL5	ENSG00000012660.13	-0.487753214595683	5.94087618581393	-3.19109670509302	0.00221843734431704	0.0495873619425887
CTNNA1	ENSG00000044115.20	-0.490425614993436	8.61952048453285	-4.16916122388188	9.5883844572245e-05	0.0152792251669533
TACC2	ENSG00000138162.18	-0.490901580624711	7.03071113243971	-3.51292687335353	0.00082977793402857	0.0311473166722414
CHAMP1	ENSG00000198824.5	-0.491442122239099	4.00383147496169	-3.69499229984702	0.000464912618725956	0.0260771978938094
DYNLL2	ENSG00000264364.2	-0.4924179723116	6.74543268072211	-4.51718605453633	2.84331830939603e-05	0.0108999666146308
ZNF772	ENSG00000197128.11	-0.492861715171798	2.18898317539637	-3.68799735584738	0.000475514467530329	0.0261446140087805
TSR1	ENSG00000167721.10	-0.494454213893712	5.25344463179582	-3.34432448864455	0.00139835990123763	0.0396298936052085
RIOX1	ENSG00000170468.7	-0.496351338172007	2.83276810552808	-3.66291112785316	0.000515467107414641	0.0268620331686324
G3BP2	ENSG00000138757.14	-0.49739104439589	6.43556712194503	-3.95644553473157	0.000197002835730555	0.0200861297060324
ZC3HAV1	ENSG00000105939.12	-0.498869894810412	5.11063981021587	-3.78473029479819	0.000347437295153506	0.0236089788024686
ACACA	ENSG00000278540.4	-0.499496576977584	6.31358092942351	-3.51470998188693	0.00082514761757421	0.0311028468576935
ZRANB1	ENSG00000019995.6	-0.501413504450553	4.2034170409605	-3.77810981210181	0.000355028458141089	0.0236089788024686
TMEM185B	ENSG00000226479.3	-0.502496898157958	3.6895608540215	-4.47304749283915	3.32522176088633e-05	0.0115312644809791
RABGAP1	ENSG00000011454.16	-0.503049852522313	6.73928969191971	-3.5690399778246	0.000695279562386991	0.0297278251490237
ZNF518B	ENSG00000178163.7	-0.505233195941303	4.15536158024652	-3.35283853822207	0.00136246226308396	0.0394147569008956
NPC1	ENSG00000141458.12	-0.508797246287508	5.59351521078262	-3.92992494206885	0.000215224392657843	0.0206733602841562
XYLT1	ENSG00000103489.11	-0.509528997701495	5.16319573376604	-3.23444378909026	0.00194939279661277	0.046805388949467
TRIP12	ENSG00000153827.13	-0.512235352769745	7.20016668386164	-4.69838361071129	1.4851051782976e-05	0.00913722937602262
MYOF	ENSG00000138119.16	-0.517047811334298	7.43913331975656	-3.60141008526555	0.000627410676593344	0.0287404369238099
WDR44	ENSG00000131725.13	-0.520340744919718	4.58894538898493	-5.02145641004575	4.55057735867434e-06	0.00593402134233167
TEAD1	ENSG00000187079.16	-0.522554709735948	6.61867061895018	-3.19260212465187	0.00220853655359468	0.0495599185959347
ZNF778	ENSG00000170100.13	-0.523850322360172	3.60802035446728	-4.58670583677959	2.21897989315797e-05	0.0108999666146308
EIF4G2	ENSG00000110321.16	-0.525161344179319	9.24471271185104	-4.14905719782721	0.000102716530234344	0.0154811572091052
UGP2	ENSG00000169764.15	-0.527875114500691	6.85293438453743	-3.86614683978997	0.000265916816817339	0.0216487810583638
UQCRFS1	ENSG00000169021.5	-0.528643304085907	5.87167498411019	-4.18578481188021	9.05678715042928e-05	0.0151526404666787
EIF5	ENSG00000100664.10	-0.529370662579172	7.53159416365754	-4.21790275613643	8.10928618862465e-05	0.0143211495810776
HCCS	ENSG00000004961.14	-0.534419369000107	4.03870093869105	-3.93650979084945	0.000210554492741796	0.020489315510532
NCKAP1	ENSG00000061676.14	-0.536973378428246	7.82378173662959	-4.26121757573463	6.98214618451611e-05	0.0135898687171084
ZNF134	ENSG00000213762.11	-0.538964497624266	4.27943991377496	-5.0350755069578	4.32646714469817e-06	0.00593402134233167
TRMT10C	ENSG00000174173.6	-0.539038447521907	3.65328846706962	-3.4141738859868	0.00112844089767292	0.0362946934929437
PGK1	ENSG00000102144.13	-0.53956252448328	8.25374073301777	-3.3630343441488	0.0013206190281827	0.0387510257300441
AIMP2	ENSG00000106305.9	-0.541242552444545	2.94845714147819	-3.1923760667031	0.00221002063306838	0.0495599185959347
URB2	ENSG00000135763.9	-0.543704027347356	3.26469995307923	-3.2976008717427	0.00161179020160839	0.0426375513388029
ZBTB39	ENSG00000166860.2	-0.543820837413577	3.37132862653509	-3.90547688017784	0.000233449175772155	0.0211357014825376
VDAC2	ENSG00000165637.13	-0.545178405947009	6.93927402224559	-3.24757782585546	0.001874131124429	0.0457686337211706
PSMD1	ENSG00000173692.12	-0.548327810653143	6.39741399489689	-4.38213425194059	4.58086379833113e-05	0.0128160934518811
FBXL18	ENSG00000155034.18	-0.552096622892039	1.95072260399443	-3.62256652119019	0.000586515095814024	0.028301682770384
MOCS3	ENSG00000124217.4	-0.553287632767932	2.72997676368685	-3.90469112457551	0.000234058842450925	0.0211357014825376
IQGAP1	ENSG00000140575.12	-0.555187203347208	7.87310083052748	-4.23185956676842	7.72812841738701e-05	0.0139578027439937
TBCC	ENSG00000124659.6	-0.557234528276645	3.97509151471256	-4.29365314623617	6.2390478807946e-05	0.0132919285796399
ZNF649	ENSG00000198093.10	-0.559357372157699	2.72395726859602	-4.03156917566498	0.000153089748575473	0.0179323806580397
NCOA4	ENSG00000266412.5	-0.560943957792843	7.13711955117179	-4.38480644330633	4.53812185074444e-05	0.0128160934518811
EIF2S1	ENSG00000134001.12	-0.562781006175804	5.87502123343458	-4.24619096977762	7.35480771680811e-05	0.0136192473381244
ETF1	ENSG00000120705.12	-0.564305424392952	7.11559023053857	-4.02671132983468	0.000155617864922583	0.0179323806580397
MFAP1	ENSG00000140259.6	-0.56439693113907	4.72517936900443	-5.21849291562573	2.18141911741548e-06	0.00534441163504447
DYNC1H1	ENSG00000197102.10	-0.566135834215892	8.16064041827118	-3.98262269646234	0.000180477886739515	0.0195582655328567
HADHB	ENSG00000138029.13	-0.567068296879479	7.14556168437545	-3.88441275453744	0.000250332492389432	0.0214107247862943
DYNC1I2	ENSG00000077380.15	-0.568517703768667	6.33007674609476	-4.88865689614976	7.42663659230273e-06	0.00698411906351366
DLD	ENSG00000091140.13	-0.570789374125976	6.42238430768817	-3.47206483418508	0.000942900608331331	0.0331332607193282
FASTKD5	ENSG00000215251.3	-0.57307079562653	3.70924602797721	-4.08793831023544	0.000126502161340902	0.0166923029899051
ENSG00000281896	ENSG00000281896.1	-0.57478584017012	0.456198105615802	-3.37880673800454	0.00125827383043055	0.0381484733132049
AHNAK	ENSG00000124942.13	-0.57550131697867	11.3094802435324	-3.96315467135809	0.00019263390434993	0.0199552633888761
MAPRE1	ENSG00000101367.8	-0.57615801309135	6.5395473362783	-3.89607653766621	0.000240843998267795	0.0211357014825376
SULF2	ENSG00000196562.14	-0.57616183429861	6.95804980032078	-3.23400174762847	0.00195197458038961	0.046805388949467
TBC1D14	ENSG00000132405.18	-0.576825194552996	4.3317060935651	-3.22791826654405	0.00198783380737251	0.0473332761648138
KIAA0232	ENSG00000170871.11	-0.577423491506884	6.12633792405374	-4.04762078520417	0.000145014606280151	0.0179323806580397
HECTD1	ENSG00000092148.12	-0.578957427809131	7.41035916608714	-3.64346457887409	0.000548621791196953	0.0274789109026693
CSTF2T	ENSG00000177613.8	-0.583580828226815	4.75756181011657	-3.58188849869756	0.000667543954166334	0.0294776923500026
WDR1	ENSG00000071127.16	-0.585128470662514	8.74677369100377	-3.7237738110009	0.000423619200243505	0.0250215545751944
CLTC	ENSG00000141367.11	-0.591577141243754	7.74742795449537	-4.7970632321504	1.03813507685424e-05	0.00733346308179295
BECN1	ENSG00000126581.12	-0.592916211361729	5.32826008153251	-3.21626277499309	0.00205827329095633	0.048227821226548
KIFBP	ENSG00000198954.7	-0.594336168974003	4.46966235002541	-4.59756745828811	2.13436296987825e-05	0.0108999666146308
CHURC1	ENSG00000258289.8	-0.595129515439799	5.6956895952163	-3.50788355113596	0.000843008252893479	0.0313613784927065
PSMD7	ENSG00000103035.10	-0.596223923900169	5.09883996348472	-3.96451523349132	0.000191759359611525	0.0199552633888761
TSPYL1	ENSG00000189241.6	-0.598357871481475	6.16545297919713	-5.15168727549145	2.80208233368871e-06	0.00534441163504447
PDCL3	ENSG00000115539.13	-0.603922099790928	4.20979702425721	-3.9125099951934	0.000228059720219632	0.0211357014825376
CUL3	ENSG00000036257.12	-0.607055681587705	5.66898642314752	-3.71458566008712	0.00043640483770882	0.025299542460852
HPS6	ENSG00000166189.7	-0.607503121236489	3.75220155365348	-3.88624759415986	0.000248816415561572	0.021376916639666
IDH3A	ENSG00000166411.13	-0.609022971263366	4.42752402486331	-3.81298536182471	0.000316751926501162	0.0228841268718056
CAP1	ENSG00000131236.16	-0.61077831660902	8.3478787947198	-4.53420101160218	2.67631630346046e-05	0.0108999666146308
USP9X	ENSG00000124486.12	-0.614065119041964	6.94059726028689	-4.61507592898102	2.00454182494428e-05	0.0108999666146308
EIF3A	ENSG00000107581.12	-0.615806973017488	7.82118987244604	-3.76724151609038	0.000367835736450088	0.0236609065298009
HSPA4	ENSG00000170606.14	-0.615836893324652	6.50791333127016	-3.8486413997235	0.000281723343534446	0.021709374541934
CRYBG3	ENSG00000080200.9	-0.615947248499856	4.36643317336041	-3.78096159778789	0.000351739277691001	0.0236089788024686
SMG8	ENSG00000167447.12	-0.616807019074718	3.39337629405021	-4.25175283529912	7.21468079781017e-05	0.0135898687171084
DLG5	ENSG00000151208.16	-0.620441273409205	6.18166067223588	-3.5767605980107	0.000678484655751328	0.0296805913741859
OXCT1	ENSG00000083720.12	-0.620799540764581	5.571335712624	-3.94445202089265	0.0002050515114859	0.0202639765729046
TAX1BP1	ENSG00000106052.13	-0.622221845936317	6.85826302745318	-3.97876369343441	0.000182827253168506	0.0197009276818244
ENSG00000280828	ENSG00000280828.1	-0.623414555762186	2.11246937390663	-3.86953235798472	0.000262959711759712	0.0216487810583638
SEC24C	ENSG00000176986.15	-0.629289942778485	5.67309688656671	-3.35668401010212	0.00134653559909955	0.0390311147137168
CLP1	ENSG00000172409.5	-0.637632632107648	2.99370414400058	-3.76387425845582	0.000371892675803975	0.0236609065298009
PARD3	ENSG00000148498.15	-0.638483952892018	6.62384878533736	-3.3404709790087	0.00141489929730992	0.039632537076415
ZNF229	ENSG00000278318.4	-0.640382324482828	2.18893377520348	-4.04724254184443	0.000145200076325334	0.0179323806580397
USP54	ENSG00000166348.18	-0.642924299008232	5.54755483111396	-3.22617061304462	0.00199824931839085	0.0474037428478467
UTP3	ENSG00000132467.3	-0.643727870197575	4.48912409543985	-4.25458287067387	7.14437620883576e-05	0.0135898687171084
KBTBD4	ENSG00000123444.13	-0.643762033342938	2.16135771244068	-4.81283296877003	9.80133840728387e-06	0.00733346308179295
MORF4L1P1	ENSG00000218283.2	-0.648220373977519	3.12873295840356	-3.96196373340893	0.000193402566466889	0.0199552633888761
TP53BP2	ENSG00000143514.16	-0.649867999534973	5.46972049896212	-3.86633790184145	0.000265749085908891	0.0216487810583638
TOM1L2-AS1	ENSG00000197815.4	-0.652842979955171	1.15341814230714	-3.51925558279856	0.0008134545359113	0.0310523850660053
USP34	ENSG00000115464.14	-0.654705981870308	6.14789638353583	-4.34014467463758	5.30608391830585e-05	0.0128160934518811
GNE	ENSG00000159921.14	-0.655949400005235	4.92720181436831	-4.21350208066194	8.23319572079136e-05	0.014406581833271
ENSG00000279500	ENSG00000279500.1	-0.658967920664785	-1.06304788159077	-3.20166254745817	0.00214981871113097	0.0488718620707997
CBLL1	ENSG00000105879.11	-0.659615891567949	4.73830833238686	-3.28672063800377	0.00166572096418009	0.0434614171679984
NT5C2	ENSG00000076685.18	-0.663437246031088	5.09393164384855	-3.25835019182259	0.00181445145444918	0.0447697704925086
DPH3	ENSG00000154813.9	-0.667580875572003	4.30909768257245	-3.28129507376979	0.00169324517293605	0.0434954987109231
BZW1	ENSG00000082153.17	-0.671161462683573	6.59720679140649	-3.48950778038858	0.000892928684259778	0.0324396738950224
HBP1	ENSG00000105856.13	-0.677933183879611	5.51612508111264	-3.6896074739946	0.000473053833356131	0.0261446140087805
CNOT1	ENSG00000125107.17	-0.696419983862862	7.03235179694125	-3.32157198390285	0.00149872271276648	0.0407776580607632
TUBB2A	ENSG00000137267.5	-0.710855022093699	4.85961163162339	-4.17455976293505	9.41252299636537e-05	0.0152792251669533
PCBP1	ENSG00000169564.6	-0.712847687781585	6.32071800823003	-5.16444157757268	2.67151009101741e-06	0.00534441163504447
AHNAK2	ENSG00000185567.6	-0.720025521262514	7.81608083120778	-3.5442517274122	0.000751916816636334	0.0306926380523295
GTF2I	ENSG00000263001.5	-0.728584900247985	4.50966065151305	-4.27656082362335	6.62052752616679e-05	0.0132919285796399
SORT1	ENSG00000134243.11	-0.72923706910567	7.31645400333666	-3.81719007419243	0.000312413721458066	0.022877391890296
ZNF416	ENSG00000083817.8	-0.729872845562039	1.99202596047486	-4.53616903656276	2.65762758673403e-05	0.0108999666146308
ACO2	ENSG00000100412.15	-0.732267110694658	6.11596859248047	-4.32070619544292	5.67842101900503e-05	0.0129471499664252
ENSG00000280173	ENSG00000280173.1	-0.751500152459155	0.00986827905389672	-4.58205611876517	2.25619446373007e-05	0.0108999666146308
TUBB6	ENSG00000176014.12	-0.756625353490684	7.84106364353522	-4.8963845280148	7.21891300285133e-06	0.00698411906351366
CENPBD1P	ENSG00000177946.5	-0.759913766774364	0.869003957054774	-3.6689889940807	0.00050550322037789	0.0265605039180923
ENSG00000205041	ENSG00000205041.1	-0.761381636148307	-1.07410653293554	-3.38842975133987	0.00122161374356043	0.0378244138489091
PTGS1	ENSG00000095303.14	-0.763554203503081	7.01896579828552	-3.38442947363707	0.00123672892284877	0.0380582489542941
YBX1P10	ENSG00000213866.3	-0.768296132932878	1.44103804177631	-3.71095918456591	0.000441552043195137	0.0253221115212187
ENSG00000282936	ENSG00000282936.1	-0.773086644010706	-0.555514453580248	-3.70707088167726	0.000447135310506022	0.0253221115212187
TJP2	ENSG00000119139.17	-0.776812337455378	7.02709292850262	-4.77390443590075	1.12944057578503e-05	0.00742821382825789
HSPA8	ENSG00000109971.13	-0.777948507193873	9.05332277159956	-4.1457211666405	0.000103894936442378	0.0154811572091052
GSN-AS1	ENSG00000235865.2	-0.778891539416472	0.308377258955482	-3.23014024431178	0.00197466512765457	0.0471709880714164
KLHL11	ENSG00000178502.5	-0.782054888986056	1.07622280337083	-3.29998129984712	0.00160021244167404	0.0425287483404955
TUBB4B	ENSG00000188229.5	-0.788474455441592	7.6657491754965	-4.13958264616592	0.000106097503921509	0.0155633198578838
GPR37	ENSG00000170775.2	-0.792526052297685	2.4274458865148	-3.63799684978	0.000558304155910202	0.0278029638790478
CLIP1	ENSG00000130779.19	-0.800695493294937	7.40066321157836	-4.49012007382469	3.13007451140721e-05	0.0110555391029759
FTH1	ENSG00000167996.15	-0.811275331100903	8.63964047172651	-3.37730652547293	0.00126408195532667	0.0381484733132049
PSMC1	ENSG00000100764.13	-0.830981969537845	4.08387099764353	-4.64896202194958	1.77479054994906e-05	0.0102577515633874
NOMO2	ENSG00000185164.14	-0.846068506401802	2.83043904082824	-4.8791671060299	7.68974468273407e-06	0.00698411906351366
ACTBP2	ENSG00000213763.4	-0.854694109871759	-0.750433543148849	-3.48131387187513	0.000916081854295029	0.0327812930712366
ENSG00000278993	ENSG00000278993.1	-0.890476058890059	0.167663474526149	-3.90855747500712	0.000231073631183185	0.0211357014825376
CHMP3-AS1	ENSG00000228363.2	-0.906672166681651	0.0850089372218793	-3.36557624516992	0.00131037785936282	0.0387510257300441
ACTRT3	ENSG00000184378.2	-0.93911504371853	0.490790103470206	-3.76088167934015	0.000375534110314054	0.0236609065298009
NOMO3	ENSG00000103226.17	-0.951697966530338	1.47633161213996	-3.60012492348191	0.000629980485425801	0.028745497125661
ANXA3	ENSG00000138772.12	-0.962512602060936	5.69014280314209	-3.59878438873777	0.000632671699914031	0.0287993969748456
EML5	ENSG00000165521.15	-0.992346130069744	-0.386268237107363	-3.51564015318625	0.00082274193163095	0.0311028468576935
POLRMTP1	ENSG00000266066.1	-1.07312293443368	-1.04712405645494	-3.53263563983339	0.000779942614791834	0.0309666740768599
SHROOM3	ENSG00000138771.14	-1.09182494003739	5.66766035224077	-3.90311741032596	0.000235284488312607	0.0211357014825376
MIR29B2CHG	ENSG00000203709.11	-1.10720038370567	3.88994633418377	-4.19782699927187	8.6896171852849e-05	0.0149155577458513
EPPK1	ENSG00000261150.2	-1.1077034214729	3.3867868332793	-3.19752099484921	0.00217647463990304	0.049214480767349
HSPA2	ENSG00000126803.9	-1.11623999042291	6.66661359576677	-4.3157346045768	5.77764635251637e-05	0.0129643586919464
NOC2LP1	ENSG00000213225.7	-1.11797008086008	-0.82788357849499	-3.84751360484497	0.000282772013302852	0.021709374541934
MTCYBP18	ENSG00000244921.2	-1.13707854919431	-1.54477623790303	-3.2814821903227	0.00169228882937698	0.0434954987109231
ENSG00000263089	ENSG00000263089.1	-1.1436058516224	-0.938966283485267	-3.28344867810735	0.0016822689280548	0.0434954987109231
ENSG00000269688	ENSG00000269688.1	-1.15376657628917	-1.95656467797936	-3.44227449329364	0.00103443365432731	0.0348582210052734
MT-ND5	ENSG00000198786.2	-1.19490250897899	12.0358986437168	-3.75520292229794	0.000382538174367579	0.023722209674152
TNF	ENSG00000232810.3	-1.20306953658367	-1.73396671088123	-3.43494364859166	0.0010582161503085	0.0351633456349998
MTND6P4	ENSG00000249119.1	-1.20460229026238	-1.02076054702074	-3.88669865301798	0.000248445070647891	0.021376916639666
ADAMTS8	ENSG00000134917.9	-1.23749864343932	4.3582740025193	-3.49479655019709	0.000878280539903812	0.0320295310470084
TGFBR3L	ENSG00000260001.6	-1.26817726002384	-2.12639012685036	-3.26672264052405	0.00176930749040223	0.0441701593775417
DNAH11	ENSG00000105877.17	-1.31342457963113	2.99435427619844	-3.66439959284451	0.000513009769528617	0.0268072200937515
EIF2S3B	ENSG00000180574.3	-1.31491564759999	-2.12911871231438	-3.82456270284531	0.000304944157494946	0.0228086271211808
CDC42P6	ENSG00000237350.1	-1.35200681464666	-2.44338904316249	-3.92143834800103	0.000221390014436495	0.0210078196285934
SYNC	ENSG00000162520.14	-1.3728766829647	2.85055316030691	-3.55722035825211	0.000721759639557108	0.0302552123192807
MIR22HG	ENSG00000186594.14	-1.44465274281882	5.54237262550902	-4.29553025866985	6.19847505631195e-05	0.0132919285796399
HERC2P4	ENSG00000230267.7	-1.50843171371663	-1.45166294344436	-3.46563002345215	0.000961996657722049	0.0334210605696405
DKK4	ENSG00000104371.4	-1.70350672089436	-1.14250842642958	-3.70978228939335	0.000443234892839979	0.0253221115212187
MT-ND6	ENSG00000198695.2	-1.70428440351396	10.3822703086842	-3.89785427829377	0.000239428493733063	0.0211357014825376
MIR17HG	ENSG00000215417.12	-1.73139448722485	-0.829745577606518	-5.87115440409039	1.79717886480196e-07	0.0022207883245703
CNTNAP3C	ENSG00000283378.1	-1.74728652674234	-2.56512153125091	-3.580375031841	0.00067075543857291	0.0294776923500026
ACTBP11	ENSG00000188460.4	-1.82521980885117	-2.73118923589499	-3.60093338348342	0.000628362722027408	0.0287404369238099
SVIL2P	ENSG00000234814.8	-1.85918736399428	0.0583065467176109	-3.76954825853577	0.000365081016178831	0.0236609065298009
MT-TE	ENSG00000210194.1	-2.30067288456198	-1.00952645098932	-5.24484642331269	1.97567012914867e-06	0.00534441163504447
