gene_symbol	gene_id	logFC	AveExpr	t	P.Value	adj.P.Val
SFRP2	ENSG00000145423.4	3.41155056664417	7.19332498956925	5.12166648989097	6.20567717201502e-05	0.00524584625470195
LINC02984	ENSG00000237807.3	3.12564377440862	0.822091294281907	3.41100267163373	0.0029559571904949	0.0383482622144991
ATF3	ENSG00000162772.16	2.83744033867576	7.11947042302149	3.97822215981215	0.000815673546024462	0.0187406225875697
LSAMP	ENSG00000185565.11	2.68893662489966	2.78049190363279	3.56658610313965	0.00207918598314925	0.031893404113714
PAK3	ENSG00000077264.14	2.66438468299636	2.75194720003019	3.42009831859082	0.00289590997790038	0.0379557418336161
IL17RD	ENSG00000144730.17	2.59816494812804	4.25741203470365	3.402053664088	0.00301623220035423	0.0384678582819726
JUN	ENSG00000177606.6	2.54555772006706	9.52847308353746	4.41188740301788	0.000304507325629127	0.0109429866251379
CACNB4	ENSG00000182389.19	2.49861499709601	2.09927974893096	3.47689482033654	0.00254722952870977	0.0357312671889589
COL8A2	ENSG00000171812.12	2.48154418400192	4.00188670590722	4.04173956823611	0.00070588075732986	0.0171988828108558
FMNL1-DT	ENSG00000267121.5	2.45547313191154	2.38980669512131	3.37099131902971	0.00323498399681947	0.0400097641180137
EFHC2	ENSG00000183690.12	2.43321629413603	-0.0687066081913675	3.25830512687582	0.00416740137283569	0.0468834307123676
DBH-AS1	ENSG00000225756.1	2.42231566308516	-0.547396380315959	3.37006366610558	0.00324175127292062	0.0400658100427658
BLNK	ENSG00000095585.16	2.41861769752042	1.52342357396462	3.33833902640306	0.00348174786898794	0.0420460940432163
GEM	ENSG00000164949.7	2.35986376347127	5.91856348659854	4.28070940138359	0.000409997012793122	0.0127120354087639
RGS2	ENSG00000116741.7	2.3460485798748	6.00335568777626	3.59054975694665	0.00196925155014014	0.0309095341877147
NR1D1	ENSG00000126368.5	2.33928199268366	6.90225294064781	3.73518247710165	0.00141800751707433	0.0256997912103549
KIAA1755	ENSG00000149633.11	2.32972869659363	3.23934461207846	3.40166842816622	0.003018853896054	0.0384678582819726
OGN	ENSG00000106809.10	2.32391375830347	5.93791369868166	3.25822461308713	0.00416815370729722	0.0468834307123676
TNFRSF19	ENSG00000127863.15	2.24548863647031	2.51456152050064	3.73465167550337	0.00141971950774239	0.0256997912103549
GLI2	ENSG00000074047.21	2.24318196076433	2.91207551263833	4.25368990557366	0.000435938844692999	0.0129992537095318
FOS	ENSG00000170345.9	2.22181980313077	8.57593961024342	3.88668533514545	0.00100462269065441	0.0210163959565096
ENSG00000272668	ENSG00000272668.1	2.20806329024462	0.408862443566156	3.83796861756156	0.00112240818911964	0.0222791652783976
PRRT2	ENSG00000167371.17	2.13475105178622	3.89555731299076	5.22341230481714	4.95770583917262e-05	0.00482730484506848
MNS1	ENSG00000138587.5	2.12637766181424	0.978248938981555	4.20070576926196	0.000491705177733869	0.0139870610955058
ENSG00000278867	ENSG00000278867.1	2.10018088846202	1.08362135916697	4.44166402988772	0.000284656296470401	0.0105165558518357
MROH7	ENSG00000184313.19	2.09986855466184	1.54643704218576	3.37448904142106	0.00320959262189113	0.0398331782388579
GLT8D2	ENSG00000120820.12	2.08118755276517	4.18444411344515	4.84668332412926	0.000114399319676594	0.00700295316542624
RYR3	ENSG00000198838.13	2.06942445045042	3.60350835964074	3.48084196764748	0.00252459827860202	0.0355407115088977
SEMA3D	ENSG00000153993.13	2.05531010892357	2.72930497187229	3.83547531391812	0.00112879391967062	0.0223279424220941
OLFML1	ENSG00000183801.7	2.05493622132053	4.42543336482305	4.22826524517701	0.000461856785994565	0.013424692803489
DOC2GP	ENSG00000231793.5	2.05110194768951	-0.305391644450696	3.25620003914571	0.00418711544031839	0.0468834307123676
FAM180A	ENSG00000189320.8	2.00188030223318	1.98071640320439	3.26330163602152	0.00412097238321473	0.0466531560831278
LUM	ENSG00000139329.4	2.00093678378414	7.50546388943777	3.3662851476088	0.00326945985031282	0.0403248382501418
SLC16A4	ENSG00000168679.17	1.99758821008048	2.70630619222491	3.30575797209661	0.00374637157213524	0.0440127909477649
CTSK	ENSG00000143387.12	1.96446845771494	7.62117891754554	3.35190246244795	0.00337707637643241	0.0412080291890218
SV2A	ENSG00000159164.9	1.94196284609663	2.3060580139618	3.30074581997007	0.00378879438673169	0.0444074455229683
PLXNC1	ENSG00000136040.8	1.93455982249608	3.62994623311586	3.21103586909349	0.00463274661309665	0.0495958494942085
ENSG00000277954	ENSG00000277954.1	1.93173438684918	0.837781574962679	3.64706977820076	0.00173224688347781	0.0287887982364373
TENT5C	ENSG00000183508.4	1.90452123140123	2.70353126452074	3.43992233168444	0.0027691687766172	0.037432262139094
LRP4	ENSG00000134569.9	1.90440540563893	2.63790345522274	3.38527986089374	0.00313248637700341	0.0392568450085861
MRC2	ENSG00000011028.13	1.90016941515593	6.76626086435211	4.98847889716339	8.33839475779453e-05	0.00590257514217075
CFAP91	ENSG00000183833.16	1.89240907724599	2.832168225831	3.8228866990535	0.00116159262860098	0.0228500150381787
KLF3-AS1	ENSG00000231160.9	1.88382334900843	2.26292541149396	4.27229263072702	0.000417906945139019	0.0127711389264469
TBX19	ENSG00000143178.12	1.88210574771599	2.59417932915733	3.7778185578739	0.0012869946472846	0.0241912328387279
CPEB1	ENSG00000214575.9	1.86638122184135	2.41878712734272	3.28602039195782	0.00391617368153658	0.0453120559131293
TRANK1	ENSG00000168016.13	1.80469001428238	5.40497131387745	4.69746161554675	0.00015985240486384	0.00800199706023709
SYT1	ENSG00000067715.13	1.80098108942892	1.10833946446816	3.37342617701441	0.00321728758513993	0.0399010455455313
RPS6KA6	ENSG00000072133.10	1.78944714021652	1.92391575629432	3.36416370850864	0.00328511867197007	0.0404109835213609
APOBEC3D	ENSG00000243811.8	1.78768869637334	1.03931255261215	3.40707123806368	0.0029822894554515	0.0384558211752664
CELF4	ENSG00000101489.19	1.76721722989946	-0.611601800533211	3.44410354672564	0.00274314333522806	0.03729884044812
TCEAL7	ENSG00000182916.7	1.76076040158754	2.72739911809833	3.6654735291454	0.00166135671291971	0.0279389499736744
ADAM22	ENSG00000008277.14	1.75761184642465	2.95329626801032	3.25824593191277	0.0041679544876418	0.0468834307123676
PRTFDC1	ENSG00000099256.18	1.75730744690587	2.64643179274961	3.96899299798522	0.000832990130204305	0.0189201725264783
ADAM33	ENSG00000149451.17	1.75168615437404	7.54683493260313	4.84630938517206	0.000114495021341995	0.00700295316542624
PAPLN	ENSG00000100767.15	1.74548741050109	4.86700819255168	3.46946625762399	0.00259036592945037	0.035930300171579
CCDC171	ENSG00000164989.16	1.73532762797903	1.96590765948969	3.7302683883336	0.00143393568503313	0.0258526774763367
RFX8	ENSG00000196460.12	1.73478172423088	1.58839957169049	3.3882856384674	0.00311133486955338	0.0390468322950056
ENSG00000227782	ENSG00000227782.2	1.73409433509788	1.64504623894933	3.63758053160242	0.00176996323231599	0.0291539623955283
ENSG00000254343	ENSG00000254343.2	1.7335969227478	0.641062158155305	3.58608784520909	0.00198927536046077	0.0310809099693265
LMO7	ENSG00000136153.19	1.72480795039317	3.77201517139076	3.84406415593752	0.00110694786385868	0.0221649303555436
DKK3	ENSG00000050165.17	1.71942377222733	5.89730415006919	4.21690315108192	0.000473935238604734	0.0136330552344068
TFAP2E	ENSG00000116819.6	1.70796542941558	0.862506876042922	3.92186619036984	0.000927314672774776	0.0202170392345459
ENSG00000272234	ENSG00000272234.1	1.70631791022011	0.579594501159772	3.57392712830295	0.00204487844855408	0.0315329115183438
CA11	ENSG00000063180.8	1.68500112625673	3.43438508998209	3.30537186027163	0.00374962298955925	0.0440127909477649
MEG3	ENSG00000214548.14	1.68232856096946	7.81387776676617	3.94758630514382	0.000874584141163303	0.0194917202242624
HEPH	ENSG00000089472.16	1.67016904456602	4.30599396989259	4.26508331519175	0.000424804194597599	0.0128596553570668
CLDN11	ENSG00000013297.10	1.66615071587095	5.00750921283933	3.50860672515312	0.00237091956937712	0.0343996998959027
SLC22A17	ENSG00000092096.16	1.66577940224756	5.19123083323753	3.44490250287694	0.00273819784027907	0.0372722070290079
FRMD6	ENSG00000139926.15	1.66256750605233	5.73925137663855	3.74875285690994	0.00137492955057993	0.0252151536930583
GPNMB	ENSG00000136235.15	1.66013549658787	7.97121618321875	3.63238811842741	0.00179094478774743	0.0293646125720234
PEF1-AS1	ENSG00000235790.7	1.658183060971	0.954231116310463	3.80703396486678	0.00120425026462796	0.0233564599484823
DNM1	ENSG00000106976.20	1.65675547463729	5.54833166103632	4.85261701258456	0.000112891552098822	0.00697630863849306
FGD6	ENSG00000180263.13	1.65106750295171	3.59008154900061	3.84913140902856	0.00109425740412952	0.0220177085188849
LRRC37A4P	ENSG00000214425.7	1.64731426692882	1.51740554268436	3.42326917319944	0.00287526046786195	0.0379100261594549
GBP1	ENSG00000117228.9	1.64569125210185	5.54589491136802	3.38795723544952	0.00311363897121959	0.0390479524165334
BTN3A1	ENSG00000026950.16	1.64288205207961	5.0616020699753	4.84304055859152	0.000115335079288093	0.00703033998612894
PCNX2	ENSG00000135749.18	1.64257618764893	4.29476119646983	4.7718071680577	0.000135281248862848	0.00734957438977056
PRRT1	ENSG00000204314.10	1.61429043197454	2.99326117515704	3.75343196015149	0.00136038001955551	0.0249792866701715
CDK18	ENSG00000117266.15	1.60876268712832	4.29717383042027	3.74329016747232	0.00139211158136168	0.0253794828581716
CPVL	ENSG00000106066.14	1.60841992081852	3.97162081853129	3.67458232757244	0.00162734296145186	0.027669462250644
MIR100HG	ENSG00000255248.7	1.59216942195176	5.23993047821701	3.27258695238132	0.00403603216379229	0.0460992558364064
DLG2	ENSG00000150672.16	1.5913908108009	1.44831466145798	3.329491465808	0.0035517362955398	0.0426327301757326
ZNF331	ENSG00000130844.16	1.5803330255968	5.93369821304303	3.87759607102399	0.00102562114674783	0.0212733293644305
RALGPS2	ENSG00000116191.17	1.57819868004507	4.01698223972638	3.47307980126102	0.00256929341805537	0.0358321457937512
PPP1R15A	ENSG00000087074.7	1.56449657504913	7.66807921977873	4.74044802354168	0.000145140607152212	0.00759242526730261
GPR162	ENSG00000250510.7	1.55956790346466	2.23423187825449	3.43203035050286	0.00281895621996469	0.0377142517628716
COL16A1	ENSG00000084636.17	1.55882831583074	7.01551526909583	5.00562253278526	8.02655045915591e-05	0.00586914221168188
ZBTB20	ENSG00000181722.16	1.55346530124405	2.13963146901906	3.25310113893582	0.00421630274982415	0.0470968451277656
MFAP4	ENSG00000166482.11	1.53465555176013	7.99674771009528	4.74140875097418	0.000144827983030462	0.00759242526730261
ISLR	ENSG00000129009.12	1.52738525607936	6.74814814720065	5.14953274402914	5.83497943836849e-05	0.0051766666591585
SEMA3E	ENSG00000170381.12	1.52550089223637	2.50874552372938	4.03955118662579	0.000709405032201142	0.0172169107954721
MTMR11	ENSG00000014914.20	1.48967674382604	4.19029998088254	4.09030542154026	0.000632028978963209	0.0161577622425102
HACD4	ENSG00000188921.13	1.46782017019176	3.00828580201015	5.2307739737936	4.8780148673461e-05	0.00482730484506848
NIBAN1	ENSG00000135842.16	1.46469574910107	6.10261955020983	4.25427675928857	0.000435358208297628	0.0129992537095318
DST	ENSG00000151914.19	1.46424830275707	8.54734643568019	4.05806698076095	0.000680134177369081	0.0168351997135791
FRMD4B	ENSG00000114541.14	1.45195508431278	4.75741118784518	4.11923699453392	0.000591770392103294	0.0155728593199459
RASSF5	ENSG00000266094.7	1.45166486708868	4.07433126771991	3.26982968947729	0.00406107443069927	0.0462673330404079
DEPTOR	ENSG00000155792.9	1.44868379567334	4.53036874408526	3.62027053129878	0.00184087379553093	0.0299911811724634
DTX3	ENSG00000178498.15	1.44858335501154	5.53292100699511	3.6073363639106	0.00189569024388598	0.0304503918335004
BICC1	ENSG00000122870.11	1.44073789731499	5.23702692944765	3.3597453944803	0.00331796826034834	0.040699048044971
LINC-PINT	ENSG00000231721.6	1.43085465230078	4.75738406617243	3.83075859740327	0.00114097339485972	0.0225191456049351
CXCL12	ENSG00000107562.16	1.42971642106105	8.47200190933512	4.76234053117702	0.000138183756480019	0.00739221223844305
FZD1	ENSG00000157240.3	1.42889983681319	4.99040516666412	3.26604257941022	0.00409571829676184	0.0464552959470056
JUND	ENSG00000130522.5	1.42741707819735	8.45149797987669	3.56528328573145	0.00208533380785687	0.0319139770884739
TMEM98	ENSG00000006042.11	1.42165168577412	5.22076730076009	3.33481794711559	0.00350943755408307	0.0422408129639839
APOBEC3C	ENSG00000244509.3	1.40205016117176	4.48691688957002	3.77686959376539	0.00128977521258364	0.0241912328387279
TVP23C	ENSG00000175106.16	1.400823870379	2.55670882700851	3.49329962677988	0.00245446504144735	0.0350210732546002
CDH11	ENSG00000140937.13	1.39113545851281	5.21747087013683	4.34152100160801	0.000357153589578867	0.0118917274580754
MYLK	ENSG00000065534.18	1.38607421695371	7.88787246875737	3.73344214076071	0.00142362829356667	0.0257445435408762
ANTXR1	ENSG00000169604.19	1.38225090953046	7.1454479978022	4.29500326637505	0.000396907720141556	0.0125155642987877
SESN3	ENSG00000149212.11	1.37802282109786	5.7460446101617	3.35149733967369	0.00338015751955036	0.0412080291890218
UBA7	ENSG00000182179.12	1.37308981155987	5.97303002829233	4.4914659906485	0.00025433063316235	0.00993283358631252
SLIT2	ENSG00000145147.19	1.36929290765366	4.84318860424252	4.45934886845592	0.000273490281027769	0.0103183564764182
RARG	ENSG00000172819.16	1.36720680165097	5.39621542586782	3.77095532934201	0.00130723992026211	0.024377780032276
AMT	ENSG00000145020.15	1.36718368271519	4.95358351255185	3.26892508867647	0.00406932338853558	0.0462950640767274
DENND2B	ENSG00000166444.18	1.36491626242285	5.51287954163559	4.44584606188356	0.000281974919226228	0.0105165558518357
CLIP3	ENSG00000105270.14	1.36448388753852	5.16866166742715	3.64149236806159	0.00175431741158671	0.0289839464674562
INPP5D	ENSG00000168918.13	1.36387854495361	5.2390316895097	3.28237390999431	0.00394835970380642	0.0455250275712666
CCDC152	ENSG00000198865.9	1.35871069686134	1.866642121056	3.26843036712743	0.0040738416410356	0.0462950640767274
RGS10	ENSG00000148908.14	1.35223411146501	3.53602226195184	3.58245376699427	0.00200573294924858	0.0312291400377791
ISYNA1	ENSG00000105655.18	1.34991657840534	5.80452128008257	3.76372335471202	0.00132891600954649	0.0246609496173936
REPS2	ENSG00000169891.17	1.33961884371346	3.48716170475136	4.28588946638606	0.000405203995259104	0.0126289753026755
ZNF519	ENSG00000175322.11	1.33765482381215	2.39856003949104	3.35671467795913	0.00334068769300942	0.040865845833735
DLG4	ENSG00000132535.18	1.33514257539335	4.8451167280101	3.74839049636534	0.0013760627371135	0.0252151536930583
MAN1C1	ENSG00000117643.14	1.32690169810894	4.60294958568024	4.03416893276265	0.000718148056505667	0.0173045426626108
KIAA1671	ENSG00000197077.13	1.32538902303488	6.17459746952371	3.22869110001209	0.00445327864556287	0.0484790130594416
ZNF83	ENSG00000167766.18	1.32308975853469	6.86470258949854	4.8045832184881	0.000125701550659208	0.00724036313187815
ZFP36L1	ENSG00000185650.9	1.31270724231111	9.85774808849298	3.86865711758004	0.00104669956526352	0.0214621314749286
CCDC102A	ENSG00000135736.5	1.3066834312165	3.41058616090215	3.67377235559625	0.00163033931692214	0.027694133553139
TMOD2	ENSG00000128872.9	1.30554438199706	4.53543770770975	3.26135994979486	0.00413895460372477	0.0467386297752688
SREBF2-AS1	ENSG00000184068.2	1.2989082693283	0.984499706337063	3.39137194996397	0.0030897628590691	0.038939268774527
GPRASP1	ENSG00000198932.12	1.29059426642335	5.45953002228384	3.60640876709255	0.00189968309181699	0.030451002404698
ALDH1A1	ENSG00000165092.12	1.28823928773958	6.69127512726799	3.57977368030365	0.0020179565119606	0.0313106481825506
NTN4	ENSG00000074527.11	1.28697099245257	6.53533614864546	3.26861033358082	0.00407219745342634	0.0462950640767274
SSPN	ENSG00000123096.11	1.27359257426162	4.90091875405494	3.52204670162764	0.00229988476475978	0.0336733945010294
TTLL3	ENSG00000214021.15	1.27101639738911	7.02669823904674	7.85989892861252	2.295082944911e-07	0.00168207055123788
LDAF1	ENSG00000011638.10	1.26789749676581	4.88480665644006	3.88608909291908	0.00100598690792702	0.0210163959565096
RNF213-AS1	ENSG00000263069.5	1.25790838088357	0.945653641124175	3.21169004271478	0.00462597247758407	0.0495529305264699
FAM117B	ENSG00000138439.11	1.24926516660694	3.62962441481883	4.11200456289021	0.000601586541556548	0.0156701052488879
SYNGR1	ENSG00000100321.14	1.24776081705342	4.81084224587387	3.54228583100491	0.00219686437464252	0.0328036372040794
AFAP1L2	ENSG00000169129.14	1.24429795363855	5.04281153381957	3.79350940864664	0.0012418745695856	0.0236821327803793
TRAF5	ENSG00000082512.14	1.23562385609102	5.34220238350917	4.72206508121325	0.000151256164899784	0.00778445074232612
LURAP1	ENSG00000171357.5	1.23138590635516	0.733924657006859	3.50729921638508	0.00237794480463437	0.0344504032690805
SLC4A5	ENSG00000188687.17	1.22883645275495	2.28986598419742	3.43457283754442	0.00280282110596102	0.037684123342413
APOBEC3G	ENSG00000239713.8	1.21853468770263	2.4824124239284	3.80150869884175	0.00121948196136007	0.0235705753905959
PLXDC2	ENSG00000120594.16	1.21733538047604	6.3998554554499	3.35159236960068	0.0033794345258402	0.0412080291890218
TEC	ENSG00000135605.12	1.21697838646441	1.69662609041261	3.52297515416173	0.00229505597584369	0.0336733945010294
ATXN1	ENSG00000124788.17	1.21598154065621	5.28463930046749	4.63827023790593	0.000182620240848096	0.0083993439433432
CXXC4	ENSG00000168772.10	1.21563344523279	1.30178448532765	3.26727007681898	0.00408445776460413	0.0463862912544174
CCDC191	ENSG00000163617.10	1.21195754202232	3.36259483370173	3.37888058522031	0.0031779899830033	0.0396091569670556
BOC	ENSG00000144857.14	1.20591213162969	6.45952949673439	3.53287343550755	0.002244194763466	0.0332549378939949
CEP152	ENSG00000103995.13	1.19854231957219	2.75123711315263	3.21295125618478	0.00461293959999459	0.0495529305264699
PIWIL4	ENSG00000134627.11	1.19065295103153	2.31060071045407	3.57307841640168	0.00204881599601353	0.0315436696430915
SIPA1L1	ENSG00000197555.9	1.18421786460654	5.23749280792019	4.29371130437647	0.00039807330228832	0.0125155642987877
SCPEP1	ENSG00000121064.12	1.17666966709432	6.53420052685755	4.46545192902594	0.000269740435088081	0.0103091207796156
N4BP2L1	ENSG00000139597.17	1.16602443196531	5.1495113300366	3.81695146789682	0.00117738427976514	0.022999186326192
FCHSD1	ENSG00000197948.10	1.16108397990367	4.74742981268924	3.84696405056958	0.00109966749328677	0.0220929135221316
LRRC37B	ENSG00000185158.12	1.15958755429933	3.38898719653868	4.0088067684149	0.000760821850458937	0.0178932918399929
TNFRSF14	ENSG00000157873.17	1.15563626155405	6.58641433785008	3.99887595733726	0.000778214883379599	0.0181830364081431
ENSG00000069712	ENSG00000069712.12	1.15447361898546	2.73812371517394	3.24553896294756	0.00428836637548594	0.0474980307880616
CCDC14	ENSG00000175455.14	1.15218900594721	6.13938415668746	3.28035720688143	0.00396627151038477	0.0456516067678905
ZNF516	ENSG00000101493.10	1.14443976142185	5.34672061439134	4.52851384849074	0.000233907136292582	0.00972586958120502
ZC2HC1A	ENSG00000104427.11	1.13826796871796	3.7686519694487	3.39302593888524	0.00307826280900887	0.0388823501659513
CEP128	ENSG00000100629.16	1.13731392956015	2.00431346246211	3.88696772751945	0.00100397721446252	0.0210163959565096
PIK3IP1	ENSG00000100100.12	1.13673856978136	6.21858833507006	4.51528780714685	0.000241000730935683	0.00981376122654686
MAML2	ENSG00000184384.13	1.12973123417397	5.73877626261073	4.11619580402385	0.000595878280780567	0.0156121851898663
TCP11L2	ENSG00000166046.10	1.11775970938824	3.10923202776503	3.54312196830874	0.00219270788981133	0.0328009332999239
GABBR1	ENSG00000204681.10	1.11687618982451	6.77516487082655	4.59369049891766	0.000201915854474764	0.00882569275132254
MYO15A	ENSG00000091536.16	1.11446301483715	1.57549025841608	3.22189998510266	0.00452149215155217	0.0489014247724602
LDLRAD4	ENSG00000168675.18	1.11204636474187	4.59962147199889	3.27461053116628	0.00401774974110129	0.0459490064519951
CCDC186	ENSG00000165813.18	1.10964846203713	4.81342797840762	4.6519117781009	0.000177097303392916	0.00833008077192768
KLF12	ENSG00000118922.17	1.1046573365361	3.84635181889578	3.32647255889138	0.0035759318957737	0.0427635311994929
LRIG3	ENSG00000139263.11	1.10231856117719	5.53593583583042	4.97154794143396	8.65848324979905e-05	0.00601428985735073
NPTN-IT1	ENSG00000281183.1	1.09757578407408	2.16359010694444	3.23176207657674	0.00442276356716031	0.0483521414610496
CREBRF	ENSG00000164463.12	1.09665284821817	5.80762082176798	4.30429391970011	0.000388626505334715	0.0124709968802089
CALML4	ENSG00000129007.14	1.08712219446465	2.22543139653302	3.29713975902126	0.00381960709424127	0.0445999475458489
CRMP1	ENSG00000072832.14	1.07382063739219	3.7039144898244	3.22442822799453	0.00449597861663404	0.0487431535321831
FAM171B	ENSG00000144369.12	1.07094868726699	3.24781747686832	3.23969133118095	0.00434491635344079	0.0477994143462323
ANKRD6	ENSG00000135299.16	1.06740899857932	3.52795436982196	4.21827919195802	0.000472455695126308	0.0136123448751746
ABCC5	ENSG00000114770.16	1.06175197345815	5.59194445898203	3.45201193106265	0.00269457617259472	0.036777989024425
TRPM4	ENSG00000130529.15	1.057629439105	5.79394116960487	4.01911701734058	0.000743175945425228	0.0176757134528873
HFE	ENSG00000010704.18	1.05758198265871	3.42814004527824	3.84598566179034	0.00110211844700551	0.0220929135221316
GBP2	ENSG00000162645.12	1.05743566307488	7.10163537428624	3.55350172016521	0.00214175257806276	0.0323307130038826
SETBP1	ENSG00000152217.16	1.05735229058465	5.4130104638632	4.41451280879932	0.000302702241468761	0.0109369493333904
MXRA8	ENSG00000162576.16	1.05560249030393	7.71137643315582	3.784708833571	0.00126698360791464	0.0240271039549611
ZC3H12B	ENSG00000102053.12	1.05396433160617	1.44403100407986	3.55691296002281	0.00212526352447079	0.0322769895102042
THBS3	ENSG00000169231.13	1.0534622352664	5.14994923144144	4.52108486017041	0.000237865168574145	0.00981376122654686
TUB	ENSG00000166402.8	1.03943846993629	5.01563841794647	3.69454828716113	0.00155518648885529	0.0269280164896383
ATL1	ENSG00000198513.11	1.03307571276508	2.97039889328412	3.53745351019415	0.00222103917699903	0.033011219373791
EFHC1	ENSG00000096093.15	1.03280899058964	4.97316384099258	3.66532938574382	0.00166190060107901	0.0279389499736744
FAM184A	ENSG00000111879.18	1.02928869272799	3.28895142735966	3.2181958034811	0.00455912836003473	0.0491010452765519
RASA2	ENSG00000155903.11	1.02582226183705	4.91649749895606	3.87628789647123	0.00102867920681439	0.0212874827544119
CCDC146	ENSG00000135205.14	1.02223227738546	3.43441992428642	3.58252261301616	0.00200541991821783	0.0312291400377791
FAS	ENSG00000026103.21	1.0213296496731	4.56156696886941	3.77890370475637	0.00128382236552411	0.0241737600632583
FAM111A	ENSG00000166801.15	1.0203977876409	5.6194331947312	3.48144923593709	0.00252113412012012	0.0355268187497407
PCYOX1L	ENSG00000145882.10	1.01819585643995	3.29507862428533	3.27404814918051	0.00402282253595144	0.0459776802721848
ALS2CL	ENSG00000178038.16	1.01738524980342	5.73543974936258	4.26532807233822	0.000424568163437494	0.0128596553570668
KIAA1328	ENSG00000150477.14	1.01662353144715	3.55606534909164	4.33168030724695	0.000365214539787487	0.012053424986246
CPEB3	ENSG00000107864.14	1.01595776571927	3.39472542243319	3.36903047275357	0.00324930485576153	0.0401314902274999
FLT3LG	ENSG00000090554.12	1.01559902483285	3.84658028095442	3.87668135323294	0.00102775848510196	0.0212874827544119
CDKN1B	ENSG00000111276.10	1.01518404461791	6.65809411356374	4.17831389587058	0.000517379591707916	0.0144056884668004
MOV10	ENSG00000155363.18	1.01487123484779	6.2668999329585	5.29804754277484	4.20767967958561e-05	0.00448100275081911
TIMP2	ENSG00000035862.12	1.00702991941621	9.44432613876273	3.61442834308144	0.00186543634924954	0.0301678777062745
PLEKHA5	ENSG00000052126.14	0.994260711441784	4.93314733452564	4.41956082086029	0.000299261799002327	0.0109005502030909
CROCCP3	ENSG00000080947.14	0.990893022713666	2.76393204556613	3.6877626958789	0.00157934576996609	0.0271626252817297
ZNF521	ENSG00000198795.10	0.990810652894677	5.14113973112244	3.59006714592222	0.00197140771031516	0.0309095341877147
TET2	ENSG00000168769.13	0.990357315026947	5.09683630560899	4.14652236435591	0.000556163153254485	0.0150761168772695
ADAMTS10	ENSG00000142303.13	0.987596273882048	5.43789640764676	3.52614742977826	0.00227863276399507	0.0335817251345029
CHASERR	ENSG00000272888.5	0.984820089376177	6.42728862512237	3.44915045466829	0.00271205047507895	0.0369883231079832
SELENOP	ENSG00000250722.5	0.984248836031778	6.45905712670846	3.70735794926908	0.00151057551917474	0.0265923613743915
ZC3H6	ENSG00000188177.13	0.973911163790655	4.75326758172629	3.42075789156882	0.00289160265395267	0.0379557418336161
PALLD	ENSG00000129116.17	0.965166746733845	7.58890553705755	3.42932050775366	0.00283625416130894	0.0377626380570709
ARHGEF25	ENSG00000240771.6	0.961149337531522	5.13577227634038	3.67555398694809	0.00162375568276702	0.0276482933679303
ARMCX2	ENSG00000184867.13	0.961148622961236	4.9694738258638	3.83740771229629	0.00112384160547243	0.0222791652783976
BBS2	ENSG00000125124.11	0.943444117759186	5.53015626255976	3.94600838309557	0.000877731054125314	0.0194917202242624
CD47	ENSG00000196776.14	0.938604191057501	6.48987086420255	3.36652328152096	0.00326770671685734	0.0403248382501418
CLK1	ENSG00000013441.15	0.928052430077757	7.63779241376295	4.9863936453974	8.37715799223244e-05	0.00590257514217075
FOXP1	ENSG00000114861.18	0.92619724548432	6.20444243283913	3.65914166622815	0.00168541573685286	0.0282283508599441
CARMIL1	ENSG00000079691.17	0.925576303659626	4.05640306331251	3.77337902128218	0.00130005451529863	0.0243197045601949
YPEL3	ENSG00000090238.11	0.923195177550665	6.57282317773705	3.7900346595992	0.00125172866499131	0.0238134070120056
TRIM38	ENSG00000112343.10	0.915414726485754	5.46138268224395	4.86376434758262	0.000110113363114769	0.00687575463546959
CEP131	ENSG00000141577.13	0.913477648617173	4.19550560255675	3.38857419344961	0.00310931172936768	0.0390468322950056
GNB5	ENSG00000069966.18	0.892808413813724	4.29562561780097	3.24963856970443	0.00424915092607126	0.0473269320982741
ZNF841	ENSG00000197608.11	0.891863076414814	4.38511992390927	3.31682846378746	0.00365431531421182	0.0433128205991998
KDM3A	ENSG00000115548.16	0.887605332592882	6.47727947911579	4.85590580612788	0.000112064574711847	0.00694916693221802
IGF1R	ENSG00000140443.13	0.886475200318339	6.35864039275119	3.41955383332373	0.00289947048547628	0.0379557418336161
BBS9	ENSG00000122507.20	0.884010309241904	4.019581610001	3.40240312363245	0.00301385591676202	0.0384678582819726
CHD3	ENSG00000170004.16	0.883650315605009	7.28191253166786	4.15343888837129	0.000547484131698875	0.0149564986649017
KMT2A	ENSG00000118058.20	0.883615807728566	6.73567202193577	4.35733025260573	0.000344577297491748	0.0117373916707695
CPQ	ENSG00000104324.15	0.881561485926332	5.70259595975124	3.86219189268977	0.00106221372228202	0.0216317410420638
LTBP3	ENSG00000168056.15	0.878699590097288	7.81762591004204	3.51540921469855	0.00233469932609149	0.0341552217329678
ERCC6	ENSG00000225830.12	0.878558017981244	3.94518338860066	4.32777330887787	0.000368465569230182	0.0121383666657612
CLSTN1	ENSG00000171603.16	0.871660753808579	6.97714318513192	3.40147671827878	0.00302015939973972	0.0384678582819726
PLD2	ENSG00000129219.13	0.871329337040358	5.75050975114877	3.39930437703584	0.00303499146005979	0.03854718777869
ATM	ENSG00000149311.18	0.870322247225464	5.57695993981238	4.35911412320445	0.000343186552745714	0.0117147546890589
OSBPL9	ENSG00000117859.18	0.870289919955526	6.68664064446926	3.47316632306945	0.00256879094179606	0.0358321457937512
CD27-AS1	ENSG00000215039.6	0.864702531315785	3.97963609598973	3.26944894808623	0.00406454437268288	0.0462774458086721
PPP4R1L	ENSG00000124224.16	0.858103429083316	3.93120261922987	4.15449351566348	0.000546172764678816	0.0149434536119222
ZNF37BP	ENSG00000234420.7	0.851279720985511	5.0998021284512	3.36395080124321	0.00328669425313394	0.0404109835213609
GATAD2B	ENSG00000143614.9	0.844820938946951	5.84170159735215	3.99443759083155	0.000786116499611588	0.0183198878927689
NIPAL2	ENSG00000104361.9	0.840698272468158	5.07636611357999	4.51063932765518	0.000243545213951275	0.00982054634614843
RFX7	ENSG00000181827.14	0.837248696930767	4.43384805621593	3.40060953240016	0.00302607169663019	0.0384830135786484
UBN2	ENSG00000157741.14	0.836543860256676	5.0903394043667	3.31421903797615	0.00367581193157982	0.043460389190413
TNRC6B	ENSG00000100354.20	0.827042528289015	5.37529133463831	3.94698467082548	0.000875782671741604	0.0194917202242624
ARMCX1	ENSG00000126947.12	0.819429000005399	5.25456442002709	3.27924077202218	0.00397622159584061	0.0457074196401922
ARHGAP19	ENSG00000213390.10	0.818776431528002	4.37358299656781	3.55923101522777	0.00211413037250817	0.0321897454594043
ADD3	ENSG00000148700.14	0.816646109681423	7.15631554277571	4.13703132197748	0.000568298087553184	0.0151467837526508
RICTOR	ENSG00000164327.12	0.812878589751913	5.70752427699878	3.40882735193485	0.00297049880117466	0.0384085923635289
SUFU	ENSG00000107882.11	0.811694931917559	4.60280346581459	4.01950199944262	0.000742525048882659	0.0176757134528873
WSB1	ENSG00000109046.14	0.809943035575539	8.32534867083152	3.47364871014904	0.00256599125072643	0.0358321457937512
ANKRD13A	ENSG00000076513.16	0.807696536333078	5.68235015495902	4.0370240830577	0.000713496741469709	0.0172558368473396
GPRASP2	ENSG00000158301.18	0.805233001185657	4.02360769866864	3.27794154982291	0.00398783154616883	0.0457528355562686
ABI2	ENSG00000138443.15	0.804607752543358	5.67739457990508	4.07618405159187	0.00065266565701881	0.0164970680386941
SFXN3	ENSG00000107819.13	0.802795487406673	6.23095072412735	3.28091833944306	0.00396127970422506	0.0456234534572091
CAPN3	ENSG00000092529.23	0.79800762484743	4.8698474554994	3.96484323712953	0.000840895679123217	0.0190273882141
PNISR	ENSG00000132424.14	0.790995868625579	8.07544317525984	3.39154711562648	0.00308854294795412	0.038939268774527
TLE4	ENSG00000106829.18	0.78510149845199	4.5810421854643	3.25590561622584	0.00418987996750128	0.0468834307123676
NUMA1	ENSG00000137497.17	0.781530342276655	8.14209425037126	4.70520566245899	0.000157094550592664	0.00793039842583417
APBB3	ENSG00000113108.19	0.780371559188844	5.59838538702851	3.52227557238218	0.0022986934992165	0.0336733945010294
PHF3	ENSG00000118482.11	0.77690061163322	6.69441007482043	3.69820985449016	0.00154230277484739	0.0267693666332809
ACCS	ENSG00000110455.13	0.774189808756418	5.01318621708239	3.69907555077659	0.00153927223739749	0.0267693666332809
CHD6	ENSG00000124177.14	0.768356703577077	6.17753256480442	3.49920868888386	0.00242187462684783	0.0348054652668324
ASB3	ENSG00000115239.21	0.76675046755292	3.82593264610863	4.50484633108006	0.000246754237210863	0.00984485551553195
ARHGAP12	ENSG00000165322.17	0.765375734570116	5.46304922897647	3.90528357695487	0.000962984419813533	0.0206184513589944
SETDB2	ENSG00000136169.16	0.758983763446419	4.16632202156359	3.48822513089918	0.00248279785406097	0.0352964605710112
PFKM	ENSG00000152556.15	0.758173131397385	5.59266027370863	3.88975030800084	0.000997639051775521	0.0209843772850576
CEP164	ENSG00000110274.15	0.756608231281111	5.3310854027541	5.41001221385979	3.2934558961085e-05	0.0042158587938686
DCP2	ENSG00000172795.15	0.755364749905601	5.16549705374941	3.69792474437138	0.00154330215495486	0.0267693666332809
FNBP1	ENSG00000187239.16	0.747047254803078	5.97433726494241	4.13879646337088	0.000566021282011857	0.0151398020819918
SNHG14	ENSG00000224078.13	0.740277842796281	5.28930330874688	3.37635375443558	0.00319613611006987	0.0396936626670563
MYOF	ENSG00000138119.16	0.734144185721344	7.7162015084816	3.77891696952052	0.00128378363596248	0.0241737600632583
POGZ	ENSG00000143442.21	0.729309750876585	6.96106595597927	4.09194182854172	0.000629680279905758	0.0161207147088444
CEP44	ENSG00000164118.12	0.726633905210398	4.2051253423354	3.27836245795838	0.00398406664581907	0.0457389227160305
SMPD4BP	ENSG00000152117.17	0.717646790233613	5.77488177231822	3.60503875513449	0.00190559556537761	0.0304912304706538
ZNF618	ENSG00000157657.14	0.712107699180345	4.76592126409417	4.19635716854228	0.000496589026690932	0.0140484449687401
BEX4	ENSG00000102409.9	0.710868197526094	5.21900500704185	3.3132532321405	0.00368379972083337	0.0434894950723473
POU6F1	ENSG00000184271.16	0.709911206771512	5.22384712658143	4.46536420492723	0.000269793964937207	0.0103091207796156
ZMYM3	ENSG00000147130.14	0.706202729017944	5.50629540644149	3.22079764325407	0.00453266059800388	0.0489407522667202
CBFA2T2	ENSG00000078699.21	0.704650637803865	5.22142855452726	3.72366395741268	0.00145562335204102	0.0260601659260011
CC2D1A	ENSG00000132024.17	0.686450845541707	5.90951418364638	3.42010742383675	0.00289585047333865	0.0379557418336161
ZNF577	ENSG00000161551.14	0.68110493495973	4.35853352230233	3.40035761239273	0.00302779137023013	0.0384830135786484
AHI1	ENSG00000135541.20	0.680140816140623	4.63944327509403	3.24487944202567	0.00429470811396462	0.0475388907414206
BICRAL	ENSG00000112624.12	0.670592479222179	5.29445693306209	3.59577795256513	0.00194604272161556	0.0307525068728544
MYO15B	ENSG00000266714.6	0.665821257025715	8.03978653159344	4.31527072337579	0.000379066332992213	0.0122422118823776
SGCE	ENSG00000127990.15	0.664763397505678	5.56121922419228	3.4951795377265	0.00244405002601393	0.0349559621039071
NAPB	ENSG00000125814.17	0.66189753483325	4.27713773350374	3.24063345081636	0.00433575645830757	0.0477279431752641
IFT172	ENSG00000138002.14	0.658732261218696	5.10624800257809	3.40349559243102	0.00300643913622123	0.0384678582819726
PRNP	ENSG00000171867.16	0.658455593030842	6.77400243860269	3.40208413264826	0.00301602494438512	0.0384678582819726
XRCC3	ENSG00000126215.13	0.651955810340132	4.19552821268211	3.21276155990398	0.00461489755054845	0.0495529305264699
RABGAP1L	ENSG00000152061.23	0.650086026133537	4.94991117013582	3.94157014617638	0.000886643240605722	0.0196167080430804
S100PBP	ENSG00000116497.17	0.647107084706217	4.97847653513281	3.91144881639073	0.000949565469594771	0.0205769803876758
SEPTIN8	ENSG00000164402.13	0.646288047403113	6.02924875406547	3.26158709306851	0.0041368470369991	0.0467386297752688
KMT2E	ENSG00000005483.20	0.642453553635787	6.92670477476761	3.42467515745304	0.00286615077236602	0.0378884664616727
EPG5	ENSG00000152223.12	0.638744297368936	5.5221012917088	4.16137807580815	0.00053768939784146	0.0147564038265188
NCOA2	ENSG00000140396.12	0.632372930505098	5.69766021680891	3.23060211000192	0.00443426558647989	0.0483596529072352
FNDC3A	ENSG00000102531.16	0.629681350446478	6.1039721033056	3.39313860265585	0.00307748100087948	0.0388823501659513
NISCH	ENSG00000010322.15	0.628676277886398	7.80186049514817	3.69227782707704	0.00156322904548422	0.027032494440638
RBM5	ENSG00000003756.16	0.62373065486505	7.25226162265233	4.09616799524608	0.000623654978705085	0.0160351805930758
FAM13B	ENSG00000031003.10	0.620883658924894	5.16165469540801	4.06321323956072	0.000672215806655571	0.0167585253083443
MAPK8IP3	ENSG00000138834.12	0.619633957623936	7.03751761113109	3.3173769199802	0.00364981281005241	0.043288274620516
DNMT3A	ENSG00000119772.16	0.617981460831131	4.92487018604721	3.33479009865659	0.00350965741327895	0.0422408129639839
HECTD2	ENSG00000165338.16	0.616736655964004	4.46244410250753	3.21578105871205	0.0045838279976808	0.0493374063341968
GCC2	ENSG00000135968.20	0.614182833389005	5.51013987281421	3.5968749532465	0.00194120744784315	0.0307303823438012
CABIN1	ENSG00000099991.17	0.580519777648297	6.3594319006848	3.24868547905197	0.00425823643717279	0.0473692459283511
BTN2A1	ENSG00000112763.15	0.578464225222906	5.59552487160458	3.57534589356474	0.00203831289275405	0.0315137487226461
ZNF652	ENSG00000198740.8	0.577724505320766	5.0110347644621	3.3121009035387	0.00369335244770501	0.0435164820613553
ZFP90	ENSG00000184939.15	0.567723305227503	4.78014417111442	3.92868749224558	0.000913027864369408	0.0200029001923767
ATF7IP	ENSG00000171681.12	0.540256428512987	6.10061339553532	3.23919680569885	0.00434973202380055	0.0478193364290784
BPTF	ENSG00000171634.16	0.531936767320322	6.3330899625315	3.54161385011866	0.00220021047482303	0.0328036372040794
KANSL1	ENSG00000120071.13	0.527093256417361	6.11110311195413	3.56401675348315	0.00209132765015694	0.0319511362476236
CENPT	ENSG00000102901.12	0.499275493325687	5.98153112889378	3.57609752424611	0.00203484306528586	0.0315086497845795
LRSAM1	ENSG00000148356.13	0.49668809801347	4.72320648381221	3.20965525510173	0.0046470750584176	0.0497195415653145
LRCH3	ENSG00000186001.12	0.475843352810458	5.39352436554047	3.54178606570847	0.00219935245467036	0.0328036372040794
TNRC18	ENSG00000182095.14	0.470911708377887	7.30123834808995	3.40978000221543	0.00296412186227404	0.0383815230446627
UHRF2	ENSG00000147854.16	0.468913567625631	5.90848294806791	3.45457013336077	0.00267904789943529	0.0366218286848054
C2CD3	ENSG00000168014.16	0.462292734428598	4.7266577814078	3.41199915220677	0.00294931932989567	0.0383423656974273
FOXJ2	ENSG00000065970.8	0.447604275181898	5.72770897938186	3.22745625738979	0.00446560674422721	0.0485534634783139
TGS1	ENSG00000137574.10	-0.392743189806781	4.28953389710713	-3.42461999310259	0.00286650765844791	0.0378884664616727
POLR2B	ENSG00000047315.15	-0.405119069620912	6.13362663964967	-3.43051533408664	0.00282861428552317	0.0377450458755478
TSG101	ENSG00000074319.12	-0.415205359591179	5.81161674040009	-3.43454127694292	0.00280302083675222	0.037684123342413
AP3M1	ENSG00000185009.12	-0.426034992847445	5.3575346228605	-3.40539488316653	0.00299358757820417	0.0384574071605712
VTA1	ENSG00000009844.15	-0.431723318304149	4.74731744284854	-3.60888863719222	0.00188902706335689	0.030416221026432
SDAD1	ENSG00000198301.11	-0.436052575887998	5.18603125809094	-3.48634995809415	0.00249334913792123	0.0353323570368826
RARS1	ENSG00000113643.8	-0.444883799919264	5.39338317083765	-3.75441123847911	0.00135735442169723	0.0249792866701715
EIF2B1	ENSG00000111361.12	-0.448417654013128	5.77622787624765	-3.69940213436852	0.00153813050576692	0.0267693666332809
SFT2D1	ENSG00000198818.9	-0.449718096678761	5.24914941306688	-3.56594482307985	0.00208220985508874	0.031893404113714
MPLKIP	ENSG00000168303.6	-0.459810159956303	4.25433225915001	-3.3290443298068	0.00355530978606955	0.0426470593548543
GPN1	ENSG00000198522.13	-0.462900196087221	4.85779557255995	-3.36401542932174	0.0032862159063962	0.0404109835213609
URI1	ENSG00000105176.17	-0.465269247208276	5.66094440334658	-3.57462779694798	0.00204163338393584	0.031514308245921
TRAPPC12	ENSG00000171853.15	-0.466951964733748	5.33833938406377	-3.47516274829789	0.00255722357465691	0.0358031278761144
AP3S2	ENSG00000157823.16	-0.473077799660819	5.65086974232472	-3.38893678995715	0.00310677129809627	0.0390468322950056
XRN2	ENSG00000088930.7	-0.473797908101747	6.42311731517183	-3.31466339035134	0.00367214258315774	0.043460389190413
SMIM20	ENSG00000250317.8	-0.474242320803072	4.13489501706667	-3.91480558955327	0.00094233799186272	0.0204698656389961
PPP1R8	ENSG00000117751.17	-0.477026170081903	5.10081969086278	-3.40358985255066	0.00300580004597098	0.0384678582819726
INTS10	ENSG00000104613.11	-0.479417645219001	5.69968181681993	-3.24258332938431	0.00431685845786647	0.0476076433374923
GSK3A	ENSG00000105723.11	-0.481471748460905	5.87173298802679	-3.31430967244375	0.00367506320336024	0.043460389190413
GOSR2	ENSG00000108433.16	-0.484579414830275	5.72536335300074	-3.25790131457493	0.00417117600250738	0.0468834307123676
PITRM1	ENSG00000107959.15	-0.488131806380117	6.21701867796905	-3.29566144955156	0.0038323096969494	0.0446907687674939
PWP1	ENSG00000136045.11	-0.491698848437201	5.48252801547348	-3.46441031255491	0.00262013629233865	0.0361473922209399
SLC30A5	ENSG00000145740.18	-0.493299263627312	5.12418213306679	-4.1175587102649	0.000594033807712323	0.0155866469517021
COX7A2L	ENSG00000115944.14	-0.496010835207996	6.02977138171323	-3.46649727707913	0.00260780716650512	0.036032777356159
SEM1	ENSG00000127922.9	-0.501018011492212	5.69772592158508	-3.32455156850161	0.00359141219239472	0.042793682114299
ALG2	ENSG00000119523.9	-0.501803743840058	4.5275825287033	-3.24285045982989	0.00431427574516817	0.0476076433374923
DNAJC7	ENSG00000168259.14	-0.502512516197029	5.71800580324761	-3.48339526657689	0.00251006457315926	0.0354754473309046
ATG3	ENSG00000144848.10	-0.502980889778412	5.27925431074604	-3.34651959574206	0.00341824171284105	0.0414748204034019
JTB	ENSG00000143543.14	-0.506780147786906	6.63170687731359	-3.42220116712287	0.00288219937915063	0.0379100261594549
MMADHC	ENSG00000168288.12	-0.511770692214614	5.92015561717724	-3.70396055993263	0.00152228186692957	0.0266935551245057
TFAM	ENSG00000108064.10	-0.512758496740878	4.73993434955648	-3.46296269572557	0.00262872210809239	0.036210091390564
TPRKB	ENSG00000144034.14	-0.513549266468428	3.93535763701471	-3.25610964253625	0.00418796404251694	0.0468834307123676
MRPS30	ENSG00000112996.10	-0.513681309225169	4.634827383778	-3.41681983605815	0.00291741396424192	0.0381189480516756
MRPL16	ENSG00000166902.4	-0.515057864107177	4.82041566754031	-3.76516261279313	0.00132457385804784	0.0246497280478456
IDH3B	ENSG00000101365.20	-0.515240187542113	6.22048863325655	-3.49188144244961	0.00246235100067796	0.0350943580397387
MRPS14	ENSG00000120333.4	-0.515916512671341	4.56578150050688	-3.50110801256882	0.0024114902615814	0.0347154321679286
GFM2	ENSG00000164347.17	-0.52223571027512	3.94884404648655	-3.4108053281687	0.00295727349927112	0.0383482622144991
UTP23	ENSG00000147679.11	-0.522782126741271	3.87626995378989	-3.72718534595332	0.00144401952195436	0.025904178030975
PSMA1	ENSG00000129084.17	-0.523021402933581	6.39666358110916	-3.31296238590044	0.00368620852714109	0.0434894950723473
TMCO1	ENSG00000143183.16	-0.525618393418754	5.72586603777262	-3.89058601824427	0.000995743283298722	0.0209824026760306
SMIM7	ENSG00000214046.8	-0.526215374918136	5.81947955108636	-3.55418736626478	0.00213842821128293	0.0323307130038826
ZDHHC5	ENSG00000156599.10	-0.526864219691735	6.22259081519461	-3.23352274594046	0.0044053608267594	0.0482076792326552
MRM3	ENSG00000171861.10	-0.526941019080381	3.24662369779415	-3.55323134096566	0.00214306492119783	0.0323307130038826
DAP3	ENSG00000132676.15	-0.528516359555808	5.97407611620457	-3.81272084256454	0.00118877098431819	0.0231479762706138
TADA2B	ENSG00000173011.11	-0.52970356990907	5.02520359650964	-3.33065875602168	0.00354242397510606	0.0425494504409355
CNOT11	ENSG00000158435.7	-0.529765998620966	4.87349155122691	-4.25298269459927	0.000436639598865693	0.0129992537095318
RMND5B	ENSG00000145916.18	-0.530274915641535	5.23089554266147	-3.7552432370032	0.00135478912366623	0.0249785760136035
RAB10	ENSG00000084733.10	-0.532155035470923	6.56655021494549	-3.23418467288409	0.00439883557229777	0.0482076792326552
CHMP4A	ENSG00000254505.9	-0.53238719337594	5.66148083652419	-3.4715334693261	0.00257829012736473	0.0359056171922351
BMS1	ENSG00000165733.7	-0.53472610290408	5.63765203442349	-3.87198448337919	0.00103880345580335	0.0213981571625882
ABHD17A	ENSG00000129968.15	-0.535971934506802	5.82719037029308	-3.40607375441263	0.00298900712473719	0.0384574071605712
ANAPC13	ENSG00000129055.12	-0.538277268224022	5.26047790251027	-3.43950903454292	0.00277175447009529	0.037432262139094
C19orf53	ENSG00000104979.8	-0.538660269023266	5.664686794372	-3.42411052046814	0.00286980576420356	0.0378884664616727
PSMB4	ENSG00000159377.10	-0.540686547695156	7.08093513030159	-3.6568616302539	0.00169416353402998	0.0283483703952859
PSMD13	ENSG00000185627.17	-0.541219156891668	6.41278866453365	-3.48240247718774	0.00251570582006973	0.0355268187497407
UTP20	ENSG00000120800.4	-0.541351717279267	4.92391231024265	-3.33199387738982	0.00353180212950962	0.0424665321798392
DNPEP	ENSG00000123992.18	-0.542805162123309	5.95631290937559	-3.25728279514983	0.0041769640947889	0.0468834307123676
DHX33	ENSG00000005100.12	-0.542912051434673	4.67694695304638	-3.32868774139069	0.00355816215400227	0.0426527250581102
NUDCD2	ENSG00000170584.10	-0.544866121883291	4.48206538882344	-3.77536430022829	0.00129419815480959	0.0242354494590833
COPS5	ENSG00000121022.13	-0.544905763272908	5.1101936588507	-4.20744301255487	0.000484233864494053	0.013840438733011
ZNF576	ENSG00000124444.15	-0.545152067700422	3.57596356751321	-3.31737496406487	0.00364982885729589	0.043288274620516
ALG5	ENSG00000120697.8	-0.545804407105962	4.68544742253664	-3.56838973523028	0.00207070447249934	0.0317987102413545
TIMM9	ENSG00000100575.13	-0.550684430691205	4.26029412471364	-3.58935212935711	0.00197460648658968	0.030912283402345
PAIP1	ENSG00000172239.13	-0.550691959082302	5.78403378760578	-3.8374791248792	0.00112365900633879	0.0222791652783976
FASTKD2	ENSG00000118246.13	-0.552147873006367	4.75178140514205	-4.45692293388309	0.000274995412602294	0.0103316410676011
C18orf32	ENSG00000177576.11	-0.552376374810341	5.27361913669137	-3.66766370959388	0.00165311433133312	0.0279222072872958
PHF5A	ENSG00000100410.7	-0.552545809598166	4.22703494420953	-3.67659099838939	0.00161993579032889	0.0276221401507936
MKRN2	ENSG00000075975.15	-0.554027985844503	4.85036333237373	-3.41412940223238	0.00293517827056522	0.0382277106008716
GRHPR	ENSG00000137106.17	-0.555616531678829	6.14130061002236	-4.26030776234034	0.00042943601418353	0.0128909929818812
HBS1L	ENSG00000112339.14	-0.555830214223569	4.92762549711386	-4.7885976039627	0.000130284574639072	0.00726368178576355
PSMD9	ENSG00000110801.13	-0.558027508854734	5.19255233509127	-3.30530206505646	0.00375021102490023	0.0440127909477649
COPS6	ENSG00000168090.9	-0.560768119457039	6.13027725367105	-3.67005167525297	0.00164417386451263	0.0278240991295306
EMC4	ENSG00000128463.12	-0.560981866481308	5.56382945854183	-3.56913513329017	0.00206720927408885	0.0317722619219094
MRPL57	ENSG00000173141.4	-0.561619924615207	4.71120104812261	-3.47768911259137	0.00254265936580035	0.0357312671889589
RNF126	ENSG00000070423.17	-0.562568322402035	5.31025075038558	-3.53948341407416	0.0022108522405465	0.0329075440222872
SPCS1	ENSG00000114902.13	-0.564503864089908	5.88023925224443	-3.76190829430424	0.00133441213570414	0.0246902866897722
DNAAF5	ENSG00000164818.15	-0.566272089241771	4.46287173598213	-3.55313845773376	0.00214351593331709	0.0323307130038826
CHMP2A	ENSG00000130724.8	-0.567183115937897	6.38438551796907	-3.24567691063823	0.00428704107469112	0.0474980307880616
DPM1	ENSG00000000419.12	-0.567712227429138	4.79639516292024	-4.32572487865964	0.000370181715493356	0.0121725257309292
SDHC	ENSG00000143252.14	-0.569320079033763	5.95279615329452	-3.42609482780606	0.00285698124911951	0.0378884664616727
DNAAF2	ENSG00000165506.14	-0.569764408888326	2.90245696891057	-3.25292359966211	0.00421798094024127	0.0470968451277656
RNPS1	ENSG00000205937.11	-0.572251992871965	6.89146507024297	-3.64503947887854	0.00174024897420592	0.0288234767714827
PIN1	ENSG00000127445.13	-0.573329811087744	5.29945154001935	-3.46820768149294	0.0025977453228772	0.0359543719779217
RBM8A	ENSG00000265241.6	-0.573484065669267	5.66690518735481	-3.55734091097955	0.00212320380581964	0.0322769895102042
GIPC1	ENSG00000123159.15	-0.573897071919057	6.08511487756851	-3.27946213089545	0.0039742468206295	0.0457074196401922
PRKRA	ENSG00000180228.12	-0.574482950582762	5.20699272967191	-3.74022452517895	0.00140184746372714	0.0254534026316658
SNAPIN	ENSG00000143553.10	-0.575669922678326	4.76375322577508	-3.5128374535578	0.0023483280937154	0.0342412737232845
RNF14	ENSG00000013561.17	-0.577195412943984	5.34218988653396	-3.61793254166107	0.00185066479211211	0.0300841722758125
ZNF598	ENSG00000167962.13	-0.577269023871876	5.55962062887614	-3.23385741378647	0.0044020604994706	0.0482076792326552
NOL7	ENSG00000225921.6	-0.577384194099042	5.37754638504786	-3.64552576760036	0.00173832901414793	0.0288183110661841
SNRPE	ENSG00000182004.12	-0.577951168460015	5.14518901945593	-3.39221300236395	0.00308390981775887	0.0389202449606033
TGDS	ENSG00000088451.10	-0.578411572480511	3.5253084742166	-3.23785881802362	0.00436278748829411	0.0479077907951708
ENY2	ENSG00000120533.12	-0.579156448314294	5.47236381149456	-3.32576699266749	0.00358161007430197	0.0427635311994929
MRPL22	ENSG00000082515.17	-0.579511602407352	4.04808949669026	-4.03403084319016	0.000718373786296672	0.0173045426626108
SZRD1	ENSG00000055070.16	-0.582021280578397	6.3108118727059	-3.64049683101123	0.00175828611135389	0.0290149589333084
TTC1	ENSG00000113312.10	-0.582455159237918	5.04720801147249	-3.51213852910958	0.00235204553057102	0.0342412737232845
POLR2J	ENSG00000005075.15	-0.583229868823921	4.62605524543298	-3.80268504402622	0.00121622308890448	0.0235377256763036
MRPS10	ENSG00000048544.5	-0.58474787124747	4.8917433845768	-3.41216479077515	0.00294821738436772	0.0383423656974273
ERH	ENSG00000100632.10	-0.584967362413883	5.64061606213528	-4.06245692061849	0.00067337370988569	0.0167604586873076
PSMB2	ENSG00000126067.11	-0.586089975047964	6.02230552575181	-3.32093907408365	0.00362070182463238	0.0430567998667796
MAGOH	ENSG00000162385.10	-0.586144406632879	4.37899307676067	-3.47379137109055	0.00256516384831271	0.0358321457937512
CUL3	ENSG00000036257.12	-0.586652797800985	5.47571937076284	-4.72901252627577	0.000148914766923884	0.00769078253038308
NDUFS2	ENSG00000158864.12	-0.586947716275562	6.72916031456255	-3.22111101494255	0.00452948291203926	0.0489407522667202
ADO	ENSG00000181915.4	-0.587385724509057	4.01227294956751	-3.84173381539928	0.00111283315220196	0.0222127047179128
BRIX1	ENSG00000113460.12	-0.588669064898385	4.30119779891301	-3.48012007467829	0.00252872242448	0.0355708277622497
DCTN5	ENSG00000166847.9	-0.590277950419683	5.59162330938205	-3.67225422705747	0.00163597013934087	0.0277634667302346
ZFAND6	ENSG00000086666.18	-0.5919477561275	5.7874352132097	-3.6006857584423	0.00192450276816492	0.0307094639493158
GOLGA7	ENSG00000147533.16	-0.592310985860167	5.45771897528231	-3.57360809900655	0.00204635768628056	0.0315329115183438
ARFRP1	ENSG00000101246.19	-0.593377284689531	5.37270758885659	-3.76170811137221	0.00133501968653475	0.0246902866897722
QSOX2	ENSG00000165661.16	-0.593600092659051	4.40961800591261	-3.77120804323288	0.00130648886901176	0.024377780032276
SMIM10L1	ENSG00000256537.4	-0.594238599379753	3.85909036908409	-3.76105913950824	0.00133699119536559	0.0247012569197388
ABT1	ENSG00000146109.4	-0.594471419918891	4.48958881079519	-3.68538792911213	0.00158788859312056	0.0272572332158175
MPHOSPH10	ENSG00000124383.8	-0.594609226977157	5.06067357151753	-4.80220587701973	0.00012637262226784	0.00724036313187815
TMEM203	ENSG00000187713.6	-0.594630528852585	4.74561383660253	-3.87040285262222	0.00104254935391943	0.0214305742313923
LSM3	ENSG00000170860.3	-0.594893014788826	4.84384597475164	-3.22445045553633	0.00449575493479366	0.0487431535321831
DAZAP1	ENSG00000071626.16	-0.597319692165425	6.49857876887621	-3.64694410039709	0.00173274116037552	0.0287887982364373
NSUN2	ENSG00000037474.14	-0.597652471432146	5.83812894978692	-3.47401474812107	0.00256386883889131	0.0358321457937512
SCAP	ENSG00000114650.18	-0.597831474851493	6.31451918816492	-3.21187542026299	0.00462405460642147	0.0495529305264699
SCAND1	ENSG00000171222.10	-0.59832816742294	5.50388753926834	-3.60003734204748	0.00192733501698551	0.0307094639493158
NAPA	ENSG00000105402.7	-0.598472123665628	6.18944356747341	-3.3638123683193	0.00328771909905386	0.0404109835213609
PSMB7	ENSG00000136930.12	-0.598514130182268	6.28408221428504	-3.59362432537347	0.00195557003487977	0.0307688942889204
VDAC3	ENSG00000078668.13	-0.600727359246106	5.73655413228389	-3.5891109054687	0.00197568681122632	0.030912283402345
PSMD4	ENSG00000159352.15	-0.601574138426735	6.56245375573461	-3.40161950663446	0.00301918698851909	0.0384678582819726
MRPL30	ENSG00000185414.19	-0.602224081203032	4.49678992737856	-4.47299485488321	0.000265177590213112	0.0102419129185543
METTL26	ENSG00000130731.15	-0.603044740723953	5.04181734662242	-4.04651711060565	0.000698247610634079	0.0170713443794998
MCUR1	ENSG00000050393.11	-0.603590414458929	4.60569251194039	-3.69980434916334	0.00153672552459152	0.0267693666332809
GRSF1	ENSG00000132463.13	-0.603596981665485	6.04890480694147	-4.56520430633206	0.000215314397332669	0.00923257886554763
MAIP1	ENSG00000162972.10	-0.605040192002658	3.23587109274056	-3.53071414274433	0.00225519416871897	0.0333459857241029
XRCC6	ENSG00000196419.12	-0.605476836798847	7.90246405749591	-3.76359460289625	0.00132930513533856	0.0246609496173936
PSMA4	ENSG00000041357.15	-0.607575765071154	6.19877491548071	-3.37641383634418	0.00319570345892342	0.0396936626670563
TSN	ENSG00000211460.11	-0.608152183716055	5.5428803781309	-4.5108976780642	0.000243403087935144	0.00982054634614843
LRRC47	ENSG00000130764.9	-0.60882406309457	5.7521794124955	-3.61770563584379	0.00185161776799404	0.0300841722758125
EIF3M	ENSG00000149100.12	-0.609113134661918	6.48976977482994	-3.97823984084872	0.00081564071933952	0.0187406225875697
MRPL1	ENSG00000169288.17	-0.60992845670972	3.75358617558665	-3.71043814837647	0.00150003944729396	0.0265503480551394
LSG1	ENSG00000041802.10	-0.610271399240011	5.35517971258787	-3.62710215064862	0.0018125576938168	0.0296106166188613
NARS1	ENSG00000134440.11	-0.610533173001535	6.7381320857034	-4.12188392576531	0.000588218190604655	0.0155478734422213
SNRPD3	ENSG00000100028.11	-0.611535674260788	5.59979858586295	-3.67039881968739	0.00164287816884441	0.0278240991295306
PSMD12	ENSG00000197170.9	-0.611596799872837	5.19256211605156	-3.77254281371173	0.00130252912715143	0.0243405886211479
CUL1	ENSG00000055130.15	-0.612766776335957	6.08865089103028	-3.22324205981805	0.00450793114930714	0.0488136762095065
MRPL45	ENSG00000278845.4	-0.612786878685562	4.84480025931923	-4.16680013811158	0.000531101438676491	0.0145979584087752
PSMF1	ENSG00000125818.17	-0.613257221751284	6.60765503527803	-3.55977952155727	0.0021115044604259	0.0321771015606229
MRPL50	ENSG00000136897.7	-0.61407269755751	3.9455287479603	-4.41262690617133	0.000303997787646555	0.0109429866251379
PUF60	ENSG00000179950.13	-0.614751935754467	6.79440210202173	-3.34597723926441	0.00342241660434672	0.041497380220905
NDUFB11	ENSG00000147123.10	-0.615313191662238	5.63064984034432	-3.84164731063833	0.00111305222011527	0.0222127047179128
UQCC1	ENSG00000101019.21	-0.615527599266949	5.15198489482169	-3.92297197235047	0.000924983598087314	0.0201907808298694
MRPL39	ENSG00000154719.13	-0.616243632023971	4.0875895318067	-3.47539012471871	0.00255590941109154	0.0358031278761144
FBXO9	ENSG00000112146.16	-0.618216945144712	5.98336662388006	-4.04094296123471	0.000707161616244756	0.0171988828108558
SCAMP3	ENSG00000116521.10	-0.619394688888939	5.79272218387899	-3.36570992813463	0.00327369841072006	0.0403493460925132
STN1	ENSG00000107960.10	-0.62014959113221	4.05364722855926	-3.72816184559199	0.00144081803770338	0.0258726453443711
BTF3L4	ENSG00000134717.17	-0.620553045418153	5.27947361191215	-4.36272364257474	0.000340389781699634	0.0116609564308751
RWDD1	ENSG00000111832.12	-0.621780891415528	5.70389029836166	-3.40627108725707	0.00298767698295818	0.0384574071605712
RPUSD4	ENSG00000165526.8	-0.62350540946311	4.63847786929778	-3.7955642303252	0.00123608366350629	0.0236821327803793
MRPL9	ENSG00000143436.10	-0.624334532918205	4.34016838296845	-4.01817389056697	0.000744772923407548	0.0176757274015997
NDUFS3	ENSG00000213619.9	-0.624666952479599	5.31653366714812	-3.52971138453997	0.00226032030767286	0.0333942293765914
TXN2	ENSG00000100348.9	-0.624969151032616	5.97968211069503	-3.34035240679017	0.00346601122354374	0.0418842799306321
ZC3HC1	ENSG00000091732.15	-0.625407039132022	3.66636068385446	-3.72156344600135	0.00146258913743193	0.0261326619460793
PUS7	ENSG00000091127.13	-0.626263957341343	4.08741165772004	-3.2933457405459	0.00385229108595298	0.0448291613969892
GPN3	ENSG00000111231.8	-0.626910485266113	4.30034188875574	-3.24217981620645	0.00432076263638924	0.0476213943460834
NDUFB4	ENSG00000065518.7	-0.627577857886255	6.06309474465384	-4.77413619090491	0.000134576696343328	0.00734957438977056
COX4I1	ENSG00000131143.8	-0.628407943980279	7.65189312143026	-3.6467929164899	0.00173333593533373	0.0287887982364373
MRPS24	ENSG00000062582.13	-0.632043070872866	5.22613815541362	-3.26238890534731	0.00412941575734097	0.0467192296637043
UTP14A	ENSG00000156697.12	-0.632377888733425	4.25350902184925	-3.65990007196961	0.00168251591283159	0.0282061437547754
KRTCAP2	ENSG00000163463.11	-0.632391372456557	6.15000532881072	-3.5001359406091	0.00241679946435232	0.0347604038528555
C1orf50	ENSG00000164008.14	-0.632677716710998	2.84823436702302	-4.38028076084583	0.000327110306665588	0.0112733534726039
MRPS2	ENSG00000122140.10	-0.633131746275381	4.66442794347959	-4.14394378880015	0.000559434056324103	0.0150761168772695
IPPK	ENSG00000127080.9	-0.633909034597562	1.83158491349718	-3.23155270949862	0.00442483745305069	0.0483521414610496
G3BP1	ENSG00000145907.14	-0.634680915532748	6.89449743669597	-3.2614938887975	0.00413771171299545	0.0467386297752688
NOL10	ENSG00000115761.15	-0.635040895407973	4.44291312433563	-4.30373161770096	0.000389122727753504	0.0124709968802089
SAP18	ENSG00000150459.12	-0.636567186176838	6.52442442999314	-3.45875871989013	0.0026538135010239	0.0364157670381695
ZDHHC4	ENSG00000136247.14	-0.636753164445016	4.27911108950104	-4.23510969171446	0.000454730745275452	0.0133447434587583
PSMB1	ENSG00000008018.8	-0.637048543941676	6.99587722778282	-3.86377366950047	0.00105839696902036	0.0215976554952201
TRPT1	ENSG00000149743.13	-0.6373499041332	4.16169660218495	-3.56044717121256	0.00210831251725562	0.0321771015606229
SEC11A	ENSG00000140612.13	-0.637815544303727	6.82303546502592	-3.29206581952352	0.00386337883778684	0.0448998781789741
HINT1	ENSG00000169567.11	-0.638273041935905	6.93819762365766	-3.92643520356433	0.000917720656974718	0.0200566730410292
FAM120A	ENSG00000048828.16	-0.638411029646697	7.05016105278273	-3.24144621921914	0.0043278693818884	0.0476704039292083
RPS20	ENSG00000008988.9	-0.639122968053755	9.73158035098808	-3.3581419541614	0.00332996929213295	0.0408013296709185
FIZ1	ENSG00000179943.7	-0.639893689405054	3.90688290312643	-3.55382916924962	0.00214016429836145	0.0323307130038826
NCBP2	ENSG00000114503.10	-0.644065160509119	5.85156406887173	-4.62399924261224	0.000188584952637571	0.00849153501562289
UFD1	ENSG00000070010.18	-0.64471256080096	4.87947424571611	-3.45328878059931	0.00268681464245267	0.0367000039690506
NAA20	ENSG00000173418.11	-0.645005431184084	5.30955727970934	-4.06040843921658	0.000676519929115409	0.0168107327083037
DIS3L	ENSG00000166938.12	-0.645010939354846	4.78639053140437	-3.32546608321489	0.00358403439161615	0.0427635311994929
PSPH	ENSG00000146733.13	-0.646986774905668	2.6763070749263	-3.40592818444124	0.00298998872730888	0.0384574071605712
GTPBP6	ENSG00000178605.13	-0.647242240108934	5.89012302934593	-3.48187356818844	0.00251871630386166	0.0355268187497407
ZBED4	ENSG00000100426.6	-0.647561973761636	3.98287083883328	-3.54236328373557	0.00219647902563342	0.0328036372040794
PEX16	ENSG00000121680.15	-0.647579581850454	4.66043752993646	-3.30971079974348	0.00371324379320956	0.0437221038226731
ASCC2	ENSG00000100325.14	-0.647862575023467	6.01930384095119	-3.55510893540333	0.00213396800728594	0.0323307130038826
YJU2	ENSG00000105248.15	-0.648217310374395	4.14616314909529	-3.50164182958721	0.00240857959359513	0.0347154321679286
NOL11	ENSG00000130935.9	-0.648267107393321	5.03607692042924	-5.29058249682767	4.27717138747639e-05	0.00448100275081911
TAF10	ENSG00000166337.9	-0.648639268797609	5.27665186691014	-3.27220244098017	0.0040395153105816	0.0461096521534605
NDUFA3	ENSG00000170906.15	-0.649722158891536	4.70536592478589	-3.34919692735555	0.00339770564054096	0.0413548619766133
RAB1B	ENSG00000174903.15	-0.650928665409845	6.4934174759328	-3.64714743268317	0.00173194154690097	0.0287887982364373
PIGS	ENSG00000087111.20	-0.651767076561682	5.5996627662766	-4.17443757178536	0.000521959069083008	0.0144573735437196
NDUFA10	ENSG00000130414.11	-0.651992754465471	6.62199211100202	-4.2192060398228	0.000471461750967618	0.0136055813833989
ACYP2	ENSG00000170634.12	-0.653875019717064	3.30926290994788	-3.28780341556026	0.00390052940323302	0.0451851243925915
SMDT1	ENSG00000183172.8	-0.654520973676439	5.35285442230491	-3.25154134304044	0.00423106910500456	0.0472135675160565
RXYLT1	ENSG00000118600.11	-0.6548651270765	3.72790263342582	-4.94080477663742	9.27203808529764e-05	0.00634214482926027
WDR74	ENSG00000133316.15	-0.655216840891148	4.20623778961711	-3.52570197190157	0.00228093191833912	0.0335879875994703
LAMTOR5	ENSG00000134248.13	-0.656633368588572	5.41496817612697	-4.10660568037864	0.000609020497378739	0.0157720467247462
SNF8	ENSG00000159210.9	-0.65723204995031	4.75770973616122	-3.40906160453864	0.00296892948820146	0.0384085923635289
PEX10	ENSG00000157911.9	-0.657244670882314	3.81406867769944	-3.24614345724716	0.00428256180454709	0.0474980307880616
IAH1	ENSG00000134330.18	-0.657428814361094	4.9151454405365	-3.29338787222635	0.00385192663678021	0.0448291613969892
SLC35B1	ENSG00000121073.13	-0.657443707245383	5.10791638234754	-3.23039535422302	0.00443631880919004	0.0483596529072352
RMND1	ENSG00000155906.16	-0.658132160948282	4.13426473423893	-5.06496818025155	7.03584180957347e-05	0.00550915048941355
SDHAF2	ENSG00000167985.6	-0.658258532773478	4.87923330856071	-4.19849307129697	0.000494184161907799	0.0140353001038822
ATP5F1C	ENSG00000165629.19	-0.658693044389064	6.55498817120968	-3.90065415116853	0.000973184959942639	0.0208088154427108
GDI2	ENSG00000057608.16	-0.659177228601911	7.36190636771478	-3.23475264927926	0.00439324401648469	0.0481831860583979
CISD1	ENSG00000122873.11	-0.659188136090495	3.57526980963967	-3.46839123627488	0.00259666779816168	0.0359543719779217
FAM120AOS	ENSG00000188938.15	-0.659761494654791	5.44862407107308	-3.52337324576734	0.0022929886113151	0.0336733945010294
PMPCA	ENSG00000165688.11	-0.659839051750075	5.63627294048793	-3.30468432107259	0.00375541955684284	0.0440450745276051
HCCS	ENSG00000004961.14	-0.659952594865501	3.79602429222301	-3.25771677020533	0.00417290214255315	0.0468834307123676
USE1	ENSG00000053501.12	-0.660781072934426	4.32184703635509	-4.01881916302174	0.000743679925421407	0.0176757134528873
CHCHD7	ENSG00000170791.17	-0.660824180129246	4.10842157301126	-3.76386377423286	0.00132849174976069	0.0246609496173936
CYREN	ENSG00000122783.16	-0.662770542984311	3.85682347390618	-3.32314195488559	0.00360281338404652	0.0428725223476081
SF3B5	ENSG00000169976.6	-0.662782720837226	5.56804592114489	-3.26622622329	0.00409403169493074	0.0464552959470056
GEMIN5	ENSG00000082516.8	-0.663817129561957	4.75593550712927	-3.42616805093857	0.00285650909195555	0.0378884664616727
MRPL38	ENSG00000204316.12	-0.664006904844885	5.5007517138375	-4.65668204144632	0.000175206202892235	0.00828461836947689
PSMC5	ENSG00000087191.12	-0.666041362472035	6.72650205458524	-3.43297572173393	0.00281294605116282	0.0377142517628716
AKT1S1	ENSG00000204673.10	-0.666559624991225	5.64247700074708	-3.52476049538992	0.00228579873393621	0.0336320189744424
HIBCH	ENSG00000198130.15	-0.667426458973425	4.38175604666518	-3.98083997464657	0.000810827662577477	0.0187253125529007
TMEM185B	ENSG00000226479.3	-0.667832308592349	4.14966755609774	-3.59797506363885	0.00193637041809758	0.0307094639493158
VPS4A	ENSG00000132612.15	-0.668106789611153	6.38648288949592	-3.86116740659849	0.00106469308376285	0.0216507760061995
MTA2	ENSG00000149480.6	-0.669545235365851	6.28869566310896	-3.56969055366546	0.00206460868463434	0.0317595298174523
MICOS10	ENSG00000173436.13	-0.670101414048725	5.59784306784428	-4.04085513373765	0.000707302975927723	0.0171988828108558
RER1	ENSG00000157916.19	-0.671017074616066	6.40907604853706	-4.46379860141027	0.000270751114009643	0.0103094719196138
EIF1AD	ENSG00000175376.8	-0.671509205670792	4.01269891707067	-3.41978697686673	0.00289794538165009	0.0379557418336161
MBD3	ENSG00000071655.17	-0.671599515271845	6.19546789480627	-3.38131001838899	0.00316063885834132	0.0395078445264734
PRKAG1	ENSG00000181929.11	-0.672208983586646	5.49744403551723	-3.97457089485933	0.00082248089969968	0.0188246235038544
NUDT15	ENSG00000136159.3	-0.672734580973041	3.70870501022717	-3.43811614578511	0.00278048627590603	0.0374936753577969
PES1	ENSG00000100029.17	-0.672902104026311	5.71237616772722	-3.24832790583352	0.00426164997165426	0.0473778096414492
CDC123	ENSG00000151465.13	-0.673599743685902	5.17518875537677	-3.66238180735285	0.00167306136745396	0.0280739070844031
KEAP1	ENSG00000079999.13	-0.674036720745594	5.74116434320977	-3.73148178779122	0.00142998619643908	0.0258074346690682
RPF2	ENSG00000197498.12	-0.6746255869383	4.71414616258318	-3.68727632710141	0.00158109167482225	0.0271665809247264
G6PC3	ENSG00000141349.8	-0.675117845206746	5.65046354909467	-3.32499010724039	0.00358787244513333	0.0427799481631633
CLPP	ENSG00000125656.8	-0.676544094484617	5.13826118397558	-4.0692177835706	0.000663093564778044	0.0166805351029099
FXN	ENSG00000165060.11	-0.678359722189073	2.92647579783443	-3.87031034678512	0.00104276885942604	0.0214305742313923
NUP88	ENSG00000108559.11	-0.679723031503995	4.80727652026183	-4.02078814045908	0.000740354682750986	0.0176757134528873
PNPT1	ENSG00000138035.14	-0.680686379619755	4.5622541172607	-4.27556490948632	0.000414813620389301	0.0127499412581556
SLC35E1	ENSG00000127526.14	-0.681634210175598	5.43620533267031	-4.31382651395139	0.000380310493925451	0.0122581733122986
HAX1	ENSG00000143575.14	-0.682688430332503	5.75739651945303	-3.81192781700438	0.00119091758950427	0.0231479762706138
COPS3	ENSG00000141030.12	-0.683470282402076	5.21553976737429	-4.29831337078157	0.00039393707210818	0.0125155642987877
MKKS	ENSG00000125863.18	-0.683594452371683	4.95773217592158	-3.39665635848556	0.00305316827189003	0.0387062378861498
NUCLEOLIN	ENSG00000115053.15	-0.684243083014227	8.66990312804962	-3.3070371164307	0.0037356197418375	0.0439566916569073
OLA1	ENSG00000138430.15	-0.685687921448134	5.33531520962432	-4.46241082967317	0.00027160241158597	0.0103105206555535
SRP19	ENSG00000153037.13	-0.686929853266987	4.75994431704611	-4.1461688397244	0.000556610457947541	0.0150761168772695
PSMD3	ENSG00000108344.14	-0.686971178868465	6.54664218898303	-3.89639414836312	0.000982666818298775	0.0209118788499712
SEH1L	ENSG00000085415.15	-0.687645385130893	4.72856811455323	-3.77979626213055	0.00128121892942294	0.0241737600632583
METTL5	ENSG00000138382.14	-0.687946630384302	4.51161232080942	-3.47722935771617	0.00254530369545255	0.0357312671889589
MRPL37	ENSG00000116221.15	-0.688441583778179	5.57103909016175	-3.89755072440726	0.000980083440339541	0.0208916122214148
VARS1	ENSG00000204394.12	-0.690352362529208	6.28388493387764	-3.25895672377195	0.004161317631142	0.0468834307123676
MRPL51	ENSG00000111639.7	-0.690563564447156	5.28921575686477	-3.9700401680523	0.000831006982143964	0.0188990813794441
SMYD5	ENSG00000135632.11	-0.690985578578589	4.89511562910917	-3.24276041879611	0.00431514612512161	0.0476076433374923
PSMA3	ENSG00000100567.12	-0.691944464712689	5.61700231361205	-3.74248499964518	0.00139466210616314	0.0254001418745423
UBE2J2	ENSG00000160087.20	-0.692055893614325	5.23531949558949	-4.69585331521254	0.000160431291454405	0.00800860494193422
SURF1	ENSG00000148290.9	-0.693568240332001	4.98297596586143	-5.01838150315626	7.80219236735043e-05	0.00575403660145214
FAM32A	ENSG00000105058.11	-0.693826021500054	5.87560416303506	-4.29604923444423	0.000395966587261996	0.0125155642987877
ZNF787	ENSG00000142409.5	-0.694179570143281	4.74157684358333	-4.1426833334632	0.000561039956622177	0.0150966922862253
SAR1B	ENSG00000152700.13	-0.694244747364078	5.60626005669974	-4.20817139549912	0.000483432987348058	0.013840438733011
IBA57	ENSG00000181873.12	-0.694262128440619	3.0981014090321	-3.90874450519298	0.000955428386100587	0.0205883676336589
TIMM10B	ENSG00000132286.11	-0.695574407645913	5.06026149106439	-3.55367719043064	0.00214090132107508	0.0323307130038826
SLC50A1	ENSG00000169241.17	-0.696080282238695	4.68395813153692	-3.22501414762619	0.00449008598249899	0.0487382379723588
AGPAT5	ENSG00000155189.11	-0.697432598413433	3.84193934741255	-3.23895753247572	0.00435206393146737	0.0478193364290784
APEX1	ENSG00000100823.11	-0.697875081764312	6.69066618708494	-3.35720619051829	0.00333699276459006	0.040848529599876
ILF2	ENSG00000143621.16	-0.697957620408134	6.77897332522423	-4.01683129801159	0.000747052239169796	0.0176757274015997
UBE2L3	ENSG00000185651.14	-0.698580583144071	6.1496570488383	-3.70671209331637	0.00151279403090522	0.0266052814797375
CSTF2T	ENSG00000177613.8	-0.698646306753423	4.88770544737804	-3.79621090758677	0.00123426676548261	0.0236821327803793
PEBP1	ENSG00000089220.4	-0.69889219102671	7.9290382343381	-3.614759536812	0.00186403525374747	0.0301678777062745
MSRB2	ENSG00000148450.12	-0.698932857600426	4.36322899624452	-3.86531906484533	0.00105468121864736	0.021574146436524
CCT8	ENSG00000156261.12	-0.698954270375358	6.84524661375781	-4.10786516491374	0.000607278056006043	0.0157720467247462
PDCL3	ENSG00000115539.13	-0.700817879957802	3.70446801111885	-3.48737915070742	0.00248755257525736	0.0352964605710112
KIAA0232	ENSG00000170871.11	-0.70098716643858	5.30486280493867	-3.29816927981275	0.00381078517375677	0.0445777291768245
SLC25A39	ENSG00000013306.15	-0.702966072832696	6.14626595975517	-3.4767431172121	0.00254810331273308	0.0357312671889589
ATP5PO	ENSG00000241837.6	-0.703147362187889	6.65364122431987	-4.12869368085854	0.000579177497398517	0.0153942472150097
UBL5	ENSG00000198258.10	-0.70481154974792	6.02399787588937	-4.03754364864313	0.000712653570722838	0.0172558368473396
RNFT1	ENSG00000189050.15	-0.704861142727494	3.69082486036375	-3.29995463949572	0.00379553384441722	0.0444573608011771
EMC7	ENSG00000134153.9	-0.705189026098948	5.5009409332022	-4.76021294304864	0.000138844736481668	0.00740546584073799
RABL6	ENSG00000196642.18	-0.70526256735459	6.41440126350457	-3.90872222856296	0.000955476831442336	0.0205883676336589
SNX19	ENSG00000120451.10	-0.706777375321821	6.24271633400624	-3.61408972073169	0.00186686995012881	0.0301678777062745
CDK16	ENSG00000102225.15	-0.707143611640544	6.39439041974943	-3.62892871204968	0.00180506029118745	0.0295239130926688
HIGD2A	ENSG00000146066.2	-0.707484149154952	5.03297530433857	-3.60720060258278	0.00189627410975366	0.0304503918335004
VCP	ENSG00000165280.15	-0.7075653021183	8.04114384301051	-3.22019447890463	0.00453878300693538	0.0489407522667202
TXN	ENSG00000136810.12	-0.709282223791699	6.34571008320161	-3.90019719615644	0.000974197653949801	0.0208088154427108
TMEM147	ENSG00000105677.11	-0.710630552181509	5.52383291471614	-3.8001892856872	0.00122314753162866	0.0235952926957129
ATF4	ENSG00000128272.14	-0.712519730562418	9.06087308820686	-3.43980183663233	0.0027699223791275	0.037432262139094
EID2	ENSG00000176396.10	-0.712643176403159	3.19571544812412	-3.88835722356976	0.00100080721043551	0.0210080966569403
TMEM129	ENSG00000168936.10	-0.7128564707416	5.54153490248394	-3.22661628081421	0.00447401174793846	0.0485931906271547
MRPL13	ENSG00000172172.7	-0.712934920976703	4.09236497527733	-3.76176405992822	0.00133484985617682	0.0246902866897722
LRPPRC	ENSG00000138095.18	-0.713732878793125	6.67256362719059	-5.29646849866576	4.22228208704193e-05	0.00448100275081911
STARD7	ENSG00000084090.13	-0.713770464897325	6.3722298813788	-3.68074103031825	0.00160473799591699	0.0274413259778897
DNAJA3	ENSG00000103423.13	-0.714564604732732	5.39875709731048	-4.14532672162511	0.000557677421944738	0.0150761168772695
NDUFB1	ENSG00000183648.9	-0.71492449735058	4.91091823194	-4.46346794816774	0.000270953700917252	0.0103094719196138
CARS1	ENSG00000110619.17	-0.715768399882771	5.61487996314969	-3.27475447665523	0.00401645233243166	0.0459490064519951
LACTB2	ENSG00000147592.8	-0.715788565160913	2.85076882186592	-3.99125533410435	0.000791831248689312	0.0184051981942427
ADSL	ENSG00000239900.12	-0.71597603263965	5.20629396860283	-3.93693794502669	0.000896041410177928	0.0197514859923723
BORCS8	ENSG00000254901.7	-0.716244029166176	4.48395645597071	-3.45666329412968	0.00266640808653309	0.0365202287784979
MRPS22	ENSG00000175110.11	-0.716384390380176	4.34241024784342	-4.77162612571018	0.00013533617256985	0.00734957438977056
PDCD6	ENSG00000249915.7	-0.716422880524908	5.74385297738005	-4.24148389659648	0.000448193795110476	0.0131889671628487
PDCD5	ENSG00000105185.11	-0.717139334754145	5.68641820040491	-6.0277888121304	8.74712172397883e-06	0.00312852565406931
XTBD1	ENSG00000237190.3	-0.718134573457319	3.59713423408736	-4.05488027753358	0.000685084251521714	0.0168452339701904
TMEM223	ENSG00000168569.7	-0.718364229907558	3.3424244857318	-3.94629660866973	0.000877155390453828	0.0194917202242624
MRPS18B	ENSG00000204568.11	-0.719110601306476	5.62660854927036	-3.88599706702353	0.0010061976301928	0.0210163959565096
ATMIN	ENSG00000166454.9	-0.720305874476697	5.6007879595113	-3.28875478289509	0.00389220716946542	0.0451178814256078
DESI1	ENSG00000100418.7	-0.720395575960358	5.25339206036736	-4.38912917011797	0.000320617046551946	0.0112222228344872
PSMD7	ENSG00000103035.10	-0.721557327221237	4.98332084447419	-3.3534686213953	0.00336519095762833	0.0411094663610479
CHCHD1	ENSG00000172586.7	-0.723516932087422	4.07328797652159	-3.95067435826193	0.000868458117475889	0.0194091803565264
ALG8	ENSG00000159063.12	-0.723526839344996	4.44779925537336	-4.29080963620716	0.000400703711302066	0.012554215402525
COX6C	ENSG00000164919.10	-0.723594526122925	6.30556026958508	-3.93295501115247	0.000904201875530955	0.0198824562102948
LSM12	ENSG00000161654.9	-0.723830829324271	2.74372343178708	-4.51293526995678	0.000242285084712802	0.00982054634614843
PSMA2	ENSG00000106588.10	-0.724550508676381	6.16198494637206	-5.63961981291784	2.00151692305907e-05	0.0035088676242877
YWHAE	ENSG00000108953.16	-0.724846975239942	8.37597253674923	-3.46339274550894	0.00262616858948607	0.0362027440709075
MRPL17	ENSG00000158042.8	-0.725568113143949	4.58760238479759	-3.59881892739267	0.00193266816146625	0.0307094639493158
RPIA	ENSG00000153574.8	-0.727013955490778	4.59151101246636	-3.31239924935846	0.00369087685180864	0.0435159237245149
PFDN6	ENSG00000204220.11	-0.727986496262788	4.14820325506021	-3.71328546657574	0.00149036493339415	0.0264705946197786
RIOK2	ENSG00000058729.10	-0.729325620215934	4.06585560545997	-5.79791650334407	1.42492684502207e-05	0.00317905621991424
KARS1	ENSG00000065427.14	-0.730231719629248	6.68486942117661	-4.17808180783785	0.000517652639950282	0.0144056884668004
METTL2B	ENSG00000165055.15	-0.731607752015724	4.22208439751327	-3.57791779760386	0.00202646416351836	0.0314154535245783
SSNA1	ENSG00000176101.11	-0.731968889659559	5.1138988979981	-3.72000288108578	0.00146778577969877	0.0261473051272184
LONP1	ENSG00000196365.11	-0.733771921001904	6.12223072833584	-3.23581950229058	0.00438275995948861	0.048097637007958
TECR	ENSG00000099797.13	-0.734001332953039	6.54217946370649	-3.22224211101526	0.00451803135517075	0.0488935023647433
ANTKMT	ENSG00000103254.9	-0.734128886525404	3.24344580178487	-3.33774816721603	0.00348637934549867	0.0420736728960819
CA5B	ENSG00000169239.12	-0.734138202052248	3.79818157418496	-4.40193568573289	0.00031144878536949	0.0110524231338745
PSMD6	ENSG00000163636.10	-0.735458562084552	5.58071037001761	-4.8093189003146	0.00012437553618531	0.00723679864927575
PSMB6	ENSG00000142507.9	-0.735650175865713	5.75600093781	-3.37784642080235	0.0031854044282247	0.039615289908546
PRDX3	ENSG00000165672.6	-0.735820396539859	6.7167697658846	-3.66583991559675	0.00165997504269542	0.0279389499736744
NUDT22	ENSG00000149761.8	-0.737852035392127	3.88695037765169	-3.34319957685799	0.00344387682370445	0.0416489384264961
DMAC1	ENSG00000137038.7	-0.738004681850903	4.81986483801079	-4.38343881515322	0.000324777732185203	0.0112361809623379
NDUFA9	ENSG00000139180.10	-0.739010689338566	5.40062250480301	-4.28072169764992	0.000409985567951835	0.0127120354087639
LLPH	ENSG00000139233.6	-0.739119751666589	4.23707856985485	-4.08532999140491	0.000639224218194291	0.0162952165209956
DOHH	ENSG00000129932.7	-0.741497341833174	3.5596282023462	-3.78064693545053	0.00127874255430096	0.0241737600632583
PTPMT1	ENSG00000110536.13	-0.741788071078687	2.48927649854938	-4.04573396376697	0.000699493163523171	0.0170784972527231
TOMM6	ENSG00000214736.7	-0.741942117009802	6.10911626232605	-3.81997085541522	0.0011693241492886	0.0228969080781763
EIF6	ENSG00000242372.6	-0.743146036861762	6.10103078725213	-3.49555145170181	0.00244199473759045	0.0349544630130659
NDUFB8	ENSG00000166136.15	-0.74340532668709	5.77624251500567	-4.60558275723798	0.000196575018177446	0.00872520769627449
NDUFA13	ENSG00000186010.18	-0.744220982182188	6.40897504779574	-4.16830577675442	0.000529286473239735	0.0145928352106604
ISCA1	ENSG00000135070.14	-0.744325983442332	5.07811640820469	-3.98143081146129	0.000809737944670755	0.0187242757502511
CTU2	ENSG00000174177.12	-0.744470052162966	3.76730462891157	-3.9059608901373	0.000961501000386236	0.0206184513589944
TUFM	ENSG00000178952.10	-0.744583240805351	6.90205116768053	-3.85731681048401	0.00107406366598916	0.0217740893192214
TRMT6	ENSG00000089195.14	-0.745499151416136	3.80578694951184	-4.54930832393349	0.000223178736755657	0.00943077685927989
UBE2N	ENSG00000177889.9	-0.745742809514193	5.67249751740207	-3.95972169311955	0.000850756075728682	0.0192020146513019
PSMB5	ENSG00000100804.18	-0.745958349411306	5.95701582616803	-3.98143728024637	0.000809726021992759	0.0187242757502511
TRIAP1	ENSG00000170855.3	-0.747076348844314	3.98440265702507	-4.73273804774309	0.000147674387328207	0.00764876501534333
NDUFS7	ENSG00000115286.19	-0.74790678510201	4.69309801371972	-4.49133873631866	0.000254403806490567	0.00993283358631252
DKC1	ENSG00000130826.17	-0.747982621799217	5.39116094073776	-3.44168582579781	0.00275816258931205	0.0374178892983052
MAK16	ENSG00000198042.10	-0.748424885798189	3.82929286491088	-3.70957768445367	0.00150297536153256	0.0265503480551394
ARMC5	ENSG00000140691.16	-0.748446677525028	3.90590287325109	-3.55282523447707	0.00214503754040603	0.0323307130038826
GFUS	ENSG00000104522.15	-0.75009283344779	5.21198741504544	-3.50342447561642	0.00239888472954842	0.0346417511992243
SLC67A2	ENSG00000135953.10	-0.750231727442965	3.00443332788377	-3.49167199088346	0.00246351779554664	0.0350943580397387
TSR3	ENSG00000007520.3	-0.750318215309254	4.86933146172051	-3.75745473158048	0.00134799385879689	0.0248788856266726
DDX49	ENSG00000105671.11	-0.750786257468593	5.0529401215783	-3.89437858073835	0.000987185138057879	0.020936502791876
ATIC	ENSG00000138363.14	-0.751676298414398	5.44706904353982	-3.91662991880394	0.00093843310089384	0.0204097810693186
UBE2M	ENSG00000130725.7	-0.751959870515688	5.46189948614301	-4.29377332540659	0.000398017269463247	0.0125155642987877
HAUS2	ENSG00000137814.10	-0.752117669905309	3.95658635999264	-3.22725244353702	0.00446764473387309	0.0485534634783139
ATP5MC1	ENSG00000159199.13	-0.752798050839878	4.93481853960271	-3.22877549568186	0.0044524372943007	0.0484790130594416
EMG1	ENSG00000126749.14	-0.752956005166584	4.81411256204244	-4.38239114835391	0.000325549684778499	0.0112411867069663
MRPL10	ENSG00000159111.12	-0.752957333866489	5.32545769976225	-4.81840800787716	0.000121870203860842	0.00713737229866063
TMEM201	ENSG00000188807.12	-0.753090170399353	4.07849902489628	-4.12819933369592	0.000579829075951762	0.0153942472150097
MRPL27	ENSG00000108826.15	-0.75324165900552	4.57120649827984	-4.32345335641982	0.00037209418620128	0.0122130034998409
IARS2	ENSG00000067704.9	-0.753556673268416	6.57201583386778	-3.46023845224243	0.00264495490941198	0.0363220206372201
C22orf39	ENSG00000242259.8	-0.753910868772809	4.76225088191234	-3.25583374183002	0.00419055511398692	0.0468834307123676
SEC61B	ENSG00000106803.9	-0.7549105236098	5.76296260579871	-3.91015410224151	0.000952367897530539	0.0205883676336589
UTP11	ENSG00000183520.11	-0.755041800335883	4.50193783671919	-5.48676633490653	2.78651232290676e-05	0.0039320541211663
GNPNAT1	ENSG00000100522.8	-0.755196031223934	3.16122064427028	-3.31993800565877	0.00362885975556943	0.0431142391002365
EIF3K	ENSG00000178982.9	-0.75551585369861	7.1047477304775	-4.31736844386487	0.000377266484695135	0.0122422118823776
TMEM167A	ENSG00000174695.9	-0.756129215130046	6.06275972540365	-3.43877801121895	0.00277633376808375	0.0374658715796904
CDC37L1	ENSG00000106993.11	-0.756265182474756	4.60996769437402	-4.06849758584954	0.000664181122196345	0.0166805351029099
POP4	ENSG00000105171.9	-0.756431412578789	4.32438722753681	-4.35658548868247	0.000345159612214471	0.0117373916707695
USB1	ENSG00000103005.11	-0.756785868861471	4.90939484251853	-3.28560464634811	0.00391983027257568	0.0453208247192443
ECPAS	ENSG00000136813.14	-0.757057173113067	7.00534618811303	-3.38828051220825	0.00311137082290431	0.0390468322950056
EMC8	ENSG00000131148.8	-0.757438431460874	4.38352136214369	-4.81967520126664	0.000121525008004179	0.00713737229866063
TRAPPC4	ENSG00000196655.11	-0.758436115489388	4.88531270977317	-4.02149803631165	0.000739159454203767	0.0176757134528873
ARPC1A	ENSG00000241685.9	-0.759672458787827	6.14031699849946	-3.82413198943825	0.00115830621968031	0.0228109953438361
PSMG1	ENSG00000183527.11	-0.762280989639568	3.90394206414207	-5.4248751618135	3.18840168355531e-05	0.00411074435762552
MRPL14	ENSG00000180992.6	-0.762849075339513	4.07233176192945	-3.60988928821991	0.0018847440451122	0.0303745485903379
IMMT	ENSG00000132305.20	-0.762849907052241	6.09713870982192	-4.15041190287454	0.000551265601325784	0.0150140286342848
INTS5	ENSG00000185085.2	-0.763815647203859	4.46877318753648	-3.46704192473842	0.00260459898786244	0.036016217948675
GATD1	ENSG00000177225.16	-0.764349028742322	5.7495001454595	-3.62879627742236	0.00180560285416913	0.0295239130926688
RANBP1	ENSG00000099901.16	-0.764778012521866	5.47544742929898	-4.83801384946371	0.000116639135597596	0.0070508947397399
TMEM208	ENSG00000168701.18	-0.764784834270667	4.39807735242562	-3.52207386112441	0.00229974336848205	0.0336733945010294
CLPTM1L	ENSG00000049656.13	-0.765382155961552	6.14776369945415	-3.88246760087392	0.00101431279493653	0.0211366274396018
MECR	ENSG00000116353.15	-0.765893418745532	4.38003530656252	-3.61556624368819	0.00186062689031048	0.0301678777062745
UMPS	ENSG00000114491.13	-0.765914479291289	4.31623613025034	-4.62878414322924	0.000186563373893386	0.00848579244554156
AAMP	ENSG00000127837.9	-0.766382980417387	6.73406674600895	-3.70083516028439	0.00153313060448911	0.0267693666332809
CCDC106	ENSG00000173581.7	-0.767769214210242	3.91537305767296	-4.19225906620238	0.000501236170728795	0.0141014967278348
SLC2A8	ENSG00000136856.17	-0.767938539188944	4.28181995859415	-3.9915307183699	0.000791335069953066	0.0184051981942427
CIDECP1	ENSG00000186162.10	-0.768177419718937	3.16245225307578	-4.14118559452405	0.000562954190798076	0.0151028473851681
NDUFV3	ENSG00000160194.17	-0.768177599167844	5.13892554343687	-4.41836740907392	0.000300071582027667	0.0109078759057157
ATP5MJ	ENSG00000156411.9	-0.769013954619824	5.44459221466338	-5.05427451032762	7.2046847142336e-05	0.00556530839499053
PRELID3B	ENSG00000101166.15	-0.769113658410359	5.30651061657336	-3.70157747615093	0.0015305469780775	0.0267693666332809
FASTKD5	ENSG00000215251.3	-0.769211001507862	3.46000075083714	-3.61901426139672	0.0018461283838096	0.0300494702690752
RBM15B	ENSG00000259956.1	-0.769706172083846	5.70071455442228	-4.17645266243731	0.000519573386372568	0.0144137378594161
NDUFAF1	ENSG00000137806.8	-0.769819721854771	3.73937411818447	-3.86005074049002	0.00106740210748703	0.0216635483219422
TRMT61A	ENSG00000166166.12	-0.76996243556197	4.63516435207208	-3.71342244014346	0.0014899010961173	0.0264705946197786
MTERF3	ENSG00000156469.8	-0.770238518767267	3.67939756748499	-4.74840479150226	0.000142571955253322	0.00753696758140052
WIZ	ENSG00000011451.17	-0.771257041007356	6.25751958740836	-4.68666094740503	0.00016378100087974	0.00810806441095532
SNAPC5	ENSG00000174446.12	-0.771555814929672	3.93472446686169	-4.28952649883028	0.000401872471507085	0.0125688596193342
SFXN4	ENSG00000183605.16	-0.771890151799813	3.99849418861747	-3.25080285333087	0.00423807792160137	0.0472329567369516
TSSC4	ENSG00000184281.14	-0.772378749766624	5.09408879933404	-4.06311839570125	0.00067236090043522	0.0167585253083443
DHRS7B	ENSG00000109016.17	-0.772976972820314	4.52692350443766	-4.78641255915621	0.000130924068546816	0.00726368178576355
MRPL54	ENSG00000183617.4	-0.773129608402113	4.36501067510009	-3.45647549521345	0.00266753972831057	0.0365202287784979
PHB2	ENSG00000215021.8	-0.77377285620955	7.33305374174085	-4.10685110114581	0.000608680575479527	0.0157720467247462
POLR2I	ENSG00000105258.8	-0.773777977928643	2.81348202452544	-3.77694533092039	0.00128955307525518	0.0241912328387279
UBE3C	ENSG00000009335.17	-0.774013223719964	6.11550865804016	-3.32545678107951	0.00358410936117618	0.0427635311994929
MRPL2	ENSG00000112651.11	-0.77442955142945	4.65212858701544	-3.8947292609962	0.000986397526278061	0.020936502791876
POLR2D	ENSG00000144231.10	-0.775485581810622	3.87954470704527	-4.30692555128804	0.000386312592841668	0.0124292782339597
BAG1	ENSG00000107262.18	-0.776043633756904	6.01641554311262	-5.28035287873424	4.3743074068801e-05	0.00450528523210909
POLR3B	ENSG00000013503.9	-0.777502224195223	3.02078436903872	-3.79300015208008	0.00124331393168887	0.0236821327803793
ATP5F1D	ENSG00000099624.7	-0.778418264012867	5.98912681380563	-4.63672510871793	0.000183256708992087	0.0083993439433432
DDA1	ENSG00000130311.10	-0.779219630049885	4.98662884585321	-4.03920398619788	0.000709965798663794	0.0172169107954721
CCT3	ENSG00000163468.14	-0.779991998352319	6.94113389423324	-3.5571753423763	0.00212400044958371	0.0322769895102042
PDE12	ENSG00000174840.8	-0.780358701801798	4.47558829240671	-4.68338876046119	0.000164990430549832	0.0081108332702498
RRP36	ENSG00000124541.6	-0.780541716746129	4.71770338995872	-5.03716470043126	7.48346603592884e-05	0.0056284703888392
PUS1	ENSG00000177192.13	-0.781544373764071	3.9595841086749	-3.28521995415611	0.00392321672126056	0.0453307329862737
ELAC2	ENSG00000006744.18	-0.781638550057347	5.99778841261752	-4.2553682090041	0.00043428039086258	0.0129992537095318
RSL1D1	ENSG00000171490.12	-0.782561619467987	7.0522642794029	-3.96364810129487	0.000843186374328388	0.0190551614304402
B3GALT6	ENSG00000176022.4	-0.783095145599439	4.18250774887237	-3.70751907069444	0.00151002257197938	0.0265923613743915
GLRX3	ENSG00000108010.11	-0.783354414648897	5.23536500864321	-4.63749166069684	0.000182940671216854	0.0083993439433432
MCMBP	ENSG00000197771.12	-0.783749182087273	6.07401285423063	-3.8747085375118	0.00103238333101479	0.0213206197109612
RNF41	ENSG00000181852.17	-0.783887537845722	5.42689253339367	-3.43229915759035	0.00281724600094761	0.0377142517628716
TMEM11	ENSG00000178307.9	-0.784506467788223	4.64129882707004	-4.73861397242472	0.000145739316553323	0.00759242526730261
RRP15	ENSG00000067533.5	-0.787551938211308	4.4715792013514	-5.58252675634833	2.26411036037493e-05	0.00359071874055568
SLC61A1	ENSG00000182544.8	-0.787945492742375	4.4845641230168	-3.69898465645571	0.00153959015240638	0.0267693666332809
AAR2	ENSG00000131043.11	-0.791002263155764	5.25120393255416	-4.32134370483397	0.000373879289855147	0.0122268079443323
UQCC3	ENSG00000204922.4	-0.791522828184978	2.58992787235216	-3.49748155473175	0.0024313558896585	0.0348861912607241
STOML1	ENSG00000067221.13	-0.791810973605085	3.90481483374614	-3.8494981615067	0.00109334455842327	0.0220177085188849
CCNJ	ENSG00000107443.15	-0.791859596608968	2.71154432011015	-3.50830750296514	0.00237252547688945	0.0343996998959027
EIF4G1	ENSG00000114867.20	-0.792214234048103	8.34496465032478	-3.58156013763018	0.00200980052029856	0.0312381917816743
ANAPC11	ENSG00000141552.17	-0.793506724008504	5.37641459910776	-4.31522345781736	0.000379106986450574	0.0122422118823776
DNAJC15	ENSG00000120675.5	-0.793833005280992	4.90643172986399	-3.64340617959798	0.00174671295880742	0.0289038254245501
ELP5	ENSG00000170291.14	-0.795237854951183	4.63708759313762	-5.67044118672238	1.87294764166715e-05	0.0035088676242877
MED8	ENSG00000159479.16	-0.797504988883329	4.94925403696453	-3.32568502860314	0.00358227026921174	0.0427635311994929
GNL3	ENSG00000163938.16	-0.797708404064865	6.31441536691443	-3.31413985792694	0.00367646615772926	0.043460389190413
MRPS35	ENSG00000061794.12	-0.79828462041133	4.93789468971823	-4.99163283040206	8.28011221976222e-05	0.00590257514217075
GHITM	ENSG00000165678.20	-0.798800457312868	7.08938530967459	-3.9062426984334	0.000960884469720517	0.0206184513589944
COPS9	ENSG00000172428.10	-0.799597721077641	4.83231130354616	-4.19332462147104	0.000500023668885027	0.0140895034120889
RAB2A	ENSG00000104388.14	-0.800953949528572	6.9838310312354	-3.43145118888887	0.00282264447030217	0.0377142517628716
DERL1	ENSG00000136986.9	-0.801474115788356	5.75936379882312	-3.60419433841729	0.00190924883866242	0.0305224339319083
RNASEH1	ENSG00000171865.9	-0.80176365426417	3.63660303904949	-3.79692078343448	0.00123227536799592	0.0236821327803793
DNAJC11	ENSG00000007923.15	-0.804075815517887	4.68947600872238	-3.82130099473502	0.00116579086953961	0.0228829552826061
RCC1L	ENSG00000274523.4	-0.804405073910006	5.59251159945605	-4.26080228007534	0.000428954030176859	0.0128909929818812
SEC61G	ENSG00000132432.13	-0.806239987660302	5.21211710846552	-3.41108086027327	0.00295543582079787	0.0383482622144991
SSBP1	ENSG00000106028.10	-0.806373285146586	5.21525722644504	-5.17676736569014	5.49449441538763e-05	0.00504958125221342
DDX1	ENSG00000079785.14	-0.807300108432293	6.3722818572693	-5.08122044841888	6.78691905356536e-05	0.00542771822251497
NOP14	ENSG00000087269.15	-0.808209628827822	5.26156807164543	-4.73363936014814	0.000147375881251098	0.00764876501534333
VAPB	ENSG00000124164.15	-0.808292311397129	5.52984026512125	-3.470221190158	0.00258594946958709	0.0359056171922351
URB1	ENSG00000142207.6	-0.808482821927032	5.30868335626667	-3.68378837471084	0.00159366856849242	0.02731154638641
NIFK	ENSG00000155438.11	-0.808718932568008	4.3831919983184	-5.62131709602233	2.08211390237521e-05	0.0035088676242877
ABHD14B	ENSG00000114779.19	-0.808893039531883	6.24630285428875	-3.53736157950464	0.00222150162182869	0.033011219373791
POLR1A	ENSG00000068654.15	-0.809720249634022	5.46033623433978	-3.35605173810364	0.00334567768900142	0.0408989698939935
NDUFB2	ENSG00000090266.12	-0.809807120853441	5.11914728513127	-3.8926368731341	0.000991106247985736	0.0209700295987631
TMEM14B	ENSG00000137210.13	-0.810307398723682	5.32002451690385	-3.41008007439795	0.0029621160039184	0.0383815230446627
MICOS13	ENSG00000174917.8	-0.810423808750105	5.11013590038025	-3.97397554862972	0.000823596229675374	0.0188261071836893
FUNDC2	ENSG00000165775.17	-0.810788621018746	6.06494509272199	-3.44475587916753	0.00273910477413109	0.0372722070290079
BRD3OS	ENSG00000235106.9	-0.81154886441583	4.14930445086935	-3.8792472376705	0.00102177424115054	0.0212180952209256
PARK7	ENSG00000116288.12	-0.811754569201146	7.17314052709277	-5.13513021555192	6.02366420006612e-05	0.00521833088632361
COX7A2	ENSG00000112695.11	-0.813197861327467	6.02862632987414	-4.3412953678297	0.000357336392089871	0.0118917274580754
EIF3J	ENSG00000104131.12	-0.814933141184469	5.61442043790539	-4.55773041680252	0.000218976468724865	0.00933617137361312
DCUN1D5	ENSG00000137692.11	-0.815185971626644	4.11538733594473	-5.04737583210432	7.31579370681214e-05	0.00557899314977789
THYN1	ENSG00000151500.14	-0.815303097520533	5.00121065161169	-4.58385655212439	0.00020644313233305	0.00899661536594875
NAA10	ENSG00000102030.15	-0.817103163040198	5.51832968902693	-4.09400083461671	0.000626737468104779	0.0160683292788351
ACOT13	ENSG00000112304.10	-0.818046609213952	3.42929292088368	-3.94764086805147	0.000874475526189826	0.0194917202242624
WDR5	ENSG00000196363.9	-0.818624860415819	5.23833271401791	-4.33469975609713	0.000362721861606775	0.012008605392505
PRDX4	ENSG00000123131.12	-0.819696385206496	5.69424870089637	-3.50840997912294	0.00237197537256815	0.0343996998959027
RIOX2	ENSG00000170854.17	-0.81981576192609	4.42416814774288	-3.93551532822307	0.000898947664073132	0.0197912052676346
APRT	ENSG00000198931.10	-0.823460618613177	6.06584267083399	-3.4056096213991	0.00299213795818363	0.0384574071605712
NCOA4	ENSG00000266412.5	-0.824039924867261	7.12663499080889	-3.59484424888038	0.00195016762398378	0.0307525068728544
LRR1	ENSG00000165501.16	-0.824193091783227	2.29963234443797	-3.41668236102464	0.00291831910757764	0.0381189480516756
NDUFB3	ENSG00000119013.8	-0.825311077761853	4.22711792568093	-3.79293192727338	0.00124350688836209	0.0236821327803793
RIOX1	ENSG00000170468.7	-0.825324772070499	2.59729107666316	-3.38057164647694	0.00316590246591205	0.0395373784610522
PCTP	ENSG00000141179.13	-0.826148603315966	4.11258964358821	-3.36221554755732	0.00329956340651609	0.0405010108275171
VDAC2	ENSG00000165637.13	-0.826292071550051	6.29416806244752	-4.98200865422053	8.45927124738601e-05	0.00592182031345331
E2F4	ENSG00000205250.8	-0.827911296314706	6.19955540444054	-4.11849914282929	0.000592764426555477	0.0155761455840186
MMUT	ENSG00000146085.7	-0.827918317801956	5.25792145750457	-3.64137383902175	0.00175478946025277	0.0289839464674562
GRWD1	ENSG00000105447.12	-0.82910914884092	5.13126117937011	-4.44156163386145	0.000284722271321643	0.0105165558518357
ALDOA	ENSG00000149925.17	-0.830033512767912	9.49231463455714	-3.48949449018162	0.00247568041040463	0.03523960971792
KYAT3	ENSG00000137944.17	-0.830478501748479	4.78085183739105	-4.01070005502043	0.000757550349460377	0.017839763222969
TXNDC17	ENSG00000129235.10	-0.831417679291349	3.89046614665833	-3.70768322499862	0.00150945942319151	0.0265923613743915
AKT1	ENSG00000142208.15	-0.831593310212337	6.70670246442162	-4.78368239608411	0.00013172758261309	0.00726368178576355
ATP5PB	ENSG00000116459.10	-0.832237590085761	6.47935926857671	-4.14406208958407	0.000559283570749816	0.0150761168772695
COX7C	ENSG00000127184.12	-0.83232653855774	7.14205480243778	-5.24716835551675	4.70520967391478e-05	0.00476395833707496
PSMD1	ENSG00000173692.12	-0.833098911877239	6.17879330540908	-3.62513073323478	0.00182068432501328	0.0297162876034272
MAPKAP1	ENSG00000119487.16	-0.833707984129003	5.98258168883634	-3.43527269747456	0.00279839565463535	0.0376784737240572
GFM1	ENSG00000168827.14	-0.834542827894908	5.54367621836419	-4.50597581964305	0.000246125220875779	0.00984485551553195
CCT7	ENSG00000135624.15	-0.834824585533334	7.27370260180902	-4.14603348908272	0.000556781808900689	0.0150761168772695
METTL2A	ENSG00000087995.15	-0.835236836524781	3.03056295529243	-4.53840386237038	0.000228741065037827	0.00960016071789907
FARSB	ENSG00000116120.9	-0.835261685933644	5.21937099329456	-4.20377287794224	0.000488289620789281	0.0139119845694192
NDUFA2	ENSG00000131495.8	-0.835361872880958	4.6325767706463	-5.03579205500672	7.50630223164203e-05	0.0056284703888392
COQ9	ENSG00000088682.13	-0.835705561823859	4.99833931126412	-4.56513899594435	0.000215346128329831	0.00923257886554763
TUSC2	ENSG00000114383.9	-0.838060688559858	4.4827573883623	-4.62697491175048	0.000187325164750682	0.00849153501562289
SENP3	ENSG00000161956.12	-0.83809406009813	5.31644805146751	-5.06471704442537	7.03976040441774e-05	0.00550915048941355
REPIN1	ENSG00000214022.11	-0.838810129568545	6.16800794875247	-3.25298702319834	0.00421738135405695	0.0470968451277656
KCTD2	ENSG00000180901.10	-0.839000442790892	5.54445868381234	-4.75242899174404	0.000141290452743725	0.00749132012905411
ATP5F1A	ENSG00000152234.15	-0.839183242231758	8.38551042442364	-4.46714102976388	0.000268711824035015	0.0103091207796156
SSU72	ENSG00000160075.11	-0.842139514318779	6.72506385534239	-4.71332808992512	0.000154253765743604	0.00787573144128528
ZSCAN16-AS1	ENSG00000269293.2	-0.843175699405648	2.586682356379	-3.66938602686029	0.00164666119493053	0.0278394483720283
PSMA5	ENSG00000143106.12	-0.844072247740652	5.48587099422596	-4.89745416771716	0.000102132108469173	0.00663234016229944
EIF2B3	ENSG00000070785.16	-0.844152793815228	4.8611115529687	-4.60155271803553	0.000198368701556148	0.00874097039376359
MRPS28	ENSG00000147586.9	-0.844638118158823	4.03654741636614	-4.42212166942897	0.000297531587245577	0.0108595999491405
FAM168B	ENSG00000152102.17	-0.845876206879659	6.78119772065241	-3.59025053218901	0.00197058812064583	0.0309095341877147
HDDC2	ENSG00000111906.17	-0.846504194407688	5.13198412187604	-5.29975731016401	4.19192656716776e-05	0.00448100275081911
COA6	ENSG00000168275.14	-0.846597784747688	2.95969525837133	-3.42408033178795	0.00287000130993885	0.0378884664616727
C14orf119	ENSG00000179933.5	-0.846647984006259	5.06469842452163	-3.99975042324405	0.000776667473550706	0.0181705715319872
BZW2	ENSG00000136261.14	-0.847742301562084	5.45300503425312	-4.21560921335906	0.000475330754117519	0.0136512859688142
AK6	ENSG00000085231.13	-0.847864349637339	4.07934744998993	-4.88943950760512	0.000103975845716469	0.00671652896819894
VDAC1	ENSG00000213585.10	-0.84828481439604	6.78982200217099	-3.51142170164769	0.00235586422861833	0.0342690282800886
ATP5F1E	ENSG00000124172.9	-0.848561055321439	7.20183564320052	-4.02665817821218	0.000730529375313289	0.0175024290574725
BPHL	ENSG00000137274.12	-0.849151235090593	3.2355475805348	-3.69120148752374	0.00156705613928961	0.027032494440638
RAD23A	ENSG00000179262.9	-0.849577207414487	6.28858740280447	-4.3944501040889	0.000316775139092297	0.0111530987577074
PPM1G	ENSG00000115241.10	-0.849955427490571	6.33221404769868	-4.42609993310276	0.000294863720884499	0.0107877799716237
ELOB	ENSG00000103363.14	-0.850058452553388	6.39365199267924	-4.34699701112198	0.000352745864062012	0.0118214443841219
MTFP1	ENSG00000242114.5	-0.850958142312171	3.4105351640684	-3.34870892381303	0.00340143974467371	0.0413549536392792
UTP3	ENSG00000132467.3	-0.852854108416667	4.32553661589498	-4.63000659625529	0.000186050427889925	0.00848579244554156
IPO5	ENSG00000065150.18	-0.853897888252995	7.02000773610082	-3.27556511826225	0.004009153522895	0.045909290916167
ARMC6	ENSG00000105676.13	-0.854715181829738	4.29553704453576	-3.28933596342796	0.00388713176889858	0.0451174147865489
GADD45GIP1	ENSG00000179271.2	-0.855802541042443	4.94389316032721	-4.72106228519532	0.000151597193743196	0.00778445074232612
TBCA	ENSG00000171530.13	-0.856897415997225	6.05128251018051	-4.90954269232308	9.94138734150347e-05	0.00656049596526636
STUB1	ENSG00000103266.10	-0.856963280853287	4.92812343713676	-5.08242335967172	6.76885566738848e-05	0.00542771822251497
NDUFS8	ENSG00000110717.12	-0.857072921430198	5.61748920663635	-4.20798736995527	0.000483635202683459	0.013840438733011
TRIM35	ENSG00000104228.12	-0.858354321083524	4.5167532482055	-3.44837633178876	0.00271679701397021	0.0370248815873461
TMX2	ENSG00000213593.9	-0.858457177617349	6.09818399549787	-4.98825978035129	8.34245937094732e-05	0.00590257514217075
NDUFS1	ENSG00000023228.13	-0.859263288555967	6.03871840433642	-3.74072331005898	0.00140025881979424	0.0254503431131162
EI24	ENSG00000149547.14	-0.859674219353273	6.30230138248358	-4.24366809068114	0.000445975652525994	0.013145279060721
LTAP1	ENSG00000143612.19	-0.86020082404526	7.05003815995814	-4.66741609557751	0.000171025331644673	0.00820310057184037
SLC35A4	ENSG00000176087.14	-0.861034874851203	6.40252020986563	-4.61709206341279	0.000191542378113584	0.00858157739543383
TMEM256	ENSG00000205544.3	-0.861563110316529	4.47790532873156	-5.51376699038615	2.62780233596455e-05	0.00386006931662465
POLD2	ENSG00000106628.10	-0.862887426869007	5.91882111938558	-4.17737983285526	0.000518479385139571	0.0144056884668004
ABCE1	ENSG00000164163.10	-0.86582458430902	5.57411236623979	-4.51498829549204	0.000241163864358705	0.00981376122654686
ARRB1	ENSG00000137486.16	-0.866446675839962	5.47891199319785	-3.51077708654579	0.00235930346536261	0.0342912225488754
PDHB	ENSG00000168291.12	-0.866599079537995	5.48834809523895	-3.89298078004582	0.000990330779385137	0.0209700295987631
ATP5MG	ENSG00000167283.7	-0.868355908320442	6.24321805380525	-5.59730600381092	2.19291989241796e-05	0.0035088676242877
DNAJC30	ENSG00000176410.7	-0.86874010784148	3.17218417583323	-4.33413542166838	0.000363186436177541	0.012008605392505
TXNDC9	ENSG00000115514.11	-0.869620515758331	3.86064695076032	-4.6209041862372	0.000189904391343584	0.00852951528137437
PSMC1	ENSG00000100764.13	-0.870682827105481	4.17941942789258	-4.64118760326168	0.000181424622034286	0.0083993439433432
FAM234A	ENSG00000167930.15	-0.872266183399529	6.46602210593136	-3.45466013881762	0.00267850317663012	0.0366218286848054
NDUFA1	ENSG00000125356.6	-0.873136341395966	5.541194374207	-4.89949361768647	0.00010166827102297	0.00663234016229944
UQCRC2	ENSG00000140740.10	-0.873239854494268	7.16439631988525	-4.66103898683668	0.000173496841242283	0.00827820679783803
POLDIP2	ENSG00000004142.11	-0.873267213363468	6.31218865096193	-4.52857631525038	0.00023387413905643	0.00972586958120502
RPP25L	ENSG00000164967.9	-0.873588870135921	3.39812912915571	-3.72014575765072	0.00146730924202279	0.0261473051272184
FIS1	ENSG00000214253.8	-0.873628408548504	6.58807291979091	-4.10434892349	0.000612155178211923	0.0158075402719537
MPDU1	ENSG00000129255.15	-0.874112870934973	5.11274085937997	-3.58180604095443	0.00200868041786108	0.0312381917816743
NDUFAF3	ENSG00000178057.14	-0.874634103270022	5.60125740623748	-3.81216660037505	0.00119027083144531	0.0231479762706138
ATP5ME	ENSG00000169020.9	-0.876364581205515	4.26101985243198	-4.67001491150783	0.000170028397850859	0.00820310057184037
NHP2	ENSG00000145912.8	-0.876891085412734	5.12740523847998	-3.82763925006098	0.00114910003894205	0.0226545894366123
COA4	ENSG00000181924.6	-0.877193091519891	4.80493227802024	-5.87253642667808	1.21530779800863e-05	0.00317905621991424
COX7B	ENSG00000131174.4	-0.877481833625329	5.75211622969741	-5.19081661275363	5.32684788451241e-05	0.00497200213220556
ETF1	ENSG00000120705.12	-0.878020096915263	6.85583040149314	-3.72311157402663	0.00145745198158087	0.02606686323544
PDCD2	ENSG00000071994.10	-0.878322474645522	5.21551159563902	-6.99725435732431	1.2045942321191e-06	0.00190891362998081
NDUFB10	ENSG00000140990.14	-0.878791363221446	5.7248602083757	-4.75273354750939	0.000141193944390187	0.00749132012905411
ATAD3A	ENSG00000197785.13	-0.879549676632714	4.35617506331119	-3.76615374112752	0.00132159189876199	0.0246198008500142
MALSU1	ENSG00000156928.4	-0.880010990986264	4.00870740679976	-5.38658334636181	3.46629842564719e-05	0.00433608553382795
HDHD5	ENSG00000069998.12	-0.880663752335844	4.85756861355322	-3.72859152479046	0.00143941155791558	0.0258726453443711
MRPL47	ENSG00000136522.13	-0.881127089594142	4.08483475040718	-4.89740120759106	0.000102144181953833	0.00663234016229944
LAMTOR1	ENSG00000149357.9	-0.881149810303185	6.34615963877405	-3.79435274231697	0.0012394946213903	0.0236821327803793
MRPL40	ENSG00000185608.8	-0.882345095960932	4.37581418646039	-4.37006264589026	0.000334773960570303	0.011493264650154
PTRH2	ENSG00000141378.14	-0.88265948356821	3.71471236368538	-5.03929300842094	7.44819801458104e-05	0.0056284703888392
EIF3B	ENSG00000106263.17	-0.882781575298221	7.17665491142711	-4.2341966783575	0.000455674891163021	0.0133447434587583
EEF2	ENSG00000167658.15	-0.885220853811148	10.9928121665788	-3.34327720909785	0.00344327524549877	0.0416489384264961
UBIAD1	ENSG00000120942.13	-0.886367515108756	4.15146562888717	-5.07913250773635	6.81838912656785e-05	0.00542771822251497
PRDX2	ENSG00000167815.11	-0.888087644451448	6.32349530626231	-4.1012218147507	0.000616525571313149	0.0158974888683495
ELOVL1	ENSG00000066322.14	-0.888945116407085	6.23048556856784	-3.43613733248775	0.00279293778153626	0.0376332616412867
GTF2E2	ENSG00000197265.8	-0.88919763540969	4.76215627821721	-4.92750920097219	9.55091893891122e-05	0.00646760407105411
EXOSC4	ENSG00000178896.8	-0.889264628900427	3.14305423045233	-3.80112350353377	0.00122055097162396	0.0235705753905959
BLTP2	ENSG00000007202.14	-0.889884355401892	6.47827328947514	-3.28901370263164	0.00388994524341707	0.0451178814256078
LTV1	ENSG00000135521.8	-0.890606351095869	5.04778807419725	-5.15804865151709	5.72626136219638e-05	0.0051766666591585
H2AJ	ENSG00000246705.4	-0.891612737807547	6.52229919955846	-3.42848323797998	0.00284161988405286	0.0377779450609134
RPS19BP1	ENSG00000187051.8	-0.891624189125448	5.98363665332669	-4.41072234746617	0.000305311830398356	0.0109429866251379
EIF2S2	ENSG00000125977.6	-0.891765642909873	6.34045888117293	-3.50417975905817	0.00239478877716578	0.0346104916738612
DDX28	ENSG00000182810.6	-0.892513740621109	2.94156263498101	-3.58508438152614	0.00199380631995889	0.031124567125421
NIPA2	ENSG00000140157.14	-0.893192373641375	4.40703789795653	-3.89593677594321	0.000983690300235798	0.0209118788499712
AIFM1	ENSG00000156709.13	-0.893552023443528	4.74887117477567	-4.46154983653543	0.000272131927352091	0.0103105206555535
STOML2	ENSG00000165283.15	-0.8943525157736	5.93012957533827	-4.98815938529185	8.34432237139407e-05	0.00590257514217075
RTRAF	ENSG00000087302.8	-0.894683517214684	6.52961015421495	-5.34930052858782	3.76070149422559e-05	0.00444164137697601
AVEN	ENSG00000169857.7	-0.895327478894966	3.49675419600969	-3.39560781028856	0.00306039540041253	0.0387325889624244
SUCLA2	ENSG00000136143.14	-0.895788500730257	5.48876009981485	-4.49877008683256	0.000250166115404658	0.00985324605311403
PMM2	ENSG00000140650.11	-0.896222261302881	2.75238995405719	-3.73503487274541	0.00141848337819731	0.0256997912103549
NDUFV2	ENSG00000178127.12	-0.896474024565014	5.8999611457107	-6.11016144330115	7.35569727012731e-06	0.00312852565406931
NDUFA7	ENSG00000267855.5	-0.896913664761134	4.14246634498686	-4.14162614010045	0.000562390457296464	0.0151028473851681
SNRPD1	ENSG00000167088.10	-0.897608410270798	4.78412560497112	-4.64268366627544	0.000180814572571183	0.0083993439433432
ZNRD2	ENSG00000173465.7	-0.898099183331404	3.99314159558754	-5.33881953880267	3.8479819932536e-05	0.00444164137697601
LSM6	ENSG00000164167.10	-0.898121532730962	4.12784720358556	-4.50980345384488	0.000244005627431895	0.00982054634614843
LARP1	ENSG00000155506.16	-0.899661590168265	7.32684922198392	-3.36334398251688	0.00329118898032943	0.0404259065911472
HSPA4	ENSG00000170606.14	-0.899759286405488	6.0579702625254	-4.22205590860651	0.000468418730084182	0.0135614411338265
B4GALT2	ENSG00000117411.16	-0.900260756597294	5.28897915781505	-3.72534079378858	0.0014500862530774	0.0259869957414
CCT2	ENSG00000166226.12	-0.90130316561486	6.48963987822848	-5.30772748062839	4.11928399597373e-05	0.00448100275081911
CCT4	ENSG00000115484.14	-0.903751341105441	6.78539289249878	-5.57000527157782	2.32627675834437e-05	0.0036306470291441
GDE1	ENSG00000006007.11	-0.904669965034056	5.17645748549242	-4.81857451038342	0.000121824790172239	0.00713737229866063
ATP5MF	ENSG00000241468.7	-0.905275096172931	5.53364300470702	-4.34679376856948	0.000352908473048669	0.0118214443841219
TRUB2	ENSG00000167112.9	-0.907090067375958	4.53409912304434	-3.31306017157273	0.00368539848784723	0.0434894950723473
COXFA4	ENSG00000189043.9	-0.907507251478019	6.92468478985482	-4.9088240118707	9.95734000643072e-05	0.00656049596526636
TIMM50	ENSG00000105197.10	-0.907912532301479	5.27575717500409	-5.19933021806839	5.22780621214159e-05	0.00495701138242272
COX6A1	ENSG00000111775.2	-0.910873184665071	6.18768858294057	-5.49103728584185	2.76076879541427e-05	0.0039266458398904
DRG1	ENSG00000185721.12	-0.91157766192349	5.35187592454917	-4.69893229614072	0.000159324906828926	0.00800199706023709
MRPL3	ENSG00000114686.8	-0.911828112330853	5.5350444268229	-5.69581592695315	1.77347021541124e-05	0.00341745803552525
NFU1	ENSG00000169599.12	-0.912863870654692	4.84646609578836	-4.03017254165399	0.000724709625159916	0.0174329143523367
HDDC3	ENSG00000184508.10	-0.912888333280242	2.66015078070076	-5.23999565677581	4.78003111501284e-05	0.00481252458495197
SLC25A3	ENSG00000075415.12	-0.914294089159324	8.08238055887733	-3.9782383148789	0.000815643552409215	0.0187406225875697
NDUFA12	ENSG00000184752.12	-0.914918134740181	4.67875733510363	-4.92690821776229	9.56372456240913e-05	0.00646760407105411
MRPL4	ENSG00000105364.13	-0.916425933436201	4.80525789502723	-4.07839419271029	0.000649391748426962	0.0164374993270616
MRPS33	ENSG00000090263.15	-0.916651705395323	4.13264447155103	-5.17048468148733	5.57119716968927e-05	0.00509395022846946
NDUFA8	ENSG00000119421.6	-0.918222715499731	4.79669640883882	-4.82693409405704	0.000119566667219559	0.00708772141893245
KTI12	ENSG00000198841.3	-0.920066690868778	2.49996771498461	-3.43120681975625	0.00282420210176741	0.0377142517628716
TOMM70	ENSG00000154174.7	-0.920891975028816	5.98535149356392	-4.88149442446162	0.000105836988975	0.00671652896819894
TSR1	ENSG00000167721.10	-0.922498634041311	4.94324945901292	-5.4380289934133	3.09828914164788e-05	0.00409220005088189
CMSS1	ENSG00000184220.11	-0.92255840702883	4.16192478655321	-5.32798321345798	3.94040039519423e-05	0.00444164137697601
PA2G4	ENSG00000170515.13	-0.92261161573794	6.59232851455895	-4.57023615142365	0.000212883851045958	0.00917089301585244
JPT2	ENSG00000206053.12	-0.922750001645976	5.47106207184689	-4.57084545728657	0.000212591427213022	0.00917089301585244
C8orf33	ENSG00000182307.12	-0.923431765457423	5.68206267149033	-4.8341895453944	0.000117641284827346	0.00707466263553984
BLOC1S1	ENSG00000135441.7	-0.924380235997424	5.22306109268093	-3.33182410880692	0.00353315102283021	0.0424665321798392
PDK2	ENSG00000005882.11	-0.924441541278072	4.64473116364161	-3.28226241319723	0.00394934791448178	0.0455250275712666
UQCC4	ENSG00000174109.4	-0.925182440730441	2.92527546942184	-3.88101359934265	0.00101767489671038	0.021182057867534
BCCIP	ENSG00000107949.16	-0.927054297353473	5.0449148202866	-5.7938226960762	1.43744893602753e-05	0.00317905621991424
NANP	ENSG00000170191.4	-0.927088839839568	2.41648528061966	-3.75348044910095	0.00136023004935433	0.0249792866701715
ASH2L	ENSG00000129691.15	-0.92782472113337	5.37532885922915	-3.91155018939762	0.000949346394287858	0.0205769803876758
LCMT2	ENSG00000168806.7	-0.928162090901081	2.92346048081103	-4.27943402695317	0.000411185825829325	0.0127176820282943
EIF5	ENSG00000100664.10	-0.929102603656784	7.36980974325804	-4.11266210477015	0.000600687386333024	0.0156701052488879
GTF3A	ENSG00000122034.14	-0.929660677770352	6.06772595162212	-4.2943734914416	0.000397475460387067	0.0125155642987877
NDUFB7	ENSG00000099795.6	-0.93008927013582	5.79535254606888	-3.92982635979485	0.000910664095155645	0.0200000137858877
C1orf122	ENSG00000197982.13	-0.930445752298538	4.98690810366749	-3.4320425197217	0.00281887877420004	0.0377142517628716
SNRPG	ENSG00000143977.13	-0.932092965020509	4.51488135579669	-5.31586421754618	4.04644959219613e-05	0.00448100275081911
APIP	ENSG00000149089.12	-0.932207371386221	4.28712417652163	-3.24573768697241	0.00428645730720181	0.0474980307880616
AFG3L2	ENSG00000141385.9	-0.932283543124257	5.07488068745031	-5.09067192217632	6.6463049692498e-05	0.00542771822251497
MRPS23	ENSG00000181610.12	-0.932699202209864	4.3921953501489	-4.76579280263441	0.000137118024179058	0.00739037048779104
PAM16	ENSG00000217930.7	-0.933382444109934	3.82436355467682	-4.94576119318219	9.17020741706331e-05	0.00629652441077362
CENPB	ENSG00000125817.7	-0.934928974559141	6.41427966943489	-4.17105994986764	0.00052598257733764	0.0145240890115067
TFB2M	ENSG00000162851.7	-0.93495854060012	3.38432540471926	-4.86540353797073	0.000109710737678583	0.00687456688789474
SPR	ENSG00000116096.5	-0.934972638712644	4.39613226991148	-4.04762548486999	0.000696488598784527	0.0170516013371824
NT5DC2	ENSG00000168268.10	-0.93625106471734	5.16918395133288	-3.63535447560637	0.00177892828485105	0.0292210575552848
GSPT1	ENSG00000103342.12	-0.936482944174583	6.61952331641166	-4.27186070905777	0.00041831697727941	0.0127711389264469
SLC25A5	ENSG00000005022.5	-0.938255661889411	7.18347993848327	-3.89204492209594	0.000992442446419345	0.0209735390121239
AKT2	ENSG00000105221.16	-0.938863834494944	7.24607996828463	-3.83803257385382	0.0011222448620275	0.0222791652783976
GLI4	ENSG00000250571.6	-0.940506024262096	4.32852679305473	-3.40773306496438	0.00297784050982345	0.0384558211752664
TEX261	ENSG00000144043.11	-0.942549562999342	6.3523237794138	-3.74166615265052	0.00139726072932317	0.0254216340408127
CASTOR1	ENSG00000239282.7	-0.944297715321307	4.08623674507309	-3.5010630530704	0.0024117355643698	0.0347154321679286
SRPRB	ENSG00000144867.11	-0.945387752223938	5.10975108426932	-3.77878830785355	0.00128415934268299	0.0241737600632583
LARP4	ENSG00000161813.21	-0.945654287930825	5.37018449180773	-3.3500208031461	0.00339141064674615	0.041317110945165
SSB	ENSG00000138385.15	-0.946617219197328	6.12787585982722	-4.19709683288546	0.000495754891889012	0.0140484449687401
COX6B1	ENSG00000126267.8	-0.946798902354249	6.23842043490907	-5.0279468171687	7.6381897295682e-05	0.00565636355965255
ENSG00000241990	ENSG00000241990.5	-0.94809587162894	1.4544616764878	-3.31975616477275	0.00363034355238306	0.0431142391002365
SLC25A6	ENSG00000169100.13	-0.948370385721077	8.97503774189377	-4.07976683329528	0.000647366734782592	0.0164325116049993
COX5B	ENSG00000135940.6	-0.949874308714432	6.36001923964601	-4.68011020737952	0.000166211295138929	0.00811627416944073
DNAJA4	ENSG00000140403.12	-0.950485257576874	4.63457508608829	-3.21196260758083	0.00462315285626976	0.0495529305264699
NDUFS6	ENSG00000145494.11	-0.950767417619628	5.02874310606952	-4.78462102049727	0.000131450772890525	0.00726368178576355
COX8A	ENSG00000176340.3	-0.950862209635218	6.39344778222019	-4.31519418238697	0.000379132168669135	0.0122422118823776
HSPA9	ENSG00000113013.12	-0.951996956728704	7.70070138250623	-4.44082288414028	0.000285198713464212	0.0105165558518357
PEDS1	ENSG00000240849.10	-0.952528325651838	5.4481826216147	-3.29762340634907	0.00381546024939077	0.0445999475458489
CAPN15	ENSG00000103326.11	-0.953587831380068	5.57395200383245	-4.38575626285734	0.000323076720510165	0.0112361809623379
COX10	ENSG00000006695.10	-0.954603301735728	3.64729480867084	-5.31409940654859	4.06213438446402e-05	0.00448100275081911
ARPC5L	ENSG00000136950.13	-0.954976293486566	5.26983354099997	-5.20729166666391	5.13688865286938e-05	0.00489671178447193
ECI1	ENSG00000167969.12	-0.95568071563325	5.17308337586165	-4.98523138808798	8.3988430403077e-05	0.00590257514217075
IGFLR1	ENSG00000126246.9	-0.956014917458818	2.9969934888304	-3.90869692710862	0.000955531857893806	0.0205883676336589
GTF3C6	ENSG00000155115.6	-0.957392063331072	4.601772341356	-3.54459288583914	0.00218541474215012	0.032760533440373
B4GALT7	ENSG00000027847.13	-0.95753216366066	4.49986500018047	-4.08648225486405	0.000637550591097201	0.0162757039074828
E2F6	ENSG00000169016.16	-0.958291989183516	3.48262838776214	-4.4570237098135	0.000274932721551823	0.0103316410676011
TACO1	ENSG00000136463.7	-0.959262878243317	3.62480019954088	-5.34437020483906	3.80150386477715e-05	0.00444164137697601
TIMM10	ENSG00000134809.8	-0.960925552852982	3.89388651625321	-4.8811841352697	0.000105910357914006	0.00671652896819894
WDR12	ENSG00000138442.9	-0.962405494085676	4.10183390606953	-5.43026124114842	3.15118356688634e-05	0.00409220005088189
GCLM	ENSG00000023909.9	-0.962430961805151	4.33538478399652	-3.48408132941285	0.00250617351056975	0.0354484100101978
COA8	ENSG00000256053.7	-0.962641921130539	4.41536799772698	-5.38423064899364	3.48416001825359e-05	0.00433608553382795
CHCHD3	ENSG00000106554.11	-0.962862030043815	5.34654009686811	-4.29780696263178	0.000394390092122185	0.0125155642987877
WDR43	ENSG00000163811.11	-0.962933023562581	5.2120329471559	-5.06205829394207	7.08138284945509e-05	0.0055176287845689
RTL6	ENSG00000188636.3	-0.963575485759702	4.983929248411	-4.64436671750387	0.00018013075879672	0.0083993439433432
BOP1	ENSG00000261236.7	-0.963960171933446	4.96685475847763	-3.7800057707945	0.00128060859085836	0.0241737600632583
CIAPIN1	ENSG00000005194.14	-0.964411799008308	4.81353255615728	-4.91141468673498	9.89995630721736e-05	0.00656049596526636
BZW1	ENSG00000082153.17	-0.964517107761258	6.67112327143729	-3.23087133856315	0.00443159336036947	0.0483596529072352
BSG	ENSG00000172270.18	-0.965872166553364	8.63630900644439	-4.44499355445969	0.000282519440296824	0.0105165558518357
ABCF2	ENSG00000033050.7	-0.966618771232008	5.57675462253184	-4.47436695668306	0.000264356004053004	0.0102322331503972
NDUFAF2	ENSG00000164182.10	-0.966745245946383	3.69931867840987	-5.35238421754294	3.73540935059249e-05	0.00444164137697601
ALG3	ENSG00000214160.9	-0.966788943887964	4.80681457818259	-4.24976957388005	0.00043983768720917	0.0130453143398725
RRP1B	ENSG00000160208.12	-0.966870537169751	4.96384583143803	-4.17742193359165	0.000518429763965969	0.0144056884668004
VWA1	ENSG00000179403.11	-0.96819238199809	6.16182334178273	-3.40700503297696	0.00298273486042187	0.0384558211752664
HAGH	ENSG00000063854.12	-0.968671436586797	4.85954575146728	-3.66416934072045	0.00166628417225473	0.0279863904882633
RPL7L1	ENSG00000146223.14	-0.971600768717292	6.35360631390092	-6.15515071307038	6.69404210101636e-06	0.00312852565406931
MTRES1	ENSG00000130349.9	-0.971713013986366	3.09508123989763	-5.76186178926156	1.5391776004645e-05	0.00320739555557259
CCDC92	ENSG00000119242.8	-0.972915165297805	6.16675812974477	-3.53265101646052	0.00224532530839428	0.0332549378939949
PCCB	ENSG00000114054.13	-0.974107957460915	4.24366711723024	-4.87976094343804	0.000106247539562683	0.00671652896819894
ZNF664	ENSG00000179195.15	-0.974585395268265	6.830745708815	-4.69763002683199	0.000159791910074128	0.00800199706023709
LSM1	ENSG00000175324.9	-0.974992974505682	3.41889577186071	-5.56530444213172	2.35006447955312e-05	0.0036306470291441
TTLL12	ENSG00000100304.12	-0.975085742216873	5.18614133739195	-3.96626460279604	0.000838179475511112	0.0190139422539679
TMEM268	ENSG00000157693.14	-0.976531351687951	4.80421999298033	-5.43215091039041	3.13823142816141e-05	0.00409220005088189
SLIRP	ENSG00000119705.9	-0.977996907868921	4.45371656695656	-5.80879932440837	1.39218026753743e-05	0.00317905621991424
PPP1R14B	ENSG00000173457.10	-0.979499098136839	5.22066220078374	-3.48593503087856	0.00249568983769977	0.0353323570368826
CERS6	ENSG00000172292.14	-0.97978793466983	3.8792202672316	-3.48588059234903	0.0024959970988613	0.0353323570368826
SLC25A23	ENSG00000125648.14	-0.980346605109996	5.25400989401663	-5.28234197586644	4.35524485778629e-05	0.00450528523210909
YIF1A	ENSG00000174851.15	-0.980793084970983	5.31894866228026	-3.69196679062361	0.00156433402955945	0.027032494440638
ATP5PD	ENSG00000167863.11	-0.983021432189465	6.03728377294925	-4.40543321528242	0.000308991193650463	0.0110168587899075
CLPTM1	ENSG00000104853.15	-0.984754787716376	6.7965076301802	-4.82598941309668	0.000119819702379026	0.00708772141893245
NOPCHAP1	ENSG00000151131.10	-0.984985123620209	3.24860864379386	-5.56875402984519	2.33258425239865e-05	0.0036306470291441
CACYBP	ENSG00000116161.17	-0.985421183260675	5.35775764778837	-3.44095429052124	0.0027627229498505	0.037432262139094
CCDC85B	ENSG00000175602.3	-0.985511192856921	5.64083367373548	-3.54352527536228	0.00219070580915423	0.0327983615754828
SNHG9	ENSG00000255198.4	-0.986451929636636	1.31174991717257	-3.34901142591906	0.00339912458521017	0.0413548619766133
ADCY6	ENSG00000174233.11	-0.987218562706047	6.75764583849287	-3.32673342697311	0.00357383474847129	0.0427635311994929
BEND3	ENSG00000178409.13	-0.988167261999249	1.46012342951929	-4.352458984469	0.00034840406360811	0.0117513821804326
PGP	ENSG00000184207.8	-0.988678795782298	3.697260104785	-3.62190453687979	0.0018340614305751	0.0299073838920258
C6orf120	ENSG00000185127.6	-0.989615651130676	4.18033556622415	-4.66922203002596	0.000170331929731743	0.00820310057184037
FAM219B	ENSG00000178761.14	-0.989737290146188	4.22446484657314	-4.24505306073841	0.000444574882180514	0.0131255790173921
PPIL1	ENSG00000137168.7	-0.99005526047215	3.52883319848724	-3.7111329985591	0.00149767276928128	0.0265477682475666
MRPL58	ENSG00000167862.9	-0.991580119540545	3.78093765773889	-5.83205054805558	1.32478059620996e-05	0.00317905621991424
CLP1	ENSG00000172409.5	-0.99158435712601	2.60212100773657	-3.47011283931564	0.00258658288015041	0.0359056171922351
PIGP	ENSG00000185808.13	-0.993542772615443	3.5068415156057	-4.47978648160341	0.000261135969677502	0.0101294755683778
HSD17B12	ENSG00000149084.12	-0.993633889892387	4.38101477566033	-3.41835439163263	0.00290732911193605	0.0380308357773767
SAMM50	ENSG00000100347.14	-0.994234176732438	5.37108648848048	-4.26097494826729	0.000428785866606816	0.0128909929818812
NDUFB5	ENSG00000136521.12	-0.996316195496855	5.33972146936931	-5.97345459340872	9.81069553884724e-06	0.00312852565406931
FGF13	ENSG00000129682.15	-0.996951152027091	3.28266842865828	-3.64563324758984	0.00173790494637286	0.0288183110661841
GART	ENSG00000159131.16	-0.997358039067533	5.56981939057757	-5.28883984280408	4.29356179863975e-05	0.00448100275081911
BPNT2	ENSG00000104331.8	-0.997429729305893	6.30169027314873	-3.22373621217262	0.00450294800694529	0.0487891966338976
NOP2	ENSG00000111641.11	-0.99753694804428	5.12037176247019	-4.39769174566033	0.00031445736112167	0.011099425762399
FAM86C1P	ENSG00000158483.15	-0.998177747023156	1.67770604395148	-3.86338447215745	0.00105933481280612	0.0215976554952201
TOMM22	ENSG00000100216.5	-0.998334978842395	5.2814179810417	-5.07955170759983	6.81205890851128e-05	0.00542771822251497
HACL2	ENSG00000105135.15	-0.998545951677399	5.66510129996395	-4.83739584802762	0.000116800491779323	0.0070508947397399
ZPR1	ENSG00000109917.10	-0.998547868550411	5.35802884751113	-5.25623438628417	4.6123463000234e-05	0.0046964692069727
NEIL2	ENSG00000154328.15	-0.999417181277485	4.24365542565498	-4.50095927119677	0.000248931402359282	0.00985324605311403
ALDH9A1	ENSG00000143149.12	-1.00064805327735	6.67465310935674	-5.08083214138987	6.79276050794225e-05	0.00542771822251497
ZBTB11-AS1	ENSG00000256628.3	-1.00330637356307	0.639440319025196	-4.02838269621877	0.000727667764431956	0.0174572075052009
YKT6	ENSG00000106636.7	-1.00434924643796	5.78380199243707	-3.5474635284362	0.00217125045870767	0.032651500106337
MDH2	ENSG00000146701.11	-1.0061421893021	7.04136411191743	-4.99503845364524	8.21764420787883e-05	0.00590257514217075
ABCA3	ENSG00000167972.13	-1.00629862370271	4.6651856636377	-4.42993914128645	0.000292312007617336	0.0107346792797342
PTRH1	ENSG00000187024.13	-1.00630920144913	3.14147659997352	-3.79376331892446	0.00124115753805629	0.0236821327803793
TMTC4	ENSG00000125247.15	-1.00635139311929	3.50458051706872	-6.49678943042554	3.30039123131065e-06	0.00219060412060438
KGD4	ENSG00000134056.11	-1.00763460023485	3.86208977550409	-5.02829127036953	7.6323498248257e-05	0.00565636355965255
MRPL34	ENSG00000130312.6	-1.00778220733502	4.91127917025867	-5.03697132207102	7.48667891251093e-05	0.0056284703888392
NT5M	ENSG00000205309.13	-1.00822903754536	1.09828737810402	-3.63657277478284	0.00177401623333163	0.0291938888131645
PSMD14	ENSG00000115233.11	-1.00864882696209	4.94735347467075	-4.50305406063458	0.000247755696529486	0.00984485551553195
MRPL24	ENSG00000143314.12	-1.00935730010207	5.25705911574518	-4.78843542416178	0.000130331930411731	0.00726368178576355
TEX2	ENSG00000136478.7	-1.01103252450733	5.63932611589191	-4.07065219171659	0.000660932807661485	0.0166590391646997
CCT6A	ENSG00000146731.10	-1.01309411170683	6.81290043288419	-5.55209910277567	2.41823002799523e-05	0.00369576635881407
UQCRQ	ENSG00000164405.10	-1.01457069075551	5.51503513229951	-5.15186841578083	5.80495325439454e-05	0.0051766666591585
NDUFB9	ENSG00000147684.7	-1.01563666183269	5.88637593365589	-4.27087635846194	0.000419252955601707	0.0127719338757676
PIEZO1	ENSG00000103335.21	-1.01581061625848	7.63915577613555	-4.05417838150406	0.000686179387212713	0.0168452339701904
MRPS34	ENSG00000074071.14	-1.01697957758118	5.03827877471918	-4.67015520941079	0.000169974745949612	0.00820310057184037
LYRM1	ENSG00000102897.9	-1.01716301574065	4.65760414979976	-3.95159010829973	0.000866649730955583	0.0194091803565264
RBM33-DT	ENSG00000216895.9	-1.01762269023792	0.721706950323853	-3.6077564933408	0.00189388453041768	0.0304503918335004
ORMDL2	ENSG00000123353.9	-1.01823666056458	3.89412732589171	-3.74376656346423	0.00139060469007509	0.0253778275466758
SNHG29	ENSG00000175061.17	-1.01904176630069	8.58570742224935	-4.23311454618531	0.000456796476885649	0.0133447434587583
FBXW5	ENSG00000159069.13	-1.01906270021895	6.98051445687617	-3.89053209166614	0.000995865504512482	0.0209824026760306
TOMM5	ENSG00000175768.12	-1.01953366592704	5.11837822879133	-4.70657055126663	0.000156613503613634	0.00793039842583417
TRMT10C	ENSG00000174173.6	-1.01968525743964	3.71676409497668	-5.48300357166673	2.809396299271e-05	0.00393337430306529
MLX	ENSG00000108788.11	-1.02119808296143	5.45004463764467	-4.0961760221648	0.000623643589828005	0.0160351805930758
FAM174C	ENSG00000228300.13	-1.02128433201192	4.51310817594165	-4.42595288959294	0.000294961898671703	0.0107877799716237
CTPS1	ENSG00000171793.13	-1.02148390427434	4.23394887502044	-3.86920824804318	0.00104538756120875	0.0214597829145728
ENSG00000270175	ENSG00000270175.1	-1.02265525614048	0.72107647990104	-3.42203614206433	0.00288327302883214	0.0379100261594549
ABCB6	ENSG00000115657.12	-1.02417776595953	1.49701210390182	-3.21205930659745	0.00462215293070393	0.0495529305264699
SLC25A11	ENSG00000108528.13	-1.02419421596789	5.44380632919807	-4.31959982627426	0.000375361404617405	0.0122306395129973
CHP1	ENSG00000187446.11	-1.02497880124017	6.30323371145222	-3.97243769269004	0.000826484278081857	0.018868057003191
GNG10	ENSG00000242616.3	-1.024985789004	4.78347914308155	-3.38328457426574	0.00314660515590074	0.0394062271131357
PPAN	ENSG00000130810.19	-1.02558379789098	4.81142122591804	-3.67533725570282	0.00162455515408909	0.0276482933679303
MRPL20	ENSG00000242485.5	-1.02853001327844	5.55621354121466	-5.83949566117799	1.30391463708229e-05	0.00317905621991424
STRAP	ENSG00000023734.10	-1.02902136636116	6.52052831020835	-5.49296737882554	2.74921499696702e-05	0.0039266458398904
EIF2S1	ENSG00000134001.12	-1.02904720791374	5.82142149602153	-4.3974475799684	0.000314631342408275	0.011099425762399
PSME3	ENSG00000131467.10	-1.03017405845401	6.12403212508024	-5.32508160372372	3.96552993870968e-05	0.00444164137697601
SAR1A	ENSG00000079332.14	-1.03017900030462	6.8160579668736	-3.39581287434829	0.0030589806714559	0.0387325889624244
PDF	ENSG00000258429.1	-1.03029160873772	3.00532511952067	-4.36198551207283	0.000340959833144275	0.0116609564308751
TIMM8A	ENSG00000126953.5	-1.03315495980837	2.05340701702698	-3.87459084521457	0.00103265989113969	0.0213206197109612
IPO4	ENSG00000196497.16	-1.03411440710763	5.19810982275791	-3.46124715881668	0.00263893289109494	0.0362949473072236
FAHD1	ENSG00000180185.11	-1.03469671704154	3.68923778897678	-4.84958420487771	0.000113659657371329	0.00699963821220475
TXNL4A	ENSG00000141759.14	-1.03474696010211	5.1396588272476	-5.32584206665968	3.95892811250298e-05	0.00444164137697601
GLRX2	ENSG00000023572.8	-1.03516083200484	2.5062192252373	-4.60122718648724	0.00019851431004195	0.00874097039376359
HNRNPAB	ENSG00000197451.11	-1.03547263864899	6.28817484083415	-4.44475406509743	0.00028267260004588	0.0105165558518357
LRRC59	ENSG00000108829.9	-1.0355982147178	5.99605608415544	-3.58099865144132	0.00201236043765394	0.031250876432579
ANKRD33BP1	ENSG00000229689.3	-1.03773969223736	0.417101803264029	-3.64731824577571	0.00173127009955146	0.0287887982364373
TIMM21	ENSG00000075336.11	-1.03790185060204	4.09473181203963	-4.87895464782839	0.000106439050665058	0.00671652896819894
OPA3	ENSG00000125741.4	-1.03827609136982	3.99774626176052	-4.15170153937799	0.000549651322645909	0.0149928483304982
FLAD1	ENSG00000160688.18	-1.03850635196203	4.97398610566486	-4.79784680265862	0.000127612560948753	0.00724036313187815
ALG14	ENSG00000172339.9	-1.03904023904491	2.88147329208966	-3.9085574941051	0.000955835158261492	0.0205883676336589
FRMD8	ENSG00000126391.13	-1.04055280047369	5.74082271098443	-4.74598644717997	0.000143347742426118	0.00755569085887781
TARS1	ENSG00000113407.13	-1.04079657666712	5.66351095035798	-4.38525657793952	0.000323442728647925	0.0112361809623379
EIF4A1	ENSG00000161960.14	-1.04119179602388	9.12812785249986	-3.58887189201221	0.00197675781368715	0.030912283402345
ETFA	ENSG00000140374.15	-1.0417817998603	6.21711636788323	-3.7093525710052	0.00150374439350296	0.0265503480551394
MPV17L2	ENSG00000254858.9	-1.0421640961779	3.50302995413358	-4.50326849065962	0.000247635664307297	0.00984485551553195
MANEA	ENSG00000172469.15	-1.04230593116615	3.85565377704936	-4.02932316662075	0.000726111911684934	0.0174432326666296
FH	ENSG00000091483.6	-1.04415220698898	5.56506929525859	-4.79623926380428	0.000128072937492627	0.00724036313187815
TIMM13	ENSG00000099800.7	-1.04435695245475	5.15568972305693	-4.13662932730291	0.000568817893283523	0.0151467837526508
BNIP3	ENSG00000176171.11	-1.0445773587797	6.01621684771669	-4.34000906839929	0.000358380320830712	0.0118935809807541
ATP5F1B	ENSG00000110955.8	-1.04466210401289	8.70717252706951	-4.66697909635334	0.000171193550240963	0.00820310057184037
NOP56	ENSG00000101361.16	-1.04696114563355	6.3664865641402	-4.83719639392102	0.000116852616355268	0.0070508947397399
DOLK	ENSG00000175283.7	-1.04746345740931	3.5529504356074	-4.16739362150823	0.000530385281334384	0.0145979584087752
TOMM40L	ENSG00000158882.14	-1.04847098579068	3.51892922249843	-4.71842501135874	0.000152497800253956	0.00780832308100325
TIMM23	ENSG00000265354.3	-1.04856075848381	4.81416507875455	-5.94812859258019	1.0351028721828e-05	0.00312852565406931
PAICS	ENSG00000128050.8	-1.04879876703392	5.69319144741859	-4.49908966037662	0.000249985488834267	0.00985324605311403
UQCR11	ENSG00000127540.11	-1.05155451529633	5.95195283210134	-5.00394574641276	8.05652019459708e-05	0.00586914221168188
LRP3	ENSG00000130881.13	-1.05234992301395	5.77293645811948	-4.07914877073364	0.000648277758201804	0.0164325116049993
GLRX5	ENSG00000182512.4	-1.05242465331071	4.96894251702276	-5.0497672545779	7.27708149126179e-05	0.00557899314977789
MMP24OS	ENSG00000126005.16	-1.05529712581928	5.4455974285855	-4.68904559817057	0.000162905277996556	0.00809776298166176
SOD1	ENSG00000142168.14	-1.05559248238375	7.20548094087806	-4.35450030755337	0.000346795253918698	0.0117484267400321
TIMM17A	ENSG00000134375.10	-1.05648752031466	5.33374601919397	-5.35810414646667	3.68895446493215e-05	0.00443689617221806
AEN	ENSG00000181026.14	-1.05670721434401	3.80964792572513	-3.93784725572443	0.000894188707709538	0.0197514859923723
DOCK8-AS1	ENSG00000183784.6	-1.05699655629761	-0.311612309166092	-3.46493306143589	0.00261704267097019	0.0361325282792425
FAM98A	ENSG00000119812.18	-1.05703336209467	4.63367269622053	-3.92895571260762	0.000912470609902489	0.0200029001923767
C1QBP	ENSG00000108561.8	-1.05709963903278	5.71664161631097	-5.33659491156234	3.86677244715088e-05	0.00444164137697601
PFDN2	ENSG00000143256.4	-1.05947521655953	4.98233114583992	-3.97008423036494	0.000830923639832062	0.0188990813794441
ADRM1	ENSG00000130706.12	-1.060356747686	5.74904713760009	-4.7823103900179	0.00013213326612125	0.00726368178576355
VTI1B	ENSG00000100568.10	-1.06036252481016	6.05029154873246	-3.244594887161	0.00429744713403821	0.0475398457340116
DHODH	ENSG00000102967.11	-1.06163605988204	3.50318827996305	-5.92038417183645	1.09781855001738e-05	0.00312852565406931
SLC52A2	ENSG00000185803.8	-1.06169214868871	5.11258597236776	-3.38863184668912	0.00310890766143326	0.0390468322950056
RAN	ENSG00000132341.11	-1.06332578492949	7.11535130903803	-4.14519052138356	0.000557850180567164	0.0150761168772695
TMEM126A	ENSG00000171202.6	-1.06453519405757	3.82486249528309	-5.14334300705257	5.91532007334462e-05	0.00519649269776514
PSKH1	ENSG00000159792.9	-1.06518415691582	4.74131038917844	-3.69757465996517	0.00154453016566109	0.0267693666332809
TMEM53	ENSG00000126106.13	-1.06602657049105	3.33506550342063	-4.12249483437764	0.000587401391155973	0.0155478734422213
RAB11B-AS1	ENSG00000269386.5	-1.0676890128425	0.976902351797373	-3.41581672604034	0.00292402485306841	0.0381402794116767
PCCA	ENSG00000175198.15	-1.06860757827108	4.76174833132825	-5.05454650599807	7.20033939642943e-05	0.00556530839499053
ETFDH	ENSG00000171503.11	-1.07021482698323	4.90920122033846	-3.63440587592329	0.00178276227392287	0.0292572185997911
C11orf98	ENSG00000278615.4	-1.07039802618658	0.673661340445721	-3.67004448483666	0.00164420071302789	0.0278240991295306
CPT2	ENSG00000157184.6	-1.07064469084687	2.98330115153767	-3.77662697882265	0.00129048705952926	0.0241912328387279
EBNA1BP2	ENSG00000117395.12	-1.07089733054672	5.08582187997674	-5.12266256719161	6.19202132612895e-05	0.00524584625470195
EIF5A	ENSG00000132507.17	-1.07256598659635	7.47638208063524	-3.87219398033755	0.00103830829645644	0.0213981571625882
UQCR10	ENSG00000184076.13	-1.07501822423832	5.07590963956465	-5.61763344943777	2.09873314751168e-05	0.0035088676242877
PSMA6	ENSG00000100902.10	-1.07745754775127	6.33657593077388	-5.49525981873128	2.73555643236075e-05	0.0039266458398904
ISOC2	ENSG00000063241.7	-1.08724696619313	4.96136906369977	-4.79656562653821	0.000127979335536502	0.00724036313187815
SLC25A44	ENSG00000160785.13	-1.08744551794649	4.96700165324511	-5.89762156085258	1.15218287578023e-05	0.00312852565406931
NDUFS5	ENSG00000168653.10	-1.08780501756805	6.48740905328531	-4.7081177374715	0.000156070013225524	0.00793039842583417
CCDC86	ENSG00000110104.11	-1.08960542338158	4.19458095248238	-5.63970205013134	2.00116209673754e-05	0.0035088676242877
NDUFA6	ENSG00000184983.9	-1.09255573689096	5.20373389751326	-5.28808064171868	4.30072246605037e-05	0.00448100275081911
DLD	ENSG00000091140.13	-1.09326500361051	5.97189309010869	-4.51705868076022	0.000240038476227578	0.00981376122654686
SLC19A1	ENSG00000173638.18	-1.09379215218921	4.17850057145791	-4.49957226480843	0.000249712965211884	0.00985324605311403
NRIP1	ENSG00000180530.10	-1.10134797550344	5.72032213612801	-3.58455335459996	0.00199620820943187	0.031134941097675
TCP1	ENSG00000120438.11	-1.10145985916717	7.24591770533877	-5.19509440011458	5.27684579692472e-05	0.00497120672306595
DCAF13	ENSG00000164934.13	-1.10191986782386	4.52713791548417	-6.11293060036538	7.31309062666476e-06	0.00312852565406931
NQO2	ENSG00000124588.19	-1.10342476919802	5.29623205010133	-4.26996697609554	0.000420119523294793	0.0127719338757676
BIN1	ENSG00000136717.14	-1.10586153195227	6.08071166267369	-3.57584845654461	0.00203599221307645	0.0315086497845795
NUDT16	ENSG00000198585.11	-1.10662017539024	5.96946804998591	-3.3819517302502	0.00315607129957328	0.0394971744131654
WDR77	ENSG00000116455.13	-1.10788093464219	4.14577044922281	-4.93274884917119	9.44000996989924e-05	0.0064324874019226
GTPBP4	ENSG00000107937.18	-1.10823864987611	5.57293741960853	-5.62191150498793	2.07944481672514e-05	0.0035088676242877
MRPS16	ENSG00000182180.13	-1.11171082154498	5.29371085950385	-5.78216407666527	1.47373280856373e-05	0.00317905621991424
PGAM5	ENSG00000247077.6	-1.11175746577085	4.35927757253109	-5.10011881765753	6.5087254087454e-05	0.00540013278009844
ELOA	ENSG00000011007.12	-1.11213825999822	5.45655245013881	-4.54813482893017	0.000223770702735456	0.00943077685927989
PDHX	ENSG00000110435.11	-1.11420736304043	4.73375616980821	-6.38191399285079	4.17919313202785e-06	0.00241597806835713
PHB1	ENSG00000167085.11	-1.11486387246026	5.80839683901649	-4.80256859557939	0.00012626999999483	0.00724036313187815
MRPS11	ENSG00000181991.15	-1.11555770264085	3.66859163885033	-5.36841525854759	3.60669844945332e-05	0.0044114865666655
FPGS	ENSG00000136877.14	-1.11654863255173	6.21304367786121	-4.35106700674383	0.000349505423925595	0.0117513821804326
TP53I13	ENSG00000167543.15	-1.11714187123432	5.70633241692263	-3.43297659563627	0.00281294050120051	0.0377142517628716
CRAT	ENSG00000095321.16	-1.11728584649501	6.00172970956308	-3.2925774020597	0.0038589433314617	0.0448774324744485
SLC39A3	ENSG00000141873.10	-1.11792858365369	4.2095204315774	-5.36523417325252	3.63187329082583e-05	0.0044114865666655
UTP4	ENSG00000141076.17	-1.11795231527703	5.17863747810611	-6.191618712432	6.20282424367312e-06	0.003004346304618
EMC6	ENSG00000127774.6	-1.11857081369866	3.66572487956448	-6.19597135349932	6.14672704372762e-06	0.003004346304618
ZBTB7B	ENSG00000160685.13	-1.11984491426431	6.19036732433556	-3.85670808371163	0.00107555254051536	0.0217796351170347
HINT2	ENSG00000137133.10	-1.12033965112456	4.17959280807094	-3.70017264524099	0.00153544014354506	0.0267693666332809
NLE1	ENSG00000073536.17	-1.12071052264261	3.9718600923095	-5.93995527531076	1.05318622527807e-05	0.00312852565406931
ATP5PF	ENSG00000154723.12	-1.12091475245858	5.64684708968432	-4.58302575470701	0.000206830284625349	0.00899661536594875
YRDC	ENSG00000196449.3	-1.12414093459171	3.37728561461231	-5.70264738650424	1.74762606957023e-05	0.00341745803552525
JAGN1	ENSG00000171135.13	-1.12434320484605	4.98825118021077	-4.76985879655691	0.00013587352642957	0.00735646364696171
SURF4	ENSG00000148248.13	-1.1269833200272	7.49558946582953	-3.86080782795868	0.001065564669241	0.0216507760061995
MIRLET7BHG	ENSG00000197182.14	-1.13079392732159	2.3100233537703	-3.51459321124821	0.00233901516202424	0.0341644264723611
SLC2A4RG	ENSG00000125520.13	-1.13178556642927	6.17937975268751	-3.59387629100147	0.00195445299608947	0.0307688942889204
TMEM250	ENSG00000238227.7	-1.13416046240867	5.00606449498024	-4.05455555963895	0.000685590675809101	0.0168452339701904
SNHG16	ENSG00000163597.14	-1.13447395711344	4.79412931780536	-3.84115108228827	0.00111430971866023	0.0222130639244828
UGP2	ENSG00000169764.15	-1.13513082813066	7.33651270043625	-3.50670095487472	0.00238116611192339	0.0344576699823895
CHCHD4	ENSG00000163528.12	-1.13685099420276	3.4576562759174	-5.7842246145903	1.4672522787016e-05	0.00317905621991424
PLEKHJ1	ENSG00000104886.11	-1.14012898070115	5.2009917204626	-5.21057187606992	5.09990053783846e-05	0.00489578501131981
PSMA7	ENSG00000101182.14	-1.14030554559406	7.11891173537739	-4.29934264164342	0.000393017926909105	0.0125155642987877
NCBP2AS2	ENSG00000270170.1	-1.14278465214336	3.52852051277322	-4.83138395957418	0.000118382041119825	0.00708772141893245
MRPS18C	ENSG00000163319.10	-1.14558644056011	2.38919111541591	-5.70241895765331	1.74848396686513e-05	0.00341745803552525
PAK1IP1	ENSG00000111845.4	-1.14726421123906	3.90139515944166	-6.04178516030388	8.49286311587073e-06	0.00312852565406931
MRTO4	ENSG00000053372.4	-1.14803616283616	5.01772848157986	-4.79971339574541	0.000127080103009265	0.00724036313187815
RTN4	ENSG00000115310.17	-1.15145496745374	8.71456836897942	-3.53957157707828	0.00221041084874882	0.0329075440222872
SLC38A12	ENSG00000109066.13	-1.1521883855099	4.14909573012945	-3.49454354886381	0.00244756861567808	0.0349783709422384
DPH2	ENSG00000132768.13	-1.15636365192875	4.31083258550094	-5.03109545835517	7.58497616026015e-05	0.00565636355965255
MTA1-DT	ENSG00000251602.6	-1.15656656602042	-0.0124980334093541	-3.97716991414725	0.00081762953172998	0.0187581195314173
MRPS7	ENSG00000125445.10	-1.1583696483008	5.17585760744515	-5.62836740559601	2.05068066911756e-05	0.0035088676242877
MTCH2	ENSG00000109919.9	-1.15931354362613	5.33622571197744	-4.57869513163689	0.000208860291110399	0.00906291834622146
SLC1A5	ENSG00000105281.12	-1.15953811973028	6.69845405024179	-3.25589395337627	0.00418998951432354	0.0468834307123676
EEF2KMT	ENSG00000118894.14	-1.16000277835724	2.42182098151457	-4.46007777319125	0.000273039671873889	0.0103183564764182
ATP5MC3	ENSG00000154518.9	-1.1632155291883	6.79807228103482	-4.63962640787101	0.000182063454276317	0.0083993439433432
BOLA3	ENSG00000163170.11	-1.16355845720369	3.0741166139495	-4.06639243974218	0.000667370329154982	0.0166805351029099
MRPL35	ENSG00000132313.14	-1.16527189495988	4.49902267779605	-6.63495137572663	2.49037200893369e-06	0.00190891362998081
KLHDC8B	ENSG00000185909.14	-1.16616129330674	5.44013349222224	-3.42203417229169	0.00288328584651175	0.0379100261594549
SHC1	ENSG00000160691.18	-1.16711758035272	7.58944941050576	-4.29936946652799	0.000392994001027783	0.0125155642987877
ZDHHC18	ENSG00000204160.11	-1.16775184047947	5.41073831157392	-3.54440376602571	0.00218635109618248	0.032760533440373
MMP25	ENSG00000008516.16	-1.16966034356784	0.802143776934196	-3.23110716850056	0.0044292539261112	0.0483596529072352
MRPS12	ENSG00000128626.11	-1.17013809397565	4.16259866485787	-4.82592892132344	0.000119835923773033	0.00708772141893245
AGPAT3	ENSG00000160216.18	-1.1714231520544	5.86370804440347	-5.14480289305251	5.8962701467735e-05	0.00519649269776514
TIMM8B	ENSG00000150779.11	-1.17212785614363	4.38721275034133	-5.14970936196272	5.83270340280528e-05	0.0051766666591585
TESK1	ENSG00000107140.15	-1.1728878292027	5.94024237907432	-3.83350358300512	0.00113386946290824	0.0224036104132069
ENDOG	ENSG00000167136.6	-1.17472241937871	1.68611555189457	-3.4229516652476	0.00287732161904142	0.0379100261594549
ATP5MK	ENSG00000173915.14	-1.17545534210522	5.3754611910461	-5.36380878194852	3.64321194055295e-05	0.0044114865666655
MRPS17	ENSG00000239789.5	-1.17583114181473	3.49772858638514	-5.90489020201677	1.13452875091664e-05	0.00312852565406931
GPI	ENSG00000105220.14	-1.17657638927444	7.89742232016735	-3.85614295430608	0.00107693662396863	0.0217830488015144
HMBS	ENSG00000256269.7	-1.17896560978834	3.51625843643815	-4.60751487281616	0.000195720908414541	0.0087251601982512
HMOX2	ENSG00000103415.11	-1.18118973904203	5.43344657506693	-4.31964605358738	0.00037532203993694	0.0122306395129973
GPATCH4	ENSG00000160818.16	-1.18137804038509	4.79613756247366	-4.26339370565919	0.000426437174037513	0.0128873197233158
NDUFAB1	ENSG00000004779.9	-1.18241900980876	5.2135305999941	-6.43096927050944	3.77761365372807e-06	0.00233443497546416
PRELID1	ENSG00000169230.9	-1.18453998507269	4.84642612058883	-5.9006154155549	1.14487744232657e-05	0.00312852565406931
MRPS15	ENSG00000116898.11	-1.18484605581162	5.53036283168054	-5.80194478648481	1.41271446968334e-05	0.00317905621991424
ANXA6	ENSG00000197043.13	-1.18689132758847	8.31796935635008	-3.69072240570773	0.00156876258123227	0.027032494440638
TYSND1	ENSG00000156521.13	-1.19048292020779	4.85555882198858	-4.59618717461137	0.000200782538529284	0.00879761338137726
MPC1	ENSG00000060762.18	-1.19103869466688	5.19183416668057	-5.18627355183678	5.38048036430398e-05	0.00499604086055397
SUB1	ENSG00000113387.11	-1.19125383489354	6.83205352104965	-5.08801909279892	6.68546993298871e-05	0.00542771822251497
SCO1	ENSG00000133028.10	-1.19221901446195	4.88726515580226	-5.30994580811403	4.09929523418896e-05	0.00448100275081911
IMP4	ENSG00000136718.9	-1.19377672238862	5.13374312732308	-5.59902743853507	2.18477838148303e-05	0.0035088676242877
MPC2	ENSG00000143158.10	-1.19540246990621	4.81945990956904	-6.31470847447248	4.8020234968518e-06	0.00260778979051761
PITPNA-AS1	ENSG00000236618.2	-1.1985075240476	0.300187308793505	-4.51437719836128	0.000241497053786461	0.00981376122654686
PEX19	ENSG00000162735.18	-1.20066303733994	6.66791601295188	-3.95710659570893	0.000855835378714401	0.0192560369614685
SAC3D1	ENSG00000168061.14	-1.20255927958316	2.35628992541364	-3.78774281651031	0.00125827071875379	0.0238874915885007
PRKAG2-AS1	ENSG00000239911.2	-1.20379312398019	2.48964805576861	-3.88299194208291	0.00101310307787429	0.0211359956444531
MTLN	ENSG00000175701.10	-1.20653611268997	3.44337486699395	-5.39948525641588	3.36999909367654e-05	0.0042530812505477
DHCR7	ENSG00000172893.15	-1.20685812074	4.84187082723112	-3.43174086728572	0.00282079912973213	0.0377142517628716
SDHB	ENSG00000117118.9	-1.2074566934595	5.73576450237749	-5.54920075222253	2.43346035567245e-05	0.00369576635881407
SMIM12	ENSG00000163866.8	-1.21075144300414	5.13169179795682	-4.8122007618906	0.000123575562863382	0.00721367316636703
ACY1	ENSG00000243989.8	-1.21136944795472	4.47276230866326	-4.27369660283266	0.000416576918736157	0.0127614956592661
TJP2	ENSG00000119139.17	-1.21269976168338	6.9306940270449	-3.71005023870998	0.00150136229401476	0.0265503480551394
NDUFAF8	ENSG00000224877.3	-1.2135551486307	3.60325943734989	-5.61879179989085	2.09349249534266e-05	0.0035088676242877
RAB5IF	ENSG00000101084.17	-1.21452384228659	4.85606622373673	-4.24811501503157	0.000441493689279396	0.0130561194811486
BLCAP	ENSG00000166619.12	-1.21599491717723	6.67831345284023	-3.92810980679605	0.000914229218691004	0.0200047641369493
BNIP3L	ENSG00000104765.15	-1.21832722847931	7.35661869666897	-3.28597833642621	0.00391654341886264	0.0453120559131293
ESRRA	ENSG00000173153.13	-1.21939013443677	5.06400582625163	-4.46945406468447	0.000267309681891225	0.0102799502342761
INPP5K	ENSG00000132376.19	-1.21989955048337	5.84219025620291	-3.65532583352884	0.00170008129251333	0.0284208552641151
SUCLG1	ENSG00000163541.11	-1.22108074158067	6.23617071487086	-5.07738495910805	6.84484302376197e-05	0.00542771822251497
MRPL41	ENSG00000182154.7	-1.22143793632504	5.49503578751774	-4.66055771501092	0.000173684825399648	0.00827820679783803
MRPL36	ENSG00000171421.12	-1.2217709054931	3.82202719183323	-6.27494675782823	5.21483155780664e-06	0.00274867636316038
POLR3H	ENSG00000100413.16	-1.22220269554154	4.7969812981166	-4.86850270148666	0.000108953591364635	0.00685107828366887
TUBG1	ENSG00000131462.7	-1.225238203919	4.34574269336429	-4.55446018384627	0.000220598585203949	0.00934597457550821
GFPT1	ENSG00000198380.12	-1.22589623143207	6.4762822413961	-3.64737485895679	0.00173104761638565	0.0287887982364373
ATPAF1	ENSG00000123472.12	-1.22673306361806	5.20940593377036	-5.45856366779242	2.96279040776563e-05	0.00402243688617938
POLR2L	ENSG00000177700.5	-1.2285659577728	6.35428565011118	-3.59866912705503	0.00193332486347596	0.0307094639493158
SUOX	ENSG00000139531.12	-1.22954123825991	4.95157411111759	-3.93731389121083	0.00089527496249116	0.0197514859923723
POLN	ENSG00000130997.16	-1.23066117212184	1.66976616498404	-3.33717173827781	0.00349090353979969	0.0420999208188091
UQCRHL	ENSG00000233954.6	-1.23104524026255	2.01490542250837	-3.38996742301041	0.00309956160084511	0.0390353081157732
BTBD6	ENSG00000184887.13	-1.23636730821715	6.09925429710728	-3.67939678223022	0.00160964518899828	0.0274990004118571
AURKAIP1	ENSG00000175756.13	-1.24129819857975	5.84650715171288	-5.83604364031724	1.31354711352799e-05	0.00317905621991424
DECR1	ENSG00000104325.6	-1.24237014887341	5.89761407031487	-4.88789705031929	0.000104334546517566	0.00671652896819894
PRADC1	ENSG00000135617.3	-1.24458389520234	3.75001469232406	-4.40511052063359	0.000309217117980218	0.0110168587899075
PTEN	ENSG00000171862.10	-1.24717543912951	7.10006261026271	-3.24935382159056	0.00425186335032186	0.0473277286342348
SCRN2	ENSG00000141295.13	-1.24741496928453	5.8935405972279	-3.81464022495911	0.00118359144045599	0.0230806770450619
CCT5	ENSG00000150753.11	-1.25026771542314	6.40029417663306	-4.97365360215642	8.61800306681216e-05	0.00600946431752299
RTN3	ENSG00000133318.13	-1.2580703054277	7.4260414625827	-4.5473273629457	0.000224178948833951	0.00943077685927989
PPARA	ENSG00000186951.16	-1.25892181834221	4.50121030578346	-3.56607210183133	0.00208160934288877	0.031893404113714
RRP9	ENSG00000114767.6	-1.26005390552222	4.48078661996037	-5.0159464221442	7.84451301378735e-05	0.00576153761147882
POP1	ENSG00000104356.10	-1.26232503248072	2.16766666794715	-4.27577824018328	0.000414612758574116	0.0127499412581556
MT-RNR1	ENSG00000211459.2	-1.26437997971368	9.47988259996057	-3.40062454957455	0.00302596921573132	0.0384830135786484
HSD17B10	ENSG00000072506.12	-1.26452766150213	5.41353152042796	-4.0844447941283	0.000640512932144537	0.0163048753650032
GABRD	ENSG00000187730.8	-1.26726378999947	-0.272428369803634	-3.2955908538002	0.00383291733695877	0.0446907687674939
GRINA	ENSG00000178719.16	-1.26758758795286	8.07542433452142	-4.68162177807963	0.000165647284019386	0.0081108332702498
MPST	ENSG00000128309.16	-1.26781601682043	5.38469969538902	-3.52659491397773	0.00227632545728224	0.0335753321151893
PGM3	ENSG00000013375.15	-1.2697148525356	5.12308132989204	-4.10571246406353	0.000610259262411857	0.0157813221380706
ENSG00000255823	ENSG00000255823.4	-1.27017207682631	-0.332283648326353	-3.56415420243514	0.00209067635157623	0.0319511362476236
ZFAND2A-DT	ENSG00000229043.2	-1.27076686169633	2.08837096538229	-4.06677170442578	0.000666794627566241	0.0166805351029099
TMBIM1	ENSG00000135926.14	-1.27291741695845	8.17470354150315	-3.3273056375418	0.0035692389120551	0.0427569054431413
MKNK2	ENSG00000099875.14	-1.27515584677169	7.58113508902596	-3.68366903521866	0.00159410063725154	0.02731154638641
MLYCD	ENSG00000103150.5	-1.27643536736914	4.296151159542	-3.8195911674412	0.00117033467996258	0.0228969080781763
TWNK	ENSG00000107815.7	-1.27760906666461	2.97005969330878	-4.64545803920276	0.000179688762180286	0.0083993439433432
TNIP1	ENSG00000145901.14	-1.28065185878485	7.4702789135523	-3.69790470169127	0.00154337243360565	0.0267693666332809
AK2	ENSG00000004455.16	-1.28188744670011	6.70444988543843	-4.80405701058336	0.000125849775112007	0.00724036313187815
GPC1	ENSG00000063660.8	-1.28243559395685	6.22081245484748	-3.66573212811878	0.00166038139874725	0.0279389499736744
PIGW	ENSG00000277161.1	-1.28864548934481	2.27646570218961	-4.90368839597624	0.000100720964375469	0.00661179634642044
DPH3	ENSG00000154813.9	-1.29007913354524	4.27010334171737	-3.74520951473572	0.00138605037383319	0.0253397223134504
LSS	ENSG00000160285.14	-1.29357495975811	6.50704763464852	-3.5965056904177	0.00194283372554694	0.0307303823438012
IDH3A	ENSG00000166411.13	-1.29796582033931	4.01044105235804	-5.22107653288873	4.98326765435896e-05	0.00482730484506848
KIF21A	ENSG00000139116.18	-1.30105007108444	3.55554302849595	-4.99176071456224	8.27775777650745e-05	0.00590257514217075
IFRD2	ENSG00000214706.10	-1.30333677973698	5.37142713467828	-5.9105844551836	1.1208928108157e-05	0.00312852565406931
ECHDC1	ENSG00000093144.18	-1.30372923639046	5.79297275231017	-5.99285162288177	9.41652288586144e-06	0.00312852565406931
UQCRH	ENSG00000173660.11	-1.30489099995858	6.14646662405905	-6.05362617940829	8.28369884464411e-06	0.00312852565406931
AIMP2	ENSG00000106305.9	-1.30557885682302	3.10595994407953	-5.2614623975282	4.55964881376278e-05	0.00466934093665387
NIP7	ENSG00000132603.13	-1.3066385336938	3.88948052934371	-6.4386532564389	3.71841204157248e-06	0.00233443497546416
BYSL	ENSG00000112578.9	-1.30698568746085	3.75157541117019	-5.92114533581207	1.09604687949009e-05	0.00312852565406931
SNRPGP10	ENSG00000235363.1	-1.30698906605127	0.279072790321655	-5.47928977514431	2.83217115126869e-05	0.00393452241875086
CYC1	ENSG00000179091.4	-1.30712444867589	6.11070970780004	-5.81235579699006	1.38164710428062e-05	0.00317905621991424
GPX4	ENSG00000167468.16	-1.30965154982869	8.37733559094771	-3.41578886346561	0.00292420868878097	0.0381402794116767
PNO1	ENSG00000115946.7	-1.30976045357698	4.34316742266866	-5.77147084285602	1.5078387293829e-05	0.00317905621991424
MMP17	ENSG00000198598.6	-1.31086025949206	3.35706866593019	-3.44249853764539	0.00275310487697186	0.0373775700759187
NR2F6	ENSG00000160113.5	-1.31214756338276	4.86264222903983	-4.17376331534573	0.000522759782173446	0.0144573735437196
MRPL46	ENSG00000259494.1	-1.31398600811337	3.88448451668345	-5.70921654799692	1.72313851657029e-05	0.00341745803552525
TBC1D16	ENSG00000167291.15	-1.31411092195542	6.62188273182792	-3.37125275903369	0.00323307928855039	0.0400097641180137
HSPD1	ENSG00000144381.16	-1.31525134049687	7.47215437952984	-4.01113817558171	0.000756795308946076	0.017839763222969
COX7A1	ENSG00000161281.10	-1.31577656825251	4.88899518310677	-3.29834355357556	0.00380929380774694	0.0445777291768245
RPL6P10	ENSG00000243199.1	-1.31603607192915	0.107970913040514	-3.42790190769241	0.0028453512752525	0.0377995108997777
RPLP2	ENSG00000177600.8	-1.31604186384837	9.68692850654566	-5.40445909969147	3.33360925777792e-05	0.00423699372401689
PCBD1	ENSG00000166228.8	-1.31824494325393	5.26686793844008	-5.19325765508941	5.29825614700963e-05	0.00497120672306595
CCND1	ENSG00000110092.3	-1.31954806829928	6.43249724760502	-3.26351799400745	0.00411897340599697	0.0466531560831278
NDUFC2	ENSG00000151366.12	-1.32472733349105	5.82953465642101	-5.11458937098744	6.30359024111884e-05	0.00529985239331193
SLC25A51	ENSG00000122696.13	-1.32688302435013	2.91057846663754	-4.88467001896958	0.000105089072899516	0.00671652896819894
GUCD1	ENSG00000138867.16	-1.32725455238876	6.36513427128401	-4.79928053067137	0.000127203379334025	0.00724036313187815
POLR2E	ENSG00000099817.11	-1.32954804229431	7.0449497739867	-4.91354867852653	9.85294088492782e-05	0.00656049596526636
MEGF9	ENSG00000106780.8	-1.33076757163888	5.10694943593021	-5.14072950244453	5.94958041022046e-05	0.00520109417227126
MTATP8P1	ENSG00000240409.1	-1.33218654408403	0.199906847122884	-3.2769983040165	0.00399628126802163	0.0457911487239231
MCCC1	ENSG00000078070.12	-1.33285132686756	5.01634523779395	-3.70409161335915	0.00152182863054249	0.0266935551245057
HSPA2	ENSG00000126803.9	-1.3382846060417	3.53984737837399	-4.01307995524301	0.000753457979210505	0.0177901455144025
EMC3	ENSG00000125037.12	-1.34011373986357	5.68384408321667	-5.72833740888301	1.65384647538773e-05	0.00336802075970721
PDHA1	ENSG00000131828.13	-1.34015697082806	5.95880271256263	-5.72987115494608	1.64841369220968e-05	0.00336802075970721
UQCRFS1	ENSG00000169021.5	-1.34022705198806	5.76428539246479	-6.61088595219209	2.61509425302707e-06	0.00190891362998081
MTHFS	ENSG00000136371.10	-1.34175403680267	3.71529358420489	-6.60196406199891	2.6629563500653e-06	0.00190891362998081
SPTBN4	ENSG00000160460.15	-1.34176721473522	2.02102098992863	-3.4874859192667	0.0024869520012685	0.0352964605710112
BCAP31	ENSG00000185825.15	-1.34504422988554	7.80639416986972	-4.13740768283765	0.000567811860343855	0.0151467837526508
HSPE1	ENSG00000115541.10	-1.34670828041543	5.76257067510953	-4.62532690173948	0.000188021814148685	0.00849153501562289
MLEC	ENSG00000110917.7	-1.34758694174965	6.57576534590502	-3.40275817195593	0.00301144351724961	0.0384678582819726
LPCAT3	ENSG00000111684.10	-1.34916842839926	4.23753263824066	-5.78076525548861	1.47814893129584e-05	0.00317905621991424
RMDN3	ENSG00000137824.15	-1.34963074829941	5.51559566124237	-6.53453515621738	3.05522409885422e-06	0.00210587196444487
PGRMC1	ENSG00000101856.9	-1.35542688243419	6.98931947307927	-5.51524470520689	2.61938825226529e-05	0.00386006931662465
TSPAN3	ENSG00000140391.14	-1.35594232257956	7.35787478812486	-3.49598757376492	0.00243958679321769	0.034947909609316
ZNF232-AS1	ENSG00000234327.7	-1.35744449580286	0.808913289113842	-3.46050153851565	0.00264338296873359	0.0363220206372201
ENSG00000278266	ENSG00000278266.1	-1.36090727840019	0.354645089580328	-3.24416046034023	0.0043016320634541	0.0475567848298341
ATG9B	ENSG00000181652.19	-1.36330717151213	1.51965018544329	-3.21182241578931	0.00462460289851306	0.0495529305264699
CISD3	ENSG00000277972.1	-1.37173947381646	4.58006443865547	-5.1106846875493	6.35828505419377e-05	0.00529985239331193
GCDH	ENSG00000105607.12	-1.3730176076115	4.41223758699935	-3.45735912124062	0.00266221928514081	0.0365031612922789
HACD2	ENSG00000206527.9	-1.37515529329755	5.46180870404088	-3.70013515660429	0.00153557093286664	0.0267693666332809
GINS3	ENSG00000181938.13	-1.37592319734806	2.33456016669628	-3.50649206222054	0.00238229189823004	0.0344576699823895
GRPEL1	ENSG00000109519.12	-1.37637250316659	4.90687422513691	-6.09186869487728	7.64364475184341e-06	0.00312852565406931
MARS2	ENSG00000247626.4	-1.37803948760481	2.20051105997383	-4.73925041012466	0.000145531273828619	0.00759242526730261
MCRIP2	ENSG00000172366.19	-1.38377173180611	3.59798835556867	-4.35363450931126	0.000347476690944383	0.0117493014687062
MRPL15	ENSG00000137547.8	-1.38724957696918	4.42025625264287	-5.45277780422275	3.00034333973399e-05	0.00404279345799795
COA7	ENSG00000162377.5	-1.38832435695239	3.60412383682283	-7.42580458690714	5.22024507710223e-07	0.00168207055123788
ACSS3	ENSG00000111058.7	-1.39009549656163	5.039953249877	-3.98407519966337	0.000804878660764613	0.0186600653034445
TUBA1C	ENSG00000167553.15	-1.3922711567748	4.56655499435443	-3.65209369247827	0.00171260251777113	0.0286034946141439
CLMP	ENSG00000166250.11	-1.39565807451083	6.55210378731524	-3.24662181048826	0.00427797393539543	0.0474980307880616
TACR2	ENSG00000075073.14	-1.39999929709496	-0.155212295633125	-4.3224462135443	0.000372945316671538	0.0122185612798366
COX5A	ENSG00000178741.11	-1.40032846313041	5.67251782928412	-6.11548843048737	7.27396112641573e-06	0.00312852565406931
POR	ENSG00000127948.15	-1.40053965478229	6.68164685548639	-5.20979840711484	5.10859771841306e-05	0.00489578501131981
ALDH6A1	ENSG00000119711.12	-1.40305307915432	5.11500702234045	-3.60681211478624	0.00189794585558953	0.0304503918335004
MAPK11	ENSG00000185386.14	-1.40409597464982	5.38606454938652	-3.86486399627874	0.00105577403185266	0.021574146436524
MT-RNR2	ENSG00000210082.2	-1.41058075601922	12.3051028072235	-4.05277288036291	0.000688377602504833	0.0168760807311753
RAC3	ENSG00000169750.8	-1.41283042180337	2.99364432485683	-3.83587286764497	0.00112777330178806	0.0223279424220941
OXCT1	ENSG00000083720.12	-1.42015977350276	5.12712527961607	-3.81667346287215	0.00117812918070667	0.022999186326192
PRR5	ENSG00000186654.20	-1.42035193959661	4.91127207446672	-5.07818240744507	6.83275852427172e-05	0.00542771822251497
QDPR	ENSG00000151552.11	-1.42128240532209	5.06764735790901	-5.13354112746005	6.0448602341859e-05	0.00521833088632361
ETFB	ENSG00000105379.9	-1.42292205355807	5.54047304672555	-4.19398585105636	0.000499272734633107	0.0140895034120889
WDR3	ENSG00000065183.15	-1.42343339044844	4.74016148603404	-6.7716283294496	1.88960005967333e-06	0.00190891362998081
NUDT8	ENSG00000167799.9	-1.42349152809484	2.13293111901675	-5.08911092952338	6.66932222668774e-05	0.00542771822251497
DDT	ENSG00000099977.13	-1.42606163306368	3.8531213962527	-6.69972864061046	2.18426399003402e-06	0.00190891362998081
ACOX1	ENSG00000161533.11	-1.42873118450118	5.92536731140835	-3.79635466758957	0.00123386322035314	0.0236821327803793
ENSG00000269028	ENSG00000269028.3	-1.43179577469444	-0.267228861079914	-3.84896132327733	0.00109468100498446	0.0220177085188849
ODC1	ENSG00000115758.12	-1.43251131032005	5.44557835677112	-4.06706836584517	0.000666344659958459	0.0166805351029099
CDKN2C	ENSG00000123080.10	-1.43290167078043	5.05581450476012	-3.85003779709846	0.00109200278806108	0.0220177085188849
NICOL1	ENSG00000243449.6	-1.43415939128385	0.803534434592496	-4.02012675867836	0.000741469971420924	0.0176757134528873
ACTRT3	ENSG00000184378.2	-1.43480704831642	0.38393052272117	-4.11968282840594	0.000591170575385182	0.0155728593199459
ADISSP	ENSG00000101220.17	-1.43937570173367	5.44968636883416	-3.80446429147108	0.00121131045240874	0.0234679941812077
CHAC2	ENSG00000143942.4	-1.44111703171616	0.0940424547523706	-4.0597393234438	0.000677550799293526	0.0168107327083037
HOXA10	ENSG00000253293.4	-1.44290089631341	2.69310140182131	-4.23271559508116	0.000457210673716735	0.0133447434587583
RPP40	ENSG00000124787.13	-1.4443250695068	1.82760578632116	-6.38612954359743	4.14301636832892e-06	0.00241597806835713
GLUD2	ENSG00000182890.4	-1.45228885325484	0.575381094416409	-3.21972803270866	0.00454352320340678	0.0489624048877047
CECR2	ENSG00000099954.18	-1.45355867811397	2.33672638631324	-3.84283638673271	0.00111004472278605	0.0222021333449205
LINC01311	ENSG00000260924.2	-1.45396466900432	-0.149470418550763	-3.47117362163764	0.00258038821004787	0.0359056171922351
ECE2	ENSG00000145194.17	-1.45513006262928	1.53843380914938	-3.34315630375983	0.00344421219508215	0.0416489384264961
TTC38	ENSG00000075234.16	-1.46337509656043	5.52199708762898	-4.98902260872825	8.32831762385186e-05	0.00590257514217075
LINC01128	ENSG00000228794.8	-1.46379489319123	4.62252740211274	-3.97156974965949	0.000828118720075869	0.0188813175349614
TOMM40	ENSG00000130204.12	-1.47011444427624	5.43207062807399	-4.90938136463342	9.94496609396153e-05	0.00656049596526636
MTCO2P12	ENSG00000229344.1	-1.47440291059802	1.61638314310246	-4.2613044074999	0.000428465186488448	0.0128909929818812
PPA1	ENSG00000180817.11	-1.47640020179185	6.9681252237107	-3.61598999726581	0.00185883899236004	0.0301678777062745
GPATCH11	ENSG00000152133.14	-1.4767472390781	4.03928092762836	-3.5337701590111	0.00223964246752226	0.0332256892884656
POMC	ENSG00000115138.10	-1.47729623813169	1.42821541443662	-3.82004103575908	0.00116913746119274	0.0228969080781763
MOCS1	ENSG00000124615.17	-1.48162882496331	6.25435693330763	-3.26992183333781	0.00406023510041943	0.0462673330404079
PMM1	ENSG00000100417.11	-1.48182617744315	4.94319203294245	-4.09489075463553	0.000625469833504169	0.0160588035619315
SNN	ENSG00000184602.5	-1.4818418195639	5.665456132125	-3.63888957610515	0.00176471221954562	0.0290942113031068
RRS1	ENSG00000179041.3	-1.48614015005772	3.80953673962919	-6.88094600905143	1.51796412276298e-06	0.00190891362998081
NDUFAF4	ENSG00000123545.5	-1.49024354438153	3.64693611824559	-5.70021086276731	1.7567990874337e-05	0.00341745803552525
RGS3	ENSG00000138835.22	-1.49705062751998	5.72100063081786	-3.75342450114142	0.00136040309079222	0.0249792866701715
CCDC107	ENSG00000159884.11	-1.50567030295613	3.44101572832516	-3.98546118825512	0.00080234345739237	0.0186253848444672
ACADS	ENSG00000122971.8	-1.50578719244989	5.63888486625151	-4.22794097704355	0.000462197168670985	0.013424692803489
PRRT3-AS1	ENSG00000230082.1	-1.50945672738904	0.64927078460747	-3.95120930284684	0.000867401272545088	0.0194091803565264
SPTB	ENSG00000070182.19	-1.51137701405228	1.14203851476014	-3.40167109119681	0.0030188357652922	0.0384678582819726
GPRIN1	ENSG00000169258.6	-1.5126838930258	0.279490806539586	-3.83744758359444	0.00112373965250132	0.0222791652783976
MIEF1	ENSG00000100335.13	-1.51620018796921	5.35222547713352	-5.81374599172633	1.377552055277e-05	0.00317905621991424
PCCA-DT	ENSG00000274605.1	-1.51636990235786	1.69107020758049	-5.12778116249559	6.12232911311521e-05	0.0052303076845292
ENSG00000277203	ENSG00000277203.1	-1.51866973676058	2.57371190662005	-3.51456938400978	0.00233914130247124	0.0341644264723611
AK4	ENSG00000162433.14	-1.52365058750479	5.52853960144899	-4.76511528766438	0.0001373265161931	0.00739037048779104
DHRS11	ENSG00000278535.4	-1.52494145474202	3.62153533436155	-5.12729419821301	6.12892480191469e-05	0.0052303076845292
CABLES1	ENSG00000134508.12	-1.5261533123124	4.90496466700264	-4.49725376243625	0.000251024958821127	0.00986539098033645
CDC42EP4	ENSG00000179604.9	-1.53045349520174	7.31315362670878	-4.61202534539908	0.000193741609007921	0.00865846228187272
TLCD1	ENSG00000160606.10	-1.53176780368974	0.677556893322002	-3.59086745945051	0.00196783342626329	0.0309095341877147
ABHD5	ENSG00000011198.7	-1.53727126777911	4.48962548237987	-3.27019221783568	0.00405777317263994	0.0462673330404079
ACO2	ENSG00000100412.15	-1.53854744490661	5.93397880762527	-5.23106459621112	4.87489581466504e-05	0.00482730484506848
ENSG00000203546	ENSG00000203546.7	-1.54298063263568	-0.700427900495105	-3.99560571058506	0.000784029144571149	0.0182950342446088
RCL1	ENSG00000120158.11	-1.54626135912482	4.72472478097334	-3.92072532792282	0.000929725852281692	0.0202449781272663
ACLY	ENSG00000131473.16	-1.54775582259414	7.00233312140146	-4.38686597347172	0.000322265375807306	0.0112361809623379
ABCD1	ENSG00000101986.11	-1.55574350289573	4.75195653508553	-3.46814384305798	0.00259812017808206	0.0359543719779217
TALDO1	ENSG00000177156.10	-1.55664417437972	6.83328836869282	-4.82628851969929	0.000119739527126073	0.00708772141893245
SLC66A2	ENSG00000122490.18	-1.55763671192343	6.55633088630317	-3.94523772155043	0.000879272127522787	0.0195017769769008
RBPMS-AS1	ENSG00000254109.5	-1.56559166447003	1.18373580073719	-3.53526286953634	0.00223208482817709	0.0331410043129757
MRPL12	ENSG00000262814.7	-1.56709810319503	4.9650239231415	-5.96739138413545	9.93735706336336e-06	0.00312852565406931
TKT	ENSG00000163931.15	-1.57177480336795	7.47084602084353	-4.57063416578034	0.000212692786159011	0.00917089301585244
MRAS	ENSG00000158186.12	-1.58577330218506	6.55935134945612	-3.25776545617958	0.00417244668926112	0.0468834307123676
MOCOS	ENSG00000075643.5	-1.59022265171155	3.15410762329342	-3.21514816111643	0.00459032330394742	0.0493776614225941
ITPK1	ENSG00000100605.16	-1.59138059926005	6.36891450147444	-3.95627980914922	0.00085744754730494	0.0192560369614685
PPARGC1B	ENSG00000155846.16	-1.59839775173245	3.26154895208307	-3.5460765708592	0.00217808259274194	0.0327187075813314
FZD5	ENSG00000163251.3	-1.60006384587391	3.18587775790922	-3.59861144077343	0.00193357781034731	0.0307094639493158
ESYT1	ENSG00000139641.12	-1.60401007432426	7.71764431839783	-3.29494321875865	0.00383849614713633	0.0447267161591874
DGAT1	ENSG00000185000.11	-1.60560108555062	6.15494348867445	-4.45548946890916	0.000275888712760403	0.0103435180363581
STAT5A	ENSG00000126561.16	-1.60774134918901	6.93460477762825	-4.05500623976653	0.000684887903995962	0.0168452339701904
RXRA	ENSG00000186350.9	-1.60978107527911	7.0394941359815	-3.57501578545368	0.0020398386539964	0.0315137487226461
SORT1	ENSG00000134243.11	-1.61255507806067	6.70283168625457	-3.61497141875339	0.00186313944678555	0.0301678777062745
ADIPOR2	ENSG00000006831.9	-1.61733716303208	6.82565716150231	-4.2833670273189	0.00040753087172258	0.0126794457502437
ENSG00000260996	ENSG00000260996.1	-1.61755796100461	-0.557704626285261	-3.63574346975836	0.00177735843826954	0.0292210575552848
PRKCD	ENSG00000163932.13	-1.6307956044869	5.72970958800794	-3.39295754529107	0.00307873750825762	0.0388823501659513
HSDL2	ENSG00000119471.14	-1.637500326223	5.54877141268118	-3.49747623882554	0.00243138512832121	0.0348861912607241
AOC2	ENSG00000131480.8	-1.64182542373223	1.85135681832709	-4.6850242561759	0.000164384808967361	0.0081108332702498
GCSH	ENSG00000140905.10	-1.64234211011584	3.22049816492769	-8.04575581081156	1.62677924663261e-07	0.00168207055123788
SREBF1	ENSG00000072310.16	-1.64467944549968	7.62477706812654	-3.5235068367547	0.00229229526071073	0.0336733945010294
CTIF	ENSG00000134030.13	-1.64904226295555	6.45959418686068	-3.49353901361786	0.00245313636829413	0.0350210732546002
FADS3	ENSG00000221968.8	-1.65083811601439	6.50249052504349	-3.32364413350088	0.00359874761142696	0.0428525953118821
COX14	ENSG00000178449.8	-1.65245864333789	5.29628505563211	-5.65791450746656	1.92414851044072e-05	0.0035088676242877
URB2	ENSG00000135763.9	-1.65776643468388	3.26337669257292	-7.23792292062042	7.50882451308692e-07	0.00168207055123788
TUBB2A	ENSG00000137267.5	-1.65932798595015	4.33421825517262	-3.50148872237459	0.00240941406445159	0.0347154321679286
MPO	ENSG00000005381.7	-1.67243216207174	-0.26788499705619	-3.22025371052068	0.00453818141968218	0.0489407522667202
MACIR	ENSG00000181751.9	-1.67282339654651	3.56349825348156	-4.3408951054201	0.000357660906193999	0.0118917274580754
TMEM120A	ENSG00000189077.10	-1.67480246040332	5.73973046572299	-4.55702516128331	0.000219325269141852	0.00933617137361312
LETM1	ENSG00000168924.14	-1.67554162463214	5.4718458237958	-5.61392548938352	2.11559943344651e-05	0.0035088676242877
TMEM164	ENSG00000157600.11	-1.67619460356496	5.08937825769134	-3.46198236036365	0.00263455223022405	0.036262527279451
CS	ENSG00000062485.18	-1.67744174534005	7.29912011032585	-5.30238275738707	4.16785397295151e-05	0.00448100275081911
RBM20	ENSG00000203867.7	-1.68066002149563	1.9672204250642	-3.4041334518862	0.00300211701264261	0.0384678582819726
ACAA2	ENSG00000167315.17	-1.68070741743619	6.40898501666155	-3.25083957091979	0.00423772917607176	0.0472329567369516
FOXN3-AS1	ENSG00000258920.1	-1.68267423145685	0.924928952470799	-4.24920667127535	0.000440400378082856	0.0130453143398725
RNFT1-DT	ENSG00000267302.5	-1.68277806607404	-0.0854851271523588	-3.41183673814963	0.00295040021744056	0.0383423656974273
SGK2	ENSG00000101049.14	-1.68335729044089	2.88724211661613	-3.9506030976772	0.000868598998154911	0.0194091803565264
EIF4EBP1	ENSG00000187840.4	-1.69097679104727	5.11352290812009	-4.00601947796371	0.000765663903448216	0.0179835685631658
CSPG5	ENSG00000114646.9	-1.69155052059062	-0.401820144467243	-4.52628290583005	0.000235088694190016	0.00972984870341632
CLUH	ENSG00000132361.16	-1.69485702366407	6.75756056779062	-4.41524819835078	0.000302198567317844	0.0109369493333904
SMIM3	ENSG00000256235.1	-1.69868090121645	6.44366756048145	-3.38121257311152	0.00316133301997449	0.0395078445264734
PDXK	ENSG00000160209.18	-1.70303461415144	6.95789505893064	-3.7963797558855	0.00123379280909138	0.0236821327803793
LDHB	ENSG00000111716.12	-1.71150507677206	8.02756505110264	-4.43624516232104	0.000288169030637251	0.0106042652937375
MESTIT1	ENSG00000272701.2	-1.72210071573864	-0.966847852987171	-3.8792909099327	0.00102167268879555	0.0212180952209256
ELOVL5	ENSG00000012660.13	-1.72489979678191	7.61849138097806	-5.64124290063731	1.99452574814876e-05	0.0035088676242877
STK39	ENSG00000198648.10	-1.7258748137101	4.72002070466183	-5.63599033635268	2.0172413238074e-05	0.0035088676242877
PEX5	ENSG00000139197.10	-1.72638818154406	6.19404496827604	-4.59771866913977	0.000200090536408641	0.00878878064455702
MT-TS1	ENSG00000210151.2	-1.72785896300055	1.23014767945692	-4.65398062300724	0.000176274613204186	0.00831320353482164
TRDC	ENSG00000211829.9	-1.73300813529787	0.113029830164578	-3.33564148306607	0.00350294197723028	0.0422166934592763
PXMP2	ENSG00000176894.9	-1.74170099713043	3.33757463368931	-5.3271046573843	3.94799194916706e-05	0.00444164137697601
PRODH	ENSG00000100033.16	-1.74383710252787	2.5921290250242	-3.47050550163424	0.00258428813438204	0.0359056171922351
TENM3	ENSG00000218336.8	-1.74851938929975	3.35561260353043	-3.2471424098602	0.00427298635084512	0.0474743883406667
MSRB1	ENSG00000198736.11	-1.75061756122172	4.22414771470779	-5.18092666347197	5.44430884339924e-05	0.00502925045270916
HK2	ENSG00000159399.9	-1.75091177987262	5.98423460073601	-3.4813624315317	0.00252162900784946	0.0355268187497407
ATP10A	ENSG00000206190.11	-1.75780933029558	3.99529072047828	-3.71185995331731	0.00149520071411186	0.0265301900966323
KLLN	ENSG00000227268.3	-1.75963071003226	0.201048492043545	-4.64580297860794	0.000179549286828245	0.0083993439433432
HSPA8	ENSG00000109971.13	-1.76051456219339	8.50729448862645	-3.72942175011253	0.00143669782623834	0.0258536282040556
GCHFR	ENSG00000137880.5	-1.76568881147828	0.332546501528967	-4.50819873255859	0.000244892003141475	0.00982054634614843
MT-ND5	ENSG00000198786.2	-1.77378645824394	11.3937412253636	-4.06750657979741	0.000665680546396754	0.0166805351029099
GPR153	ENSG00000158292.6	-1.77862903886979	4.57353069977888	-4.39871909463607	0.000313726382282954	0.011099425762399
ATF5	ENSG00000169136.10	-1.78824702591176	5.1243150915107	-3.96529109492132	0.000840038882450128	0.0190273882141
EGFLAM	ENSG00000164318.17	-1.79496422518941	5.42406459536388	-4.52731406831309	0.000234541818733898	0.00972968503131988
KLHL25	ENSG00000183655.12	-1.80330011498648	4.04436244469304	-6.01899761191716	8.91081400801489e-06	0.00312852565406931
PEMT	ENSG00000133027.17	-1.80655267729391	5.28149549027893	-3.34768103966131	0.00340931809942354	0.0413945729402231
ACOT2	ENSG00000119673.14	-1.80815461562985	5.00434483497152	-4.48897930914721	0.000255764377247909	0.00994263211422943
ACACA	ENSG00000278540.4	-1.8089850703727	5.77211568923827	-7.30179342367916	6.63235468718106e-07	0.00168207055123788
RRAGC-DT	ENSG00000228436.2	-1.81697511332228	-0.495056197061434	-3.23343390926935	0.00440623729608221	0.0482076792326552
RTN4RL1	ENSG00000185924.6	-1.81943114095828	3.86359162667085	-4.05513504982075	0.00068468717567063	0.0168452339701904
ACOT4	ENSG00000177465.4	-1.83417322986178	1.92832987086455	-4.14000337165627	0.000564469799783978	0.0151208718713433
DCXR	ENSG00000169738.7	-1.83746827735364	6.02722792872484	-4.35152373729881	0.000349143663267376	0.0117513821804326
PSMD8	ENSG00000099341.11	-1.83854838336863	7.03987534720144	-5.33548567608481	3.87617669120045e-05	0.00444164137697601
LRG1	ENSG00000171236.9	-1.83980814151615	2.71706661622617	-3.27712849356142	0.00399511397003853	0.0457911487239231
SLC25A22	ENSG00000177542.10	-1.84228912481194	4.62262257834887	-5.93291861452806	1.06901474601183e-05	0.00312852565406931
NOC2LP1	ENSG00000213225.7	-1.84778141527296	-0.685111479203909	-3.25578433752274	0.00419101925122554	0.0468834307123676
GYS1	ENSG00000104812.14	-1.85014067371325	5.94329183282237	-5.80260515210532	1.41072274209315e-05	0.00317905621991424
TUBB4B	ENSG00000188229.5	-1.85337536125595	6.48135773781961	-4.62402696962968	0.000188573174525695	0.00849153501562289
MT-CO1	ENSG00000198804.2	-1.85716886551524	13.4168378267927	-4.03401025905593	0.000718407440487832	0.0173045426626108
PTPRF	ENSG00000142949.16	-1.86119726840288	7.84939609329635	-3.39740341085546	0.00304802945438611	0.0386853653343154
NOP16	ENSG00000048162.20	-1.86433288219593	3.50436719304651	-6.66591060660888	2.33889681163117e-06	0.00190891362998081
ORMDL3	ENSG00000172057.9	-1.86467862319055	6.41013476314001	-3.68217238576105	0.00159952914519053	0.0273783780429413
RDH10	ENSG00000121039.9	-1.872561452813	4.57144366931051	-3.78773652839965	0.00125828871489005	0.0238874915885007
COL15A1-AS1	ENSG00000270412.1	-1.87524918953862	-0.911864124465738	-3.22847999296281	0.00445538387974445	0.0484790130594416
PEX11A	ENSG00000166821.8	-1.87545245535961	4.22735922239807	-4.5555445099252	0.000220059389690812	0.00934522351338635
ANKEF1	ENSG00000132623.15	-1.87783310104868	2.21632911703105	-5.29244372250581	4.25973634531727e-05	0.00448100275081911
HADH	ENSG00000138796.16	-1.88308805240432	6.44495594787822	-4.29561040223947	0.00039636116223627	0.0125155642987877
ENSG00000259407	ENSG00000259407.1	-1.88838900246723	-0.210578417932348	-3.59463426120782	0.00195109649653677	0.0307525068728544
CCNP	ENSG00000105219.8	-1.88987540834425	-0.44090283178511	-3.80769286892868	0.00120244653709765	0.0233467436525753
CRLS1	ENSG00000088766.11	-1.89211074923393	5.29962916039387	-5.60735404834077	2.14583283920037e-05	0.0035088676242877
MTHFD1	ENSG00000100714.15	-1.89998750485002	5.66461764484144	-4.5627917589535	0.000216489678209764	0.00925945470930116
ECHS1	ENSG00000127884.4	-1.93186103851421	6.92030157761002	-5.33165187374837	3.90886059389749e-05	0.00444164137697601
PCK2	ENSG00000100889.11	-1.93218223653805	5.00442065865981	-4.44134708737028	0.000284860555992005	0.0105165558518357
PGD	ENSG00000142657.20	-1.94400332324683	6.80166537918028	-4.17828564408873	0.000517412821785814	0.0144056884668004
SLC25A10	ENSG00000183048.11	-1.94847562380999	4.31015578434171	-4.5174254479175	0.000239839668964698	0.00981376122654686
PRDX6	ENSG00000117592.8	-1.97124150842747	8.22183435459568	-4.12198892679669	0.00058807772062066	0.0155478734422213
C19orf12	ENSG00000131943.17	-1.97169443187356	5.41331993278383	-4.01757052280361	0.000745796396314505	0.0176757274015997
ENSG00000279233	ENSG00000279233.1	-1.97281996255118	1.94081790772887	-3.72073392604087	0.00146534913707769	0.0261473051272184
ENSG00000250899	ENSG00000250899.3	-1.97419159510603	1.57308571649827	-4.275737008802	0.000414651572402752	0.0127499412581556
SLC2A6	ENSG00000160326.13	-1.97864409936666	2.51975305101148	-4.6884568171972	0.000163121055542654	0.00809776298166176
TST	ENSG00000128311.13	-1.98250898429147	4.49840103983482	-5.04922558834037	7.28583163193677e-05	0.00557899314977789
GBE1	ENSG00000114480.12	-1.98660300552228	6.15127827923957	-3.82241584691376	0.00116283766055572	0.0228500150381787
LDHD	ENSG00000166816.13	-2.00006799789174	3.71350149940524	-4.07238859057547	0.000658326582421945	0.0166167192726531
FBXO27	ENSG00000161243.8	-2.00983051122148	2.74019233107934	-4.41702233195358	0.000300986928653617	0.0109190015149827
UFSP1	ENSG00000176125.4	-2.01473274442201	0.00236570294344025	-5.44799490670855	3.03175415821456e-05	0.0040546318111465
PHLDA3	ENSG00000174307.6	-2.01823631803989	6.64745573775336	-3.67677473748419	0.00161925990762632	0.0276221401507936
IGF1	ENSG00000017427.15	-2.02381701517638	3.90661988043689	-3.42391458930719	0.00287107513280238	0.0378884664616727
ADCY5	ENSG00000173175.14	-2.02448417327708	5.37087016875616	-3.78342230517934	0.00127069633105855	0.024072039058034
EPB41L4B	ENSG00000095203.14	-2.02543919097446	4.75007576533418	-3.25642491532128	0.00418500513539584	0.0468834307123676
SLC35C1	ENSG00000181830.8	-2.03516548271507	4.97812528935875	-4.19599433013986	0.000496998722737638	0.0140484449687401
ASS1	ENSG00000130707.17	-2.03545050738009	7.22023245101268	-4.05453207678362	0.000685627313800144	0.0168452339701904
GLYCTK	ENSG00000168237.17	-2.03675490861119	3.51034106285274	-3.90554408757998	0.000962413591376537	0.0206184513589944
PGM1	ENSG00000079739.15	-2.03818504374862	6.35753107833932	-4.2201459828825	0.000470455911410206	0.0135984522393263
S100A1	ENSG00000160678.11	-2.04089670416759	1.79348474339962	-4.38392261383881	0.000324421878224036	0.0112361809623379
VKORC1L1	ENSG00000196715.5	-2.0443244781419	6.22815040583962	-3.89030765051142	0.000996374347263101	0.0209824026760306
SLC6A8	ENSG00000130821.15	-2.04945401689009	5.66664624060462	-5.50499953868972	2.67829649226366e-05	0.00390225621445993
MIR193BHG	ENSG00000262454.2	-2.05249387946022	0.417110758461811	-3.4428527257461	0.00275090353542493	0.037375998679568
LINC01914	ENSG00000234362.5	-2.0559321295745	-0.985694013121075	-3.27847419321839	0.00398306779166683	0.0457389227160305
HOXB8	ENSG00000120068.6	-2.05719058647982	0.959229734158298	-3.28398320330853	0.00393412328820096	0.0454274635617587
HACD1	ENSG00000165996.13	-2.06203722073275	2.57943311666688	-5.0671234865883	7.00230277831664e-05	0.00550915048941355
PCYT2	ENSG00000185813.10	-2.06483147190848	5.0986077612198	-5.2342395623011	4.84095340880599e-05	0.00482730484506848
MMP15	ENSG00000102996.4	-2.06570194807943	4.1806080467721	-4.15907966661122	0.000540506747832324	0.0148110419386897
PTGER3	ENSG00000050628.20	-2.08976383478125	5.46784270192892	-3.54846481204752	0.00216633132727596	0.0326242216101785
KCNQ3	ENSG00000184156.16	-2.09386210849073	2.12713601929887	-5.37887014541195	3.52520916801811e-05	0.00435691541379673
DLAT	ENSG00000150768.15	-2.09485249598319	5.15089653478172	-6.77696516308586	1.86943557528452e-06	0.00190891362998081
DMRTA1	ENSG00000176399.3	-2.09500162124611	0.333899132337585	-4.51648821742355	0.000240348028843941	0.00981376122654686
PLAAT5	ENSG00000168004.9	-2.11281619864296	4.16872334905224	-3.7327298794978	0.00142593507288813	0.0257602645576898
HCAR3	ENSG00000255398.2	-2.11499034695549	-1.08003938089519	-3.47087772386894	0.00258211469627147	0.0359056171922351
TMEM132C	ENSG00000181234.9	-2.12346636525126	4.9987197582656	-3.54493059695687	0.00218374368165171	0.032760533440373
HK2-DT	ENSG00000272711.1	-2.12487979236046	0.0657889972247381	-4.95285831159585	9.02637332239008e-05	0.00622160139655972
BANK1	ENSG00000153064.11	-2.1379682704892	1.67421161844674	-3.30588827423417	0.00374527493226108	0.0440127909477649
APMAP	ENSG00000101474.11	-2.14862506406484	6.97826699963923	-5.47439184969122	2.86249698130205e-05	0.00394606218476262
ACOT1	ENSG00000184227.7	-2.1487727990592	2.98117731949326	-6.0822049460015	7.80041982627401e-06	0.00312852565406931
ABHD15	ENSG00000168792.4	-2.1490369280953	4.11609752912838	-4.23090388638103	0.00045909637486643	0.0133779937137907
KCNK3	ENSG00000171303.6	-2.14976552705701	2.9749597879733	-4.25295273334123	0.000436669311597462	0.0129992537095318
CYB5A	ENSG00000166347.18	-2.15018130985532	6.56109044508939	-6.21274140190765	5.93543155362212e-06	0.003004346304618
NSDHL	ENSG00000147383.10	-2.15211539070979	4.45220884058152	-6.83040558252426	1.67936688572151e-06	0.00190891362998081
GPAT3	ENSG00000138678.10	-2.15656484928783	3.55777398002727	-3.71825526080759	0.00147362709953787	0.0262252941914779
GRK3	ENSG00000100077.14	-2.16957847011269	5.59469827990936	-4.95285852181138	9.02636909622373e-05	0.00622160139655972
CA3	ENSG00000164879.6	-2.17124786518323	2.20315807019526	-6.93202023595429	1.37109060328272e-06	0.00190891362998081
MGST1	ENSG00000008394.12	-2.17206077408935	7.69857459249933	-3.44005803615605	0.00276832029298891	0.037432262139094
FNDC4	ENSG00000115226.9	-2.17340784551372	4.8204514211443	-4.50809038272196	0.000244951967899579	0.00982054634614843
CKB	ENSG00000166165.12	-2.17881110170269	6.13208302828413	-3.37946539078408	0.00317380473285274	0.0396084642182827
SHMT1	ENSG00000176974.19	-2.18447530223316	5.60707574893209	-4.67617495198755	0.000167688803144448	0.00816617130747734
PSAT1	ENSG00000135069.13	-2.18626776368735	2.40628355738531	-5.93480254819667	1.06475314037928e-05	0.00312852565406931
FGFRL1	ENSG00000127418.14	-2.19186919971417	5.73327007659671	-5.43615265206228	3.11098227112015e-05	0.00409220005088189
TUBB6	ENSG00000176014.12	-2.19737934292268	6.83348831195075	-3.85225523921475	0.00108650647547258	0.0219518405264308
TMEM52	ENSG00000178821.12	-2.21750977704834	0.136660151356608	-4.88227510795008	0.000105652622172464	0.00671652896819894
RIDA	ENSG00000132541.10	-2.21972341787745	3.28337370144433	-4.7637846136777	0.000137736942297986	0.00739037048779104
KCNB1	ENSG00000158445.9	-2.22046864221014	3.42706791855088	-3.42961307695089	0.00283438155822761	0.0377626380570709
SCEL	ENSG00000136155.16	-2.22272546013203	-1.6194024233381	-3.48781498638832	0.00248510189631946	0.0352964605710112
F2RL3	ENSG00000127533.3	-2.22482716855371	4.27335401335433	-3.20762151065798	0.00466826080682947	0.0499164092596605
SIX1	ENSG00000126778.8	-2.22562321953722	1.89639272229227	-3.51223964479705	0.002351507357342	0.0342412737232845
GGCT	ENSG00000006625.17	-2.24301923240718	5.25969795366542	-4.85858364726426	0.000111395772300524	0.00693167928957532
HEBP2	ENSG00000051620.10	-2.24571203515208	7.16905871810092	-4.65710537970467	0.000175039368503331	0.00828461836947689
AIFM2	ENSG00000042286.14	-2.24727961364543	5.78920660159845	-4.01649411708061	0.000747625767000309	0.0176757274015997
PLEKHG6	ENSG00000008323.15	-2.2487852079829	4.01247825824455	-3.70618926692151	0.00151459230774158	0.0266107928892518
RETREG1	ENSG00000154153.13	-2.26800151879704	4.59291069201836	-7.35377041741183	5.99760640149796e-07	0.00168207055123788
MESP1	ENSG00000166823.5	-2.26950805165109	2.37984326843871	-4.23414363846111	0.000455729800221875	0.0133447434587583
ENSG00000227141	ENSG00000227141.2	-2.2700026185779	-1.66026487951925	-3.41425240512975	0.00293436379263938	0.0382277106008716
ADORA1	ENSG00000163485.16	-2.28405044476598	2.66763479592872	-3.42421561359061	0.00286912513087682	0.0378884664616727
PLAAT3	ENSG00000176485.11	-2.29497272012576	7.05842682836818	-3.60557190963429	0.00190329250054248	0.0304815950868828
ACSS2	ENSG00000131069.19	-2.30032692318262	6.6338392724843	-6.62219604562205	2.55569406617869e-06	0.00190891362998081
ACO1	ENSG00000122729.18	-2.307852276315	6.66206813297621	-3.5948715047567	0.00195004709076101	0.0307525068728544
ADRA1A	ENSG00000120907.17	-2.31908135381084	1.99727569257164	-3.74498051097621	0.0013867721754213	0.0253397223134504
ACSM5	ENSG00000183549.10	-2.33158199394815	2.8843695606231	-3.62885437631535	0.00180536481261414	0.0295239130926688
FITM2	ENSG00000197296.5	-2.33633008435555	4.08794350577337	-5.77231167332662	1.50512780175392e-05	0.00317905621991424
PRXL2A	ENSG00000122378.13	-2.33759632258278	7.61872038860143	-3.37174209708407	0.00322951720309112	0.0400097641180137
FAM228A	ENSG00000186453.12	-2.33872458565746	0.512849492271382	-4.40320251402309	0.000310556359006338	0.0110426200590329
SLC7A6	ENSG00000103064.13	-2.35222891290304	4.89533078766207	-3.26396836972475	0.0041148153345262	0.0466423817900342
MT-ND6	ENSG00000198695.2	-2.36453643534914	9.62380853465806	-4.70600425895979	0.000156812908391778	0.00793039842583417
IL1RL1	ENSG00000115602.16	-2.3859252268455	3.48629882071585	-3.55989444586551	0.00211095468230494	0.0321771015606229
ZBED3-AS1	ENSG00000250802.6	-2.38689635861636	1.56201115481694	-4.531506634451	0.000232331515657366	0.00970539182306681
PECR	ENSG00000115425.13	-2.39548008517022	3.52619747141663	-4.25099250918397	0.000438617704012609	0.0130356017804477
CNTFR	ENSG00000122756.14	-2.39778311444826	5.64038319957625	-4.40753935889891	0.000307520731038755	0.0110001577264382
S100A8	ENSG00000143546.9	-2.40129470954468	3.23479328621719	-4.39230614065046	0.000318317539350939	0.0111660970210385
CHCHD10	ENSG00000250479.8	-2.40143903403638	4.54991506672623	-6.09039292210739	7.667374872124e-06	0.00312852565406931
ENSG00000183154	ENSG00000183154.1	-2.40727380684631	-0.44724765659786	-4.28856499562482	0.000402750517319019	0.0125743763429863
BOK	ENSG00000176720.4	-2.42516793719296	5.69575704805071	-4.11244851739349	0.000600979308266027	0.0156701052488879
TSKU	ENSG00000182704.7	-2.42642178467269	6.87178420083161	-3.60104119327342	0.00192295199729504	0.0307094639493158
LPIN1	ENSG00000134324.11	-2.43174442879202	6.7116530025906	-4.2789922407814	0.000411598436270893	0.0127176820282943
SPON1	ENSG00000262655.3	-2.43373001187214	5.67421152218025	-3.79395783320611	0.00124060851717737	0.0236821327803793
MGAT3	ENSG00000128268.11	-2.45824871754849	4.04724185581283	-4.78251056117218	0.000132073999293795	0.00726368178576355
GLUL	ENSG00000135821.17	-2.46928075890865	10.3065623757391	-4.00230876627643	0.00077215802626512	0.0180886849525454
FAH	ENSG00000103876.11	-2.4957418907329	5.5296566126804	-4.35534403604056	0.00034613248358272	0.0117481822694809
SSC4D	ENSG00000146700.8	-2.4959980040395	0.426155533993202	-3.42936101539755	0.00283599481752777	0.0377626380570709
NMB	ENSG00000197696.9	-2.49926486390888	3.8425335738336	-4.79000870949554	0.000129873274805154	0.00726368178576355
PPIF	ENSG00000108179.13	-2.4999812891546	5.68176408331576	-6.3487073485504	4.47579878507295e-06	0.00250658718835289
DNAH9	ENSG00000007174.17	-2.50927382085339	0.518528030873819	-4.30308187963721	0.000389696906027397	0.0124709968802089
AMN	ENSG00000166126.10	-2.52476074110578	-0.527219200574367	-3.86790609344656	0.00104849007560686	0.0214742750228006
MEST	ENSG00000106484.14	-2.5303425769986	6.00162648323334	-3.37121814674802	0.00323333139131355	0.0400097641180137
IRF8	ENSG00000140968.10	-2.53584722605468	4.06872631793471	-5.22145484225714	4.97911846441051e-05	0.00482730484506848
PNPLA2	ENSG00000177666.16	-2.54321908026564	8.80200654369901	-3.90575184701898	0.000961958593099848	0.0206184513589944
SLC25A1	ENSG00000100075.9	-2.5441931427014	6.66425771480653	-6.06662423966688	8.06018760366251e-06	0.00312852565406931
TYRO3	ENSG00000092445.11	-2.55400089122804	4.05762951358834	-4.63930238330289	0.00018219632861892	0.0083993439433432
FAM89A	ENSG00000182118.7	-2.57356410824431	4.47556621673297	-3.88822376873989	0.00100111124072468	0.0210080966569403
AACS	ENSG00000081760.16	-2.5808129506494	5.46755248710833	-6.86397494167958	1.57029310821148e-06	0.00190891362998081
F5	ENSG00000198734.10	-2.59120538703735	0.543802997930071	-5.22791264019535	4.90883261517686e-05	0.00482730484506848
STOX1	ENSG00000165730.14	-2.59862153543579	2.40040894179538	-4.60531040981209	0.000196695715043519	0.00872520769627449
ENSG00000274080	ENSG00000274080.1	-2.60367054683506	-1.63067521091997	-4.20435598335616	0.000487642973546786	0.0139119845694192
SNAI1	ENSG00000124216.3	-2.60451719454143	3.989216207868	-3.34488334642005	0.00343085229587794	0.0415715375215879
TM7SF2	ENSG00000149809.14	-2.60522368850552	4.56301089031967	-4.51550236910437	0.000240883935215403	0.00981376122654686
CNTFR-AS1	ENSG00000237159.5	-2.61202437383848	-1.53606954531034	-3.54735452779317	0.00217178662612319	0.032651500106337
PC	ENSG00000173599.13	-2.61411334717415	6.03852029088846	-4.11317548817455	0.000599986298187782	0.0156701052488879
MTCO3P12	ENSG00000198744.5	-2.62102246204117	2.18457285837673	-4.00357217041698	0.000769940772514885	0.0180603515500514
LINC02883	ENSG00000259416.2	-2.62161199940683	-1.41166762001974	-4.78535217220005	0.000131235558205773	0.00726368178576355
NPC1L1	ENSG00000015520.14	-2.6266150309765	0.333694212682958	-4.18146020630283	0.000513692251669422	0.0144056884668004
SLC4A4	ENSG00000080493.15	-2.6382253455693	2.02337274911408	-3.74487568421935	0.001387102705736	0.0253397223134504
TNK2-AS1	ENSG00000224614.1	-2.64771455582505	-1.78512493990302	-3.94284688411353	0.000884070262441565	0.0195839594230103
RETSAT	ENSG00000042445.13	-2.64927501608332	6.70034962582355	-4.31573540338934	0.00037866689205567	0.0122422118823776
CDO1	ENSG00000129596.4	-2.66920852896404	5.16075596342607	-5.11271412662487	6.32979757862233e-05	0.00529985239331193
ME1	ENSG00000065833.8	-2.67724918281465	4.20950194859394	-4.26958814025627	0.000420481055002672	0.0127719338757676
GPT2	ENSG00000166123.13	-2.68534425911683	5.08087899374024	-4.18020623975324	0.00051515867049673	0.0144056884668004
CD177	ENSG00000204936.9	-2.69521310580687	-0.768395004814755	-3.37883999693466	0.00317828066060075	0.0396091569670556
HCAR2	ENSG00000182782.7	-2.70170746541576	2.1706323247318	-4.49414792699197	0.000252793414686658	0.00991315270153084
RNF157	ENSG00000141576.14	-2.70341199138847	3.11874445261515	-5.46576012053614	2.91675244492479e-05	0.0039901618752288
STBD1	ENSG00000118804.8	-2.7042422111299	5.04235186737536	-4.29136533398823	0.00040019861057978	0.012554215402525
ECHDC3	ENSG00000134463.14	-2.7161838213488	5.14394470385226	-3.9766871412737	0.000818528512558917	0.0187581195314173
ENSG00000261578	ENSG00000261578.1	-2.71873957513044	1.62461564612674	-3.59683367651661	0.00194138916854544	0.0307303823438012
MT1M	ENSG00000205364.3	-2.73250494877842	5.07151322693896	-3.55368453586685	0.00214086569353962	0.0323307130038826
LINC00632	ENSG00000203930.10	-2.74390570111301	-0.215769495655947	-3.40241890959691	0.00301374861757961	0.0384678582819726
NPTX2	ENSG00000106236.3	-2.74851349173181	1.17816830257613	-3.29707640422965	0.00382015063237978	0.0445999475458489
FAM240C	ENSG00000216921.7	-2.75639777559453	-1.14854759698595	-3.37799221816432	0.00318435810436905	0.039615289908546
LINC02972	ENSG00000249790.2	-2.76756459031468	-2.08456583812691	-3.43323917625574	0.00281127339776223	0.0377142517628716
ALDOC	ENSG00000109107.13	-2.7707133317869	5.15467614016845	-5.78999204338478	1.44926840329037e-05	0.00317905621991424
KLHL31	ENSG00000124743.5	-2.77456002086124	2.29393199442353	-4.92132610763854	9.68350474730211e-05	0.0065239882923459
IP6K3	ENSG00000161896.11	-2.77469722363235	-0.886612657670247	-3.4288787593714	0.00283908390261294	0.0377722513873248
CDKN2B	ENSG00000147883.10	-2.78616449151667	4.14944846936565	-4.08166691096289	0.000644574055453547	0.0163849810606851
SLC2A4	ENSG00000181856.14	-2.79365334400789	4.25955937155859	-4.77595029158832	0.000134030494439203	0.00734544492613135
NXPH4	ENSG00000182379.9	-2.82361125205638	-0.303436651313779	-6.64925308086899	2.41917683420056e-06	0.00190891362998081
GPT	ENSG00000167701.13	-2.85706894906908	3.27708361646539	-4.1196889631122	0.000591162326121334	0.0155728593199459
MT1JP	ENSG00000255986.6	-2.88239040329756	-0.640150639580018	-5.78688883317827	1.45891647028757e-05	0.00317905621991424
ALPK3	ENSG00000136383.6	-2.90607629923005	4.61725144242003	-3.84640977566667	0.0011010553345351	0.0220929135221316
ATP1A2	ENSG00000018625.14	-2.92309126452227	5.15646452785998	-3.37807978738354	0.00318372982088557	0.039615289908546
NXNL1	ENSG00000171773.2	-2.92987781579667	-2.1889690116699	-3.51229443537917	0.00235121579342498	0.0342412737232845
S100B	ENSG00000160307.9	-3.0102570610497	4.96152073467177	-3.68929426362577	0.00157386044062993	0.0270942871820643
SLC29A4	ENSG00000164638.10	-3.01539621512481	3.92165957852897	-4.37257974868901	0.00033286946589182	0.0114498151597837
MYMX	ENSG00000262179.2	-3.02900085801589	0.889604618345844	-3.49666021297612	0.00243587757110564	0.0349226895614273
CALB2	ENSG00000172137.18	-3.06461518966401	4.33232452651336	-3.42414219399553	0.00286960061454906	0.0378884664616727
TF	ENSG00000091513.14	-3.06570112762887	4.02283531951704	-5.52087485218258	2.58758227762468e-05	0.00386006931662465
FCN2	ENSG00000160339.15	-3.07186912593502	0.365295067696017	-6.06565171356204	8.07669412252369e-06	0.00312852565406931
OPN4	ENSG00000122375.11	-3.09193091276043	-0.770975913542443	-3.6909291732744	0.00156802586938739	0.027032494440638
NRCAM	ENSG00000091129.19	-3.11063321949636	2.11535038988672	-5.15679447980567	5.74214202807736e-05	0.0051766666591585
ENSG00000264968	ENSG00000264968.1	-3.12151822887385	-2.16409149519274	-3.35802315030064	0.00333086018127078	0.0408013296709185
NNAT	ENSG00000053438.8	-3.13027514710655	3.25126625445271	-4.18982816712279	0.000504013379391923	0.0141574040314775
PLIN5	ENSG00000214456.8	-3.14538128208678	4.81723211631028	-4.39220502819481	0.000318390468040326	0.0111660970210385
SLC1A3	ENSG00000079215.13	-3.16364415938506	4.76523426321907	-3.97878686027113	0.00081462577363866	0.0187406225875697
ENSG00000250934	ENSG00000250934.1	-3.18137318912272	-1.6183347896937	-4.60382020285843	0.000197357463597055	0.00873294593857486
ABCD2	ENSG00000173208.3	-3.19907284242018	2.73255359273563	-4.62892023803984	0.000186506197190906	0.00848579244554156
FCN3	ENSG00000142748.12	-3.23238429888932	3.1821937873818	-3.5982099142309	0.00193533936064522	0.0307094639493158
LINC00598	ENSG00000215483.9	-3.26767302454888	1.29321041897871	-3.53097254846102	0.00225387505189631	0.0333459857241029
TTC36	ENSG00000172425.10	-3.29310890302628	0.0593173365139505	-5.61348811496836	2.11759804461701e-05	0.0035088676242877
CEBPA	ENSG00000245848.2	-3.32247582052717	4.73681992452607	-3.95762974728757	0.000854816840647114	0.0192560369614685
ENSG00000279400	ENSG00000279400.1	-3.33928809563777	0.202479132222617	-3.40719848702989	0.00298143355218876	0.0384558211752664
CLDN2	ENSG00000165376.10	-3.3528464854734	-1.62362000916945	-3.42099027221786	0.00289008660190655	0.0379557418336161
ELOVL6	ENSG00000170522.9	-3.37470847841792	3.3135627413125	-5.99272151480573	9.41911188153566e-06	0.00312852565406931
CIMIP2B	ENSG00000215187.10	-3.39208144831638	0.199903731637325	-5.89915999773835	1.14842290678013e-05	0.00312852565406931
S100A12	ENSG00000163221.8	-3.40804614575013	-1.21568202994118	-4.34510544410919	0.000354262181469658	0.0118446502875331
PFKFB1	ENSG00000158571.10	-3.42216490809644	2.08473471725332	-3.61195040253336	0.00187595229772185	0.0302870005014552
ALDH1L1-AS2	ENSG00000246022.2	-3.43110025797115	-0.669324318747897	-3.24270510795695	0.00431568087148976	0.0476076433374923
ENSG00000270823	ENSG00000270823.1	-3.4417240569745	-1.4505313136289	-4.22466318872574	0.000465652046112606	0.0135031558549903
ELOVL3	ENSG00000119915.4	-3.45157438136947	0.13494313111298	-6.96908727442527	1.27375927092529e-06	0.00190891362998081
GPBAR1	ENSG00000179921.14	-3.55996688003547	2.45814474572728	-3.29050405747216	0.00387695051717658	0.0450284058446672
MTARC1	ENSG00000186205.12	-3.57575598010129	5.23208393406247	-3.39653648363053	0.00305399365945069	0.0387062378861498
LINC01485	ENSG00000254211.5	-3.58415994474139	-0.258479160538616	-4.44195493815078	0.000284468945399866	0.0105165558518357
NANOS1	ENSG00000188613.6	-3.59921739862286	2.01433441199077	-7.0257693180245	1.138524116896e-06	0.00190891362998081
PDE3B	ENSG00000152270.8	-3.61364773669093	4.1643670847204	-3.34830616217018	0.00340452463157782	0.0413643972355974
AGPAT2	ENSG00000169692.12	-3.63922701811077	7.03118524630379	-3.72936789501301	0.00143687370633555	0.0258536282040556
CDH20	ENSG00000101542.9	-3.66433188885873	-0.358279548085941	-4.91224106473725	9.88172279954943e-05	0.00656049596526636
ACSL1	ENSG00000151726.13	-3.78803779393077	8.22758777001759	-4.48906121945723	0.000255717020418425	0.00994263211422943
EGFLAM-AS5	ENSG00000251257.2	-3.79802433287753	-0.953479171280695	-5.15109149522684	5.81492340741749e-05	0.0051766666591585
ALDH1L1	ENSG00000144908.13	-3.85673824345753	4.18271456008914	-4.05931349140908	0.000678207675247117	0.0168107327083037
SLC27A2	ENSG00000140284.10	-3.94491828374498	-0.651013406702547	-7.72548697440972	2.95212788739712e-07	0.00168207055123788
ACVR1C	ENSG00000123612.15	-3.95509127188671	3.27599605770707	-3.59900426781257	0.00193185596291733	0.0307094639493158
ANGPTL8	ENSG00000130173.13	-3.961486912313	0.819803435827179	-4.11118708571101	0.000602706283862314	0.015676486666323
PNPLA3	ENSG00000100344.10	-3.99806849882613	1.06770804572027	-5.60965606557488	2.13519181457418e-05	0.0035088676242877
MT1A	ENSG00000205362.11	-4.05437981538425	3.29970549593682	-4.68220556320921	0.000165429976495107	0.0081108332702498
TENM3-AS1	ENSG00000177822.7	-4.10551013216959	-0.774123091004226	-4.27484911613767	0.000415488292771769	0.0127499412581556
PRR18	ENSG00000176381.5	-4.12148757194181	-2.41223830645566	-7.42524256209731	5.22588787087673e-07	0.00168207055123788
FFAR4	ENSG00000186188.10	-4.19086055562279	0.481829446163513	-6.68277244956142	2.26043070394789e-06	0.00190891362998081
LNCOG	ENSG00000257219.5	-4.22685889281908	-0.825136925073316	-5.1326594537636	6.05665322445907e-05	0.00521833088632361
KLB	ENSG00000134962.6	-4.22839086686966	2.05229991753229	-4.41110317818868	0.000305048619950907	0.0109429866251379
KRT79	ENSG00000185640.5	-4.27606063753945	-1.21190757914881	-5.60367164839408	2.16296779412269e-05	0.0035088676242877
KLK2	ENSG00000167751.12	-4.27615663777601	-2.17635046220885	-3.44072774800546	0.00276413671291534	0.037432262139094
FASN	ENSG00000169710.8	-4.31177266593981	9.5539510859037	-4.47142844161967	0.000266118680607888	0.0102561567208042
RASL10B	ENSG00000270885.1	-4.33969823998252	2.86986894017177	-5.93642415562947	1.06109892081575e-05	0.00312852565406931
PRRT4	ENSG00000224940.8	-4.36238134222861	1.85426621276701	-5.84333387452915	1.29328965988789e-05	0.00317905621991424
KLK3	ENSG00000142515.14	-4.47337615979421	-1.3586958998869	-3.52882813643747	0.00226484504530225	0.0334335156975796
SLC7A10	ENSG00000130876.11	-4.52897646291062	2.19073881767027	-3.22049817337028	0.004535699351862	0.0489407522667202
NAT8L	ENSG00000185818.7	-4.53375601110677	4.2192276902845	-3.95635784928811	0.000857295245473869	0.0192560369614685
LGALS12	ENSG00000133317.14	-4.76409032261456	3.87851891251325	-3.89740639977033	0.000980405439328711	0.0208916122214148
HEPACAM	ENSG00000165478.6	-4.7643097293854	0.14623817827752	-4.65829232173641	0.000174572461666604	0.00828461836947689
DEFA3	ENSG00000239839.6	-4.7955169913574	-2.95172943342788	-3.79348371785619	0.00124194714223566	0.0236821327803793
MAP2K6-AS1	ENSG00000267653.1	-4.97896225083248	0.563473912244576	-4.38400207473284	0.0003243634690676	0.0112361809623379
MRAP	ENSG00000170262.12	-5.0176654065826	-1.08151922060434	-5.51411669504332	2.62580862683362e-05	0.00386006931662465
PCK1	ENSG00000124253.10	-5.05972577295546	4.59819364205456	-3.28216702905965	0.00395019350891801	0.0455250275712666
APOB	ENSG00000084674.14	-5.29821254812901	0.597010494198216	-4.67055779694844	0.000169820886037233	0.00820310057184037
DGAT2	ENSG00000062282.14	-5.45014212125853	5.16353412263116	-3.61155830919535	0.00187762164818463	0.0302870005014552
SCD	ENSG00000099194.5	-5.51853002804396	7.73030392348872	-4.53455267835011	0.0002307388779117	0.00966138184826069
PARAL1	ENSG00000243961.2	-5.60173542441536	-1.25182745743462	-5.66282751373802	1.90389841458809e-05	0.0035088676242877
NWD2	ENSG00000174145.7	-5.93190585809841	-0.710735199602128	-3.66639936217643	0.00165786752844834	0.0279389499736744
