gene_symbol	gene_id	logFC	AveExpr	t	P.Value	adj.P.Val
SFRP2	ENSG00000145423.4	3.41155056664417	7.19332498956925	5.12166648989097	6.20567717201502e-05	0.00524584625470195
LINC02984	ENSG00000237807.3	3.12564377440862	0.822091294281907	3.41100267163373	0.0029559571904949	0.0383482622144991
ATF3	ENSG00000162772.16	2.83744033867576	7.11947042302149	3.97822215981215	0.000815673546024462	0.0187406225875697
LSAMP	ENSG00000185565.11	2.68893662489966	2.78049190363279	3.56658610313965	0.00207918598314925	0.031893404113714
PAK3	ENSG00000077264.14	2.66438468299636	2.75194720003019	3.42009831859082	0.00289590997790038	0.0379557418336161
IL17RD	ENSG00000144730.17	2.59816494812804	4.25741203470365	3.402053664088	0.00301623220035423	0.0384678582819726
JUN	ENSG00000177606.6	2.54555772006706	9.52847308353746	4.41188740301788	0.000304507325629127	0.0109429866251379
CACNB4	ENSG00000182389.19	2.49861499709601	2.09927974893096	3.47689482033654	0.00254722952870977	0.0357312671889589
COL8A2	ENSG00000171812.12	2.48154418400192	4.00188670590722	4.04173956823611	0.00070588075732986	0.0171988828108558
FMNL1-DT	ENSG00000267121.5	2.45547313191154	2.38980669512131	3.37099131902971	0.00323498399681947	0.0400097641180137
EFHC2	ENSG00000183690.12	2.43321629413603	-0.0687066081913675	3.25830512687582	0.00416740137283569	0.0468834307123676
DBH-AS1	ENSG00000225756.1	2.42231566308516	-0.547396380315959	3.37006366610558	0.00324175127292062	0.0400658100427658
BLNK	ENSG00000095585.16	2.41861769752042	1.52342357396462	3.33833902640306	0.00348174786898794	0.0420460940432163
GEM	ENSG00000164949.7	2.35986376347127	5.91856348659854	4.28070940138359	0.000409997012793122	0.0127120354087639
RGS2	ENSG00000116741.7	2.3460485798748	6.00335568777626	3.59054975694665	0.00196925155014014	0.0309095341877147
NR1D1	ENSG00000126368.5	2.33928199268366	6.90225294064781	3.73518247710165	0.00141800751707433	0.0256997912103549
KIAA1755	ENSG00000149633.11	2.32972869659363	3.23934461207846	3.40166842816622	0.003018853896054	0.0384678582819726
OGN	ENSG00000106809.10	2.32391375830347	5.93791369868166	3.25822461308713	0.00416815370729722	0.0468834307123676
TNFRSF19	ENSG00000127863.15	2.24548863647031	2.51456152050064	3.73465167550337	0.00141971950774239	0.0256997912103549
GLI2	ENSG00000074047.21	2.24318196076433	2.91207551263833	4.25368990557366	0.000435938844692999	0.0129992537095318
FOS	ENSG00000170345.9	2.22181980313077	8.57593961024342	3.88668533514545	0.00100462269065441	0.0210163959565096
ENSG00000272668	ENSG00000272668.1	2.20806329024462	0.408862443566156	3.83796861756156	0.00112240818911964	0.0222791652783976
PRRT2	ENSG00000167371.17	2.13475105178622	3.89555731299076	5.22341230481714	4.95770583917262e-05	0.00482730484506848
MNS1	ENSG00000138587.5	2.12637766181424	0.978248938981555	4.20070576926196	0.000491705177733869	0.0139870610955058
ENSG00000278867	ENSG00000278867.1	2.10018088846202	1.08362135916697	4.44166402988772	0.000284656296470401	0.0105165558518357
MROH7	ENSG00000184313.19	2.09986855466184	1.54643704218576	3.37448904142106	0.00320959262189113	0.0398331782388579
GLT8D2	ENSG00000120820.12	2.08118755276517	4.18444411344515	4.84668332412926	0.000114399319676594	0.00700295316542624
RYR3	ENSG00000198838.13	2.06942445045042	3.60350835964074	3.48084196764748	0.00252459827860202	0.0355407115088977
SEMA3D	ENSG00000153993.13	2.05531010892357	2.72930497187229	3.83547531391812	0.00112879391967062	0.0223279424220941
OLFML1	ENSG00000183801.7	2.05493622132053	4.42543336482305	4.22826524517701	0.000461856785994565	0.013424692803489
DOC2GP	ENSG00000231793.5	2.05110194768951	-0.305391644450696	3.25620003914571	0.00418711544031839	0.0468834307123676
FAM180A	ENSG00000189320.8	2.00188030223318	1.98071640320439	3.26330163602152	0.00412097238321473	0.0466531560831278
LUM	ENSG00000139329.4	2.00093678378414	7.50546388943777	3.3662851476088	0.00326945985031282	0.0403248382501418
SLC16A4	ENSG00000168679.17	1.99758821008048	2.70630619222491	3.30575797209661	0.00374637157213524	0.0440127909477649
CTSK	ENSG00000143387.12	1.96446845771494	7.62117891754554	3.35190246244795	0.00337707637643241	0.0412080291890218
SV2A	ENSG00000159164.9	1.94196284609663	2.3060580139618	3.30074581997007	0.00378879438673169	0.0444074455229683
PLXNC1	ENSG00000136040.8	1.93455982249608	3.62994623311586	3.21103586909349	0.00463274661309665	0.0495958494942085
ENSG00000277954	ENSG00000277954.1	1.93173438684918	0.837781574962679	3.64706977820076	0.00173224688347781	0.0287887982364373
TENT5C	ENSG00000183508.4	1.90452123140123	2.70353126452074	3.43992233168444	0.0027691687766172	0.037432262139094
LRP4	ENSG00000134569.9	1.90440540563893	2.63790345522274	3.38527986089374	0.00313248637700341	0.0392568450085861
MRC2	ENSG00000011028.13	1.90016941515593	6.76626086435211	4.98847889716339	8.33839475779453e-05	0.00590257514217075
CFAP91	ENSG00000183833.16	1.89240907724599	2.832168225831	3.8228866990535	0.00116159262860098	0.0228500150381787
KLF3-AS1	ENSG00000231160.9	1.88382334900843	2.26292541149396	4.27229263072702	0.000417906945139019	0.0127711389264469
TBX19	ENSG00000143178.12	1.88210574771599	2.59417932915733	3.7778185578739	0.0012869946472846	0.0241912328387279
CPEB1	ENSG00000214575.9	1.86638122184135	2.41878712734272	3.28602039195782	0.00391617368153658	0.0453120559131293
TRANK1	ENSG00000168016.13	1.80469001428238	5.40497131387745	4.69746161554675	0.00015985240486384	0.00800199706023709
SYT1	ENSG00000067715.13	1.80098108942892	1.10833946446816	3.37342617701441	0.00321728758513993	0.0399010455455313
RPS6KA6	ENSG00000072133.10	1.78944714021652	1.92391575629432	3.36416370850864	0.00328511867197007	0.0404109835213609
APOBEC3D	ENSG00000243811.8	1.78768869637334	1.03931255261215	3.40707123806368	0.0029822894554515	0.0384558211752664
CELF4	ENSG00000101489.19	1.76721722989946	-0.611601800533211	3.44410354672564	0.00274314333522806	0.03729884044812
TCEAL7	ENSG00000182916.7	1.76076040158754	2.72739911809833	3.6654735291454	0.00166135671291971	0.0279389499736744
ADAM22	ENSG00000008277.14	1.75761184642465	2.95329626801032	3.25824593191277	0.0041679544876418	0.0468834307123676
PRTFDC1	ENSG00000099256.18	1.75730744690587	2.64643179274961	3.96899299798522	0.000832990130204305	0.0189201725264783
ADAM33	ENSG00000149451.17	1.75168615437404	7.54683493260313	4.84630938517206	0.000114495021341995	0.00700295316542624
PAPLN	ENSG00000100767.15	1.74548741050109	4.86700819255168	3.46946625762399	0.00259036592945037	0.035930300171579
CCDC171	ENSG00000164989.16	1.73532762797903	1.96590765948969	3.7302683883336	0.00143393568503313	0.0258526774763367
RFX8	ENSG00000196460.12	1.73478172423088	1.58839957169049	3.3882856384674	0.00311133486955338	0.0390468322950056
ENSG00000227782	ENSG00000227782.2	1.73409433509788	1.64504623894933	3.63758053160242	0.00176996323231599	0.0291539623955283
ENSG00000254343	ENSG00000254343.2	1.7335969227478	0.641062158155305	3.58608784520909	0.00198927536046077	0.0310809099693265
LMO7	ENSG00000136153.19	1.72480795039317	3.77201517139076	3.84406415593752	0.00110694786385868	0.0221649303555436
DKK3	ENSG00000050165.17	1.71942377222733	5.89730415006919	4.21690315108192	0.000473935238604734	0.0136330552344068
TFAP2E	ENSG00000116819.6	1.70796542941558	0.862506876042922	3.92186619036984	0.000927314672774776	0.0202170392345459
ENSG00000272234	ENSG00000272234.1	1.70631791022011	0.579594501159772	3.57392712830295	0.00204487844855408	0.0315329115183438
CA11	ENSG00000063180.8	1.68500112625673	3.43438508998209	3.30537186027163	0.00374962298955925	0.0440127909477649
MEG3	ENSG00000214548.14	1.68232856096946	7.81387776676617	3.94758630514382	0.000874584141163303	0.0194917202242624
HEPH	ENSG00000089472.16	1.67016904456602	4.30599396989259	4.26508331519175	0.000424804194597599	0.0128596553570668
CLDN11	ENSG00000013297.10	1.66615071587095	5.00750921283933	3.50860672515312	0.00237091956937712	0.0343996998959027
SLC22A17	ENSG00000092096.16	1.66577940224756	5.19123083323753	3.44490250287694	0.00273819784027907	0.0372722070290079
FRMD6	ENSG00000139926.15	1.66256750605233	5.73925137663855	3.74875285690994	0.00137492955057993	0.0252151536930583
GPNMB	ENSG00000136235.15	1.66013549658787	7.97121618321875	3.63238811842741	0.00179094478774743	0.0293646125720234
PEF1-AS1	ENSG00000235790.7	1.658183060971	0.954231116310463	3.80703396486678	0.00120425026462796	0.0233564599484823
DNM1	ENSG00000106976.20	1.65675547463729	5.54833166103632	4.85261701258456	0.000112891552098822	0.00697630863849306
FGD6	ENSG00000180263.13	1.65106750295171	3.59008154900061	3.84913140902856	0.00109425740412952	0.0220177085188849
LRRC37A4P	ENSG00000214425.7	1.64731426692882	1.51740554268436	3.42326917319944	0.00287526046786195	0.0379100261594549
GBP1	ENSG00000117228.9	1.64569125210185	5.54589491136802	3.38795723544952	0.00311363897121959	0.0390479524165334
BTN3A1	ENSG00000026950.16	1.64288205207961	5.0616020699753	4.84304055859152	0.000115335079288093	0.00703033998612894
PCNX2	ENSG00000135749.18	1.64257618764893	4.29476119646983	4.7718071680577	0.000135281248862848	0.00734957438977056
PRRT1	ENSG00000204314.10	1.61429043197454	2.99326117515704	3.75343196015149	0.00136038001955551	0.0249792866701715
CDK18	ENSG00000117266.15	1.60876268712832	4.29717383042027	3.74329016747232	0.00139211158136168	0.0253794828581716
CPVL	ENSG00000106066.14	1.60841992081852	3.97162081853129	3.67458232757244	0.00162734296145186	0.027669462250644
MIR100HG	ENSG00000255248.7	1.59216942195176	5.23993047821701	3.27258695238132	0.00403603216379229	0.0460992558364064
DLG2	ENSG00000150672.16	1.5913908108009	1.44831466145798	3.329491465808	0.0035517362955398	0.0426327301757326
ZNF331	ENSG00000130844.16	1.5803330255968	5.93369821304303	3.87759607102399	0.00102562114674783	0.0212733293644305
RALGPS2	ENSG00000116191.17	1.57819868004507	4.01698223972638	3.47307980126102	0.00256929341805537	0.0358321457937512
PPP1R15A	ENSG00000087074.7	1.56449657504913	7.66807921977873	4.74044802354168	0.000145140607152212	0.00759242526730261
GPR162	ENSG00000250510.7	1.55956790346466	2.23423187825449	3.43203035050286	0.00281895621996469	0.0377142517628716
COL16A1	ENSG00000084636.17	1.55882831583074	7.01551526909583	5.00562253278526	8.02655045915591e-05	0.00586914221168188
ZBTB20	ENSG00000181722.16	1.55346530124405	2.13963146901906	3.25310113893582	0.00421630274982415	0.0470968451277656
MFAP4	ENSG00000166482.11	1.53465555176013	7.99674771009528	4.74140875097418	0.000144827983030462	0.00759242526730261
ISLR	ENSG00000129009.12	1.52738525607936	6.74814814720065	5.14953274402914	5.83497943836849e-05	0.0051766666591585
SEMA3E	ENSG00000170381.12	1.52550089223637	2.50874552372938	4.03955118662579	0.000709405032201142	0.0172169107954721
MTMR11	ENSG00000014914.20	1.48967674382604	4.19029998088254	4.09030542154026	0.000632028978963209	0.0161577622425102
HACD4	ENSG00000188921.13	1.46782017019176	3.00828580201015	5.2307739737936	4.8780148673461e-05	0.00482730484506848
NIBAN1	ENSG00000135842.16	1.46469574910107	6.10261955020983	4.25427675928857	0.000435358208297628	0.0129992537095318
DST	ENSG00000151914.19	1.46424830275707	8.54734643568019	4.05806698076095	0.000680134177369081	0.0168351997135791
FRMD4B	ENSG00000114541.14	1.45195508431278	4.75741118784518	4.11923699453392	0.000591770392103294	0.0155728593199459
RASSF5	ENSG00000266094.7	1.45166486708868	4.07433126771991	3.26982968947729	0.00406107443069927	0.0462673330404079
DEPTOR	ENSG00000155792.9	1.44868379567334	4.53036874408526	3.62027053129878	0.00184087379553093	0.0299911811724634
DTX3	ENSG00000178498.15	1.44858335501154	5.53292100699511	3.6073363639106	0.00189569024388598	0.0304503918335004
BICC1	ENSG00000122870.11	1.44073789731499	5.23702692944765	3.3597453944803	0.00331796826034834	0.040699048044971
LINC-PINT	ENSG00000231721.6	1.43085465230078	4.75738406617243	3.83075859740327	0.00114097339485972	0.0225191456049351
CXCL12	ENSG00000107562.16	1.42971642106105	8.47200190933512	4.76234053117702	0.000138183756480019	0.00739221223844305
FZD1	ENSG00000157240.3	1.42889983681319	4.99040516666412	3.26604257941022	0.00409571829676184	0.0464552959470056
JUND	ENSG00000130522.5	1.42741707819735	8.45149797987669	3.56528328573145	0.00208533380785687	0.0319139770884739
TMEM98	ENSG00000006042.11	1.42165168577412	5.22076730076009	3.33481794711559	0.00350943755408307	0.0422408129639839
APOBEC3C	ENSG00000244509.3	1.40205016117176	4.48691688957002	3.77686959376539	0.00128977521258364	0.0241912328387279
TVP23C	ENSG00000175106.16	1.400823870379	2.55670882700851	3.49329962677988	0.00245446504144735	0.0350210732546002
CDH11	ENSG00000140937.13	1.39113545851281	5.21747087013683	4.34152100160801	0.000357153589578867	0.0118917274580754
MYLK	ENSG00000065534.18	1.38607421695371	7.88787246875737	3.73344214076071	0.00142362829356667	0.0257445435408762
ANTXR1	ENSG00000169604.19	1.38225090953046	7.1454479978022	4.29500326637505	0.000396907720141556	0.0125155642987877
SESN3	ENSG00000149212.11	1.37802282109786	5.7460446101617	3.35149733967369	0.00338015751955036	0.0412080291890218
UBA7	ENSG00000182179.12	1.37308981155987	5.97303002829233	4.4914659906485	0.00025433063316235	0.00993283358631252
SLIT2	ENSG00000145147.19	1.36929290765366	4.84318860424252	4.45934886845592	0.000273490281027769	0.0103183564764182
RARG	ENSG00000172819.16	1.36720680165097	5.39621542586782	3.77095532934201	0.00130723992026211	0.024377780032276
AMT	ENSG00000145020.15	1.36718368271519	4.95358351255185	3.26892508867647	0.00406932338853558	0.0462950640767274
DENND2B	ENSG00000166444.18	1.36491626242285	5.51287954163559	4.44584606188356	0.000281974919226228	0.0105165558518357
CLIP3	ENSG00000105270.14	1.36448388753852	5.16866166742715	3.64149236806159	0.00175431741158671	0.0289839464674562
INPP5D	ENSG00000168918.13	1.36387854495361	5.2390316895097	3.28237390999431	0.00394835970380642	0.0455250275712666
CCDC152	ENSG00000198865.9	1.35871069686134	1.866642121056	3.26843036712743	0.0040738416410356	0.0462950640767274
RGS10	ENSG00000148908.14	1.35223411146501	3.53602226195184	3.58245376699427	0.00200573294924858	0.0312291400377791
ISYNA1	ENSG00000105655.18	1.34991657840534	5.80452128008257	3.76372335471202	0.00132891600954649	0.0246609496173936
REPS2	ENSG00000169891.17	1.33961884371346	3.48716170475136	4.28588946638606	0.000405203995259104	0.0126289753026755
ZNF519	ENSG00000175322.11	1.33765482381215	2.39856003949104	3.35671467795913	0.00334068769300942	0.040865845833735
DLG4	ENSG00000132535.18	1.33514257539335	4.8451167280101	3.74839049636534	0.0013760627371135	0.0252151536930583
MAN1C1	ENSG00000117643.14	1.32690169810894	4.60294958568024	4.03416893276265	0.000718148056505667	0.0173045426626108
KIAA1671	ENSG00000197077.13	1.32538902303488	6.17459746952371	3.22869110001209	0.00445327864556287	0.0484790130594416
ZNF83	ENSG00000167766.18	1.32308975853469	6.86470258949854	4.8045832184881	0.000125701550659208	0.00724036313187815
ZFP36L1	ENSG00000185650.9	1.31270724231111	9.85774808849298	3.86865711758004	0.00104669956526352	0.0214621314749286
CCDC102A	ENSG00000135736.5	1.3066834312165	3.41058616090215	3.67377235559625	0.00163033931692214	0.027694133553139
TMOD2	ENSG00000128872.9	1.30554438199706	4.53543770770975	3.26135994979486	0.00413895460372477	0.0467386297752688
SREBF2-AS1	ENSG00000184068.2	1.2989082693283	0.984499706337063	3.39137194996397	0.0030897628590691	0.038939268774527
GPRASP1	ENSG00000198932.12	1.29059426642335	5.45953002228384	3.60640876709255	0.00189968309181699	0.030451002404698
ALDH1A1	ENSG00000165092.12	1.28823928773958	6.69127512726799	3.57977368030365	0.0020179565119606	0.0313106481825506
NTN4	ENSG00000074527.11	1.28697099245257	6.53533614864546	3.26861033358082	0.00407219745342634	0.0462950640767274
SSPN	ENSG00000123096.11	1.27359257426162	4.90091875405494	3.52204670162764	0.00229988476475978	0.0336733945010294
TTLL3	ENSG00000214021.15	1.27101639738911	7.02669823904674	7.85989892861252	2.295082944911e-07	0.00168207055123788
LDAF1	ENSG00000011638.10	1.26789749676581	4.88480665644006	3.88608909291908	0.00100598690792702	0.0210163959565096
RNF213-AS1	ENSG00000263069.5	1.25790838088357	0.945653641124175	3.21169004271478	0.00462597247758407	0.0495529305264699
FAM117B	ENSG00000138439.11	1.24926516660694	3.62962441481883	4.11200456289021	0.000601586541556548	0.0156701052488879
SYNGR1	ENSG00000100321.14	1.24776081705342	4.81084224587387	3.54228583100491	0.00219686437464252	0.0328036372040794
AFAP1L2	ENSG00000169129.14	1.24429795363855	5.04281153381957	3.79350940864664	0.0012418745695856	0.0236821327803793
TRAF5	ENSG00000082512.14	1.23562385609102	5.34220238350917	4.72206508121325	0.000151256164899784	0.00778445074232612
LURAP1	ENSG00000171357.5	1.23138590635516	0.733924657006859	3.50729921638508	0.00237794480463437	0.0344504032690805
SLC4A5	ENSG00000188687.17	1.22883645275495	2.28986598419742	3.43457283754442	0.00280282110596102	0.037684123342413
APOBEC3G	ENSG00000239713.8	1.21853468770263	2.4824124239284	3.80150869884175	0.00121948196136007	0.0235705753905959
PLXDC2	ENSG00000120594.16	1.21733538047604	6.3998554554499	3.35159236960068	0.0033794345258402	0.0412080291890218
TEC	ENSG00000135605.12	1.21697838646441	1.69662609041261	3.52297515416173	0.00229505597584369	0.0336733945010294
ATXN1	ENSG00000124788.17	1.21598154065621	5.28463930046749	4.63827023790593	0.000182620240848096	0.0083993439433432
CXXC4	ENSG00000168772.10	1.21563344523279	1.30178448532765	3.26727007681898	0.00408445776460413	0.0463862912544174
CCDC191	ENSG00000163617.10	1.21195754202232	3.36259483370173	3.37888058522031	0.0031779899830033	0.0396091569670556
BOC	ENSG00000144857.14	1.20591213162969	6.45952949673439	3.53287343550755	0.002244194763466	0.0332549378939949
CEP152	ENSG00000103995.13	1.19854231957219	2.75123711315263	3.21295125618478	0.00461293959999459	0.0495529305264699
PIWIL4	ENSG00000134627.11	1.19065295103153	2.31060071045407	3.57307841640168	0.00204881599601353	0.0315436696430915
SIPA1L1	ENSG00000197555.9	1.18421786460654	5.23749280792019	4.29371130437647	0.00039807330228832	0.0125155642987877
SCPEP1	ENSG00000121064.12	1.17666966709432	6.53420052685755	4.46545192902594	0.000269740435088081	0.0103091207796156
N4BP2L1	ENSG00000139597.17	1.16602443196531	5.1495113300366	3.81695146789682	0.00117738427976514	0.022999186326192
FCHSD1	ENSG00000197948.10	1.16108397990367	4.74742981268924	3.84696405056958	0.00109966749328677	0.0220929135221316
LRRC37B	ENSG00000185158.12	1.15958755429933	3.38898719653868	4.0088067684149	0.000760821850458937	0.0178932918399929
TNFRSF14	ENSG00000157873.17	1.15563626155405	6.58641433785008	3.99887595733726	0.000778214883379599	0.0181830364081431
ENSG00000069712	ENSG00000069712.12	1.15447361898546	2.73812371517394	3.24553896294756	0.00428836637548594	0.0474980307880616
CCDC14	ENSG00000175455.14	1.15218900594721	6.13938415668746	3.28035720688143	0.00396627151038477	0.0456516067678905
ZNF516	ENSG00000101493.10	1.14443976142185	5.34672061439134	4.52851384849074	0.000233907136292582	0.00972586958120502
ZC2HC1A	ENSG00000104427.11	1.13826796871796	3.7686519694487	3.39302593888524	0.00307826280900887	0.0388823501659513
CEP128	ENSG00000100629.16	1.13731392956015	2.00431346246211	3.88696772751945	0.00100397721446252	0.0210163959565096
PIK3IP1	ENSG00000100100.12	1.13673856978136	6.21858833507006	4.51528780714685	0.000241000730935683	0.00981376122654686
MAML2	ENSG00000184384.13	1.12973123417397	5.73877626261073	4.11619580402385	0.000595878280780567	0.0156121851898663
TCP11L2	ENSG00000166046.10	1.11775970938824	3.10923202776503	3.54312196830874	0.00219270788981133	0.0328009332999239
GABBR1	ENSG00000204681.10	1.11687618982451	6.77516487082655	4.59369049891766	0.000201915854474764	0.00882569275132254
MYO15A	ENSG00000091536.16	1.11446301483715	1.57549025841608	3.22189998510266	0.00452149215155217	0.0489014247724602
LDLRAD4	ENSG00000168675.18	1.11204636474187	4.59962147199889	3.27461053116628	0.00401774974110129	0.0459490064519951
CCDC186	ENSG00000165813.18	1.10964846203713	4.81342797840762	4.6519117781009	0.000177097303392916	0.00833008077192768
KLF12	ENSG00000118922.17	1.1046573365361	3.84635181889578	3.32647255889138	0.0035759318957737	0.0427635311994929
LRIG3	ENSG00000139263.11	1.10231856117719	5.53593583583042	4.97154794143396	8.65848324979905e-05	0.00601428985735073
NPTN-IT1	ENSG00000281183.1	1.09757578407408	2.16359010694444	3.23176207657674	0.00442276356716031	0.0483521414610496
CREBRF	ENSG00000164463.12	1.09665284821817	5.80762082176798	4.30429391970011	0.000388626505334715	0.0124709968802089
CALML4	ENSG00000129007.14	1.08712219446465	2.22543139653302	3.29713975902126	0.00381960709424127	0.0445999475458489
CRMP1	ENSG00000072832.14	1.07382063739219	3.7039144898244	3.22442822799453	0.00449597861663404	0.0487431535321831
FAM171B	ENSG00000144369.12	1.07094868726699	3.24781747686832	3.23969133118095	0.00434491635344079	0.0477994143462323
ANKRD6	ENSG00000135299.16	1.06740899857932	3.52795436982196	4.21827919195802	0.000472455695126308	0.0136123448751746
ABCC5	ENSG00000114770.16	1.06175197345815	5.59194445898203	3.45201193106265	0.00269457617259472	0.036777989024425
TRPM4	ENSG00000130529.15	1.057629439105	5.79394116960487	4.01911701734058	0.000743175945425228	0.0176757134528873
HFE	ENSG00000010704.18	1.05758198265871	3.42814004527824	3.84598566179034	0.00110211844700551	0.0220929135221316
GBP2	ENSG00000162645.12	1.05743566307488	7.10163537428624	3.55350172016521	0.00214175257806276	0.0323307130038826
SETBP1	ENSG00000152217.16	1.05735229058465	5.4130104638632	4.41451280879932	0.000302702241468761	0.0109369493333904
MXRA8	ENSG00000162576.16	1.05560249030393	7.71137643315582	3.784708833571	0.00126698360791464	0.0240271039549611
ZC3H12B	ENSG00000102053.12	1.05396433160617	1.44403100407986	3.55691296002281	0.00212526352447079	0.0322769895102042
THBS3	ENSG00000169231.13	1.0534622352664	5.14994923144144	4.52108486017041	0.000237865168574145	0.00981376122654686
TUB	ENSG00000166402.8	1.03943846993629	5.01563841794647	3.69454828716113	0.00155518648885529	0.0269280164896383
ATL1	ENSG00000198513.11	1.03307571276508	2.97039889328412	3.53745351019415	0.00222103917699903	0.033011219373791
EFHC1	ENSG00000096093.15	1.03280899058964	4.97316384099258	3.66532938574382	0.00166190060107901	0.0279389499736744
FAM184A	ENSG00000111879.18	1.02928869272799	3.28895142735966	3.2181958034811	0.00455912836003473	0.0491010452765519
RASA2	ENSG00000155903.11	1.02582226183705	4.91649749895606	3.87628789647123	0.00102867920681439	0.0212874827544119
CCDC146	ENSG00000135205.14	1.02223227738546	3.43441992428642	3.58252261301616	0.00200541991821783	0.0312291400377791
FAS	ENSG00000026103.21	1.0213296496731	4.56156696886941	3.77890370475637	0.00128382236552411	0.0241737600632583
FAM111A	ENSG00000166801.15	1.0203977876409	5.6194331947312	3.48144923593709	0.00252113412012012	0.0355268187497407
PCYOX1L	ENSG00000145882.10	1.01819585643995	3.29507862428533	3.27404814918051	0.00402282253595144	0.0459776802721848
ALS2CL	ENSG00000178038.16	1.01738524980342	5.73543974936258	4.26532807233822	0.000424568163437494	0.0128596553570668
KIAA1328	ENSG00000150477.14	1.01662353144715	3.55606534909164	4.33168030724695	0.000365214539787487	0.012053424986246
CPEB3	ENSG00000107864.14	1.01595776571927	3.39472542243319	3.36903047275357	0.00324930485576153	0.0401314902274999
FLT3LG	ENSG00000090554.12	1.01559902483285	3.84658028095442	3.87668135323294	0.00102775848510196	0.0212874827544119
CDKN1B	ENSG00000111276.10	1.01518404461791	6.65809411356374	4.17831389587058	0.000517379591707916	0.0144056884668004
MOV10	ENSG00000155363.18	1.01487123484779	6.2668999329585	5.29804754277484	4.20767967958561e-05	0.00448100275081911
TIMP2	ENSG00000035862.12	1.00702991941621	9.44432613876273	3.61442834308144	0.00186543634924954	0.0301678777062745
ALDH9A1	ENSG00000143149.12	-1.00064805327735	6.67465310935674	-5.08083214138987	6.79276050794225e-05	0.00542771822251497
ZBTB11-AS1	ENSG00000256628.3	-1.00330637356307	0.639440319025196	-4.02838269621877	0.000727667764431956	0.0174572075052009
YKT6	ENSG00000106636.7	-1.00434924643796	5.78380199243707	-3.5474635284362	0.00217125045870767	0.032651500106337
MDH2	ENSG00000146701.11	-1.0061421893021	7.04136411191743	-4.99503845364524	8.21764420787883e-05	0.00590257514217075
ABCA3	ENSG00000167972.13	-1.00629862370271	4.6651856636377	-4.42993914128645	0.000292312007617336	0.0107346792797342
PTRH1	ENSG00000187024.13	-1.00630920144913	3.14147659997352	-3.79376331892446	0.00124115753805629	0.0236821327803793
TMTC4	ENSG00000125247.15	-1.00635139311929	3.50458051706872	-6.49678943042554	3.30039123131065e-06	0.00219060412060438
KGD4	ENSG00000134056.11	-1.00763460023485	3.86208977550409	-5.02829127036953	7.6323498248257e-05	0.00565636355965255
MRPL34	ENSG00000130312.6	-1.00778220733502	4.91127917025867	-5.03697132207102	7.48667891251093e-05	0.0056284703888392
NT5M	ENSG00000205309.13	-1.00822903754536	1.09828737810402	-3.63657277478284	0.00177401623333163	0.0291938888131645
PSMD14	ENSG00000115233.11	-1.00864882696209	4.94735347467075	-4.50305406063458	0.000247755696529486	0.00984485551553195
MRPL24	ENSG00000143314.12	-1.00935730010207	5.25705911574518	-4.78843542416178	0.000130331930411731	0.00726368178576355
TEX2	ENSG00000136478.7	-1.01103252450733	5.63932611589191	-4.07065219171659	0.000660932807661485	0.0166590391646997
CCT6A	ENSG00000146731.10	-1.01309411170683	6.81290043288419	-5.55209910277567	2.41823002799523e-05	0.00369576635881407
UQCRQ	ENSG00000164405.10	-1.01457069075551	5.51503513229951	-5.15186841578083	5.80495325439454e-05	0.0051766666591585
NDUFB9	ENSG00000147684.7	-1.01563666183269	5.88637593365589	-4.27087635846194	0.000419252955601707	0.0127719338757676
PIEZO1	ENSG00000103335.21	-1.01581061625848	7.63915577613555	-4.05417838150406	0.000686179387212713	0.0168452339701904
MRPS34	ENSG00000074071.14	-1.01697957758118	5.03827877471918	-4.67015520941079	0.000169974745949612	0.00820310057184037
LYRM1	ENSG00000102897.9	-1.01716301574065	4.65760414979976	-3.95159010829973	0.000866649730955583	0.0194091803565264
RBM33-DT	ENSG00000216895.9	-1.01762269023792	0.721706950323853	-3.6077564933408	0.00189388453041768	0.0304503918335004
ORMDL2	ENSG00000123353.9	-1.01823666056458	3.89412732589171	-3.74376656346423	0.00139060469007509	0.0253778275466758
SNHG29	ENSG00000175061.17	-1.01904176630069	8.58570742224935	-4.23311454618531	0.000456796476885649	0.0133447434587583
FBXW5	ENSG00000159069.13	-1.01906270021895	6.98051445687617	-3.89053209166614	0.000995865504512482	0.0209824026760306
TOMM5	ENSG00000175768.12	-1.01953366592704	5.11837822879133	-4.70657055126663	0.000156613503613634	0.00793039842583417
TRMT10C	ENSG00000174173.6	-1.01968525743964	3.71676409497668	-5.48300357166673	2.809396299271e-05	0.00393337430306529
MLX	ENSG00000108788.11	-1.02119808296143	5.45004463764467	-4.0961760221648	0.000623643589828005	0.0160351805930758
FAM174C	ENSG00000228300.13	-1.02128433201192	4.51310817594165	-4.42595288959294	0.000294961898671703	0.0107877799716237
CTPS1	ENSG00000171793.13	-1.02148390427434	4.23394887502044	-3.86920824804318	0.00104538756120875	0.0214597829145728
ENSG00000270175	ENSG00000270175.1	-1.02265525614048	0.72107647990104	-3.42203614206433	0.00288327302883214	0.0379100261594549
ABCB6	ENSG00000115657.12	-1.02417776595953	1.49701210390182	-3.21205930659745	0.00462215293070393	0.0495529305264699
SLC25A11	ENSG00000108528.13	-1.02419421596789	5.44380632919807	-4.31959982627426	0.000375361404617405	0.0122306395129973
CHP1	ENSG00000187446.11	-1.02497880124017	6.30323371145222	-3.97243769269004	0.000826484278081857	0.018868057003191
GNG10	ENSG00000242616.3	-1.024985789004	4.78347914308155	-3.38328457426574	0.00314660515590074	0.0394062271131357
PPAN	ENSG00000130810.19	-1.02558379789098	4.81142122591804	-3.67533725570282	0.00162455515408909	0.0276482933679303
MRPL20	ENSG00000242485.5	-1.02853001327844	5.55621354121466	-5.83949566117799	1.30391463708229e-05	0.00317905621991424
STRAP	ENSG00000023734.10	-1.02902136636116	6.52052831020835	-5.49296737882554	2.74921499696702e-05	0.0039266458398904
EIF2S1	ENSG00000134001.12	-1.02904720791374	5.82142149602153	-4.3974475799684	0.000314631342408275	0.011099425762399
PSME3	ENSG00000131467.10	-1.03017405845401	6.12403212508024	-5.32508160372372	3.96552993870968e-05	0.00444164137697601
SAR1A	ENSG00000079332.14	-1.03017900030462	6.8160579668736	-3.39581287434829	0.0030589806714559	0.0387325889624244
PDF	ENSG00000258429.1	-1.03029160873772	3.00532511952067	-4.36198551207283	0.000340959833144275	0.0116609564308751
TIMM8A	ENSG00000126953.5	-1.03315495980837	2.05340701702698	-3.87459084521457	0.00103265989113969	0.0213206197109612
IPO4	ENSG00000196497.16	-1.03411440710763	5.19810982275791	-3.46124715881668	0.00263893289109494	0.0362949473072236
FAHD1	ENSG00000180185.11	-1.03469671704154	3.68923778897678	-4.84958420487771	0.000113659657371329	0.00699963821220475
TXNL4A	ENSG00000141759.14	-1.03474696010211	5.1396588272476	-5.32584206665968	3.95892811250298e-05	0.00444164137697601
GLRX2	ENSG00000023572.8	-1.03516083200484	2.5062192252373	-4.60122718648724	0.00019851431004195	0.00874097039376359
HNRNPAB	ENSG00000197451.11	-1.03547263864899	6.28817484083415	-4.44475406509743	0.00028267260004588	0.0105165558518357
LRRC59	ENSG00000108829.9	-1.0355982147178	5.99605608415544	-3.58099865144132	0.00201236043765394	0.031250876432579
ANKRD33BP1	ENSG00000229689.3	-1.03773969223736	0.417101803264029	-3.64731824577571	0.00173127009955146	0.0287887982364373
TIMM21	ENSG00000075336.11	-1.03790185060204	4.09473181203963	-4.87895464782839	0.000106439050665058	0.00671652896819894
OPA3	ENSG00000125741.4	-1.03827609136982	3.99774626176052	-4.15170153937799	0.000549651322645909	0.0149928483304982
FLAD1	ENSG00000160688.18	-1.03850635196203	4.97398610566486	-4.79784680265862	0.000127612560948753	0.00724036313187815
ALG14	ENSG00000172339.9	-1.03904023904491	2.88147329208966	-3.9085574941051	0.000955835158261492	0.0205883676336589
FRMD8	ENSG00000126391.13	-1.04055280047369	5.74082271098443	-4.74598644717997	0.000143347742426118	0.00755569085887781
TARS1	ENSG00000113407.13	-1.04079657666712	5.66351095035798	-4.38525657793952	0.000323442728647925	0.0112361809623379
EIF4A1	ENSG00000161960.14	-1.04119179602388	9.12812785249986	-3.58887189201221	0.00197675781368715	0.030912283402345
ETFA	ENSG00000140374.15	-1.0417817998603	6.21711636788323	-3.7093525710052	0.00150374439350296	0.0265503480551394
MPV17L2	ENSG00000254858.9	-1.0421640961779	3.50302995413358	-4.50326849065962	0.000247635664307297	0.00984485551553195
MANEA	ENSG00000172469.15	-1.04230593116615	3.85565377704936	-4.02932316662075	0.000726111911684934	0.0174432326666296
FH	ENSG00000091483.6	-1.04415220698898	5.56506929525859	-4.79623926380428	0.000128072937492627	0.00724036313187815
TIMM13	ENSG00000099800.7	-1.04435695245475	5.15568972305693	-4.13662932730291	0.000568817893283523	0.0151467837526508
BNIP3	ENSG00000176171.11	-1.0445773587797	6.01621684771669	-4.34000906839929	0.000358380320830712	0.0118935809807541
ATP5F1B	ENSG00000110955.8	-1.04466210401289	8.70717252706951	-4.66697909635334	0.000171193550240963	0.00820310057184037
NOP56	ENSG00000101361.16	-1.04696114563355	6.3664865641402	-4.83719639392102	0.000116852616355268	0.0070508947397399
DOLK	ENSG00000175283.7	-1.04746345740931	3.5529504356074	-4.16739362150823	0.000530385281334384	0.0145979584087752
TOMM40L	ENSG00000158882.14	-1.04847098579068	3.51892922249843	-4.71842501135874	0.000152497800253956	0.00780832308100325
TIMM23	ENSG00000265354.3	-1.04856075848381	4.81416507875455	-5.94812859258019	1.0351028721828e-05	0.00312852565406931
PAICS	ENSG00000128050.8	-1.04879876703392	5.69319144741859	-4.49908966037662	0.000249985488834267	0.00985324605311403
UQCR11	ENSG00000127540.11	-1.05155451529633	5.95195283210134	-5.00394574641276	8.05652019459708e-05	0.00586914221168188
LRP3	ENSG00000130881.13	-1.05234992301395	5.77293645811948	-4.07914877073364	0.000648277758201804	0.0164325116049993
GLRX5	ENSG00000182512.4	-1.05242465331071	4.96894251702276	-5.0497672545779	7.27708149126179e-05	0.00557899314977789
MMP24OS	ENSG00000126005.16	-1.05529712581928	5.4455974285855	-4.68904559817057	0.000162905277996556	0.00809776298166176
SOD1	ENSG00000142168.14	-1.05559248238375	7.20548094087806	-4.35450030755337	0.000346795253918698	0.0117484267400321
TIMM17A	ENSG00000134375.10	-1.05648752031466	5.33374601919397	-5.35810414646667	3.68895446493215e-05	0.00443689617221806
AEN	ENSG00000181026.14	-1.05670721434401	3.80964792572513	-3.93784725572443	0.000894188707709538	0.0197514859923723
DOCK8-AS1	ENSG00000183784.6	-1.05699655629761	-0.311612309166092	-3.46493306143589	0.00261704267097019	0.0361325282792425
FAM98A	ENSG00000119812.18	-1.05703336209467	4.63367269622053	-3.92895571260762	0.000912470609902489	0.0200029001923767
C1QBP	ENSG00000108561.8	-1.05709963903278	5.71664161631097	-5.33659491156234	3.86677244715088e-05	0.00444164137697601
PFDN2	ENSG00000143256.4	-1.05947521655953	4.98233114583992	-3.97008423036494	0.000830923639832062	0.0188990813794441
ADRM1	ENSG00000130706.12	-1.060356747686	5.74904713760009	-4.7823103900179	0.00013213326612125	0.00726368178576355
VTI1B	ENSG00000100568.10	-1.06036252481016	6.05029154873246	-3.244594887161	0.00429744713403821	0.0475398457340116
DHODH	ENSG00000102967.11	-1.06163605988204	3.50318827996305	-5.92038417183645	1.09781855001738e-05	0.00312852565406931
SLC52A2	ENSG00000185803.8	-1.06169214868871	5.11258597236776	-3.38863184668912	0.00310890766143326	0.0390468322950056
RAN	ENSG00000132341.11	-1.06332578492949	7.11535130903803	-4.14519052138356	0.000557850180567164	0.0150761168772695
TMEM126A	ENSG00000171202.6	-1.06453519405757	3.82486249528309	-5.14334300705257	5.91532007334462e-05	0.00519649269776514
PSKH1	ENSG00000159792.9	-1.06518415691582	4.74131038917844	-3.69757465996517	0.00154453016566109	0.0267693666332809
TMEM53	ENSG00000126106.13	-1.06602657049105	3.33506550342063	-4.12249483437764	0.000587401391155973	0.0155478734422213
RAB11B-AS1	ENSG00000269386.5	-1.0676890128425	0.976902351797373	-3.41581672604034	0.00292402485306841	0.0381402794116767
PCCA	ENSG00000175198.15	-1.06860757827108	4.76174833132825	-5.05454650599807	7.20033939642943e-05	0.00556530839499053
ETFDH	ENSG00000171503.11	-1.07021482698323	4.90920122033846	-3.63440587592329	0.00178276227392287	0.0292572185997911
C11orf98	ENSG00000278615.4	-1.07039802618658	0.673661340445721	-3.67004448483666	0.00164420071302789	0.0278240991295306
CPT2	ENSG00000157184.6	-1.07064469084687	2.98330115153767	-3.77662697882265	0.00129048705952926	0.0241912328387279
EBNA1BP2	ENSG00000117395.12	-1.07089733054672	5.08582187997674	-5.12266256719161	6.19202132612895e-05	0.00524584625470195
EIF5A	ENSG00000132507.17	-1.07256598659635	7.47638208063524	-3.87219398033755	0.00103830829645644	0.0213981571625882
UQCR10	ENSG00000184076.13	-1.07501822423832	5.07590963956465	-5.61763344943777	2.09873314751168e-05	0.0035088676242877
PSMA6	ENSG00000100902.10	-1.07745754775127	6.33657593077388	-5.49525981873128	2.73555643236075e-05	0.0039266458398904
ISOC2	ENSG00000063241.7	-1.08724696619313	4.96136906369977	-4.79656562653821	0.000127979335536502	0.00724036313187815
SLC25A44	ENSG00000160785.13	-1.08744551794649	4.96700165324511	-5.89762156085258	1.15218287578023e-05	0.00312852565406931
NDUFS5	ENSG00000168653.10	-1.08780501756805	6.48740905328531	-4.7081177374715	0.000156070013225524	0.00793039842583417
CCDC86	ENSG00000110104.11	-1.08960542338158	4.19458095248238	-5.63970205013134	2.00116209673754e-05	0.0035088676242877
NDUFA6	ENSG00000184983.9	-1.09255573689096	5.20373389751326	-5.28808064171868	4.30072246605037e-05	0.00448100275081911
DLD	ENSG00000091140.13	-1.09326500361051	5.97189309010869	-4.51705868076022	0.000240038476227578	0.00981376122654686
SLC19A1	ENSG00000173638.18	-1.09379215218921	4.17850057145791	-4.49957226480843	0.000249712965211884	0.00985324605311403
NRIP1	ENSG00000180530.10	-1.10134797550344	5.72032213612801	-3.58455335459996	0.00199620820943187	0.031134941097675
TCP1	ENSG00000120438.11	-1.10145985916717	7.24591770533877	-5.19509440011458	5.27684579692472e-05	0.00497120672306595
DCAF13	ENSG00000164934.13	-1.10191986782386	4.52713791548417	-6.11293060036538	7.31309062666476e-06	0.00312852565406931
NQO2	ENSG00000124588.19	-1.10342476919802	5.29623205010133	-4.26996697609554	0.000420119523294793	0.0127719338757676
BIN1	ENSG00000136717.14	-1.10586153195227	6.08071166267369	-3.57584845654461	0.00203599221307645	0.0315086497845795
NUDT16	ENSG00000198585.11	-1.10662017539024	5.96946804998591	-3.3819517302502	0.00315607129957328	0.0394971744131654
WDR77	ENSG00000116455.13	-1.10788093464219	4.14577044922281	-4.93274884917119	9.44000996989924e-05	0.0064324874019226
GTPBP4	ENSG00000107937.18	-1.10823864987611	5.57293741960853	-5.62191150498793	2.07944481672514e-05	0.0035088676242877
MRPS16	ENSG00000182180.13	-1.11171082154498	5.29371085950385	-5.78216407666527	1.47373280856373e-05	0.00317905621991424
PGAM5	ENSG00000247077.6	-1.11175746577085	4.35927757253109	-5.10011881765753	6.5087254087454e-05	0.00540013278009844
ELOA	ENSG00000011007.12	-1.11213825999822	5.45655245013881	-4.54813482893017	0.000223770702735456	0.00943077685927989
PDHX	ENSG00000110435.11	-1.11420736304043	4.73375616980821	-6.38191399285079	4.17919313202785e-06	0.00241597806835713
PHB1	ENSG00000167085.11	-1.11486387246026	5.80839683901649	-4.80256859557939	0.00012626999999483	0.00724036313187815
MRPS11	ENSG00000181991.15	-1.11555770264085	3.66859163885033	-5.36841525854759	3.60669844945332e-05	0.0044114865666655
FPGS	ENSG00000136877.14	-1.11654863255173	6.21304367786121	-4.35106700674383	0.000349505423925595	0.0117513821804326
TP53I13	ENSG00000167543.15	-1.11714187123432	5.70633241692263	-3.43297659563627	0.00281294050120051	0.0377142517628716
CRAT	ENSG00000095321.16	-1.11728584649501	6.00172970956308	-3.2925774020597	0.0038589433314617	0.0448774324744485
SLC39A3	ENSG00000141873.10	-1.11792858365369	4.2095204315774	-5.36523417325252	3.63187329082583e-05	0.0044114865666655
UTP4	ENSG00000141076.17	-1.11795231527703	5.17863747810611	-6.191618712432	6.20282424367312e-06	0.003004346304618
EMC6	ENSG00000127774.6	-1.11857081369866	3.66572487956448	-6.19597135349932	6.14672704372762e-06	0.003004346304618
ZBTB7B	ENSG00000160685.13	-1.11984491426431	6.19036732433556	-3.85670808371163	0.00107555254051536	0.0217796351170347
HINT2	ENSG00000137133.10	-1.12033965112456	4.17959280807094	-3.70017264524099	0.00153544014354506	0.0267693666332809
NLE1	ENSG00000073536.17	-1.12071052264261	3.9718600923095	-5.93995527531076	1.05318622527807e-05	0.00312852565406931
ATP5PF	ENSG00000154723.12	-1.12091475245858	5.64684708968432	-4.58302575470701	0.000206830284625349	0.00899661536594875
YRDC	ENSG00000196449.3	-1.12414093459171	3.37728561461231	-5.70264738650424	1.74762606957023e-05	0.00341745803552525
JAGN1	ENSG00000171135.13	-1.12434320484605	4.98825118021077	-4.76985879655691	0.00013587352642957	0.00735646364696171
SURF4	ENSG00000148248.13	-1.1269833200272	7.49558946582953	-3.86080782795868	0.001065564669241	0.0216507760061995
MIRLET7BHG	ENSG00000197182.14	-1.13079392732159	2.3100233537703	-3.51459321124821	0.00233901516202424	0.0341644264723611
SLC2A4RG	ENSG00000125520.13	-1.13178556642927	6.17937975268751	-3.59387629100147	0.00195445299608947	0.0307688942889204
TMEM250	ENSG00000238227.7	-1.13416046240867	5.00606449498024	-4.05455555963895	0.000685590675809101	0.0168452339701904
SNHG16	ENSG00000163597.14	-1.13447395711344	4.79412931780536	-3.84115108228827	0.00111430971866023	0.0222130639244828
UGP2	ENSG00000169764.15	-1.13513082813066	7.33651270043625	-3.50670095487472	0.00238116611192339	0.0344576699823895
CHCHD4	ENSG00000163528.12	-1.13685099420276	3.4576562759174	-5.7842246145903	1.4672522787016e-05	0.00317905621991424
PLEKHJ1	ENSG00000104886.11	-1.14012898070115	5.2009917204626	-5.21057187606992	5.09990053783846e-05	0.00489578501131981
PSMA7	ENSG00000101182.14	-1.14030554559406	7.11891173537739	-4.29934264164342	0.000393017926909105	0.0125155642987877
NCBP2AS2	ENSG00000270170.1	-1.14278465214336	3.52852051277322	-4.83138395957418	0.000118382041119825	0.00708772141893245
MRPS18C	ENSG00000163319.10	-1.14558644056011	2.38919111541591	-5.70241895765331	1.74848396686513e-05	0.00341745803552525
PAK1IP1	ENSG00000111845.4	-1.14726421123906	3.90139515944166	-6.04178516030388	8.49286311587073e-06	0.00312852565406931
MRTO4	ENSG00000053372.4	-1.14803616283616	5.01772848157986	-4.79971339574541	0.000127080103009265	0.00724036313187815
RTN4	ENSG00000115310.17	-1.15145496745374	8.71456836897942	-3.53957157707828	0.00221041084874882	0.0329075440222872
SLC38A12	ENSG00000109066.13	-1.1521883855099	4.14909573012945	-3.49454354886381	0.00244756861567808	0.0349783709422384
DPH2	ENSG00000132768.13	-1.15636365192875	4.31083258550094	-5.03109545835517	7.58497616026015e-05	0.00565636355965255
MTA1-DT	ENSG00000251602.6	-1.15656656602042	-0.0124980334093541	-3.97716991414725	0.00081762953172998	0.0187581195314173
MRPS7	ENSG00000125445.10	-1.1583696483008	5.17585760744515	-5.62836740559601	2.05068066911756e-05	0.0035088676242877
MTCH2	ENSG00000109919.9	-1.15931354362613	5.33622571197744	-4.57869513163689	0.000208860291110399	0.00906291834622146
SLC1A5	ENSG00000105281.12	-1.15953811973028	6.69845405024179	-3.25589395337627	0.00418998951432354	0.0468834307123676
EEF2KMT	ENSG00000118894.14	-1.16000277835724	2.42182098151457	-4.46007777319125	0.000273039671873889	0.0103183564764182
ATP5MC3	ENSG00000154518.9	-1.1632155291883	6.79807228103482	-4.63962640787101	0.000182063454276317	0.0083993439433432
BOLA3	ENSG00000163170.11	-1.16355845720369	3.0741166139495	-4.06639243974218	0.000667370329154982	0.0166805351029099
MRPL35	ENSG00000132313.14	-1.16527189495988	4.49902267779605	-6.63495137572663	2.49037200893369e-06	0.00190891362998081
KLHDC8B	ENSG00000185909.14	-1.16616129330674	5.44013349222224	-3.42203417229169	0.00288328584651175	0.0379100261594549
SHC1	ENSG00000160691.18	-1.16711758035272	7.58944941050576	-4.29936946652799	0.000392994001027783	0.0125155642987877
ZDHHC18	ENSG00000204160.11	-1.16775184047947	5.41073831157392	-3.54440376602571	0.00218635109618248	0.032760533440373
MMP25	ENSG00000008516.16	-1.16966034356784	0.802143776934196	-3.23110716850056	0.0044292539261112	0.0483596529072352
MRPS12	ENSG00000128626.11	-1.17013809397565	4.16259866485787	-4.82592892132344	0.000119835923773033	0.00708772141893245
AGPAT3	ENSG00000160216.18	-1.1714231520544	5.86370804440347	-5.14480289305251	5.8962701467735e-05	0.00519649269776514
TIMM8B	ENSG00000150779.11	-1.17212785614363	4.38721275034133	-5.14970936196272	5.83270340280528e-05	0.0051766666591585
TESK1	ENSG00000107140.15	-1.1728878292027	5.94024237907432	-3.83350358300512	0.00113386946290824	0.0224036104132069
ENDOG	ENSG00000167136.6	-1.17472241937871	1.68611555189457	-3.4229516652476	0.00287732161904142	0.0379100261594549
ATP5MK	ENSG00000173915.14	-1.17545534210522	5.3754611910461	-5.36380878194852	3.64321194055295e-05	0.0044114865666655
MRPS17	ENSG00000239789.5	-1.17583114181473	3.49772858638514	-5.90489020201677	1.13452875091664e-05	0.00312852565406931
GPI	ENSG00000105220.14	-1.17657638927444	7.89742232016735	-3.85614295430608	0.00107693662396863	0.0217830488015144
HMBS	ENSG00000256269.7	-1.17896560978834	3.51625843643815	-4.60751487281616	0.000195720908414541	0.0087251601982512
HMOX2	ENSG00000103415.11	-1.18118973904203	5.43344657506693	-4.31964605358738	0.00037532203993694	0.0122306395129973
GPATCH4	ENSG00000160818.16	-1.18137804038509	4.79613756247366	-4.26339370565919	0.000426437174037513	0.0128873197233158
NDUFAB1	ENSG00000004779.9	-1.18241900980876	5.2135305999941	-6.43096927050944	3.77761365372807e-06	0.00233443497546416
PRELID1	ENSG00000169230.9	-1.18453998507269	4.84642612058883	-5.9006154155549	1.14487744232657e-05	0.00312852565406931
MRPS15	ENSG00000116898.11	-1.18484605581162	5.53036283168054	-5.80194478648481	1.41271446968334e-05	0.00317905621991424
ANXA6	ENSG00000197043.13	-1.18689132758847	8.31796935635008	-3.69072240570773	0.00156876258123227	0.027032494440638
TYSND1	ENSG00000156521.13	-1.19048292020779	4.85555882198858	-4.59618717461137	0.000200782538529284	0.00879761338137726
MPC1	ENSG00000060762.18	-1.19103869466688	5.19183416668057	-5.18627355183678	5.38048036430398e-05	0.00499604086055397
SUB1	ENSG00000113387.11	-1.19125383489354	6.83205352104965	-5.08801909279892	6.68546993298871e-05	0.00542771822251497
SCO1	ENSG00000133028.10	-1.19221901446195	4.88726515580226	-5.30994580811403	4.09929523418896e-05	0.00448100275081911
IMP4	ENSG00000136718.9	-1.19377672238862	5.13374312732308	-5.59902743853507	2.18477838148303e-05	0.0035088676242877
MPC2	ENSG00000143158.10	-1.19540246990621	4.81945990956904	-6.31470847447248	4.8020234968518e-06	0.00260778979051761
PITPNA-AS1	ENSG00000236618.2	-1.1985075240476	0.300187308793505	-4.51437719836128	0.000241497053786461	0.00981376122654686
PEX19	ENSG00000162735.18	-1.20066303733994	6.66791601295188	-3.95710659570893	0.000855835378714401	0.0192560369614685
SAC3D1	ENSG00000168061.14	-1.20255927958316	2.35628992541364	-3.78774281651031	0.00125827071875379	0.0238874915885007
PRKAG2-AS1	ENSG00000239911.2	-1.20379312398019	2.48964805576861	-3.88299194208291	0.00101310307787429	0.0211359956444531
MTLN	ENSG00000175701.10	-1.20653611268997	3.44337486699395	-5.39948525641588	3.36999909367654e-05	0.0042530812505477
DHCR7	ENSG00000172893.15	-1.20685812074	4.84187082723112	-3.43174086728572	0.00282079912973213	0.0377142517628716
SDHB	ENSG00000117118.9	-1.2074566934595	5.73576450237749	-5.54920075222253	2.43346035567245e-05	0.00369576635881407
SMIM12	ENSG00000163866.8	-1.21075144300414	5.13169179795682	-4.8122007618906	0.000123575562863382	0.00721367316636703
ACY1	ENSG00000243989.8	-1.21136944795472	4.47276230866326	-4.27369660283266	0.000416576918736157	0.0127614956592661
TJP2	ENSG00000119139.17	-1.21269976168338	6.9306940270449	-3.71005023870998	0.00150136229401476	0.0265503480551394
NDUFAF8	ENSG00000224877.3	-1.2135551486307	3.60325943734989	-5.61879179989085	2.09349249534266e-05	0.0035088676242877
RAB5IF	ENSG00000101084.17	-1.21452384228659	4.85606622373673	-4.24811501503157	0.000441493689279396	0.0130561194811486
BLCAP	ENSG00000166619.12	-1.21599491717723	6.67831345284023	-3.92810980679605	0.000914229218691004	0.0200047641369493
BNIP3L	ENSG00000104765.15	-1.21832722847931	7.35661869666897	-3.28597833642621	0.00391654341886264	0.0453120559131293
ESRRA	ENSG00000173153.13	-1.21939013443677	5.06400582625163	-4.46945406468447	0.000267309681891225	0.0102799502342761
INPP5K	ENSG00000132376.19	-1.21989955048337	5.84219025620291	-3.65532583352884	0.00170008129251333	0.0284208552641151
SUCLG1	ENSG00000163541.11	-1.22108074158067	6.23617071487086	-5.07738495910805	6.84484302376197e-05	0.00542771822251497
MRPL41	ENSG00000182154.7	-1.22143793632504	5.49503578751774	-4.66055771501092	0.000173684825399648	0.00827820679783803
MRPL36	ENSG00000171421.12	-1.2217709054931	3.82202719183323	-6.27494675782823	5.21483155780664e-06	0.00274867636316038
POLR3H	ENSG00000100413.16	-1.22220269554154	4.7969812981166	-4.86850270148666	0.000108953591364635	0.00685107828366887
TUBG1	ENSG00000131462.7	-1.225238203919	4.34574269336429	-4.55446018384627	0.000220598585203949	0.00934597457550821
GFPT1	ENSG00000198380.12	-1.22589623143207	6.4762822413961	-3.64737485895679	0.00173104761638565	0.0287887982364373
ATPAF1	ENSG00000123472.12	-1.22673306361806	5.20940593377036	-5.45856366779242	2.96279040776563e-05	0.00402243688617938
POLR2L	ENSG00000177700.5	-1.2285659577728	6.35428565011118	-3.59866912705503	0.00193332486347596	0.0307094639493158
SUOX	ENSG00000139531.12	-1.22954123825991	4.95157411111759	-3.93731389121083	0.00089527496249116	0.0197514859923723
POLN	ENSG00000130997.16	-1.23066117212184	1.66976616498404	-3.33717173827781	0.00349090353979969	0.0420999208188091
UQCRHL	ENSG00000233954.6	-1.23104524026255	2.01490542250837	-3.38996742301041	0.00309956160084511	0.0390353081157732
BTBD6	ENSG00000184887.13	-1.23636730821715	6.09925429710728	-3.67939678223022	0.00160964518899828	0.0274990004118571
AURKAIP1	ENSG00000175756.13	-1.24129819857975	5.84650715171288	-5.83604364031724	1.31354711352799e-05	0.00317905621991424
DECR1	ENSG00000104325.6	-1.24237014887341	5.89761407031487	-4.88789705031929	0.000104334546517566	0.00671652896819894
PRADC1	ENSG00000135617.3	-1.24458389520234	3.75001469232406	-4.40511052063359	0.000309217117980218	0.0110168587899075
PTEN	ENSG00000171862.10	-1.24717543912951	7.10006261026271	-3.24935382159056	0.00425186335032186	0.0473277286342348
SCRN2	ENSG00000141295.13	-1.24741496928453	5.8935405972279	-3.81464022495911	0.00118359144045599	0.0230806770450619
CCT5	ENSG00000150753.11	-1.25026771542314	6.40029417663306	-4.97365360215642	8.61800306681216e-05	0.00600946431752299
RTN3	ENSG00000133318.13	-1.2580703054277	7.4260414625827	-4.5473273629457	0.000224178948833951	0.00943077685927989
PPARA	ENSG00000186951.16	-1.25892181834221	4.50121030578346	-3.56607210183133	0.00208160934288877	0.031893404113714
RRP9	ENSG00000114767.6	-1.26005390552222	4.48078661996037	-5.0159464221442	7.84451301378735e-05	0.00576153761147882
POP1	ENSG00000104356.10	-1.26232503248072	2.16766666794715	-4.27577824018328	0.000414612758574116	0.0127499412581556
MT-RNR1	ENSG00000211459.2	-1.26437997971368	9.47988259996057	-3.40062454957455	0.00302596921573132	0.0384830135786484
HSD17B10	ENSG00000072506.12	-1.26452766150213	5.41353152042796	-4.0844447941283	0.000640512932144537	0.0163048753650032
GABRD	ENSG00000187730.8	-1.26726378999947	-0.272428369803634	-3.2955908538002	0.00383291733695877	0.0446907687674939
GRINA	ENSG00000178719.16	-1.26758758795286	8.07542433452142	-4.68162177807963	0.000165647284019386	0.0081108332702498
MPST	ENSG00000128309.16	-1.26781601682043	5.38469969538902	-3.52659491397773	0.00227632545728224	0.0335753321151893
PGM3	ENSG00000013375.15	-1.2697148525356	5.12308132989204	-4.10571246406353	0.000610259262411857	0.0157813221380706
ENSG00000255823	ENSG00000255823.4	-1.27017207682631	-0.332283648326353	-3.56415420243514	0.00209067635157623	0.0319511362476236
ZFAND2A-DT	ENSG00000229043.2	-1.27076686169633	2.08837096538229	-4.06677170442578	0.000666794627566241	0.0166805351029099
TMBIM1	ENSG00000135926.14	-1.27291741695845	8.17470354150315	-3.3273056375418	0.0035692389120551	0.0427569054431413
MKNK2	ENSG00000099875.14	-1.27515584677169	7.58113508902596	-3.68366903521866	0.00159410063725154	0.02731154638641
MLYCD	ENSG00000103150.5	-1.27643536736914	4.296151159542	-3.8195911674412	0.00117033467996258	0.0228969080781763
TWNK	ENSG00000107815.7	-1.27760906666461	2.97005969330878	-4.64545803920276	0.000179688762180286	0.0083993439433432
TNIP1	ENSG00000145901.14	-1.28065185878485	7.4702789135523	-3.69790470169127	0.00154337243360565	0.0267693666332809
AK2	ENSG00000004455.16	-1.28188744670011	6.70444988543843	-4.80405701058336	0.000125849775112007	0.00724036313187815
GPC1	ENSG00000063660.8	-1.28243559395685	6.22081245484748	-3.66573212811878	0.00166038139874725	0.0279389499736744
PIGW	ENSG00000277161.1	-1.28864548934481	2.27646570218961	-4.90368839597624	0.000100720964375469	0.00661179634642044
DPH3	ENSG00000154813.9	-1.29007913354524	4.27010334171737	-3.74520951473572	0.00138605037383319	0.0253397223134504
LSS	ENSG00000160285.14	-1.29357495975811	6.50704763464852	-3.5965056904177	0.00194283372554694	0.0307303823438012
IDH3A	ENSG00000166411.13	-1.29796582033931	4.01044105235804	-5.22107653288873	4.98326765435896e-05	0.00482730484506848
KIF21A	ENSG00000139116.18	-1.30105007108444	3.55554302849595	-4.99176071456224	8.27775777650745e-05	0.00590257514217075
IFRD2	ENSG00000214706.10	-1.30333677973698	5.37142713467828	-5.9105844551836	1.1208928108157e-05	0.00312852565406931
ECHDC1	ENSG00000093144.18	-1.30372923639046	5.79297275231017	-5.99285162288177	9.41652288586144e-06	0.00312852565406931
UQCRH	ENSG00000173660.11	-1.30489099995858	6.14646662405905	-6.05362617940829	8.28369884464411e-06	0.00312852565406931
AIMP2	ENSG00000106305.9	-1.30557885682302	3.10595994407953	-5.2614623975282	4.55964881376278e-05	0.00466934093665387
NIP7	ENSG00000132603.13	-1.3066385336938	3.88948052934371	-6.4386532564389	3.71841204157248e-06	0.00233443497546416
BYSL	ENSG00000112578.9	-1.30698568746085	3.75157541117019	-5.92114533581207	1.09604687949009e-05	0.00312852565406931
SNRPGP10	ENSG00000235363.1	-1.30698906605127	0.279072790321655	-5.47928977514431	2.83217115126869e-05	0.00393452241875086
CYC1	ENSG00000179091.4	-1.30712444867589	6.11070970780004	-5.81235579699006	1.38164710428062e-05	0.00317905621991424
GPX4	ENSG00000167468.16	-1.30965154982869	8.37733559094771	-3.41578886346561	0.00292420868878097	0.0381402794116767
PNO1	ENSG00000115946.7	-1.30976045357698	4.34316742266866	-5.77147084285602	1.5078387293829e-05	0.00317905621991424
MMP17	ENSG00000198598.6	-1.31086025949206	3.35706866593019	-3.44249853764539	0.00275310487697186	0.0373775700759187
NR2F6	ENSG00000160113.5	-1.31214756338276	4.86264222903983	-4.17376331534573	0.000522759782173446	0.0144573735437196
MRPL46	ENSG00000259494.1	-1.31398600811337	3.88448451668345	-5.70921654799692	1.72313851657029e-05	0.00341745803552525
TBC1D16	ENSG00000167291.15	-1.31411092195542	6.62188273182792	-3.37125275903369	0.00323307928855039	0.0400097641180137
HSPD1	ENSG00000144381.16	-1.31525134049687	7.47215437952984	-4.01113817558171	0.000756795308946076	0.017839763222969
COX7A1	ENSG00000161281.10	-1.31577656825251	4.88899518310677	-3.29834355357556	0.00380929380774694	0.0445777291768245
RPL6P10	ENSG00000243199.1	-1.31603607192915	0.107970913040514	-3.42790190769241	0.0028453512752525	0.0377995108997777
RPLP2	ENSG00000177600.8	-1.31604186384837	9.68692850654566	-5.40445909969147	3.33360925777792e-05	0.00423699372401689
PCBD1	ENSG00000166228.8	-1.31824494325393	5.26686793844008	-5.19325765508941	5.29825614700963e-05	0.00497120672306595
CCND1	ENSG00000110092.3	-1.31954806829928	6.43249724760502	-3.26351799400745	0.00411897340599697	0.0466531560831278
NDUFC2	ENSG00000151366.12	-1.32472733349105	5.82953465642101	-5.11458937098744	6.30359024111884e-05	0.00529985239331193
SLC25A51	ENSG00000122696.13	-1.32688302435013	2.91057846663754	-4.88467001896958	0.000105089072899516	0.00671652896819894
GUCD1	ENSG00000138867.16	-1.32725455238876	6.36513427128401	-4.79928053067137	0.000127203379334025	0.00724036313187815
POLR2E	ENSG00000099817.11	-1.32954804229431	7.0449497739867	-4.91354867852653	9.85294088492782e-05	0.00656049596526636
MEGF9	ENSG00000106780.8	-1.33076757163888	5.10694943593021	-5.14072950244453	5.94958041022046e-05	0.00520109417227126
MTATP8P1	ENSG00000240409.1	-1.33218654408403	0.199906847122884	-3.2769983040165	0.00399628126802163	0.0457911487239231
MCCC1	ENSG00000078070.12	-1.33285132686756	5.01634523779395	-3.70409161335915	0.00152182863054249	0.0266935551245057
HSPA2	ENSG00000126803.9	-1.3382846060417	3.53984737837399	-4.01307995524301	0.000753457979210505	0.0177901455144025
EMC3	ENSG00000125037.12	-1.34011373986357	5.68384408321667	-5.72833740888301	1.65384647538773e-05	0.00336802075970721
PDHA1	ENSG00000131828.13	-1.34015697082806	5.95880271256263	-5.72987115494608	1.64841369220968e-05	0.00336802075970721
UQCRFS1	ENSG00000169021.5	-1.34022705198806	5.76428539246479	-6.61088595219209	2.61509425302707e-06	0.00190891362998081
MTHFS	ENSG00000136371.10	-1.34175403680267	3.71529358420489	-6.60196406199891	2.6629563500653e-06	0.00190891362998081
SPTBN4	ENSG00000160460.15	-1.34176721473522	2.02102098992863	-3.4874859192667	0.0024869520012685	0.0352964605710112
BCAP31	ENSG00000185825.15	-1.34504422988554	7.80639416986972	-4.13740768283765	0.000567811860343855	0.0151467837526508
HSPE1	ENSG00000115541.10	-1.34670828041543	5.76257067510953	-4.62532690173948	0.000188021814148685	0.00849153501562289
MLEC	ENSG00000110917.7	-1.34758694174965	6.57576534590502	-3.40275817195593	0.00301144351724961	0.0384678582819726
LPCAT3	ENSG00000111684.10	-1.34916842839926	4.23753263824066	-5.78076525548861	1.47814893129584e-05	0.00317905621991424
RMDN3	ENSG00000137824.15	-1.34963074829941	5.51559566124237	-6.53453515621738	3.05522409885422e-06	0.00210587196444487
PGRMC1	ENSG00000101856.9	-1.35542688243419	6.98931947307927	-5.51524470520689	2.61938825226529e-05	0.00386006931662465
TSPAN3	ENSG00000140391.14	-1.35594232257956	7.35787478812486	-3.49598757376492	0.00243958679321769	0.034947909609316
ZNF232-AS1	ENSG00000234327.7	-1.35744449580286	0.808913289113842	-3.46050153851565	0.00264338296873359	0.0363220206372201
ENSG00000278266	ENSG00000278266.1	-1.36090727840019	0.354645089580328	-3.24416046034023	0.0043016320634541	0.0475567848298341
ATG9B	ENSG00000181652.19	-1.36330717151213	1.51965018544329	-3.21182241578931	0.00462460289851306	0.0495529305264699
CISD3	ENSG00000277972.1	-1.37173947381646	4.58006443865547	-5.1106846875493	6.35828505419377e-05	0.00529985239331193
GCDH	ENSG00000105607.12	-1.3730176076115	4.41223758699935	-3.45735912124062	0.00266221928514081	0.0365031612922789
HACD2	ENSG00000206527.9	-1.37515529329755	5.46180870404088	-3.70013515660429	0.00153557093286664	0.0267693666332809
GINS3	ENSG00000181938.13	-1.37592319734806	2.33456016669628	-3.50649206222054	0.00238229189823004	0.0344576699823895
GRPEL1	ENSG00000109519.12	-1.37637250316659	4.90687422513691	-6.09186869487728	7.64364475184341e-06	0.00312852565406931
MARS2	ENSG00000247626.4	-1.37803948760481	2.20051105997383	-4.73925041012466	0.000145531273828619	0.00759242526730261
MCRIP2	ENSG00000172366.19	-1.38377173180611	3.59798835556867	-4.35363450931126	0.000347476690944383	0.0117493014687062
MRPL15	ENSG00000137547.8	-1.38724957696918	4.42025625264287	-5.45277780422275	3.00034333973399e-05	0.00404279345799795
COA7	ENSG00000162377.5	-1.38832435695239	3.60412383682283	-7.42580458690714	5.22024507710223e-07	0.00168207055123788
ACSS3	ENSG00000111058.7	-1.39009549656163	5.039953249877	-3.98407519966337	0.000804878660764613	0.0186600653034445
TUBA1C	ENSG00000167553.15	-1.3922711567748	4.56655499435443	-3.65209369247827	0.00171260251777113	0.0286034946141439
CLMP	ENSG00000166250.11	-1.39565807451083	6.55210378731524	-3.24662181048826	0.00427797393539543	0.0474980307880616
TACR2	ENSG00000075073.14	-1.39999929709496	-0.155212295633125	-4.3224462135443	0.000372945316671538	0.0122185612798366
COX5A	ENSG00000178741.11	-1.40032846313041	5.67251782928412	-6.11548843048737	7.27396112641573e-06	0.00312852565406931
POR	ENSG00000127948.15	-1.40053965478229	6.68164685548639	-5.20979840711484	5.10859771841306e-05	0.00489578501131981
ALDH6A1	ENSG00000119711.12	-1.40305307915432	5.11500702234045	-3.60681211478624	0.00189794585558953	0.0304503918335004
MAPK11	ENSG00000185386.14	-1.40409597464982	5.38606454938652	-3.86486399627874	0.00105577403185266	0.021574146436524
MT-RNR2	ENSG00000210082.2	-1.41058075601922	12.3051028072235	-4.05277288036291	0.000688377602504833	0.0168760807311753
RAC3	ENSG00000169750.8	-1.41283042180337	2.99364432485683	-3.83587286764497	0.00112777330178806	0.0223279424220941
OXCT1	ENSG00000083720.12	-1.42015977350276	5.12712527961607	-3.81667346287215	0.00117812918070667	0.022999186326192
PRR5	ENSG00000186654.20	-1.42035193959661	4.91127207446672	-5.07818240744507	6.83275852427172e-05	0.00542771822251497
QDPR	ENSG00000151552.11	-1.42128240532209	5.06764735790901	-5.13354112746005	6.0448602341859e-05	0.00521833088632361
ETFB	ENSG00000105379.9	-1.42292205355807	5.54047304672555	-4.19398585105636	0.000499272734633107	0.0140895034120889
WDR3	ENSG00000065183.15	-1.42343339044844	4.74016148603404	-6.7716283294496	1.88960005967333e-06	0.00190891362998081
NUDT8	ENSG00000167799.9	-1.42349152809484	2.13293111901675	-5.08911092952338	6.66932222668774e-05	0.00542771822251497
DDT	ENSG00000099977.13	-1.42606163306368	3.8531213962527	-6.69972864061046	2.18426399003402e-06	0.00190891362998081
ACOX1	ENSG00000161533.11	-1.42873118450118	5.92536731140835	-3.79635466758957	0.00123386322035314	0.0236821327803793
ENSG00000269028	ENSG00000269028.3	-1.43179577469444	-0.267228861079914	-3.84896132327733	0.00109468100498446	0.0220177085188849
ODC1	ENSG00000115758.12	-1.43251131032005	5.44557835677112	-4.06706836584517	0.000666344659958459	0.0166805351029099
CDKN2C	ENSG00000123080.10	-1.43290167078043	5.05581450476012	-3.85003779709846	0.00109200278806108	0.0220177085188849
NICOL1	ENSG00000243449.6	-1.43415939128385	0.803534434592496	-4.02012675867836	0.000741469971420924	0.0176757134528873
ACTRT3	ENSG00000184378.2	-1.43480704831642	0.38393052272117	-4.11968282840594	0.000591170575385182	0.0155728593199459
ADISSP	ENSG00000101220.17	-1.43937570173367	5.44968636883416	-3.80446429147108	0.00121131045240874	0.0234679941812077
CHAC2	ENSG00000143942.4	-1.44111703171616	0.0940424547523706	-4.0597393234438	0.000677550799293526	0.0168107327083037
HOXA10	ENSG00000253293.4	-1.44290089631341	2.69310140182131	-4.23271559508116	0.000457210673716735	0.0133447434587583
RPP40	ENSG00000124787.13	-1.4443250695068	1.82760578632116	-6.38612954359743	4.14301636832892e-06	0.00241597806835713
GLUD2	ENSG00000182890.4	-1.45228885325484	0.575381094416409	-3.21972803270866	0.00454352320340678	0.0489624048877047
CECR2	ENSG00000099954.18	-1.45355867811397	2.33672638631324	-3.84283638673271	0.00111004472278605	0.0222021333449205
LINC01311	ENSG00000260924.2	-1.45396466900432	-0.149470418550763	-3.47117362163764	0.00258038821004787	0.0359056171922351
ECE2	ENSG00000145194.17	-1.45513006262928	1.53843380914938	-3.34315630375983	0.00344421219508215	0.0416489384264961
TTC38	ENSG00000075234.16	-1.46337509656043	5.52199708762898	-4.98902260872825	8.32831762385186e-05	0.00590257514217075
LINC01128	ENSG00000228794.8	-1.46379489319123	4.62252740211274	-3.97156974965949	0.000828118720075869	0.0188813175349614
TOMM40	ENSG00000130204.12	-1.47011444427624	5.43207062807399	-4.90938136463342	9.94496609396153e-05	0.00656049596526636
MTCO2P12	ENSG00000229344.1	-1.47440291059802	1.61638314310246	-4.2613044074999	0.000428465186488448	0.0128909929818812
PPA1	ENSG00000180817.11	-1.47640020179185	6.9681252237107	-3.61598999726581	0.00185883899236004	0.0301678777062745
GPATCH11	ENSG00000152133.14	-1.4767472390781	4.03928092762836	-3.5337701590111	0.00223964246752226	0.0332256892884656
POMC	ENSG00000115138.10	-1.47729623813169	1.42821541443662	-3.82004103575908	0.00116913746119274	0.0228969080781763
MOCS1	ENSG00000124615.17	-1.48162882496331	6.25435693330763	-3.26992183333781	0.00406023510041943	0.0462673330404079
PMM1	ENSG00000100417.11	-1.48182617744315	4.94319203294245	-4.09489075463553	0.000625469833504169	0.0160588035619315
SNN	ENSG00000184602.5	-1.4818418195639	5.665456132125	-3.63888957610515	0.00176471221954562	0.0290942113031068
RRS1	ENSG00000179041.3	-1.48614015005772	3.80953673962919	-6.88094600905143	1.51796412276298e-06	0.00190891362998081
NDUFAF4	ENSG00000123545.5	-1.49024354438153	3.64693611824559	-5.70021086276731	1.7567990874337e-05	0.00341745803552525
RGS3	ENSG00000138835.22	-1.49705062751998	5.72100063081786	-3.75342450114142	0.00136040309079222	0.0249792866701715
CCDC107	ENSG00000159884.11	-1.50567030295613	3.44101572832516	-3.98546118825512	0.00080234345739237	0.0186253848444672
ACADS	ENSG00000122971.8	-1.50578719244989	5.63888486625151	-4.22794097704355	0.000462197168670985	0.013424692803489
PRRT3-AS1	ENSG00000230082.1	-1.50945672738904	0.64927078460747	-3.95120930284684	0.000867401272545088	0.0194091803565264
SPTB	ENSG00000070182.19	-1.51137701405228	1.14203851476014	-3.40167109119681	0.0030188357652922	0.0384678582819726
GPRIN1	ENSG00000169258.6	-1.5126838930258	0.279490806539586	-3.83744758359444	0.00112373965250132	0.0222791652783976
MIEF1	ENSG00000100335.13	-1.51620018796921	5.35222547713352	-5.81374599172633	1.377552055277e-05	0.00317905621991424
PCCA-DT	ENSG00000274605.1	-1.51636990235786	1.69107020758049	-5.12778116249559	6.12232911311521e-05	0.0052303076845292
ENSG00000277203	ENSG00000277203.1	-1.51866973676058	2.57371190662005	-3.51456938400978	0.00233914130247124	0.0341644264723611
AK4	ENSG00000162433.14	-1.52365058750479	5.52853960144899	-4.76511528766438	0.0001373265161931	0.00739037048779104
DHRS11	ENSG00000278535.4	-1.52494145474202	3.62153533436155	-5.12729419821301	6.12892480191469e-05	0.0052303076845292
CABLES1	ENSG00000134508.12	-1.5261533123124	4.90496466700264	-4.49725376243625	0.000251024958821127	0.00986539098033645
CDC42EP4	ENSG00000179604.9	-1.53045349520174	7.31315362670878	-4.61202534539908	0.000193741609007921	0.00865846228187272
TLCD1	ENSG00000160606.10	-1.53176780368974	0.677556893322002	-3.59086745945051	0.00196783342626329	0.0309095341877147
ABHD5	ENSG00000011198.7	-1.53727126777911	4.48962548237987	-3.27019221783568	0.00405777317263994	0.0462673330404079
ACO2	ENSG00000100412.15	-1.53854744490661	5.93397880762527	-5.23106459621112	4.87489581466504e-05	0.00482730484506848
ENSG00000203546	ENSG00000203546.7	-1.54298063263568	-0.700427900495105	-3.99560571058506	0.000784029144571149	0.0182950342446088
RCL1	ENSG00000120158.11	-1.54626135912482	4.72472478097334	-3.92072532792282	0.000929725852281692	0.0202449781272663
ACLY	ENSG00000131473.16	-1.54775582259414	7.00233312140146	-4.38686597347172	0.000322265375807306	0.0112361809623379
ABCD1	ENSG00000101986.11	-1.55574350289573	4.75195653508553	-3.46814384305798	0.00259812017808206	0.0359543719779217
TALDO1	ENSG00000177156.10	-1.55664417437972	6.83328836869282	-4.82628851969929	0.000119739527126073	0.00708772141893245
SLC66A2	ENSG00000122490.18	-1.55763671192343	6.55633088630317	-3.94523772155043	0.000879272127522787	0.0195017769769008
RBPMS-AS1	ENSG00000254109.5	-1.56559166447003	1.18373580073719	-3.53526286953634	0.00223208482817709	0.0331410043129757
MRPL12	ENSG00000262814.7	-1.56709810319503	4.9650239231415	-5.96739138413545	9.93735706336336e-06	0.00312852565406931
TKT	ENSG00000163931.15	-1.57177480336795	7.47084602084353	-4.57063416578034	0.000212692786159011	0.00917089301585244
MRAS	ENSG00000158186.12	-1.58577330218506	6.55935134945612	-3.25776545617958	0.00417244668926112	0.0468834307123676
MOCOS	ENSG00000075643.5	-1.59022265171155	3.15410762329342	-3.21514816111643	0.00459032330394742	0.0493776614225941
ITPK1	ENSG00000100605.16	-1.59138059926005	6.36891450147444	-3.95627980914922	0.00085744754730494	0.0192560369614685
PPARGC1B	ENSG00000155846.16	-1.59839775173245	3.26154895208307	-3.5460765708592	0.00217808259274194	0.0327187075813314
FZD5	ENSG00000163251.3	-1.60006384587391	3.18587775790922	-3.59861144077343	0.00193357781034731	0.0307094639493158
ESYT1	ENSG00000139641.12	-1.60401007432426	7.71764431839783	-3.29494321875865	0.00383849614713633	0.0447267161591874
DGAT1	ENSG00000185000.11	-1.60560108555062	6.15494348867445	-4.45548946890916	0.000275888712760403	0.0103435180363581
STAT5A	ENSG00000126561.16	-1.60774134918901	6.93460477762825	-4.05500623976653	0.000684887903995962	0.0168452339701904
RXRA	ENSG00000186350.9	-1.60978107527911	7.0394941359815	-3.57501578545368	0.0020398386539964	0.0315137487226461
SORT1	ENSG00000134243.11	-1.61255507806067	6.70283168625457	-3.61497141875339	0.00186313944678555	0.0301678777062745
ADIPOR2	ENSG00000006831.9	-1.61733716303208	6.82565716150231	-4.2833670273189	0.00040753087172258	0.0126794457502437
ENSG00000260996	ENSG00000260996.1	-1.61755796100461	-0.557704626285261	-3.63574346975836	0.00177735843826954	0.0292210575552848
PRKCD	ENSG00000163932.13	-1.6307956044869	5.72970958800794	-3.39295754529107	0.00307873750825762	0.0388823501659513
HSDL2	ENSG00000119471.14	-1.637500326223	5.54877141268118	-3.49747623882554	0.00243138512832121	0.0348861912607241
AOC2	ENSG00000131480.8	-1.64182542373223	1.85135681832709	-4.6850242561759	0.000164384808967361	0.0081108332702498
GCSH	ENSG00000140905.10	-1.64234211011584	3.22049816492769	-8.04575581081156	1.62677924663261e-07	0.00168207055123788
SREBF1	ENSG00000072310.16	-1.64467944549968	7.62477706812654	-3.5235068367547	0.00229229526071073	0.0336733945010294
CTIF	ENSG00000134030.13	-1.64904226295555	6.45959418686068	-3.49353901361786	0.00245313636829413	0.0350210732546002
FADS3	ENSG00000221968.8	-1.65083811601439	6.50249052504349	-3.32364413350088	0.00359874761142696	0.0428525953118821
COX14	ENSG00000178449.8	-1.65245864333789	5.29628505563211	-5.65791450746656	1.92414851044072e-05	0.0035088676242877
URB2	ENSG00000135763.9	-1.65776643468388	3.26337669257292	-7.23792292062042	7.50882451308692e-07	0.00168207055123788
TUBB2A	ENSG00000137267.5	-1.65932798595015	4.33421825517262	-3.50148872237459	0.00240941406445159	0.0347154321679286
MPO	ENSG00000005381.7	-1.67243216207174	-0.26788499705619	-3.22025371052068	0.00453818141968218	0.0489407522667202
MACIR	ENSG00000181751.9	-1.67282339654651	3.56349825348156	-4.3408951054201	0.000357660906193999	0.0118917274580754
TMEM120A	ENSG00000189077.10	-1.67480246040332	5.73973046572299	-4.55702516128331	0.000219325269141852	0.00933617137361312
LETM1	ENSG00000168924.14	-1.67554162463214	5.4718458237958	-5.61392548938352	2.11559943344651e-05	0.0035088676242877
TMEM164	ENSG00000157600.11	-1.67619460356496	5.08937825769134	-3.46198236036365	0.00263455223022405	0.036262527279451
CS	ENSG00000062485.18	-1.67744174534005	7.29912011032585	-5.30238275738707	4.16785397295151e-05	0.00448100275081911
RBM20	ENSG00000203867.7	-1.68066002149563	1.9672204250642	-3.4041334518862	0.00300211701264261	0.0384678582819726
ACAA2	ENSG00000167315.17	-1.68070741743619	6.40898501666155	-3.25083957091979	0.00423772917607176	0.0472329567369516
FOXN3-AS1	ENSG00000258920.1	-1.68267423145685	0.924928952470799	-4.24920667127535	0.000440400378082856	0.0130453143398725
RNFT1-DT	ENSG00000267302.5	-1.68277806607404	-0.0854851271523588	-3.41183673814963	0.00295040021744056	0.0383423656974273
SGK2	ENSG00000101049.14	-1.68335729044089	2.88724211661613	-3.9506030976772	0.000868598998154911	0.0194091803565264
EIF4EBP1	ENSG00000187840.4	-1.69097679104727	5.11352290812009	-4.00601947796371	0.000765663903448216	0.0179835685631658
CSPG5	ENSG00000114646.9	-1.69155052059062	-0.401820144467243	-4.52628290583005	0.000235088694190016	0.00972984870341632
CLUH	ENSG00000132361.16	-1.69485702366407	6.75756056779062	-4.41524819835078	0.000302198567317844	0.0109369493333904
SMIM3	ENSG00000256235.1	-1.69868090121645	6.44366756048145	-3.38121257311152	0.00316133301997449	0.0395078445264734
PDXK	ENSG00000160209.18	-1.70303461415144	6.95789505893064	-3.7963797558855	0.00123379280909138	0.0236821327803793
LDHB	ENSG00000111716.12	-1.71150507677206	8.02756505110264	-4.43624516232104	0.000288169030637251	0.0106042652937375
MESTIT1	ENSG00000272701.2	-1.72210071573864	-0.966847852987171	-3.8792909099327	0.00102167268879555	0.0212180952209256
ELOVL5	ENSG00000012660.13	-1.72489979678191	7.61849138097806	-5.64124290063731	1.99452574814876e-05	0.0035088676242877
STK39	ENSG00000198648.10	-1.7258748137101	4.72002070466183	-5.63599033635268	2.0172413238074e-05	0.0035088676242877
PEX5	ENSG00000139197.10	-1.72638818154406	6.19404496827604	-4.59771866913977	0.000200090536408641	0.00878878064455702
MT-TS1	ENSG00000210151.2	-1.72785896300055	1.23014767945692	-4.65398062300724	0.000176274613204186	0.00831320353482164
TRDC	ENSG00000211829.9	-1.73300813529787	0.113029830164578	-3.33564148306607	0.00350294197723028	0.0422166934592763
PXMP2	ENSG00000176894.9	-1.74170099713043	3.33757463368931	-5.3271046573843	3.94799194916706e-05	0.00444164137697601
PRODH	ENSG00000100033.16	-1.74383710252787	2.5921290250242	-3.47050550163424	0.00258428813438204	0.0359056171922351
TENM3	ENSG00000218336.8	-1.74851938929975	3.35561260353043	-3.2471424098602	0.00427298635084512	0.0474743883406667
MSRB1	ENSG00000198736.11	-1.75061756122172	4.22414771470779	-5.18092666347197	5.44430884339924e-05	0.00502925045270916
HK2	ENSG00000159399.9	-1.75091177987262	5.98423460073601	-3.4813624315317	0.00252162900784946	0.0355268187497407
ATP10A	ENSG00000206190.11	-1.75780933029558	3.99529072047828	-3.71185995331731	0.00149520071411186	0.0265301900966323
KLLN	ENSG00000227268.3	-1.75963071003226	0.201048492043545	-4.64580297860794	0.000179549286828245	0.0083993439433432
HSPA8	ENSG00000109971.13	-1.76051456219339	8.50729448862645	-3.72942175011253	0.00143669782623834	0.0258536282040556
GCHFR	ENSG00000137880.5	-1.76568881147828	0.332546501528967	-4.50819873255859	0.000244892003141475	0.00982054634614843
MT-ND5	ENSG00000198786.2	-1.77378645824394	11.3937412253636	-4.06750657979741	0.000665680546396754	0.0166805351029099
GPR153	ENSG00000158292.6	-1.77862903886979	4.57353069977888	-4.39871909463607	0.000313726382282954	0.011099425762399
ATF5	ENSG00000169136.10	-1.78824702591176	5.1243150915107	-3.96529109492132	0.000840038882450128	0.0190273882141
EGFLAM	ENSG00000164318.17	-1.79496422518941	5.42406459536388	-4.52731406831309	0.000234541818733898	0.00972968503131988
KLHL25	ENSG00000183655.12	-1.80330011498648	4.04436244469304	-6.01899761191716	8.91081400801489e-06	0.00312852565406931
PEMT	ENSG00000133027.17	-1.80655267729391	5.28149549027893	-3.34768103966131	0.00340931809942354	0.0413945729402231
ACOT2	ENSG00000119673.14	-1.80815461562985	5.00434483497152	-4.48897930914721	0.000255764377247909	0.00994263211422943
ACACA	ENSG00000278540.4	-1.8089850703727	5.77211568923827	-7.30179342367916	6.63235468718106e-07	0.00168207055123788
RRAGC-DT	ENSG00000228436.2	-1.81697511332228	-0.495056197061434	-3.23343390926935	0.00440623729608221	0.0482076792326552
RTN4RL1	ENSG00000185924.6	-1.81943114095828	3.86359162667085	-4.05513504982075	0.00068468717567063	0.0168452339701904
ACOT4	ENSG00000177465.4	-1.83417322986178	1.92832987086455	-4.14000337165627	0.000564469799783978	0.0151208718713433
DCXR	ENSG00000169738.7	-1.83746827735364	6.02722792872484	-4.35152373729881	0.000349143663267376	0.0117513821804326
PSMD8	ENSG00000099341.11	-1.83854838336863	7.03987534720144	-5.33548567608481	3.87617669120045e-05	0.00444164137697601
LRG1	ENSG00000171236.9	-1.83980814151615	2.71706661622617	-3.27712849356142	0.00399511397003853	0.0457911487239231
SLC25A22	ENSG00000177542.10	-1.84228912481194	4.62262257834887	-5.93291861452806	1.06901474601183e-05	0.00312852565406931
NOC2LP1	ENSG00000213225.7	-1.84778141527296	-0.685111479203909	-3.25578433752274	0.00419101925122554	0.0468834307123676
GYS1	ENSG00000104812.14	-1.85014067371325	5.94329183282237	-5.80260515210532	1.41072274209315e-05	0.00317905621991424
TUBB4B	ENSG00000188229.5	-1.85337536125595	6.48135773781961	-4.62402696962968	0.000188573174525695	0.00849153501562289
MT-CO1	ENSG00000198804.2	-1.85716886551524	13.4168378267927	-4.03401025905593	0.000718407440487832	0.0173045426626108
PTPRF	ENSG00000142949.16	-1.86119726840288	7.84939609329635	-3.39740341085546	0.00304802945438611	0.0386853653343154
NOP16	ENSG00000048162.20	-1.86433288219593	3.50436719304651	-6.66591060660888	2.33889681163117e-06	0.00190891362998081
ORMDL3	ENSG00000172057.9	-1.86467862319055	6.41013476314001	-3.68217238576105	0.00159952914519053	0.0273783780429413
RDH10	ENSG00000121039.9	-1.872561452813	4.57144366931051	-3.78773652839965	0.00125828871489005	0.0238874915885007
COL15A1-AS1	ENSG00000270412.1	-1.87524918953862	-0.911864124465738	-3.22847999296281	0.00445538387974445	0.0484790130594416
PEX11A	ENSG00000166821.8	-1.87545245535961	4.22735922239807	-4.5555445099252	0.000220059389690812	0.00934522351338635
ANKEF1	ENSG00000132623.15	-1.87783310104868	2.21632911703105	-5.29244372250581	4.25973634531727e-05	0.00448100275081911
HADH	ENSG00000138796.16	-1.88308805240432	6.44495594787822	-4.29561040223947	0.00039636116223627	0.0125155642987877
ENSG00000259407	ENSG00000259407.1	-1.88838900246723	-0.210578417932348	-3.59463426120782	0.00195109649653677	0.0307525068728544
CCNP	ENSG00000105219.8	-1.88987540834425	-0.44090283178511	-3.80769286892868	0.00120244653709765	0.0233467436525753
CRLS1	ENSG00000088766.11	-1.89211074923393	5.29962916039387	-5.60735404834077	2.14583283920037e-05	0.0035088676242877
MTHFD1	ENSG00000100714.15	-1.89998750485002	5.66461764484144	-4.5627917589535	0.000216489678209764	0.00925945470930116
ECHS1	ENSG00000127884.4	-1.93186103851421	6.92030157761002	-5.33165187374837	3.90886059389749e-05	0.00444164137697601
PCK2	ENSG00000100889.11	-1.93218223653805	5.00442065865981	-4.44134708737028	0.000284860555992005	0.0105165558518357
PGD	ENSG00000142657.20	-1.94400332324683	6.80166537918028	-4.17828564408873	0.000517412821785814	0.0144056884668004
SLC25A10	ENSG00000183048.11	-1.94847562380999	4.31015578434171	-4.5174254479175	0.000239839668964698	0.00981376122654686
PRDX6	ENSG00000117592.8	-1.97124150842747	8.22183435459568	-4.12198892679669	0.00058807772062066	0.0155478734422213
C19orf12	ENSG00000131943.17	-1.97169443187356	5.41331993278383	-4.01757052280361	0.000745796396314505	0.0176757274015997
ENSG00000279233	ENSG00000279233.1	-1.97281996255118	1.94081790772887	-3.72073392604087	0.00146534913707769	0.0261473051272184
ENSG00000250899	ENSG00000250899.3	-1.97419159510603	1.57308571649827	-4.275737008802	0.000414651572402752	0.0127499412581556
SLC2A6	ENSG00000160326.13	-1.97864409936666	2.51975305101148	-4.6884568171972	0.000163121055542654	0.00809776298166176
TST	ENSG00000128311.13	-1.98250898429147	4.49840103983482	-5.04922558834037	7.28583163193677e-05	0.00557899314977789
GBE1	ENSG00000114480.12	-1.98660300552228	6.15127827923957	-3.82241584691376	0.00116283766055572	0.0228500150381787
LDHD	ENSG00000166816.13	-2.00006799789174	3.71350149940524	-4.07238859057547	0.000658326582421945	0.0166167192726531
FBXO27	ENSG00000161243.8	-2.00983051122148	2.74019233107934	-4.41702233195358	0.000300986928653617	0.0109190015149827
UFSP1	ENSG00000176125.4	-2.01473274442201	0.00236570294344025	-5.44799490670855	3.03175415821456e-05	0.0040546318111465
PHLDA3	ENSG00000174307.6	-2.01823631803989	6.64745573775336	-3.67677473748419	0.00161925990762632	0.0276221401507936
IGF1	ENSG00000017427.15	-2.02381701517638	3.90661988043689	-3.42391458930719	0.00287107513280238	0.0378884664616727
ADCY5	ENSG00000173175.14	-2.02448417327708	5.37087016875616	-3.78342230517934	0.00127069633105855	0.024072039058034
EPB41L4B	ENSG00000095203.14	-2.02543919097446	4.75007576533418	-3.25642491532128	0.00418500513539584	0.0468834307123676
SLC35C1	ENSG00000181830.8	-2.03516548271507	4.97812528935875	-4.19599433013986	0.000496998722737638	0.0140484449687401
ASS1	ENSG00000130707.17	-2.03545050738009	7.22023245101268	-4.05453207678362	0.000685627313800144	0.0168452339701904
GLYCTK	ENSG00000168237.17	-2.03675490861119	3.51034106285274	-3.90554408757998	0.000962413591376537	0.0206184513589944
PGM1	ENSG00000079739.15	-2.03818504374862	6.35753107833932	-4.2201459828825	0.000470455911410206	0.0135984522393263
S100A1	ENSG00000160678.11	-2.04089670416759	1.79348474339962	-4.38392261383881	0.000324421878224036	0.0112361809623379
VKORC1L1	ENSG00000196715.5	-2.0443244781419	6.22815040583962	-3.89030765051142	0.000996374347263101	0.0209824026760306
SLC6A8	ENSG00000130821.15	-2.04945401689009	5.66664624060462	-5.50499953868972	2.67829649226366e-05	0.00390225621445993
MIR193BHG	ENSG00000262454.2	-2.05249387946022	0.417110758461811	-3.4428527257461	0.00275090353542493	0.037375998679568
LINC01914	ENSG00000234362.5	-2.0559321295745	-0.985694013121075	-3.27847419321839	0.00398306779166683	0.0457389227160305
HOXB8	ENSG00000120068.6	-2.05719058647982	0.959229734158298	-3.28398320330853	0.00393412328820096	0.0454274635617587
HACD1	ENSG00000165996.13	-2.06203722073275	2.57943311666688	-5.0671234865883	7.00230277831664e-05	0.00550915048941355
PCYT2	ENSG00000185813.10	-2.06483147190848	5.0986077612198	-5.2342395623011	4.84095340880599e-05	0.00482730484506848
MMP15	ENSG00000102996.4	-2.06570194807943	4.1806080467721	-4.15907966661122	0.000540506747832324	0.0148110419386897
PTGER3	ENSG00000050628.20	-2.08976383478125	5.46784270192892	-3.54846481204752	0.00216633132727596	0.0326242216101785
KCNQ3	ENSG00000184156.16	-2.09386210849073	2.12713601929887	-5.37887014541195	3.52520916801811e-05	0.00435691541379673
DLAT	ENSG00000150768.15	-2.09485249598319	5.15089653478172	-6.77696516308586	1.86943557528452e-06	0.00190891362998081
DMRTA1	ENSG00000176399.3	-2.09500162124611	0.333899132337585	-4.51648821742355	0.000240348028843941	0.00981376122654686
PLAAT5	ENSG00000168004.9	-2.11281619864296	4.16872334905224	-3.7327298794978	0.00142593507288813	0.0257602645576898
HCAR3	ENSG00000255398.2	-2.11499034695549	-1.08003938089519	-3.47087772386894	0.00258211469627147	0.0359056171922351
TMEM132C	ENSG00000181234.9	-2.12346636525126	4.9987197582656	-3.54493059695687	0.00218374368165171	0.032760533440373
HK2-DT	ENSG00000272711.1	-2.12487979236046	0.0657889972247381	-4.95285831159585	9.02637332239008e-05	0.00622160139655972
BANK1	ENSG00000153064.11	-2.1379682704892	1.67421161844674	-3.30588827423417	0.00374527493226108	0.0440127909477649
APMAP	ENSG00000101474.11	-2.14862506406484	6.97826699963923	-5.47439184969122	2.86249698130205e-05	0.00394606218476262
ACOT1	ENSG00000184227.7	-2.1487727990592	2.98117731949326	-6.0822049460015	7.80041982627401e-06	0.00312852565406931
ABHD15	ENSG00000168792.4	-2.1490369280953	4.11609752912838	-4.23090388638103	0.00045909637486643	0.0133779937137907
KCNK3	ENSG00000171303.6	-2.14976552705701	2.9749597879733	-4.25295273334123	0.000436669311597462	0.0129992537095318
CYB5A	ENSG00000166347.18	-2.15018130985532	6.56109044508939	-6.21274140190765	5.93543155362212e-06	0.003004346304618
NSDHL	ENSG00000147383.10	-2.15211539070979	4.45220884058152	-6.83040558252426	1.67936688572151e-06	0.00190891362998081
GPAT3	ENSG00000138678.10	-2.15656484928783	3.55777398002727	-3.71825526080759	0.00147362709953787	0.0262252941914779
GRK3	ENSG00000100077.14	-2.16957847011269	5.59469827990936	-4.95285852181138	9.02636909622373e-05	0.00622160139655972
CA3	ENSG00000164879.6	-2.17124786518323	2.20315807019526	-6.93202023595429	1.37109060328272e-06	0.00190891362998081
MGST1	ENSG00000008394.12	-2.17206077408935	7.69857459249933	-3.44005803615605	0.00276832029298891	0.037432262139094
FNDC4	ENSG00000115226.9	-2.17340784551372	4.8204514211443	-4.50809038272196	0.000244951967899579	0.00982054634614843
CKB	ENSG00000166165.12	-2.17881110170269	6.13208302828413	-3.37946539078408	0.00317380473285274	0.0396084642182827
SHMT1	ENSG00000176974.19	-2.18447530223316	5.60707574893209	-4.67617495198755	0.000167688803144448	0.00816617130747734
PSAT1	ENSG00000135069.13	-2.18626776368735	2.40628355738531	-5.93480254819667	1.06475314037928e-05	0.00312852565406931
FGFRL1	ENSG00000127418.14	-2.19186919971417	5.73327007659671	-5.43615265206228	3.11098227112015e-05	0.00409220005088189
TUBB6	ENSG00000176014.12	-2.19737934292268	6.83348831195075	-3.85225523921475	0.00108650647547258	0.0219518405264308
TMEM52	ENSG00000178821.12	-2.21750977704834	0.136660151356608	-4.88227510795008	0.000105652622172464	0.00671652896819894
RIDA	ENSG00000132541.10	-2.21972341787745	3.28337370144433	-4.7637846136777	0.000137736942297986	0.00739037048779104
KCNB1	ENSG00000158445.9	-2.22046864221014	3.42706791855088	-3.42961307695089	0.00283438155822761	0.0377626380570709
SCEL	ENSG00000136155.16	-2.22272546013203	-1.6194024233381	-3.48781498638832	0.00248510189631946	0.0352964605710112
F2RL3	ENSG00000127533.3	-2.22482716855371	4.27335401335433	-3.20762151065798	0.00466826080682947	0.0499164092596605
SIX1	ENSG00000126778.8	-2.22562321953722	1.89639272229227	-3.51223964479705	0.002351507357342	0.0342412737232845
GGCT	ENSG00000006625.17	-2.24301923240718	5.25969795366542	-4.85858364726426	0.000111395772300524	0.00693167928957532
HEBP2	ENSG00000051620.10	-2.24571203515208	7.16905871810092	-4.65710537970467	0.000175039368503331	0.00828461836947689
AIFM2	ENSG00000042286.14	-2.24727961364543	5.78920660159845	-4.01649411708061	0.000747625767000309	0.0176757274015997
PLEKHG6	ENSG00000008323.15	-2.2487852079829	4.01247825824455	-3.70618926692151	0.00151459230774158	0.0266107928892518
RETREG1	ENSG00000154153.13	-2.26800151879704	4.59291069201836	-7.35377041741183	5.99760640149796e-07	0.00168207055123788
MESP1	ENSG00000166823.5	-2.26950805165109	2.37984326843871	-4.23414363846111	0.000455729800221875	0.0133447434587583
ENSG00000227141	ENSG00000227141.2	-2.2700026185779	-1.66026487951925	-3.41425240512975	0.00293436379263938	0.0382277106008716
ADORA1	ENSG00000163485.16	-2.28405044476598	2.66763479592872	-3.42421561359061	0.00286912513087682	0.0378884664616727
PLAAT3	ENSG00000176485.11	-2.29497272012576	7.05842682836818	-3.60557190963429	0.00190329250054248	0.0304815950868828
ACSS2	ENSG00000131069.19	-2.30032692318262	6.6338392724843	-6.62219604562205	2.55569406617869e-06	0.00190891362998081
ACO1	ENSG00000122729.18	-2.307852276315	6.66206813297621	-3.5948715047567	0.00195004709076101	0.0307525068728544
ADRA1A	ENSG00000120907.17	-2.31908135381084	1.99727569257164	-3.74498051097621	0.0013867721754213	0.0253397223134504
ACSM5	ENSG00000183549.10	-2.33158199394815	2.8843695606231	-3.62885437631535	0.00180536481261414	0.0295239130926688
FITM2	ENSG00000197296.5	-2.33633008435555	4.08794350577337	-5.77231167332662	1.50512780175392e-05	0.00317905621991424
PRXL2A	ENSG00000122378.13	-2.33759632258278	7.61872038860143	-3.37174209708407	0.00322951720309112	0.0400097641180137
FAM228A	ENSG00000186453.12	-2.33872458565746	0.512849492271382	-4.40320251402309	0.000310556359006338	0.0110426200590329
SLC7A6	ENSG00000103064.13	-2.35222891290304	4.89533078766207	-3.26396836972475	0.0041148153345262	0.0466423817900342
MT-ND6	ENSG00000198695.2	-2.36453643534914	9.62380853465806	-4.70600425895979	0.000156812908391778	0.00793039842583417
IL1RL1	ENSG00000115602.16	-2.3859252268455	3.48629882071585	-3.55989444586551	0.00211095468230494	0.0321771015606229
ZBED3-AS1	ENSG00000250802.6	-2.38689635861636	1.56201115481694	-4.531506634451	0.000232331515657366	0.00970539182306681
PECR	ENSG00000115425.13	-2.39548008517022	3.52619747141663	-4.25099250918397	0.000438617704012609	0.0130356017804477
CNTFR	ENSG00000122756.14	-2.39778311444826	5.64038319957625	-4.40753935889891	0.000307520731038755	0.0110001577264382
S100A8	ENSG00000143546.9	-2.40129470954468	3.23479328621719	-4.39230614065046	0.000318317539350939	0.0111660970210385
CHCHD10	ENSG00000250479.8	-2.40143903403638	4.54991506672623	-6.09039292210739	7.667374872124e-06	0.00312852565406931
ENSG00000183154	ENSG00000183154.1	-2.40727380684631	-0.44724765659786	-4.28856499562482	0.000402750517319019	0.0125743763429863
BOK	ENSG00000176720.4	-2.42516793719296	5.69575704805071	-4.11244851739349	0.000600979308266027	0.0156701052488879
TSKU	ENSG00000182704.7	-2.42642178467269	6.87178420083161	-3.60104119327342	0.00192295199729504	0.0307094639493158
LPIN1	ENSG00000134324.11	-2.43174442879202	6.7116530025906	-4.2789922407814	0.000411598436270893	0.0127176820282943
SPON1	ENSG00000262655.3	-2.43373001187214	5.67421152218025	-3.79395783320611	0.00124060851717737	0.0236821327803793
MGAT3	ENSG00000128268.11	-2.45824871754849	4.04724185581283	-4.78251056117218	0.000132073999293795	0.00726368178576355
GLUL	ENSG00000135821.17	-2.46928075890865	10.3065623757391	-4.00230876627643	0.00077215802626512	0.0180886849525454
FAH	ENSG00000103876.11	-2.4957418907329	5.5296566126804	-4.35534403604056	0.00034613248358272	0.0117481822694809
SSC4D	ENSG00000146700.8	-2.4959980040395	0.426155533993202	-3.42936101539755	0.00283599481752777	0.0377626380570709
NMB	ENSG00000197696.9	-2.49926486390888	3.8425335738336	-4.79000870949554	0.000129873274805154	0.00726368178576355
PPIF	ENSG00000108179.13	-2.4999812891546	5.68176408331576	-6.3487073485504	4.47579878507295e-06	0.00250658718835289
DNAH9	ENSG00000007174.17	-2.50927382085339	0.518528030873819	-4.30308187963721	0.000389696906027397	0.0124709968802089
AMN	ENSG00000166126.10	-2.52476074110578	-0.527219200574367	-3.86790609344656	0.00104849007560686	0.0214742750228006
MEST	ENSG00000106484.14	-2.5303425769986	6.00162648323334	-3.37121814674802	0.00323333139131355	0.0400097641180137
IRF8	ENSG00000140968.10	-2.53584722605468	4.06872631793471	-5.22145484225714	4.97911846441051e-05	0.00482730484506848
PNPLA2	ENSG00000177666.16	-2.54321908026564	8.80200654369901	-3.90575184701898	0.000961958593099848	0.0206184513589944
SLC25A1	ENSG00000100075.9	-2.5441931427014	6.66425771480653	-6.06662423966688	8.06018760366251e-06	0.00312852565406931
TYRO3	ENSG00000092445.11	-2.55400089122804	4.05762951358834	-4.63930238330289	0.00018219632861892	0.0083993439433432
FAM89A	ENSG00000182118.7	-2.57356410824431	4.47556621673297	-3.88822376873989	0.00100111124072468	0.0210080966569403
AACS	ENSG00000081760.16	-2.5808129506494	5.46755248710833	-6.86397494167958	1.57029310821148e-06	0.00190891362998081
F5	ENSG00000198734.10	-2.59120538703735	0.543802997930071	-5.22791264019535	4.90883261517686e-05	0.00482730484506848
STOX1	ENSG00000165730.14	-2.59862153543579	2.40040894179538	-4.60531040981209	0.000196695715043519	0.00872520769627449
ENSG00000274080	ENSG00000274080.1	-2.60367054683506	-1.63067521091997	-4.20435598335616	0.000487642973546786	0.0139119845694192
SNAI1	ENSG00000124216.3	-2.60451719454143	3.989216207868	-3.34488334642005	0.00343085229587794	0.0415715375215879
TM7SF2	ENSG00000149809.14	-2.60522368850552	4.56301089031967	-4.51550236910437	0.000240883935215403	0.00981376122654686
CNTFR-AS1	ENSG00000237159.5	-2.61202437383848	-1.53606954531034	-3.54735452779317	0.00217178662612319	0.032651500106337
PC	ENSG00000173599.13	-2.61411334717415	6.03852029088846	-4.11317548817455	0.000599986298187782	0.0156701052488879
MTCO3P12	ENSG00000198744.5	-2.62102246204117	2.18457285837673	-4.00357217041698	0.000769940772514885	0.0180603515500514
LINC02883	ENSG00000259416.2	-2.62161199940683	-1.41166762001974	-4.78535217220005	0.000131235558205773	0.00726368178576355
NPC1L1	ENSG00000015520.14	-2.6266150309765	0.333694212682958	-4.18146020630283	0.000513692251669422	0.0144056884668004
SLC4A4	ENSG00000080493.15	-2.6382253455693	2.02337274911408	-3.74487568421935	0.001387102705736	0.0253397223134504
TNK2-AS1	ENSG00000224614.1	-2.64771455582505	-1.78512493990302	-3.94284688411353	0.000884070262441565	0.0195839594230103
RETSAT	ENSG00000042445.13	-2.64927501608332	6.70034962582355	-4.31573540338934	0.00037866689205567	0.0122422118823776
CDO1	ENSG00000129596.4	-2.66920852896404	5.16075596342607	-5.11271412662487	6.32979757862233e-05	0.00529985239331193
ME1	ENSG00000065833.8	-2.67724918281465	4.20950194859394	-4.26958814025627	0.000420481055002672	0.0127719338757676
GPT2	ENSG00000166123.13	-2.68534425911683	5.08087899374024	-4.18020623975324	0.00051515867049673	0.0144056884668004
CD177	ENSG00000204936.9	-2.69521310580687	-0.768395004814755	-3.37883999693466	0.00317828066060075	0.0396091569670556
HCAR2	ENSG00000182782.7	-2.70170746541576	2.1706323247318	-4.49414792699197	0.000252793414686658	0.00991315270153084
RNF157	ENSG00000141576.14	-2.70341199138847	3.11874445261515	-5.46576012053614	2.91675244492479e-05	0.0039901618752288
STBD1	ENSG00000118804.8	-2.7042422111299	5.04235186737536	-4.29136533398823	0.00040019861057978	0.012554215402525
ECHDC3	ENSG00000134463.14	-2.7161838213488	5.14394470385226	-3.9766871412737	0.000818528512558917	0.0187581195314173
ENSG00000261578	ENSG00000261578.1	-2.71873957513044	1.62461564612674	-3.59683367651661	0.00194138916854544	0.0307303823438012
MT1M	ENSG00000205364.3	-2.73250494877842	5.07151322693896	-3.55368453586685	0.00214086569353962	0.0323307130038826
LINC00632	ENSG00000203930.10	-2.74390570111301	-0.215769495655947	-3.40241890959691	0.00301374861757961	0.0384678582819726
NPTX2	ENSG00000106236.3	-2.74851349173181	1.17816830257613	-3.29707640422965	0.00382015063237978	0.0445999475458489
FAM240C	ENSG00000216921.7	-2.75639777559453	-1.14854759698595	-3.37799221816432	0.00318435810436905	0.039615289908546
LINC02972	ENSG00000249790.2	-2.76756459031468	-2.08456583812691	-3.43323917625574	0.00281127339776223	0.0377142517628716
ALDOC	ENSG00000109107.13	-2.7707133317869	5.15467614016845	-5.78999204338478	1.44926840329037e-05	0.00317905621991424
KLHL31	ENSG00000124743.5	-2.77456002086124	2.29393199442353	-4.92132610763854	9.68350474730211e-05	0.0065239882923459
IP6K3	ENSG00000161896.11	-2.77469722363235	-0.886612657670247	-3.4288787593714	0.00283908390261294	0.0377722513873248
CDKN2B	ENSG00000147883.10	-2.78616449151667	4.14944846936565	-4.08166691096289	0.000644574055453547	0.0163849810606851
SLC2A4	ENSG00000181856.14	-2.79365334400789	4.25955937155859	-4.77595029158832	0.000134030494439203	0.00734544492613135
NXPH4	ENSG00000182379.9	-2.82361125205638	-0.303436651313779	-6.64925308086899	2.41917683420056e-06	0.00190891362998081
GPT	ENSG00000167701.13	-2.85706894906908	3.27708361646539	-4.1196889631122	0.000591162326121334	0.0155728593199459
MT1JP	ENSG00000255986.6	-2.88239040329756	-0.640150639580018	-5.78688883317827	1.45891647028757e-05	0.00317905621991424
ALPK3	ENSG00000136383.6	-2.90607629923005	4.61725144242003	-3.84640977566667	0.0011010553345351	0.0220929135221316
ATP1A2	ENSG00000018625.14	-2.92309126452227	5.15646452785998	-3.37807978738354	0.00318372982088557	0.039615289908546
NXNL1	ENSG00000171773.2	-2.92987781579667	-2.1889690116699	-3.51229443537917	0.00235121579342498	0.0342412737232845
S100B	ENSG00000160307.9	-3.0102570610497	4.96152073467177	-3.68929426362577	0.00157386044062993	0.0270942871820643
SLC29A4	ENSG00000164638.10	-3.01539621512481	3.92165957852897	-4.37257974868901	0.00033286946589182	0.0114498151597837
MYMX	ENSG00000262179.2	-3.02900085801589	0.889604618345844	-3.49666021297612	0.00243587757110564	0.0349226895614273
CALB2	ENSG00000172137.18	-3.06461518966401	4.33232452651336	-3.42414219399553	0.00286960061454906	0.0378884664616727
TF	ENSG00000091513.14	-3.06570112762887	4.02283531951704	-5.52087485218258	2.58758227762468e-05	0.00386006931662465
FCN2	ENSG00000160339.15	-3.07186912593502	0.365295067696017	-6.06565171356204	8.07669412252369e-06	0.00312852565406931
OPN4	ENSG00000122375.11	-3.09193091276043	-0.770975913542443	-3.6909291732744	0.00156802586938739	0.027032494440638
NRCAM	ENSG00000091129.19	-3.11063321949636	2.11535038988672	-5.15679447980567	5.74214202807736e-05	0.0051766666591585
ENSG00000264968	ENSG00000264968.1	-3.12151822887385	-2.16409149519274	-3.35802315030064	0.00333086018127078	0.0408013296709185
NNAT	ENSG00000053438.8	-3.13027514710655	3.25126625445271	-4.18982816712279	0.000504013379391923	0.0141574040314775
PLIN5	ENSG00000214456.8	-3.14538128208678	4.81723211631028	-4.39220502819481	0.000318390468040326	0.0111660970210385
SLC1A3	ENSG00000079215.13	-3.16364415938506	4.76523426321907	-3.97878686027113	0.00081462577363866	0.0187406225875697
ENSG00000250934	ENSG00000250934.1	-3.18137318912272	-1.6183347896937	-4.60382020285843	0.000197357463597055	0.00873294593857486
ABCD2	ENSG00000173208.3	-3.19907284242018	2.73255359273563	-4.62892023803984	0.000186506197190906	0.00848579244554156
FCN3	ENSG00000142748.12	-3.23238429888932	3.1821937873818	-3.5982099142309	0.00193533936064522	0.0307094639493158
LINC00598	ENSG00000215483.9	-3.26767302454888	1.29321041897871	-3.53097254846102	0.00225387505189631	0.0333459857241029
TTC36	ENSG00000172425.10	-3.29310890302628	0.0593173365139505	-5.61348811496836	2.11759804461701e-05	0.0035088676242877
CEBPA	ENSG00000245848.2	-3.32247582052717	4.73681992452607	-3.95762974728757	0.000854816840647114	0.0192560369614685
ENSG00000279400	ENSG00000279400.1	-3.33928809563777	0.202479132222617	-3.40719848702989	0.00298143355218876	0.0384558211752664
CLDN2	ENSG00000165376.10	-3.3528464854734	-1.62362000916945	-3.42099027221786	0.00289008660190655	0.0379557418336161
ELOVL6	ENSG00000170522.9	-3.37470847841792	3.3135627413125	-5.99272151480573	9.41911188153566e-06	0.00312852565406931
CIMIP2B	ENSG00000215187.10	-3.39208144831638	0.199903731637325	-5.89915999773835	1.14842290678013e-05	0.00312852565406931
S100A12	ENSG00000163221.8	-3.40804614575013	-1.21568202994118	-4.34510544410919	0.000354262181469658	0.0118446502875331
PFKFB1	ENSG00000158571.10	-3.42216490809644	2.08473471725332	-3.61195040253336	0.00187595229772185	0.0302870005014552
ALDH1L1-AS2	ENSG00000246022.2	-3.43110025797115	-0.669324318747897	-3.24270510795695	0.00431568087148976	0.0476076433374923
ENSG00000270823	ENSG00000270823.1	-3.4417240569745	-1.4505313136289	-4.22466318872574	0.000465652046112606	0.0135031558549903
ELOVL3	ENSG00000119915.4	-3.45157438136947	0.13494313111298	-6.96908727442527	1.27375927092529e-06	0.00190891362998081
GPBAR1	ENSG00000179921.14	-3.55996688003547	2.45814474572728	-3.29050405747216	0.00387695051717658	0.0450284058446672
MTARC1	ENSG00000186205.12	-3.57575598010129	5.23208393406247	-3.39653648363053	0.00305399365945069	0.0387062378861498
LINC01485	ENSG00000254211.5	-3.58415994474139	-0.258479160538616	-4.44195493815078	0.000284468945399866	0.0105165558518357
NANOS1	ENSG00000188613.6	-3.59921739862286	2.01433441199077	-7.0257693180245	1.138524116896e-06	0.00190891362998081
PDE3B	ENSG00000152270.8	-3.61364773669093	4.1643670847204	-3.34830616217018	0.00340452463157782	0.0413643972355974
AGPAT2	ENSG00000169692.12	-3.63922701811077	7.03118524630379	-3.72936789501301	0.00143687370633555	0.0258536282040556
CDH20	ENSG00000101542.9	-3.66433188885873	-0.358279548085941	-4.91224106473725	9.88172279954943e-05	0.00656049596526636
ACSL1	ENSG00000151726.13	-3.78803779393077	8.22758777001759	-4.48906121945723	0.000255717020418425	0.00994263211422943
EGFLAM-AS5	ENSG00000251257.2	-3.79802433287753	-0.953479171280695	-5.15109149522684	5.81492340741749e-05	0.0051766666591585
ALDH1L1	ENSG00000144908.13	-3.85673824345753	4.18271456008914	-4.05931349140908	0.000678207675247117	0.0168107327083037
SLC27A2	ENSG00000140284.10	-3.94491828374498	-0.651013406702547	-7.72548697440972	2.95212788739712e-07	0.00168207055123788
ACVR1C	ENSG00000123612.15	-3.95509127188671	3.27599605770707	-3.59900426781257	0.00193185596291733	0.0307094639493158
ANGPTL8	ENSG00000130173.13	-3.961486912313	0.819803435827179	-4.11118708571101	0.000602706283862314	0.015676486666323
PNPLA3	ENSG00000100344.10	-3.99806849882613	1.06770804572027	-5.60965606557488	2.13519181457418e-05	0.0035088676242877
MT1A	ENSG00000205362.11	-4.05437981538425	3.29970549593682	-4.68220556320921	0.000165429976495107	0.0081108332702498
TENM3-AS1	ENSG00000177822.7	-4.10551013216959	-0.774123091004226	-4.27484911613767	0.000415488292771769	0.0127499412581556
PRR18	ENSG00000176381.5	-4.12148757194181	-2.41223830645566	-7.42524256209731	5.22588787087673e-07	0.00168207055123788
FFAR4	ENSG00000186188.10	-4.19086055562279	0.481829446163513	-6.68277244956142	2.26043070394789e-06	0.00190891362998081
LNCOG	ENSG00000257219.5	-4.22685889281908	-0.825136925073316	-5.1326594537636	6.05665322445907e-05	0.00521833088632361
KLB	ENSG00000134962.6	-4.22839086686966	2.05229991753229	-4.41110317818868	0.000305048619950907	0.0109429866251379
KRT79	ENSG00000185640.5	-4.27606063753945	-1.21190757914881	-5.60367164839408	2.16296779412269e-05	0.0035088676242877
KLK2	ENSG00000167751.12	-4.27615663777601	-2.17635046220885	-3.44072774800546	0.00276413671291534	0.037432262139094
FASN	ENSG00000169710.8	-4.31177266593981	9.5539510859037	-4.47142844161967	0.000266118680607888	0.0102561567208042
RASL10B	ENSG00000270885.1	-4.33969823998252	2.86986894017177	-5.93642415562947	1.06109892081575e-05	0.00312852565406931
PRRT4	ENSG00000224940.8	-4.36238134222861	1.85426621276701	-5.84333387452915	1.29328965988789e-05	0.00317905621991424
KLK3	ENSG00000142515.14	-4.47337615979421	-1.3586958998869	-3.52882813643747	0.00226484504530225	0.0334335156975796
SLC7A10	ENSG00000130876.11	-4.52897646291062	2.19073881767027	-3.22049817337028	0.004535699351862	0.0489407522667202
NAT8L	ENSG00000185818.7	-4.53375601110677	4.2192276902845	-3.95635784928811	0.000857295245473869	0.0192560369614685
LGALS12	ENSG00000133317.14	-4.76409032261456	3.87851891251325	-3.89740639977033	0.000980405439328711	0.0208916122214148
HEPACAM	ENSG00000165478.6	-4.7643097293854	0.14623817827752	-4.65829232173641	0.000174572461666604	0.00828461836947689
DEFA3	ENSG00000239839.6	-4.7955169913574	-2.95172943342788	-3.79348371785619	0.00124194714223566	0.0236821327803793
MAP2K6-AS1	ENSG00000267653.1	-4.97896225083248	0.563473912244576	-4.38400207473284	0.0003243634690676	0.0112361809623379
MRAP	ENSG00000170262.12	-5.0176654065826	-1.08151922060434	-5.51411669504332	2.62580862683362e-05	0.00386006931662465
PCK1	ENSG00000124253.10	-5.05972577295546	4.59819364205456	-3.28216702905965	0.00395019350891801	0.0455250275712666
APOB	ENSG00000084674.14	-5.29821254812901	0.597010494198216	-4.67055779694844	0.000169820886037233	0.00820310057184037
DGAT2	ENSG00000062282.14	-5.45014212125853	5.16353412263116	-3.61155830919535	0.00187762164818463	0.0302870005014552
SCD	ENSG00000099194.5	-5.51853002804396	7.73030392348872	-4.53455267835011	0.0002307388779117	0.00966138184826069
PARAL1	ENSG00000243961.2	-5.60173542441536	-1.25182745743462	-5.66282751373802	1.90389841458809e-05	0.0035088676242877
NWD2	ENSG00000174145.7	-5.93190585809841	-0.710735199602128	-3.66639936217643	0.00165786752844834	0.0279389499736744
