dataset_id	enabled	title	organism	genome_build	counts_url	counts_filename	miniml_url	miniml_filename	annotation_url	annotation_filename	sample_id_field	feature_id_column	annotation_source_column	annotation_target_column	group_characteristic	covariates	condition_a_values	condition_b_values	condition_a_label	condition_b_label	signature_name	landing_page_url
GSE224742	true	SLC1A5 knockdown in T98G glioma cells	human	hg38	https://www.ncbi.nlm.nih.gov/geo/download/?format=file&type=rnaseq_counts&acc=GSE224742&file=GSE224742_raw_counts_GRCh38.p13_NCBI.tsv.gz	GSE224742_raw_counts_GRCh38.p13_NCBI.tsv.gz	https://ftp.ncbi.nlm.nih.gov/geo/series/GSE224nnn/GSE224742/miniml/GSE224742_family.xml.tgz	GSE224742_family.xml.tgz	https://www.ncbi.nlm.nih.gov/geo/download/?format=file&type=rnaseq_counts&file=Human.GRCh38.p13.annot.tsv.gz	Human.GRCh38.p13.annot.tsv.gz	accession	GeneID	GeneID	Symbol	cell type		SLC1A5 knockdown	control	slc1a5_knockdown	shrna_control	GSE224742_T98G_SLC1A5_knockdown_vs_control	https://www.ncbi.nlm.nih.gov/geo/query/acc.cgi?acc=GSE224742
GSE227181	true	Trans-resveratrol response in human embryonic stem-cell-derived neurons	human	hg38	https://www.ncbi.nlm.nih.gov/geo/download/?format=file&type=rnaseq_counts&acc=GSE227181&file=GSE227181_raw_counts_GRCh38.p13_NCBI.tsv.gz	GSE227181_raw_counts_GRCh38.p13_NCBI.tsv.gz	https://ftp.ncbi.nlm.nih.gov/geo/series/GSE227nnn/GSE227181/miniml/GSE227181_family.xml.tgz	GSE227181_family.xml.tgz	https://www.ncbi.nlm.nih.gov/geo/download/?format=file&type=rnaseq_counts&file=Human.GRCh38.p13.annot.tsv.gz	Human.GRCh38.p13.annot.tsv.gz	accession	GeneID	GeneID	Symbol	__accession__		GSM7092810,GSM7092812	GSM7092804,GSM7092805,GSM7092806	trans_resveratrol	untreated	GSE227181_hESC_neuron_trans_resveratrol_vs_control	https://www.ncbi.nlm.nih.gov/geo/query/acc.cgi?acc=GSE227181
GSE227682	false	JOA compound response in MV4-11 AML cells	human	hg38	https://www.ncbi.nlm.nih.gov/geo/download/?format=file&type=rnaseq_counts&acc=GSE227682&file=GSE227682_raw_counts_GRCh38.p13_NCBI.tsv.gz	GSE227682_raw_counts_GRCh38.p13_NCBI.tsv.gz	https://ftp.ncbi.nlm.nih.gov/geo/series/GSE227nnn/GSE227682/miniml/GSE227682_family.xml.tgz	GSE227682_family.xml.tgz	https://www.ncbi.nlm.nih.gov/geo/download/?format=file&type=rnaseq_counts&file=Human.GRCh38.p13.annot.tsv.gz	Human.GRCh38.p13.annot.tsv.gz	accession	GeneID	GeneID	Symbol	__accession__		GSM7105275,GSM7105276,GSM7105277	GSM7105272,GSM7105274	joa	control	GSE227682_MV4_11_JOA_vs_control	https://www.ncbi.nlm.nih.gov/geo/query/acc.cgi?acc=GSE227682
GSE229339	false	UBR7 knockdown in HepG2 liver cancer cells	human	hg38	https://www.ncbi.nlm.nih.gov/geo/download/?format=file&type=rnaseq_counts&acc=GSE229339&file=GSE229339_raw_counts_GRCh38.p13_NCBI.tsv.gz	GSE229339_raw_counts_GRCh38.p13_NCBI.tsv.gz	https://ftp.ncbi.nlm.nih.gov/geo/series/GSE229nnn/GSE229339/miniml/GSE229339_family.xml.tgz	GSE229339_family.xml.tgz	https://www.ncbi.nlm.nih.gov/geo/download/?format=file&type=rnaseq_counts&file=Human.GRCh38.p13.annot.tsv.gz	Human.GRCh38.p13.annot.tsv.gz	accession	GeneID	GeneID	Symbol	__accession__	treatment	GSM7159094,GSM7159096,GSM7159097	GSM7159090,GSM7159091,GSM7159092,GSM7159093	ubr7_knockdown	plko_control	GSE229339_HepG2_UBR7_knockdown_vs_control	https://www.ncbi.nlm.nih.gov/geo/query/acc.cgi?acc=GSE229339
GSE232596	false	56-mer aptamer response in prostate cancer cells	human	hg38	https://www.ncbi.nlm.nih.gov/geo/download/?format=file&type=rnaseq_counts&acc=GSE232596&file=GSE232596_raw_counts_GRCh38.p13_NCBI.tsv.gz	GSE232596_raw_counts_GRCh38.p13_NCBI.tsv.gz	https://ftp.ncbi.nlm.nih.gov/geo/series/GSE232nnn/GSE232596/miniml/GSE232596_family.xml.tgz	GSE232596_family.xml.tgz	https://www.ncbi.nlm.nih.gov/geo/download/?format=file&type=rnaseq_counts&file=Human.GRCh38.p13.annot.tsv.gz	Human.GRCh38.p13.annot.tsv.gz	accession	GeneID	GeneID	Symbol	__accession__	cell_line	GSM7359764,GSM7359765,GSM7359766,GSM7359770,GSM7359771,GSM7359772	GSM7359761,GSM7359762,GSM7359763,GSM7359767,GSM7359768,GSM7359769	aptamer_56mer	control	GSE232596_prostate_56mer_aptamer_vs_control	https://www.ncbi.nlm.nih.gov/geo/query/acc.cgi?acc=GSE232596
GSE233112	true	Doxorubicin plus FAK inhibitor response in SK-OV-3 ovarian cancer cells	human	hg38	https://www.ncbi.nlm.nih.gov/geo/download/?format=file&type=rnaseq_counts&acc=GSE233112&file=GSE233112_raw_counts_GRCh38.p13_NCBI.tsv.gz	GSE233112_raw_counts_GRCh38.p13_NCBI.tsv.gz	https://ftp.ncbi.nlm.nih.gov/geo/series/GSE233nnn/GSE233112/miniml/GSE233112_family.xml.tgz	GSE233112_family.xml.tgz	https://www.ncbi.nlm.nih.gov/geo/download/?format=file&type=rnaseq_counts&file=Human.GRCh38.p13.annot.tsv.gz	Human.GRCh38.p13.annot.tsv.gz	accession	GeneID	GeneID	Symbol	treatment		doxorubicin 300 nM + IN10018 3 μM	DMSO	doxorubicin_in10018	dmso	GSE233112_SKOV3_doxorubicin_IN10018_vs_DMSO	https://www.ncbi.nlm.nih.gov/geo/query/acc.cgi?acc=GSE233112
GSE233159	false	Karanjin response in T47D breast cancer cells	human	hg38	https://www.ncbi.nlm.nih.gov/geo/download/?format=file&type=rnaseq_counts&acc=GSE233159&file=GSE233159_raw_counts_GRCh38.p13_NCBI.tsv.gz	GSE233159_raw_counts_GRCh38.p13_NCBI.tsv.gz	https://ftp.ncbi.nlm.nih.gov/geo/series/GSE233nnn/GSE233159/miniml/GSE233159_family.xml.tgz	GSE233159_family.xml.tgz	https://www.ncbi.nlm.nih.gov/geo/download/?format=file&type=rnaseq_counts&file=Human.GRCh38.p13.annot.tsv.gz	Human.GRCh38.p13.annot.tsv.gz	accession	GeneID	GeneID	Symbol	__accession__		GSM7405335,GSM7405336,GSM7405337,GSM7405338	GSM7405331,GSM7405334	karanjin	dmso	GSE233159_T47D_karanjin_vs_DMSO	https://www.ncbi.nlm.nih.gov/geo/query/acc.cgi?acc=GSE233159
GSE233647	true	RU486 and docetaxel combination response in PC3 docetaxel-resistant cells	human	hg38	https://www.ncbi.nlm.nih.gov/geo/download/?format=file&type=rnaseq_counts&acc=GSE233647&file=GSE233647_raw_counts_GRCh38.p13_NCBI.tsv.gz	GSE233647_raw_counts_GRCh38.p13_NCBI.tsv.gz	https://ftp.ncbi.nlm.nih.gov/geo/series/GSE233nnn/GSE233647/miniml/GSE233647_family.xml.tgz	GSE233647_family.xml.tgz	https://www.ncbi.nlm.nih.gov/geo/download/?format=file&type=rnaseq_counts&file=Human.GRCh38.p13.annot.tsv.gz	Human.GRCh38.p13.annot.tsv.gz	accession	GeneID	GeneID	Symbol	__accession__		GSM7431917,GSM7431918,GSM7431919	GSM7431908,GSM7431909,GSM7431910	ru486_docetaxel	dmso	GSE233647_PC3DR_RU486_docetaxel_vs_DMSO	https://www.ncbi.nlm.nih.gov/geo/query/acc.cgi?acc=GSE233647
GSE235595	true	KMT9 inhibitor KMI169 response in PC-3M prostate cancer cells	human	hg38	https://www.ncbi.nlm.nih.gov/geo/download/?format=file&type=rnaseq_counts&acc=GSE235595&file=GSE235595_raw_counts_GRCh38.p13_NCBI.tsv.gz	GSE235595_raw_counts_GRCh38.p13_NCBI.tsv.gz	https://ftp.ncbi.nlm.nih.gov/geo/series/GSE235nnn/GSE235595/miniml/GSE235595_family.xml.tgz	GSE235595_family.xml.tgz	https://www.ncbi.nlm.nih.gov/geo/download/?format=file&type=rnaseq_counts&file=Human.GRCh38.p13.annot.tsv.gz	Human.GRCh38.p13.annot.tsv.gz	accession	GeneID	GeneID	Symbol	treatment		360 nM 169 treated	DMSO treated	kmi169	dmso	GSE235595_PC3M_KMI169_vs_DMSO	https://www.ncbi.nlm.nih.gov/geo/query/acc.cgi?acc=GSE235595
GSE241523	true	DLGAP5 knockdown in T24 bladder cancer cells	human	hg38	https://www.ncbi.nlm.nih.gov/geo/download/?format=file&type=rnaseq_counts&acc=GSE241523&file=GSE241523_raw_counts_GRCh38.p13_NCBI.tsv.gz	GSE241523_raw_counts_GRCh38.p13_NCBI.tsv.gz	https://ftp.ncbi.nlm.nih.gov/geo/series/GSE241nnn/GSE241523/miniml/GSE241523_family.xml.tgz	GSE241523_family.xml.tgz	https://www.ncbi.nlm.nih.gov/geo/download/?format=file&type=rnaseq_counts&file=Human.GRCh38.p13.annot.tsv.gz	Human.GRCh38.p13.annot.tsv.gz	accession	GeneID	GeneID	Symbol	__accession__		GSM7730180,GSM7730181	GSM7730176,GSM7730177	dlgap5_knockdown	shrna_control	GSE241523_T24_DLGAP5_knockdown_vs_control	https://www.ncbi.nlm.nih.gov/geo/query/acc.cgi?acc=GSE241523
GSE188251	false	Targeted PRM1 activation by CRISPR-dCas9-p300 in HEK293T cells	human	hg38	https://www.ncbi.nlm.nih.gov/geo/download/?format=file&type=rnaseq_counts&acc=GSE188251&file=GSE188251_raw_counts_GRCh38.p13_NCBI.tsv.gz	GSE188251_raw_counts_GRCh38.p13_NCBI.tsv.gz	https://ftp.ncbi.nlm.nih.gov/geo/series/GSE188nnn/GSE188251/miniml/GSE188251_family.xml.tgz	GSE188251_family.xml.tgz	https://www.ncbi.nlm.nih.gov/geo/download/?format=file&type=rnaseq_counts&file=Human.GRCh38.p13.annot.tsv.gz	Human.GRCh38.p13.annot.tsv.gz	accession	GeneID	GeneID	Symbol	__accession__		GSM5673343,GSM5673345,GSM5673347	GSM5673342,GSM5673344	prm1_activation	control	GSE188251_HEK293T_PRM1_activation_vs_control	https://www.ncbi.nlm.nih.gov/geo/query/acc.cgi?acc=GSE188251
GSE216870	true	Saikosaponin A response in HepG2 hepatocellular carcinoma cells	human	hg38	https://www.ncbi.nlm.nih.gov/geo/download/?format=file&type=rnaseq_counts&acc=GSE216870&file=GSE216870_raw_counts_GRCh38.p13_NCBI.tsv.gz	GSE216870_raw_counts_GRCh38.p13_NCBI.tsv.gz	https://ftp.ncbi.nlm.nih.gov/geo/series/GSE216nnn/GSE216870/miniml/GSE216870_family.xml.tgz	GSE216870_family.xml.tgz	https://www.ncbi.nlm.nih.gov/geo/download/?format=file&type=rnaseq_counts&file=Human.GRCh38.p13.annot.tsv.gz	Human.GRCh38.p13.annot.tsv.gz	accession	GeneID	GeneID	Symbol	__accession__		GSM6697007,GSM6697008,GSM6697009	GSM6697005,GSM6697006	saikosaponin_a	dmso	GSE216870_HepG2_saikosaponin_A_vs_DMSO	https://www.ncbi.nlm.nih.gov/geo/query/acc.cgi?acc=GSE216870
GSE217526	true	Parthenolide response in MGC-803 gastric cancer cells	human	hg38	https://www.ncbi.nlm.nih.gov/geo/download/?format=file&type=rnaseq_counts&acc=GSE217526&file=GSE217526_raw_counts_GRCh38.p13_NCBI.tsv.gz	GSE217526_raw_counts_GRCh38.p13_NCBI.tsv.gz	https://ftp.ncbi.nlm.nih.gov/geo/series/GSE217nnn/GSE217526/miniml/GSE217526_family.xml.tgz	GSE217526_family.xml.tgz	https://www.ncbi.nlm.nih.gov/geo/download/?format=file&type=rnaseq_counts&file=Human.GRCh38.p13.annot.tsv.gz	Human.GRCh38.p13.annot.tsv.gz	accession	GeneID	GeneID	Symbol	treatment		Parthenolide	DMSO	parthenolide	dmso	GSE217526_MGC803_parthenolide_vs_DMSO	https://www.ncbi.nlm.nih.gov/geo/query/acc.cgi?acc=GSE217526
GSE218282	true	DECR2 knockdown in enzalutamide-resistant prostate cancer cells	human	hg38	https://www.ncbi.nlm.nih.gov/geo/download/?format=file&type=rnaseq_counts&acc=GSE218282&file=GSE218282_raw_counts_GRCh38.p13_NCBI.tsv.gz	GSE218282_raw_counts_GRCh38.p13_NCBI.tsv.gz	https://ftp.ncbi.nlm.nih.gov/geo/series/GSE218nnn/GSE218282/miniml/GSE218282_family.xml.tgz	GSE218282_family.xml.tgz	https://www.ncbi.nlm.nih.gov/geo/download/?format=file&type=rnaseq_counts&file=Human.GRCh38.p13.annot.tsv.gz	Human.GRCh38.p13.annot.tsv.gz	accession	GeneID	GeneID	Symbol	__accession__	cell_line	GSM6738598,GSM6738599,GSM6738600,GSM6738601,GSM6738602,GSM6738603,GSM6738610,GSM6738611,GSM6738612,GSM6738613,GSM6738614,GSM6738615	GSM6738593,GSM6738594,GSM6738595,GSM6738596,GSM6738597,GSM6738604,GSM6738605,GSM6738606,GSM6738607,GSM6738608,GSM6738609	decr2_knockdown	sirna_control	GSE218282_prostate_DECR2_knockdown_vs_control	https://www.ncbi.nlm.nih.gov/geo/query/acc.cgi?acc=GSE218282
GSE220537	false	PiZZ versus normal alpha-1-antitrypsin liver organoids	human	hg38	https://www.ncbi.nlm.nih.gov/geo/download/?format=file&type=rnaseq_counts&acc=GSE220537&file=GSE220537_raw_counts_GRCh38.p13_NCBI.tsv.gz	GSE220537_raw_counts_GRCh38.p13_NCBI.tsv.gz	https://ftp.ncbi.nlm.nih.gov/geo/series/GSE220nnn/GSE220537/miniml/GSE220537_family.xml.tgz	GSE220537_family.xml.tgz	https://www.ncbi.nlm.nih.gov/geo/download/?format=file&type=rnaseq_counts&file=Human.GRCh38.p13.annot.tsv.gz	Human.GRCh38.p13.annot.tsv.gz	accession	GeneID	GeneID	Symbol	__accession__		GSM6806582,GSM6806583	GSM6806578,GSM6806579,GSM6806580,GSM6806581	pizz	mm_control	GSE220537_liver_organoid_PiZZ_vs_MM	https://www.ncbi.nlm.nih.gov/geo/query/acc.cgi?acc=GSE220537
GSE220643	true	Celecoxib response in TGF-beta-stimulated biliary epithelial cells	human	hg38	https://www.ncbi.nlm.nih.gov/geo/download/?format=file&type=rnaseq_counts&acc=GSE220643&file=GSE220643_raw_counts_GRCh38.p13_NCBI.tsv.gz	GSE220643_raw_counts_GRCh38.p13_NCBI.tsv.gz	https://ftp.ncbi.nlm.nih.gov/geo/series/GSE220nnn/GSE220643/miniml/GSE220643_family.xml.tgz	GSE220643_family.xml.tgz	https://www.ncbi.nlm.nih.gov/geo/download/?format=file&type=rnaseq_counts&file=Human.GRCh38.p13.annot.tsv.gz	Human.GRCh38.p13.annot.tsv.gz	accession	GeneID	GeneID	Symbol	__accession__		GSM6808156,GSM6808157,GSM6808158	GSM6808153,GSM6808155	celecoxib_tgfb	tgfb	GSE220643_HIBEpiC_celecoxib_TGFB_vs_TGFB	https://www.ncbi.nlm.nih.gov/geo/query/acc.cgi?acc=GSE220643
GSE221217	true	PI5P4K perturbation in MCF10A breast epithelial cells	human	hg38	https://www.ncbi.nlm.nih.gov/geo/download/?format=file&type=rnaseq_counts&acc=GSE221217&file=GSE221217_raw_counts_GRCh38.p13_NCBI.tsv.gz	GSE221217_raw_counts_GRCh38.p13_NCBI.tsv.gz	https://ftp.ncbi.nlm.nih.gov/geo/series/GSE221nnn/GSE221217/miniml/GSE221217_family.xml.tgz	GSE221217_family.xml.tgz	https://www.ncbi.nlm.nih.gov/geo/download/?format=file&type=rnaseq_counts&file=Human.GRCh38.p13.annot.tsv.gz	Human.GRCh38.p13.annot.tsv.gz	accession	GeneID	GeneID	Symbol	__accession__		GSM6856045,GSM6856046,GSM6856047	GSM6856042,GSM6856043	pi5p4k_perturbation	scramble_control	GSE221217_MCF10A_PI5P4K_perturbation_vs_control	https://www.ncbi.nlm.nih.gov/geo/query/acc.cgi?acc=GSE221217
GSE221409	true	ISRIB-supported human trophoblast stem cell maintenance	human	hg38	https://www.ncbi.nlm.nih.gov/geo/download/?format=file&type=rnaseq_counts&acc=GSE221409&file=GSE221409_raw_counts_GRCh38.p13_NCBI.tsv.gz	GSE221409_raw_counts_GRCh38.p13_NCBI.tsv.gz	https://ftp.ncbi.nlm.nih.gov/geo/series/GSE221nnn/GSE221409/miniml/GSE221409_family.xml.tgz	GSE221409_family.xml.tgz	https://www.ncbi.nlm.nih.gov/geo/download/?format=file&type=rnaseq_counts&file=Human.GRCh38.p13.annot.tsv.gz	Human.GRCh38.p13.annot.tsv.gz	accession	GeneID	GeneID	Symbol	__accession__		GSM6865687,GSM6865688	GSM6865691,GSM6865692	isrib_medium	original_medium	GSE221409_hTSC_ISRIB_medium_vs_original	https://www.ncbi.nlm.nih.gov/geo/query/acc.cgi?acc=GSE221409
GSE245941	true	JUNB knockdown in CAPAN1 pancreatic cancer cells	human	hg38	https://www.ncbi.nlm.nih.gov/geo/download/?format=file&type=rnaseq_counts&acc=GSE245941&file=GSE245941_raw_counts_GRCh38.p13_NCBI.tsv.gz	GSE245941_raw_counts_GRCh38.p13_NCBI.tsv.gz	https://ftp.ncbi.nlm.nih.gov/geo/series/GSE245nnn/GSE245941/miniml/GSE245941_family.xml.tgz	GSE245941_family.xml.tgz	https://www.ncbi.nlm.nih.gov/geo/download/?format=file&type=rnaseq_counts&file=Human.GRCh38.p13.annot.tsv.gz	Human.GRCh38.p13.annot.tsv.gz	accession	GeneID	GeneID	Symbol	__accession__		GSM7851562,GSM7851563	GSM7851559,GSM7851560,GSM7851561	junb_knockdown	sirna_control	GSE245941_CAPAN1_JUNB_knockdown_vs_control	https://www.ncbi.nlm.nih.gov/geo/query/acc.cgi?acc=GSE245941
GSE247175	true	Hexamethylene amiloride and venetoclax combination response in MV4-11 AML cells	human	hg38	https://www.ncbi.nlm.nih.gov/geo/download/?format=file&type=rnaseq_counts&acc=GSE247175&file=GSE247175_raw_counts_GRCh38.p13_NCBI.tsv.gz	GSE247175_raw_counts_GRCh38.p13_NCBI.tsv.gz	https://ftp.ncbi.nlm.nih.gov/geo/series/GSE247nnn/GSE247175/miniml/GSE247175_family.xml.tgz	GSE247175_family.xml.tgz	https://www.ncbi.nlm.nih.gov/geo/download/?format=file&type=rnaseq_counts&file=Human.GRCh38.p13.annot.tsv.gz	Human.GRCh38.p13.annot.tsv.gz	accession	GeneID	GeneID	Symbol	treatment		VEN+HA	DMSO	venetoclax_ha	dmso	GSE247175_MV4_11_venetoclax_HA_vs_DMSO	https://www.ncbi.nlm.nih.gov/geo/query/acc.cgi?acc=GSE247175
GSE247883	true	RSL3-induced ferroptosis response in A549 cells	human	hg38	https://www.ncbi.nlm.nih.gov/geo/download/?format=file&type=rnaseq_counts&acc=GSE247883&file=GSE247883_raw_counts_GRCh38.p13_NCBI.tsv.gz	GSE247883_raw_counts_GRCh38.p13_NCBI.tsv.gz	https://ftp.ncbi.nlm.nih.gov/geo/series/GSE247nnn/GSE247883/miniml/GSE247883_family.xml.tgz	GSE247883_family.xml.tgz	https://www.ncbi.nlm.nih.gov/geo/download/?format=file&type=rnaseq_counts&file=Human.GRCh38.p13.annot.tsv.gz	Human.GRCh38.p13.annot.tsv.gz	accession	GeneID	GeneID	Symbol	__accession__		GSM7902663,GSM7902664,GSM7902665	GSM7902660,GSM7902661,GSM7902662	rsl3	dmso	GSE247883_A549_RSL3_vs_DMSO	https://www.ncbi.nlm.nih.gov/geo/query/acc.cgi?acc=GSE247883
GSE248935	true	CD146 knockdown in PC9-BrM3 lung cancer brain-metastasis cells	human	hg38	https://www.ncbi.nlm.nih.gov/geo/download/?format=file&type=rnaseq_counts&acc=GSE248935&file=GSE248935_raw_counts_GRCh38.p13_NCBI.tsv.gz	GSE248935_raw_counts_GRCh38.p13_NCBI.tsv.gz	https://ftp.ncbi.nlm.nih.gov/geo/series/GSE248nnn/GSE248935/miniml/GSE248935_family.xml.tgz	GSE248935_family.xml.tgz	https://www.ncbi.nlm.nih.gov/geo/download/?format=file&type=rnaseq_counts&file=Human.GRCh38.p13.annot.tsv.gz	Human.GRCh38.p13.annot.tsv.gz	accession	GeneID	GeneID	Symbol	__accession__		GSM7923255,GSM7923256	GSM7923257,GSM7923258,GSM7923259	cd146_knockdown	shrna_control	GSE248935_PC9_BrM3_CD146_knockdown_vs_control	https://www.ncbi.nlm.nih.gov/geo/query/acc.cgi?acc=GSE248935
GSE60391	true	CPSF2 knockdown in human cells	human	hg38	https://www.ncbi.nlm.nih.gov/geo/download/?format=file&type=rnaseq_counts&acc=GSE60391&file=GSE60391_raw_counts_GRCh38.p13_NCBI.tsv.gz	GSE60391_raw_counts_GRCh38.p13_NCBI.tsv.gz	https://ftp.ncbi.nlm.nih.gov/geo/series/GSE60nnn/GSE60391/miniml/GSE60391_family.xml.tgz	GSE60391_family.xml.tgz	https://www.ncbi.nlm.nih.gov/geo/download/?format=file&type=rnaseq_counts&file=Human.GRCh38.p13.annot.tsv.gz	Human.GRCh38.p13.annot.tsv.gz	accession	GeneID	GeneID	Symbol	genotype/variation		CPSF2	WT	cpsf2_knockdown	non_silencing_control	GSE60391_CPSF2_knockdown_vs_control	https://www.ncbi.nlm.nih.gov/geo/query/acc.cgi?acc=GSE60391
GSE86219	true	Nutlin response in MCF7 polysome-associated RNA	human	hg38	https://www.ncbi.nlm.nih.gov/geo/download/?format=file&type=rnaseq_counts&acc=GSE86219&file=GSE86219_raw_counts_GRCh38.p13_NCBI.tsv.gz	GSE86219_raw_counts_GRCh38.p13_NCBI.tsv.gz	https://ftp.ncbi.nlm.nih.gov/geo/series/GSE86nnn/GSE86219/miniml/GSE86219_family.xml.tgz	GSE86219_family.xml.tgz	https://www.ncbi.nlm.nih.gov/geo/download/?format=file&type=rnaseq_counts&file=Human.GRCh38.p13.annot.tsv.gz	Human.GRCh38.p13.annot.tsv.gz	accession	GeneID	GeneID	Symbol	__accession__	batch	GSM2298380,GSM2298381	GSM2298378,GSM2298379	nutlin	dmso	GSE86219_MCF7_polysomal_Nutlin_vs_DMSO	https://www.ncbi.nlm.nih.gov/geo/query/acc.cgi?acc=GSE86219
GSE125086	true	Cycloheximide response in HeLa cells at 24 hours	human	hg38	https://www.ncbi.nlm.nih.gov/geo/download/?format=file&type=rnaseq_counts&acc=GSE125086&file=GSE125086_raw_counts_GRCh38.p13_NCBI.tsv.gz	GSE125086_raw_counts_GRCh38.p13_NCBI.tsv.gz	https://ftp.ncbi.nlm.nih.gov/geo/series/GSE125nnn/GSE125086/miniml/GSE125086_family.xml.tgz	GSE125086_family.xml.tgz	https://www.ncbi.nlm.nih.gov/geo/download/?format=file&type=rnaseq_counts&file=Human.GRCh38.p13.annot.tsv.gz	Human.GRCh38.p13.annot.tsv.gz	accession	GeneID	GeneID	Symbol	__accession__		GSM3562592,GSM3562593	GSM3562588,GSM3562589	cycloheximide_24h	vehicle	GSE125086_HeLa_cycloheximide_24h_vs_vehicle	https://www.ncbi.nlm.nih.gov/geo/query/acc.cgi?acc=GSE125086
GSE129522	false	FOXO1 inhibitor response in primary human CD4 T cells at 48 hours	human	hg38	https://www.ncbi.nlm.nih.gov/geo/download/?format=file&type=rnaseq_counts&acc=GSE129522&file=GSE129522_raw_counts_GRCh38.p13_NCBI.tsv.gz	GSE129522_raw_counts_GRCh38.p13_NCBI.tsv.gz	https://ftp.ncbi.nlm.nih.gov/geo/series/GSE129nnn/GSE129522/miniml/GSE129522_family.xml.tgz	GSE129522_family.xml.tgz	https://www.ncbi.nlm.nih.gov/geo/download/?format=file&type=rnaseq_counts&file=Human.GRCh38.p13.annot.tsv.gz	Human.GRCh38.p13.annot.tsv.gz	accession	GeneID	GeneID	Symbol	__accession__	donor	GSM3714843,GSM3714844,GSM3714845	GSM3714840,GSM3714841,GSM3714842	as1842856	dmso	GSE129522_CD4_T_AS1842856_vs_DMSO_48h	https://www.ncbi.nlm.nih.gov/geo/query/acc.cgi?acc=GSE129522
GSE254681	true	SMANTIS knockout in THP-1-derived osteoclast-like cells	human	hg38	https://www.ncbi.nlm.nih.gov/geo/download/?format=file&type=rnaseq_counts&acc=GSE254681&file=GSE254681_raw_counts_GRCh38.p13_NCBI.tsv.gz	GSE254681_raw_counts_GRCh38.p13_NCBI.tsv.gz	https://ftp.ncbi.nlm.nih.gov/geo/series/GSE254nnn/GSE254681/miniml/GSE254681_family.xml.tgz	GSE254681_family.xml.tgz	https://www.ncbi.nlm.nih.gov/geo/download/?format=file&type=rnaseq_counts&file=Human.GRCh38.p13.annot.tsv.gz	Human.GRCh38.p13.annot.tsv.gz	accession	GeneID	GeneID	Symbol	treatment		gRNA against SMANTIS	NTC	smantis_knockout	ntc	GSE254681_THP1_SMANTIS_knockout_vs_NTC	https://www.ncbi.nlm.nih.gov/geo/query/acc.cgi?acc=GSE254681
GSE115137	false	A83-01 response in human endometrial mesenchymal stem cells	human	hg38	https://www.ncbi.nlm.nih.gov/geo/download/?format=file&type=rnaseq_counts&acc=GSE115137&file=GSE115137_raw_counts_GRCh38.p13_NCBI.tsv.gz	GSE115137_raw_counts_GRCh38.p13_NCBI.tsv.gz	https://ftp.ncbi.nlm.nih.gov/geo/series/GSE115nnn/GSE115137/miniml/GSE115137_family.xml.tgz	GSE115137_family.xml.tgz	https://www.ncbi.nlm.nih.gov/geo/download/?format=file&type=rnaseq_counts&file=Human.GRCh38.p13.annot.tsv.gz	Human.GRCh38.p13.annot.tsv.gz	accession	GeneID	GeneID	Symbol	treatment	replicate	T1-Treated/A83-01	U-Untreated/DMSO vehicle Control	a83_01	dmso	GSE115137_endometrial_MSC_A83_01_vs_DMSO	https://www.ncbi.nlm.nih.gov/geo/query/acc.cgi?acc=GSE115137
GSE178352	true	MAL3-101 response in triple-negative breast cancer cells	human	hg38	https://www.ncbi.nlm.nih.gov/geo/download/?format=file&type=rnaseq_counts&acc=GSE178352&file=GSE178352_raw_counts_GRCh38.p13_NCBI.tsv.gz	GSE178352_raw_counts_GRCh38.p13_NCBI.tsv.gz	https://ftp.ncbi.nlm.nih.gov/geo/series/GSE178nnn/GSE178352/miniml/GSE178352_family.xml.tgz	GSE178352_family.xml.tgz	https://www.ncbi.nlm.nih.gov/geo/download/?format=file&type=rnaseq_counts&file=Human.GRCh38.p13.annot.tsv.gz	Human.GRCh38.p13.annot.tsv.gz	accession	GeneID	GeneID	Symbol	treatment	cell_line	MAL3-101	DMSO	mal3_101	dmso	GSE178352_TNBC_MAL3_101_vs_DMSO	https://www.ncbi.nlm.nih.gov/geo/query/acc.cgi?acc=GSE178352
GSE78853	true	Nortriptyline response in adult hepatic stellate cell myofibroblasts	human	hg38	https://www.ncbi.nlm.nih.gov/geo/download/?format=file&type=rnaseq_counts&acc=GSE78853&file=GSE78853_raw_counts_GRCh38.p13_NCBI.tsv.gz	GSE78853_raw_counts_GRCh38.p13_NCBI.tsv.gz	https://ftp.ncbi.nlm.nih.gov/geo/series/GSE78nnn/GSE78853/miniml/GSE78853_family.xml.tgz	GSE78853_family.xml.tgz	https://www.ncbi.nlm.nih.gov/geo/download/?format=file&type=rnaseq_counts&file=Human.GRCh38.p13.annot.tsv.gz	Human.GRCh38.p13.annot.tsv.gz	accession	GeneID	GeneID	Symbol	treatment		nortriptyline 27uM for 48 hours	ethanol vehicle for 48 hours	nortriptyline	ethanol_vehicle	GSE78853_HSC_nortriptyline_vs_vehicle	https://www.ncbi.nlm.nih.gov/geo/query/acc.cgi?acc=GSE78853
GSE76453	false	Estrogen response in MCF-7 cells across ZNF143 backgrounds	human	hg38	https://www.ncbi.nlm.nih.gov/geo/download/?format=file&type=rnaseq_counts&acc=GSE76453&file=GSE76453_raw_counts_GRCh38.p13_NCBI.tsv.gz	GSE76453_raw_counts_GRCh38.p13_NCBI.tsv.gz	https://ftp.ncbi.nlm.nih.gov/geo/series/GSE76nnn/GSE76453/miniml/GSE76453_family.xml.tgz	GSE76453_family.xml.tgz	https://www.ncbi.nlm.nih.gov/geo/download/?format=file&type=rnaseq_counts&file=Human.GRCh38.p13.annot.tsv.gz	Human.GRCh38.p13.annot.tsv.gz	accession	GeneID	GeneID	Symbol	treatment	transfection	10 uM 17-beta oestradiol for 3 hours	vehicle	estrogen	vehicle	GSE76453_MCF7_estrogen_vs_vehicle	https://www.ncbi.nlm.nih.gov/geo/query/acc.cgi?acc=GSE76453
GSE182261	true	NIK knockdown in lung-metastatic LM05 breast cancer cells	human	hg38	https://www.ncbi.nlm.nih.gov/geo/download/?format=file&type=rnaseq_counts&acc=GSE182261&file=GSE182261_raw_counts_GRCh38.p13_NCBI.tsv.gz	GSE182261_raw_counts_GRCh38.p13_NCBI.tsv.gz	https://ftp.ncbi.nlm.nih.gov/geo/series/GSE182nnn/GSE182261/miniml/GSE182261_family.xml.tgz	GSE182261_family.xml.tgz	https://www.ncbi.nlm.nih.gov/geo/download/?format=file&type=rnaseq_counts&file=Human.GRCh38.p13.annot.tsv.gz	Human.GRCh38.p13.annot.tsv.gz	accession	GeneID	GeneID	Symbol	genotype/variation		NIK knockdown	Control	nik_knockdown	shrna_control	GSE182261_LM05_NIK_knockdown_vs_control	https://www.ncbi.nlm.nih.gov/geo/query/acc.cgi?acc=GSE182261
GSE256536	true	LINC00894 knockdown in BE(2)-M17 neuroblast cells	human	hg38	https://www.ncbi.nlm.nih.gov/geo/download/?format=file&type=rnaseq_counts&acc=GSE256536&file=GSE256536_raw_counts_GRCh38.p13_NCBI.tsv.gz	GSE256536_raw_counts_GRCh38.p13_NCBI.tsv.gz	https://ftp.ncbi.nlm.nih.gov/geo/series/GSE256nnn/GSE256536/miniml/GSE256536_family.xml.tgz	GSE256536_family.xml.tgz	https://www.ncbi.nlm.nih.gov/geo/download/?format=file&type=rnaseq_counts&file=Human.GRCh38.p13.annot.tsv.gz	Human.GRCh38.p13.annot.tsv.gz	accession	GeneID	GeneID	Symbol	genotype		LINC00894 knockdown	NC	linc00894_knockdown	crispr_control	GSE256536_M17_LINC00894_knockdown_vs_control	https://www.ncbi.nlm.nih.gov/geo/query/acc.cgi?acc=GSE256536
GSE237011	true	FASN knockdown in primary human chondrocytes	human	hg38	https://www.ncbi.nlm.nih.gov/geo/download/?format=file&type=rnaseq_counts&acc=GSE237011&file=GSE237011_raw_counts_GRCh38.p13_NCBI.tsv.gz	GSE237011_raw_counts_GRCh38.p13_NCBI.tsv.gz	https://ftp.ncbi.nlm.nih.gov/geo/series/GSE237nnn/GSE237011/miniml/GSE237011_family.xml.tgz	GSE237011_family.xml.tgz	https://www.ncbi.nlm.nih.gov/geo/download/?format=file&type=rnaseq_counts&file=Human.GRCh38.p13.annot.tsv.gz	Human.GRCh38.p13.annot.tsv.gz	accession	GeneID	GeneID	Symbol	treatment		FASN SiRNA transfection	Negetive SiRNA transfection	fasn_knockdown	sirna_control	GSE237011_chondrocyte_FASN_knockdown_vs_control	https://www.ncbi.nlm.nih.gov/geo/query/acc.cgi?acc=GSE237011
GSE151774	true	Dasatinib response in Nalm6-stimulated CD19 CAR T cells	human	hg38	https://www.ncbi.nlm.nih.gov/geo/download/?format=file&type=rnaseq_counts&acc=GSE151774&file=GSE151774_raw_counts_GRCh38.p13_NCBI.tsv.gz	GSE151774_raw_counts_GRCh38.p13_NCBI.tsv.gz	https://ftp.ncbi.nlm.nih.gov/geo/series/GSE151nnn/GSE151774/miniml/GSE151774_family.xml.tgz	GSE151774_family.xml.tgz	https://www.ncbi.nlm.nih.gov/geo/download/?format=file&type=rnaseq_counts&file=Human.GRCh38.p13.annot.tsv.gz	Human.GRCh38.p13.annot.tsv.gz	accession	GeneID	GeneID	Symbol	treatmemt		Nalm6 treated CART+dasatinib30nM	Nalm6 treated CART	dasatinib	nalm6_stimulated	GSE151774_CAR_T_dasatinib_vs_Nalm6_stimulated	https://www.ncbi.nlm.nih.gov/geo/query/acc.cgi?acc=GSE151774
GSE209655	false	NUP93 knockdown in primary human neonatal keratinocytes	human	hg38	https://www.ncbi.nlm.nih.gov/geo/download/?format=file&type=rnaseq_counts&acc=GSE209655&file=GSE209655_raw_counts_GRCh38.p13_NCBI.tsv.gz	GSE209655_raw_counts_GRCh38.p13_NCBI.tsv.gz	https://ftp.ncbi.nlm.nih.gov/geo/series/GSE209nnn/GSE209655/miniml/GSE209655_family.xml.tgz	GSE209655_family.xml.tgz	https://www.ncbi.nlm.nih.gov/geo/download/?format=file&type=rnaseq_counts&file=Human.GRCh38.p13.annot.tsv.gz	Human.GRCh38.p13.annot.tsv.gz	accession	GeneID	GeneID	Symbol	treatment		NUP93 shRNA	Ctrl shRNA	nup93_knockdown	shrna_control	GSE209655_keratinocyte_NUP93_knockdown_vs_control	https://www.ncbi.nlm.nih.gov/geo/query/acc.cgi?acc=GSE209655
GSE198434	true	Aspirin response in human colonic organoids	human	hg38	https://www.ncbi.nlm.nih.gov/geo/download/?format=file&type=rnaseq_counts&acc=GSE198434&file=GSE198434_raw_counts_GRCh38.p13_NCBI.tsv.gz	GSE198434_raw_counts_GRCh38.p13_NCBI.tsv.gz	https://ftp.ncbi.nlm.nih.gov/geo/series/GSE198nnn/GSE198434/miniml/GSE198434_family.xml.tgz	GSE198434_family.xml.tgz	https://www.ncbi.nlm.nih.gov/geo/download/?format=file&type=rnaseq_counts&file=Human.GRCh38.p13.annot.tsv.gz	Human.GRCh38.p13.annot.tsv.gz	accession	GeneID	GeneID	Symbol	__accession__		GSM5946823,GSM5946824,GSM5946825	GSM5946820,GSM5946821,GSM5946822	aspirin	dmso	GSE198434_colonic_organoid_aspirin_vs_DMSO	https://www.ncbi.nlm.nih.gov/geo/query/acc.cgi?acc=GSE198434
GSE228524	false	Albiflorin and paeoniflorin combination response in A549 cells	human	hg38	https://www.ncbi.nlm.nih.gov/geo/download/?format=file&type=rnaseq_counts&acc=GSE228524&file=GSE228524_raw_counts_GRCh38.p13_NCBI.tsv.gz	GSE228524_raw_counts_GRCh38.p13_NCBI.tsv.gz	https://ftp.ncbi.nlm.nih.gov/geo/series/GSE228nnn/GSE228524/miniml/GSE228524_family.xml.tgz	GSE228524_family.xml.tgz	https://www.ncbi.nlm.nih.gov/geo/download/?format=file&type=rnaseq_counts&file=Human.GRCh38.p13.annot.tsv.gz	Human.GRCh38.p13.annot.tsv.gz	accession	GeneID	GeneID	Symbol	treatment		combination of albiflorin 5 uM and paeoniflorin 5 uM	0.1% DMSO	albiflorin_paeoniflorin	dmso	GSE228524_A549_albiflorin_paeoniflorin_vs_DMSO	https://www.ncbi.nlm.nih.gov/geo/query/acc.cgi?acc=GSE228524
GSE128191	true	Nutlin-3a response in human neural crest cells	human	hg38	https://www.ncbi.nlm.nih.gov/geo/download/?format=file&type=rnaseq_counts&acc=GSE128191&file=GSE128191_raw_counts_GRCh38.p13_NCBI.tsv.gz	GSE128191_raw_counts_GRCh38.p13_NCBI.tsv.gz	https://ftp.ncbi.nlm.nih.gov/geo/series/GSE128nnn/GSE128191/miniml/GSE128191_family.xml.tgz	GSE128191_family.xml.tgz	https://www.ncbi.nlm.nih.gov/geo/download/?format=file&type=rnaseq_counts&file=Human.GRCh38.p13.annot.tsv.gz	Human.GRCh38.p13.annot.tsv.gz	accession	GeneID	GeneID	Symbol	__accession__		GSM3666632,GSM3666636,GSM3666640	GSM3666631,GSM3666635,GSM3666639	nutlin3a	dmso	GSE128191_hNCC_Nutlin3a_vs_DMSO	https://www.ncbi.nlm.nih.gov/geo/query/acc.cgi?acc=GSE128191
GSE182759	true	15.5K knockdown in HEK293T cells	human	hg38	https://www.ncbi.nlm.nih.gov/geo/download/?format=file&type=rnaseq_counts&acc=GSE182759&file=GSE182759_raw_counts_GRCh38.p13_NCBI.tsv.gz	GSE182759_raw_counts_GRCh38.p13_NCBI.tsv.gz	https://ftp.ncbi.nlm.nih.gov/geo/series/GSE182nnn/GSE182759/miniml/GSE182759_family.xml.tgz	GSE182759_family.xml.tgz	https://www.ncbi.nlm.nih.gov/geo/download/?format=file&type=rnaseq_counts&file=Human.GRCh38.p13.annot.tsv.gz	Human.GRCh38.p13.annot.tsv.gz	accession	GeneID	GeneID	Symbol	genotype		sh15.5K-1,sh15.5K-2	shNC	15_5k_knockdown	shrna_control	GSE182759_HEK293T_15_5K_knockdown_vs_control	https://www.ncbi.nlm.nih.gov/geo/query/acc.cgi?acc=GSE182759
GSE214212	true	CHD6 knockdown in C4-2 prostate cancer cells	human	hg38	https://www.ncbi.nlm.nih.gov/geo/download/?format=file&type=rnaseq_counts&acc=GSE214212&file=GSE214212_raw_counts_GRCh38.p13_NCBI.tsv.gz	GSE214212_raw_counts_GRCh38.p13_NCBI.tsv.gz	https://ftp.ncbi.nlm.nih.gov/geo/series/GSE214nnn/GSE214212/miniml/GSE214212_family.xml.tgz	GSE214212_family.xml.tgz	https://www.ncbi.nlm.nih.gov/geo/download/?format=file&type=rnaseq_counts&file=Human.GRCh38.p13.annot.tsv.gz	Human.GRCh38.p13.annot.tsv.gz	accession	GeneID	GeneID	Symbol	__accession__		GSM6601088,GSM6601089,GSM6601090,GSM6601091,GSM6601092,GSM6601093	GSM6601085,GSM6601086,GSM6601087	chd6_knockdown	shrna_control	GSE214212_C4_2_CHD6_knockdown_vs_control	https://www.ncbi.nlm.nih.gov/geo/query/acc.cgi?acc=GSE214212
GSE132245	true	CPI-203 response in OCI-AML3 cells across p53 backgrounds	human	hg38	https://www.ncbi.nlm.nih.gov/geo/download/?format=file&type=rnaseq_counts&acc=GSE132245&file=GSE132245_raw_counts_GRCh38.p13_NCBI.tsv.gz	GSE132245_raw_counts_GRCh38.p13_NCBI.tsv.gz	https://ftp.ncbi.nlm.nih.gov/geo/series/GSE132nnn/GSE132245/miniml/GSE132245_family.xml.tgz	GSE132245_family.xml.tgz	https://www.ncbi.nlm.nih.gov/geo/download/?format=file&type=rnaseq_counts&file=Human.GRCh38.p13.annot.tsv.gz	Human.GRCh38.p13.annot.tsv.gz	accession	GeneID	GeneID	Symbol	drug treatment	gene_knockdown	CPI-203 (200nM)	DMSO	cpi_203	dmso	GSE132245_OCI_AML3_CPI_203_vs_DMSO	https://www.ncbi.nlm.nih.gov/geo/query/acc.cgi?acc=GSE132245
GSE123861	true	SIN3A knockdown in HEK293T cells	human	hg38	https://www.ncbi.nlm.nih.gov/geo/download/?format=file&type=rnaseq_counts&acc=GSE123861&file=GSE123861_raw_counts_GRCh38.p13_NCBI.tsv.gz	GSE123861_raw_counts_GRCh38.p13_NCBI.tsv.gz	https://ftp.ncbi.nlm.nih.gov/geo/series/GSE123nnn/GSE123861/miniml/GSE123861_family.xml.tgz	GSE123861_family.xml.tgz	https://www.ncbi.nlm.nih.gov/geo/download/?format=file&type=rnaseq_counts&file=Human.GRCh38.p13.annot.tsv.gz	Human.GRCh38.p13.annot.tsv.gz	accession	GeneID	GeneID	Symbol	__title__		Sin3A RNAi knockdown replicate 1,Sin3A RNAi knockdown replicate 2,Sin3A RNAi knockdown replicate 3	Control replicate 1,Control replicate 2,Control replicate 3	sin3a_knockdown	sirna_control	GSE123861_HEK293T_SIN3A_knockdown_vs_control	https://www.ncbi.nlm.nih.gov/geo/query/acc.cgi?acc=GSE123861
GSE160819	true	DROSHA knockdown in K562 cells	human	hg38	https://www.ncbi.nlm.nih.gov/geo/download/?format=file&type=rnaseq_counts&acc=GSE160819&file=GSE160819_raw_counts_GRCh38.p13_NCBI.tsv.gz	GSE160819_raw_counts_GRCh38.p13_NCBI.tsv.gz	https://ftp.ncbi.nlm.nih.gov/geo/series/GSE160nnn/GSE160819/miniml/GSE160819_family.xml.tgz	GSE160819_family.xml.tgz	https://www.ncbi.nlm.nih.gov/geo/download/?format=file&type=rnaseq_counts&file=Human.GRCh38.p13.annot.tsv.gz	Human.GRCh38.p13.annot.tsv.gz	accession	GeneID	GeneID	Symbol	crispr		DROSHA	non-specific,non-pecific	drosha_knockdown	crispr_control	GSE160819_K562_DROSHA_knockdown_vs_control	https://www.ncbi.nlm.nih.gov/geo/query/acc.cgi?acc=GSE160819
GSE102237	true	Hydroxyurea and nocodazole response in 226LDM breast cells	human	hg38	https://www.ncbi.nlm.nih.gov/geo/download/?format=file&type=rnaseq_counts&acc=GSE102237&file=GSE102237_raw_counts_GRCh38.p13_NCBI.tsv.gz	GSE102237_raw_counts_GRCh38.p13_NCBI.tsv.gz	https://ftp.ncbi.nlm.nih.gov/geo/series/GSE102nnn/GSE102237/miniml/GSE102237_family.xml.tgz	GSE102237_family.xml.tgz	https://www.ncbi.nlm.nih.gov/geo/download/?format=file&type=rnaseq_counts&file=Human.GRCh38.p13.annot.tsv.gz	Human.GRCh38.p13.annot.tsv.gz	accession	GeneID	GeneID	Symbol	__accession__		GSM2731540,GSM2731541,GSM2731542	GSM2731537,GSM2731538,GSM2731539	cell_cycle_arrest	untreated	GSE102237_226LDM_hydroxyurea_nocodazole_vs_untreated	https://www.ncbi.nlm.nih.gov/geo/query/acc.cgi?acc=GSE102237
GSE225644	true	PAI-039 response in human coronary artery smooth muscle cells	human	hg38	https://www.ncbi.nlm.nih.gov/geo/download/?format=file&type=rnaseq_counts&acc=GSE225644&file=GSE225644_raw_counts_GRCh38.p13_NCBI.tsv.gz	GSE225644_raw_counts_GRCh38.p13_NCBI.tsv.gz	https://ftp.ncbi.nlm.nih.gov/geo/series/GSE225nnn/GSE225644/miniml/GSE225644_family.xml.tgz	GSE225644_family.xml.tgz	https://www.ncbi.nlm.nih.gov/geo/download/?format=file&type=rnaseq_counts&file=Human.GRCh38.p13.annot.tsv.gz	Human.GRCh38.p13.annot.tsv.gz	accession	GeneID	GeneID	Symbol	treatment		PAI-039	Vehicle Control	pai_039	vehicle_control	GSE225644_HCASMC_PAI_039_vs_vehicle	https://www.ncbi.nlm.nih.gov/geo/query/acc.cgi?acc=GSE225644
GSE152418	true	PBMC RNA-seq in acute COVID-19 versus healthy controls	human	hg38	https://ftp.ncbi.nlm.nih.gov/geo/series/GSE152nnn/GSE152418/suppl/GSE152418_p20047_Study1_RawCounts.txt.gz	GSE152418_p20047_Study1_RawCounts.txt.gz	https://ftp.ncbi.nlm.nih.gov/geo/series/GSE152nnn/GSE152418/miniml/GSE152418_family.xml.tgz	GSE152418_family.xml.tgz	https://www.ncbi.nlm.nih.gov/geo/download/?format=file&type=rnaseq_counts&file=Human.GRCh38.p13.annot.tsv.gz	Human.GRCh38.p13.annot.tsv.gz	title	ENSEMBLID	EnsemblGeneID	Symbol	disease state		COVID-19	Healthy	covid19	healthy	GSE152418_PBMC_COVID19_vs_healthy	https://www.ncbi.nlm.nih.gov/geo/query/acc.cgi?acc=GSE152418
GSE114765	true	N-acetyl cysteine treatment of activated human CD8 T cells	human	hg38	https://www.ncbi.nlm.nih.gov/geo/download/?format=file&type=rnaseq_counts&acc=GSE114765&file=GSE114765_raw_counts_GRCh38.p13_NCBI.tsv.gz	GSE114765_raw_counts_GRCh38.p13_NCBI.tsv.gz	https://ftp.ncbi.nlm.nih.gov/geo/series/GSE114nnn/GSE114765/miniml/GSE114765_family.xml.tgz	GSE114765_family.xml.tgz	https://www.ncbi.nlm.nih.gov/geo/download/?format=file&type=rnaseq_counts&file=Human.GRCh38.p13.annot.tsv.gz	Human.GRCh38.p13.annot.tsv.gz	accession	GeneID	GeneID	Symbol	treated with		N-acetyl cysteine (NAC)	none (control)	nac_treated	control	GSE114765_CD8_T_cell_NAC_vs_control	https://www.ncbi.nlm.nih.gov/geo/query/acc.cgi?acc=GSE114765
GSE152546	true	NSD3 knockdown in MDA-MB-231 breast cancer cells	human	hg38	https://www.ncbi.nlm.nih.gov/geo/download/?format=file&type=rnaseq_counts&acc=GSE152546&file=GSE152546_raw_counts_GRCh38.p13_NCBI.tsv.gz	GSE152546_raw_counts_GRCh38.p13_NCBI.tsv.gz	https://ftp.ncbi.nlm.nih.gov/geo/series/GSE152nnn/GSE152546/miniml/GSE152546_family.xml.tgz	GSE152546_family.xml.tgz	https://www.ncbi.nlm.nih.gov/geo/download/?format=file&type=rnaseq_counts&file=Human.GRCh38.p13.annot.tsv.gz	Human.GRCh38.p13.annot.tsv.gz	accession	GeneID	GeneID	Symbol	shRNA		shNSD3	shCon	nsd3_knockdown	shrna_control	GSE152546_MDA_MB_231_NSD3_knockdown_vs_control	https://www.ncbi.nlm.nih.gov/geo/query/acc.cgi?acc=GSE152546
GSE157103	true	Leukocyte RNA-seq in hospitalized COVID-19 versus non-COVID-19 patients	human	hg38	https://www.ncbi.nlm.nih.gov/geo/download/?format=file&type=rnaseq_counts&acc=GSE157103&file=GSE157103_raw_counts_GRCh38.p13_NCBI.tsv.gz	GSE157103_raw_counts_GRCh38.p13_NCBI.tsv.gz	https://ftp.ncbi.nlm.nih.gov/geo/series/GSE157nnn/GSE157103/miniml/GSE157103_family.xml.tgz	GSE157103_family.xml.tgz	https://www.ncbi.nlm.nih.gov/geo/download/?format=file&type=rnaseq_counts&file=Human.GRCh38.p13.annot.tsv.gz	Human.GRCh38.p13.annot.tsv.gz	accession	GeneID	GeneID	Symbol	disease state		COVID-19	non-COVID-19	covid19	non_covid19	GSE157103_leukocyte_COVID19_vs_non_COVID19	https://www.ncbi.nlm.nih.gov/geo/query/acc.cgi?acc=GSE157103
GSE191314	false	Isoxazole derivative 2b treatment of MCF-7 breast cancer cells	human	hg38	https://www.ncbi.nlm.nih.gov/geo/download/?format=file&type=rnaseq_counts&acc=GSE191314&file=GSE191314_raw_counts_GRCh38.p13_NCBI.tsv.gz	GSE191314_raw_counts_GRCh38.p13_NCBI.tsv.gz	https://ftp.ncbi.nlm.nih.gov/geo/series/GSE191nnn/GSE191314/miniml/GSE191314_family.xml.tgz	GSE191314_family.xml.tgz	https://www.ncbi.nlm.nih.gov/geo/download/?format=file&type=rnaseq_counts&file=Human.GRCh38.p13.annot.tsv.gz	Human.GRCh38.p13.annot.tsv.gz	accession	GeneID	GeneID	Symbol	treatment	time	2b treated	untreated (control)	compound_2b	vehicle_control	GSE191314_MCF7_compound_2b_vs_vehicle	https://www.ncbi.nlm.nih.gov/geo/query/acc.cgi?acc=GSE191314
GSE247417	true	Heat-shock response in control and CLK2-expressing HeLa cells	human	hg38	https://www.ncbi.nlm.nih.gov/geo/download/?format=file&type=rnaseq_counts&acc=GSE247417&file=GSE247417_raw_counts_GRCh38.p13_NCBI.tsv.gz	GSE247417_raw_counts_GRCh38.p13_NCBI.tsv.gz	https://ftp.ncbi.nlm.nih.gov/geo/series/GSE247nnn/GSE247417/miniml/GSE247417_family.xml.tgz	GSE247417_family.xml.tgz	https://www.ncbi.nlm.nih.gov/geo/download/?format=file&type=rnaseq_counts&file=Human.GRCh38.p13.annot.tsv.gz	Human.GRCh38.p13.annot.tsv.gz	accession	GeneID	GeneID	Symbol	treatment	genotype	Heat shock	Untreated	heat_shock	untreated	GSE247417_HeLa_heat_shock_vs_untreated	https://www.ncbi.nlm.nih.gov/geo/query/acc.cgi?acc=GSE247417
GSE109182	true	IL-1 beta response in primary epidermal keratinocytes	human	hg38	https://www.ncbi.nlm.nih.gov/geo/download/?format=file&type=rnaseq_counts&acc=GSE109182&file=GSE109182_raw_counts_GRCh38.p13_NCBI.tsv.gz	GSE109182_raw_counts_GRCh38.p13_NCBI.tsv.gz	https://ftp.ncbi.nlm.nih.gov/geo/series/GSE109nnn/GSE109182/miniml/GSE109182_family.xml.tgz	GSE109182_family.xml.tgz	https://www.ncbi.nlm.nih.gov/geo/download/?format=file&type=rnaseq_counts&file=Human.GRCh38.p13.annot.tsv.gz	Human.GRCh38.p13.annot.tsv.gz	accession	GeneID	GeneID	Symbol	treatment	batch,cell_line	IL1B	CTL	il1b	control	GSE109182_keratinocyte_IL1B_vs_control	https://www.ncbi.nlm.nih.gov/geo/query/acc.cgi?acc=GSE109182
GSE117106	true	RUVBL2 knockdown in THP1 acute myeloid leukemia cells	human	hg38	https://www.ncbi.nlm.nih.gov/geo/download/?format=file&type=rnaseq_counts&acc=GSE117106&file=GSE117106_raw_counts_GRCh38.p13_NCBI.tsv.gz	GSE117106_raw_counts_GRCh38.p13_NCBI.tsv.gz	https://ftp.ncbi.nlm.nih.gov/geo/series/GSE117nnn/GSE117106/miniml/GSE117106_family.xml.tgz	GSE117106_family.xml.tgz	https://www.ncbi.nlm.nih.gov/geo/download/?format=file&type=rnaseq_counts&file=Human.GRCh38.p13.annot.tsv.gz	Human.GRCh38.p13.annot.tsv.gz	accession	GeneID	GeneID	Symbol	agent	time_point	doxycycline	none	ruvbl2_knockdown	untreated	GSE117106_THP1_RUVBL2_knockdown_vs_control	https://www.ncbi.nlm.nih.gov/geo/query/acc.cgi?acc=GSE117106
GSE161969	false	Decidual RNA-seq in recurrent pregnancy loss versus controls	human	hg38	https://www.ncbi.nlm.nih.gov/geo/download/?format=file&type=rnaseq_counts&acc=GSE161969&file=GSE161969_raw_counts_GRCh38.p13_NCBI.tsv.gz	GSE161969_raw_counts_GRCh38.p13_NCBI.tsv.gz	https://ftp.ncbi.nlm.nih.gov/geo/series/GSE161nnn/GSE161969/miniml/GSE161969_family.xml.tgz	GSE161969_family.xml.tgz	https://www.ncbi.nlm.nih.gov/geo/download/?format=file&type=rnaseq_counts&file=Human.GRCh38.p13.annot.tsv.gz	Human.GRCh38.p13.annot.tsv.gz	accession	GeneID	GeneID	Symbol	subject status		recurrent pregnancy loss (RPL)	control	recurrent_pregnancy_loss	control	GSE161969_decidua_RPL_vs_control	https://www.ncbi.nlm.nih.gov/geo/query/acc.cgi?acc=GSE161969
GSE164637	true	Doxorubicin response in patient-derived cardiomyocytes	human	hg38	https://www.ncbi.nlm.nih.gov/geo/download/?format=file&type=rnaseq_counts&acc=GSE164637&file=GSE164637_raw_counts_GRCh38.p13_NCBI.tsv.gz	GSE164637_raw_counts_GRCh38.p13_NCBI.tsv.gz	https://ftp.ncbi.nlm.nih.gov/geo/series/GSE164nnn/GSE164637/miniml/GSE164637_family.xml.tgz	GSE164637_family.xml.tgz	https://www.ncbi.nlm.nih.gov/geo/download/?format=file&type=rnaseq_counts&file=Human.GRCh38.p13.annot.tsv.gz	Human.GRCh38.p13.annot.tsv.gz	accession	GeneID	GeneID	Symbol	treatment	rs2229774_genotype	1 µM DOX	NO	doxorubicin	vehicle	GSE164637_cardiomyocyte_doxorubicin_vs_vehicle	https://www.ncbi.nlm.nih.gov/geo/query/acc.cgi?acc=GSE164637
GSE179747	false	Lnc-PINK1-2:5 overexpression in influenza-infected A549 cells	human	hg38	https://www.ncbi.nlm.nih.gov/geo/download/?format=file&type=rnaseq_counts&acc=GSE179747&file=GSE179747_raw_counts_GRCh38.p13_NCBI.tsv.gz	GSE179747_raw_counts_GRCh38.p13_NCBI.tsv.gz	https://ftp.ncbi.nlm.nih.gov/geo/series/GSE179nnn/GSE179747/miniml/GSE179747_family.xml.tgz	GSE179747_family.xml.tgz	https://www.ncbi.nlm.nih.gov/geo/download/?format=file&type=rnaseq_counts&file=Human.GRCh38.p13.annot.tsv.gz	Human.GRCh38.p13.annot.tsv.gz	accession	GeneID	GeneID	Symbol	genotype		lnc-PINK1-2:5-overexpression	vector control	lnc_pink1_overexpression	vector_control	GSE179747_A549_lnc_PINK1_overexpression_vs_control	https://www.ncbi.nlm.nih.gov/geo/query/acc.cgi?acc=GSE179747
GSE178521	true	PRMT5 knockdown in NCI-H460 lung adenocarcinoma cells	human	hg38	https://www.ncbi.nlm.nih.gov/geo/download/?format=file&type=rnaseq_counts&acc=GSE178521&file=GSE178521_raw_counts_GRCh38.p13_NCBI.tsv.gz	GSE178521_raw_counts_GRCh38.p13_NCBI.tsv.gz	https://ftp.ncbi.nlm.nih.gov/geo/series/GSE178nnn/GSE178521/miniml/GSE178521_family.xml.tgz	GSE178521_family.xml.tgz	https://www.ncbi.nlm.nih.gov/geo/download/?format=file&type=rnaseq_counts&file=Human.GRCh38.p13.annot.tsv.gz	Human.GRCh38.p13.annot.tsv.gz	accession	GeneID	GeneID	Symbol	genotype		PRMT5 knockdown	control	prmt5_knockdown	control	GSE178521_NCI_H460_PRMT5_knockdown_vs_control	https://www.ncbi.nlm.nih.gov/geo/query/acc.cgi?acc=GSE178521
GSE198478	true	Butyrate response in human T84 intestinal epithelial cells	human	hg38	https://www.ncbi.nlm.nih.gov/geo/download/?format=file&type=rnaseq_counts&acc=GSE198478&file=GSE198478_raw_counts_GRCh38.p13_NCBI.tsv.gz	GSE198478_raw_counts_GRCh38.p13_NCBI.tsv.gz	https://ftp.ncbi.nlm.nih.gov/geo/series/GSE198nnn/GSE198478/miniml/GSE198478_family.xml.tgz	GSE198478_family.xml.tgz	https://www.ncbi.nlm.nih.gov/geo/download/?format=file&type=rnaseq_counts&file=Human.GRCh38.p13.annot.tsv.gz	Human.GRCh38.p13.annot.tsv.gz	accession	GeneID	GeneID	Symbol	__title__		T84 cells_Butyrate_1,T84 cells_Butyrate_2,T84 cells_Butyrate_3,T84 cells_Butyrate_4,T84 cells_Butyrate_5,T84 cells_Butyrate_6	T84 cells_Control_1,T84 cells_Control_2,T84 cells_Control_3,T84 cells_Control_4,T84 cells_Control_5,T84 cells_Control_6	butyrate	vehicle_control	GSE198478_T84_butyrate_vs_control	https://www.ncbi.nlm.nih.gov/geo/query/acc.cgi?acc=GSE198478
GSE70084	false	Mechanical strain response in normal human epidermal keratinocytes	human	hg38	https://www.ncbi.nlm.nih.gov/geo/download/?format=file&type=rnaseq_counts&acc=GSE70084&file=GSE70084_raw_counts_GRCh38.p13_NCBI.tsv.gz	GSE70084_raw_counts_GRCh38.p13_NCBI.tsv.gz	https://ftp.ncbi.nlm.nih.gov/geo/series/GSE70nnn/GSE70084/miniml/GSE70084_family.xml.tgz	GSE70084_family.xml.tgz	https://www.ncbi.nlm.nih.gov/geo/download/?format=file&type=rnaseq_counts&file=Human.GRCh38.p13.annot.tsv.gz	Human.GRCh38.p13.annot.tsv.gz	accession	GeneID	GeneID	Symbol	stress		biaxial cyclic strain at 100 mHz	control	mechanical_strain	control	GSE70084_keratinocyte_mechanical_strain_vs_control	https://www.ncbi.nlm.nih.gov/geo/query/acc.cgi?acc=GSE70084
GSE75440	true	NORAD knockout in HCT116 colorectal cancer cells	human	hg38	https://www.ncbi.nlm.nih.gov/geo/download/?format=file&type=rnaseq_counts&acc=GSE75440&file=GSE75440_raw_counts_GRCh38.p13_NCBI.tsv.gz	GSE75440_raw_counts_GRCh38.p13_NCBI.tsv.gz	https://ftp.ncbi.nlm.nih.gov/geo/series/GSE75nnn/GSE75440/miniml/GSE75440_family.xml.tgz	GSE75440_family.xml.tgz	https://www.ncbi.nlm.nih.gov/geo/download/?format=file&type=rnaseq_counts&file=Human.GRCh38.p13.annot.tsv.gz	Human.GRCh38.p13.annot.tsv.gz	accession	GeneID	GeneID	Symbol	genotype		NORAD-/-	wild-type	norad_knockout	wild_type	GSE75440_HCT116_NORAD_knockout_vs_wild_type	https://www.ncbi.nlm.nih.gov/geo/query/acc.cgi?acc=GSE75440
GSE202571	false	Surgical treatment response in eutopic endometrium from endometriosis patients	human	hg38	https://www.ncbi.nlm.nih.gov/geo/download/?format=file&type=rnaseq_counts&acc=GSE202571&file=GSE202571_raw_counts_GRCh38.p13_NCBI.tsv.gz	GSE202571_raw_counts_GRCh38.p13_NCBI.tsv.gz	https://ftp.ncbi.nlm.nih.gov/geo/series/GSE202nnn/GSE202571/miniml/GSE202571_family.xml.tgz	GSE202571_family.xml.tgz	https://www.ncbi.nlm.nih.gov/geo/download/?format=file&type=rnaseq_counts&file=Human.GRCh38.p13.annot.tsv.gz	Human.GRCh38.p13.annot.tsv.gz	accession	GeneID	GeneID	Symbol	__accession__		GSM6124645,GSM6124646,GSM6124647,GSM6124648,GSM6124650,GSM6124651,GSM6124652,GSM6124653,GSM6124654,GSM6124655,GSM6124656	GSM6124639,GSM6124640,GSM6124641,GSM6124642,GSM6124643,GSM6124644	surgical_treatment	untreated	GSE202571_endometriosis_surgery_vs_untreated	https://www.ncbi.nlm.nih.gov/geo/query/acc.cgi?acc=GSE202571
GSE205274	false	KRT5-knockdown keratinocyte co-culture response in MNT-1 melanoma cells	human	hg38	https://www.ncbi.nlm.nih.gov/geo/download/?format=file&type=rnaseq_counts&acc=GSE205274&file=GSE205274_raw_counts_GRCh38.p13_NCBI.tsv.gz	GSE205274_raw_counts_GRCh38.p13_NCBI.tsv.gz	https://ftp.ncbi.nlm.nih.gov/geo/series/GSE205nnn/GSE205274/miniml/GSE205274_family.xml.tgz	GSE205274_family.xml.tgz	https://www.ncbi.nlm.nih.gov/geo/download/?format=file&type=rnaseq_counts&file=Human.GRCh38.p13.annot.tsv.gz	Human.GRCh38.p13.annot.tsv.gz	accession	GeneID	GeneID	Symbol	__accession__		GSM6209671,GSM6209672	GSM6209667,GSM6209668,GSM6209669	krt5_kd_coculture	control_coculture	GSE205274_MNT1_KRT5_KD_coculture_vs_control	https://www.ncbi.nlm.nih.gov/geo/query/acc.cgi?acc=GSE205274
GSE207472	true	DHT response in MDA-MB-453 breast cancer cells	human	hg38	https://www.ncbi.nlm.nih.gov/geo/download/?format=file&type=rnaseq_counts&acc=GSE207472&file=GSE207472_raw_counts_GRCh38.p13_NCBI.tsv.gz	GSE207472_raw_counts_GRCh38.p13_NCBI.tsv.gz	https://ftp.ncbi.nlm.nih.gov/geo/series/GSE207nnn/GSE207472/miniml/GSE207472_family.xml.tgz	GSE207472_family.xml.tgz	https://www.ncbi.nlm.nih.gov/geo/download/?format=file&type=rnaseq_counts&file=Human.GRCh38.p13.annot.tsv.gz	Human.GRCh38.p13.annot.tsv.gz	accession	GeneID	GeneID	Symbol	__accession__		GSM6288306,GSM6288307,GSM6288309,GSM6288310	GSM6288300,GSM6288301,GSM6288302,GSM6288303,GSM6288304,GSM6288305	dht	vehicle	GSE207472_MDA_MB_453_DHT_vs_vehicle	https://www.ncbi.nlm.nih.gov/geo/query/acc.cgi?acc=GSE207472
GSE208353	true	DNAJC6-mutant versus CRISPR-corrected dopaminergic neurons	human	hg38	https://www.ncbi.nlm.nih.gov/geo/download/?format=file&type=rnaseq_counts&acc=GSE208353&file=GSE208353_raw_counts_GRCh38.p13_NCBI.tsv.gz	GSE208353_raw_counts_GRCh38.p13_NCBI.tsv.gz	https://ftp.ncbi.nlm.nih.gov/geo/series/GSE208nnn/GSE208353/miniml/GSE208353_family.xml.tgz	GSE208353_family.xml.tgz	https://www.ncbi.nlm.nih.gov/geo/download/?format=file&type=rnaseq_counts&file=Human.GRCh38.p13.annot.tsv.gz	Human.GRCh38.p13.annot.tsv.gz	accession	GeneID	GeneID	Symbol	__accession__		GSM6341809,GSM6341810,GSM6341811	GSM6341806,GSM6341807,GSM6341808	dnajc6_mutant	crispr_corrected	GSE208353_DNAJC6_mutant_vs_CRISPR_corrected	https://www.ncbi.nlm.nih.gov/geo/query/acc.cgi?acc=GSE208353
GSE209911	true	NCSTN knockdown in HaCaT keratinocytes	human	hg38	https://www.ncbi.nlm.nih.gov/geo/download/?format=file&type=rnaseq_counts&acc=GSE209911&file=GSE209911_raw_counts_GRCh38.p13_NCBI.tsv.gz	GSE209911_raw_counts_GRCh38.p13_NCBI.tsv.gz	https://ftp.ncbi.nlm.nih.gov/geo/series/GSE209nnn/GSE209911/miniml/GSE209911_family.xml.tgz	GSE209911_family.xml.tgz	https://www.ncbi.nlm.nih.gov/geo/download/?format=file&type=rnaseq_counts&file=Human.GRCh38.p13.annot.tsv.gz	Human.GRCh38.p13.annot.tsv.gz	accession	GeneID	GeneID	Symbol	genotype		NCSTN knockdown	WT	ncstn_knockdown	control	GSE209911_HaCaT_NCSTN_knockdown_vs_control	https://www.ncbi.nlm.nih.gov/geo/query/acc.cgi?acc=GSE209911
GSE210150	true	Crizotinib response in CCC-HEH-2 cardiomyocyte cells	human	hg38	https://www.ncbi.nlm.nih.gov/geo/download/?format=file&type=rnaseq_counts&acc=GSE210150&file=GSE210150_raw_counts_GRCh38.p13_NCBI.tsv.gz	GSE210150_raw_counts_GRCh38.p13_NCBI.tsv.gz	https://ftp.ncbi.nlm.nih.gov/geo/series/GSE210nnn/GSE210150/miniml/GSE210150_family.xml.tgz	GSE210150_family.xml.tgz	https://www.ncbi.nlm.nih.gov/geo/download/?format=file&type=rnaseq_counts&file=Human.GRCh38.p13.annot.tsv.gz	Human.GRCh38.p13.annot.tsv.gz	accession	GeneID	GeneID	Symbol	agent		Crizotinib-treated	Control	crizotinib	control	GSE210150_cardiomyocyte_crizotinib_vs_control	https://www.ncbi.nlm.nih.gov/geo/query/acc.cgi?acc=GSE210150
GSE213559	true	PRPF8 knockdown in H9 human embryonic stem cells	human	hg38	https://www.ncbi.nlm.nih.gov/geo/download/?format=file&type=rnaseq_counts&acc=GSE213559&file=GSE213559_raw_counts_GRCh38.p13_NCBI.tsv.gz	GSE213559_raw_counts_GRCh38.p13_NCBI.tsv.gz	https://ftp.ncbi.nlm.nih.gov/geo/series/GSE213nnn/GSE213559/miniml/GSE213559_family.xml.tgz	GSE213559_family.xml.tgz	https://www.ncbi.nlm.nih.gov/geo/download/?format=file&type=rnaseq_counts&file=Human.GRCh38.p13.annot.tsv.gz	Human.GRCh38.p13.annot.tsv.gz	accession	GeneID	GeneID	Symbol	genotype		PRPF8 knockdown	WT	prpf8_knockdown	control	GSE213559_H9_PRPF8_knockdown_vs_control	https://www.ncbi.nlm.nih.gov/geo/query/acc.cgi?acc=GSE213559
GSE227541	true	Nasopharyngeal carcinoma versus healthy nasal tissue	human	hg38	https://www.ncbi.nlm.nih.gov/geo/download/?format=file&type=rnaseq_counts&acc=GSE227541&file=GSE227541_raw_counts_GRCh38.p13_NCBI.tsv.gz	GSE227541_raw_counts_GRCh38.p13_NCBI.tsv.gz	https://ftp.ncbi.nlm.nih.gov/geo/series/GSE227nnn/GSE227541/miniml/GSE227541_family.xml.tgz	GSE227541_family.xml.tgz	https://www.ncbi.nlm.nih.gov/geo/download/?format=file&type=rnaseq_counts&file=Human.GRCh38.p13.annot.tsv.gz	Human.GRCh38.p13.annot.tsv.gz	accession	GeneID	GeneID	Symbol	__accession__		GSM7102464,GSM7102465,GSM7102466,GSM7102468,GSM7102469,GSM7102470	GSM7102457,GSM7102458,GSM7102459,GSM7102460,GSM7102461,GSM7102463	npc	healthy	GSE227541_nasopharyngeal_carcinoma_vs_healthy	https://www.ncbi.nlm.nih.gov/geo/query/acc.cgi?acc=GSE227541
GSE235757	false	Heart failure with atrial fibrillation versus normal PBMC	human	hg38	https://www.ncbi.nlm.nih.gov/geo/download/?format=file&type=rnaseq_counts&acc=GSE235757&file=GSE235757_raw_counts_GRCh38.p13_NCBI.tsv.gz	GSE235757_raw_counts_GRCh38.p13_NCBI.tsv.gz	https://ftp.ncbi.nlm.nih.gov/geo/series/GSE235nnn/GSE235757/miniml/GSE235757_family.xml.tgz	GSE235757_family.xml.tgz	https://www.ncbi.nlm.nih.gov/geo/download/?format=file&type=rnaseq_counts&file=Human.GRCh38.p13.annot.tsv.gz	Human.GRCh38.p13.annot.tsv.gz	accession	GeneID	GeneID	Symbol	treatment		HF /AF group	Normal	heart_failure_af	normal	GSE235757_PBMC_heart_failure_AF_vs_normal	https://www.ncbi.nlm.nih.gov/geo/query/acc.cgi?acc=GSE235757
GSE244672	true	RAG1 gene editing in human hematopoietic stem and progenitor cells	human	hg38	https://www.ncbi.nlm.nih.gov/geo/download/?format=file&type=rnaseq_counts&acc=GSE244672&file=GSE244672_raw_counts_GRCh38.p13_NCBI.tsv.gz	GSE244672_raw_counts_GRCh38.p13_NCBI.tsv.gz	https://ftp.ncbi.nlm.nih.gov/geo/series/GSE244nnn/GSE244672/miniml/GSE244672_family.xml.tgz	GSE244672_family.xml.tgz	https://www.ncbi.nlm.nih.gov/geo/download/?format=file&type=rnaseq_counts&file=Human.GRCh38.p13.annot.tsv.gz	Human.GRCh38.p13.annot.tsv.gz	accession	GeneID	GeneID	Symbol	treatment		edited day+1	unedited day+1	rag1_edited	unedited	GSE244672_HSPC_RAG1_edited_vs_unedited	https://www.ncbi.nlm.nih.gov/geo/query/acc.cgi?acc=GSE244672
GSE242667	true	Anti-LCN2 antibody treatment of HeLa xenograft tumors	human	hg38	https://www.ncbi.nlm.nih.gov/geo/download/?format=file&type=rnaseq_counts&acc=GSE242667&file=GSE242667_raw_counts_GRCh38.p13_NCBI.tsv.gz	GSE242667_raw_counts_GRCh38.p13_NCBI.tsv.gz	https://ftp.ncbi.nlm.nih.gov/geo/series/GSE242nnn/GSE242667/miniml/GSE242667_family.xml.tgz	GSE242667_family.xml.tgz	https://www.ncbi.nlm.nih.gov/geo/download/?format=file&type=rnaseq_counts&file=Human.GRCh38.p13.annot.tsv.gz	Human.GRCh38.p13.annot.tsv.gz	accession	GeneID	GeneID	Symbol	treatment		Anti-LCN2 Monoclonal Antibody	No Treatment	anti_lcn2	untreated	GSE242667_HeLa_xenograft_anti_LCN2_vs_untreated	https://www.ncbi.nlm.nih.gov/geo/query/acc.cgi?acc=GSE242667
GSE239939	false	ONC201 treatment of diffuse intrinsic pontine glioma cells	human	hg38	https://www.ncbi.nlm.nih.gov/geo/download/?format=file&type=rnaseq_counts&acc=GSE239939&file=GSE239939_raw_counts_GRCh38.p13_NCBI.tsv.gz	GSE239939_raw_counts_GRCh38.p13_NCBI.tsv.gz	https://ftp.ncbi.nlm.nih.gov/geo/series/GSE239nnn/GSE239939/miniml/GSE239939_family.xml.tgz	GSE239939_family.xml.tgz	https://www.ncbi.nlm.nih.gov/geo/download/?format=file&type=rnaseq_counts&file=Human.GRCh38.p13.annot.tsv.gz	Human.GRCh38.p13.annot.tsv.gz	accession	GeneID	GeneID	Symbol	__accession__		GSM7677880,GSM7677881,GSM7677884,GSM7677885,GSM7677888,GSM7677889	GSM7677879,GSM7677882,GSM7677883,GSM7677886,GSM7677887	onc201	untreated	GSE239939_DIPG_ONC201_vs_untreated	https://www.ncbi.nlm.nih.gov/geo/query/acc.cgi?acc=GSE239939
GSE235075	true	miR-192 overexpression in gastric cancer cells	human	hg38	https://www.ncbi.nlm.nih.gov/geo/download/?format=file&type=rnaseq_counts&acc=GSE235075&file=GSE235075_raw_counts_GRCh38.p13_NCBI.tsv.gz	GSE235075_raw_counts_GRCh38.p13_NCBI.tsv.gz	https://ftp.ncbi.nlm.nih.gov/geo/series/GSE235nnn/GSE235075/miniml/GSE235075_family.xml.tgz	GSE235075_family.xml.tgz	https://www.ncbi.nlm.nih.gov/geo/download/?format=file&type=rnaseq_counts&file=Human.GRCh38.p13.annot.tsv.gz	Human.GRCh38.p13.annot.tsv.gz	accession	GeneID	GeneID	Symbol	treatment	cell_line	OE_miR-192	NC	mir192_overexpression	control	GSE235075_gastric_cancer_miR192_overexpression_vs_control	https://www.ncbi.nlm.nih.gov/geo/query/acc.cgi?acc=GSE235075
GSE203070	true	FOXL2 and NR5A1 induction of granulosa-like cells	human	hg38	https://www.ncbi.nlm.nih.gov/geo/download/?format=file&type=rnaseq_counts&acc=GSE203070&file=GSE203070_raw_counts_GRCh38.p13_NCBI.tsv.gz	GSE203070_raw_counts_GRCh38.p13_NCBI.tsv.gz	https://ftp.ncbi.nlm.nih.gov/geo/series/GSE203nnn/GSE203070/miniml/GSE203070_family.xml.tgz	GSE203070_family.xml.tgz	https://www.ncbi.nlm.nih.gov/geo/download/?format=file&type=rnaseq_counts&file=Human.GRCh38.p13.annot.tsv.gz	Human.GRCh38.p13.annot.tsv.gz	accession	GeneID	GeneID	Symbol	__accession__		GSM6153237,GSM6153238,GSM6153239,GSM6153240	GSM6153241,GSM6153242,GSM6153243,GSM6153244	granulosa_induction	fibroblast_control	GSE203070_FOXL2_NR5A1_granulosa_induction_vs_control	https://www.ncbi.nlm.nih.gov/geo/query/acc.cgi?acc=GSE203070
GSE226653	true	All-trans retinoic acid response in monocyte-derived macrophages	human	hg38	https://www.ncbi.nlm.nih.gov/geo/download/?format=file&type=rnaseq_counts&acc=GSE226653&file=GSE226653_raw_counts_GRCh38.p13_NCBI.tsv.gz	GSE226653_raw_counts_GRCh38.p13_NCBI.tsv.gz	https://ftp.ncbi.nlm.nih.gov/geo/series/GSE226nnn/GSE226653/miniml/GSE226653_family.xml.tgz	GSE226653_family.xml.tgz	https://www.ncbi.nlm.nih.gov/geo/download/?format=file&type=rnaseq_counts&file=Human.GRCh38.p13.annot.tsv.gz	Human.GRCh38.p13.annot.tsv.gz	accession	GeneID	GeneID	Symbol	__accession__		GSM7081087,GSM7081088,GSM7081092,GSM7081094	GSM7081089,GSM7081093,GSM7081095	atra	control	GSE226653_macrophage_ATRA_vs_control	https://www.ncbi.nlm.nih.gov/geo/query/acc.cgi?acc=GSE226653
GSE232638	false	Adipose-containing versus conventional reconstructed human dermis	human	hg38	https://www.ncbi.nlm.nih.gov/geo/download/?format=file&type=rnaseq_counts&acc=GSE232638&file=GSE232638_raw_counts_GRCh38.p13_NCBI.tsv.gz	GSE232638_raw_counts_GRCh38.p13_NCBI.tsv.gz	https://ftp.ncbi.nlm.nih.gov/geo/series/GSE232nnn/GSE232638/miniml/GSE232638_family.xml.tgz	GSE232638_family.xml.tgz	https://www.ncbi.nlm.nih.gov/geo/download/?format=file&type=rnaseq_counts&file=Human.GRCh38.p13.annot.tsv.gz	Human.GRCh38.p13.annot.tsv.gz	accession	GeneID	GeneID	Symbol	__accession__		GSM7360642,GSM7360646,GSM7360648	GSM7360650,GSM7360652,GSM7360654,GSM7360656	adipose_rhs_dermis	rhs_dermis	GSE232638_adipose_RhS_dermis_vs_RhS_dermis	https://www.ncbi.nlm.nih.gov/geo/query/acc.cgi?acc=GSE232638
GSE230773	true	Scaffold versus monolayer culture of myxoid liposarcoma cells	human	hg38	https://www.ncbi.nlm.nih.gov/geo/download/?format=file&type=rnaseq_counts&acc=GSE230773&file=GSE230773_raw_counts_GRCh38.p13_NCBI.tsv.gz	GSE230773_raw_counts_GRCh38.p13_NCBI.tsv.gz	https://ftp.ncbi.nlm.nih.gov/geo/series/GSE230nnn/GSE230773/miniml/GSE230773_family.xml.tgz	GSE230773_family.xml.tgz	https://www.ncbi.nlm.nih.gov/geo/download/?format=file&type=rnaseq_counts&file=Human.GRCh38.p13.annot.tsv.gz	Human.GRCh38.p13.annot.tsv.gz	accession	GeneID	GeneID	Symbol	__accession__	cell_line	GSM7234153,GSM7234154,GSM7234155,GSM7234156,GSM7234157,GSM7234159,GSM7234160	GSM7234132,GSM7234133,GSM7234134,GSM7234135,GSM7234136,GSM7234137,GSM7234138,GSM7234139,GSM7234140	scaffold_culture	monolayer	GSE230773_liposarcoma_scaffold_vs_monolayer	https://www.ncbi.nlm.nih.gov/geo/query/acc.cgi?acc=GSE230773
GSE223426	true	Epithelial ovarian cancer versus normal ovary	human	hg38	https://www.ncbi.nlm.nih.gov/geo/download/?format=file&type=rnaseq_counts&acc=GSE223426&file=GSE223426_raw_counts_GRCh38.p13_NCBI.tsv.gz	GSE223426_raw_counts_GRCh38.p13_NCBI.tsv.gz	https://ftp.ncbi.nlm.nih.gov/geo/series/GSE223nnn/GSE223426/miniml/GSE223426_family.xml.tgz	GSE223426_family.xml.tgz	https://www.ncbi.nlm.nih.gov/geo/download/?format=file&type=rnaseq_counts&file=Human.GRCh38.p13.annot.tsv.gz	Human.GRCh38.p13.annot.tsv.gz	accession	GeneID	GeneID	Symbol	tissue		Epithelial ovarian cancer	Ovary	ovarian_cancer	normal_ovary	GSE223426_epithelial_ovarian_cancer_vs_normal_ovary	https://www.ncbi.nlm.nih.gov/geo/query/acc.cgi?acc=GSE223426
GSE222862	true	Long-lived plasma cells versus resting B cells	human	hg38	https://www.ncbi.nlm.nih.gov/geo/download/?format=file&type=rnaseq_counts&acc=GSE222862&file=GSE222862_raw_counts_GRCh38.p13_NCBI.tsv.gz	GSE222862_raw_counts_GRCh38.p13_NCBI.tsv.gz	https://ftp.ncbi.nlm.nih.gov/geo/series/GSE222nnn/GSE222862/miniml/GSE222862_family.xml.tgz	GSE222862_family.xml.tgz	https://www.ncbi.nlm.nih.gov/geo/download/?format=file&type=rnaseq_counts&file=Human.GRCh38.p13.annot.tsv.gz	Human.GRCh38.p13.annot.tsv.gz	accession	GeneID	GeneID	Symbol	__accession__		GSM6934357,GSM6934358,GSM6934359	GSM6934342,GSM6934343,GSM6934344	long_lived_plasma_cells	resting_b_cells	GSE222862_long_lived_plasma_cells_vs_resting_B_cells	https://www.ncbi.nlm.nih.gov/geo/query/acc.cgi?acc=GSE222862
GSE234446	true	R848 response in human plasmacytoid dendritic cells	human	hg38	https://www.ncbi.nlm.nih.gov/geo/download/?format=file&type=rnaseq_counts&acc=GSE234446&file=GSE234446_raw_counts_GRCh38.p13_NCBI.tsv.gz	GSE234446_raw_counts_GRCh38.p13_NCBI.tsv.gz	https://ftp.ncbi.nlm.nih.gov/geo/series/GSE234nnn/GSE234446/miniml/GSE234446_family.xml.tgz	GSE234446_family.xml.tgz	https://www.ncbi.nlm.nih.gov/geo/download/?format=file&type=rnaseq_counts&file=Human.GRCh38.p13.annot.tsv.gz	Human.GRCh38.p13.annot.tsv.gz	accession	GeneID	GeneID	Symbol	__accession__		GSM7468716,GSM7468721,GSM7468733	GSM7468713,GSM7468719,GSM7468724	r848	untreated	GSE234446_pDC_R848_vs_untreated	https://www.ncbi.nlm.nih.gov/geo/query/acc.cgi?acc=GSE234446
GSE193382	true	CCN3 knockdown in Hs578T breast cancer cells	human	hg38	https://www.ncbi.nlm.nih.gov/geo/download/?format=file&type=rnaseq_counts&acc=GSE193382&file=GSE193382_raw_counts_GRCh38.p13_NCBI.tsv.gz	GSE193382_raw_counts_GRCh38.p13_NCBI.tsv.gz	https://ftp.ncbi.nlm.nih.gov/geo/series/GSE193nnn/GSE193382/miniml/GSE193382_family.xml.tgz	GSE193382_family.xml.tgz	https://www.ncbi.nlm.nih.gov/geo/download/?format=file&type=rnaseq_counts&file=Human.GRCh38.p13.annot.tsv.gz	Human.GRCh38.p13.annot.tsv.gz	accession	GeneID	GeneID	Symbol	genotype		CCN3 KD	Control	ccn3_knockdown	control	GSE193382_Hs578T_CCN3_knockdown_vs_control	https://www.ncbi.nlm.nih.gov/geo/query/acc.cgi?acc=GSE193382
GSE193971	false	I1 treatment of Kasumi-1 acute myeloid leukemia cells	human	hg38	https://www.ncbi.nlm.nih.gov/geo/download/?format=file&type=rnaseq_counts&acc=GSE193971&file=GSE193971_raw_counts_GRCh38.p13_NCBI.tsv.gz	GSE193971_raw_counts_GRCh38.p13_NCBI.tsv.gz	https://ftp.ncbi.nlm.nih.gov/geo/series/GSE193nnn/GSE193971/miniml/GSE193971_family.xml.tgz	GSE193971_family.xml.tgz	https://www.ncbi.nlm.nih.gov/geo/download/?format=file&type=rnaseq_counts&file=Human.GRCh38.p13.annot.tsv.gz	Human.GRCh38.p13.annot.tsv.gz	accession	GeneID	GeneID	Symbol	agent		0.125 uM I1	Control	i1_treated	control	GSE193971_Kasumi1_I1_vs_control	https://www.ncbi.nlm.nih.gov/geo/query/acc.cgi?acc=GSE193971
GSE195803	true	CBL0137 treatment of A673 Ewing sarcoma cells	human	hg38	https://www.ncbi.nlm.nih.gov/geo/download/?format=file&type=rnaseq_counts&acc=GSE195803&file=GSE195803_raw_counts_GRCh38.p13_NCBI.tsv.gz	GSE195803_raw_counts_GRCh38.p13_NCBI.tsv.gz	https://ftp.ncbi.nlm.nih.gov/geo/series/GSE195nnn/GSE195803/miniml/GSE195803_family.xml.tgz	GSE195803_family.xml.tgz	https://www.ncbi.nlm.nih.gov/geo/download/?format=file&type=rnaseq_counts&file=Human.GRCh38.p13.annot.tsv.gz	Human.GRCh38.p13.annot.tsv.gz	accession	GeneID	GeneID	Symbol	__title__		A673_CBL0137 rep1,A673_CBL0137 rep2	A673_DMSO rep1,A673_DMSO rep2	cbl0137	dmso	GSE195803_A673_CBL0137_vs_DMSO	https://www.ncbi.nlm.nih.gov/geo/query/acc.cgi?acc=GSE195803
GSE195804	true	CBL0137 treatment of SKNMC Ewing sarcoma cells	human	hg38	https://www.ncbi.nlm.nih.gov/geo/download/?format=file&type=rnaseq_counts&acc=GSE195804&file=GSE195804_raw_counts_GRCh38.p13_NCBI.tsv.gz	GSE195804_raw_counts_GRCh38.p13_NCBI.tsv.gz	https://ftp.ncbi.nlm.nih.gov/geo/series/GSE195nnn/GSE195804/miniml/GSE195804_family.xml.tgz	GSE195804_family.xml.tgz	https://www.ncbi.nlm.nih.gov/geo/download/?format=file&type=rnaseq_counts&file=Human.GRCh38.p13.annot.tsv.gz	Human.GRCh38.p13.annot.tsv.gz	accession	GeneID	GeneID	Symbol	__title__		SKNMC_CBL0137 rep1,SKNMC_CBL0137 rep2	SKNMC_DMSO rep1,SKNMC_DMSO rep2	cbl0137	dmso	GSE195804_SKNMC_CBL0137_vs_DMSO	https://www.ncbi.nlm.nih.gov/geo/query/acc.cgi?acc=GSE195804
GSE196226	true	G9a inhibition during human T-cell differentiation	human	hg38	https://www.ncbi.nlm.nih.gov/geo/download/?format=file&type=rnaseq_counts&acc=GSE196226&file=GSE196226_raw_counts_GRCh38.p13_NCBI.tsv.gz	GSE196226_raw_counts_GRCh38.p13_NCBI.tsv.gz	https://ftp.ncbi.nlm.nih.gov/geo/series/GSE196nnn/GSE196226/miniml/GSE196226_family.xml.tgz	GSE196226_family.xml.tgz	https://www.ncbi.nlm.nih.gov/geo/download/?format=file&type=rnaseq_counts&file=Human.GRCh38.p13.annot.tsv.gz	Human.GRCh38.p13.annot.tsv.gz	accession	GeneID	GeneID	Symbol	treatment 3	treatment_1	UNC0642 2uM	DMSO	g9a_inhibitor	dmso	GSE196226_T_cell_G9a_inhibitor_vs_DMSO	https://www.ncbi.nlm.nih.gov/geo/query/acc.cgi?acc=GSE196226
GSE198630	true	Celastrol treatment of colorectal cancer cells	human	hg38	https://www.ncbi.nlm.nih.gov/geo/download/?format=file&type=rnaseq_counts&acc=GSE198630&file=GSE198630_raw_counts_GRCh38.p13_NCBI.tsv.gz	GSE198630_raw_counts_GRCh38.p13_NCBI.tsv.gz	https://ftp.ncbi.nlm.nih.gov/geo/series/GSE198nnn/GSE198630/miniml/GSE198630_family.xml.tgz	GSE198630_family.xml.tgz	https://www.ncbi.nlm.nih.gov/geo/download/?format=file&type=rnaseq_counts&file=Human.GRCh38.p13.annot.tsv.gz	Human.GRCh38.p13.annot.tsv.gz	accession	GeneID	GeneID	Symbol	treatment	cell_line	Celastrol 2uM,Celastrol 1uM	DMSO	celastrol	dmso	GSE198630_colorectal_cancer_celastrol_vs_DMSO	https://www.ncbi.nlm.nih.gov/geo/query/acc.cgi?acc=GSE198630
GSE201646	true	YAP knockout in EC9706 esophageal cancer cells	human	hg38	https://www.ncbi.nlm.nih.gov/geo/download/?format=file&type=rnaseq_counts&acc=GSE201646&file=GSE201646_raw_counts_GRCh38.p13_NCBI.tsv.gz	GSE201646_raw_counts_GRCh38.p13_NCBI.tsv.gz	https://ftp.ncbi.nlm.nih.gov/geo/series/GSE201nnn/GSE201646/miniml/GSE201646_family.xml.tgz	GSE201646_family.xml.tgz	https://www.ncbi.nlm.nih.gov/geo/download/?format=file&type=rnaseq_counts&file=Human.GRCh38.p13.annot.tsv.gz	Human.GRCh38.p13.annot.tsv.gz	accession	GeneID	GeneID	Symbol	genotype		YAP-/-	wild type	yap_knockout	wild_type	GSE201646_EC9706_YAP_knockout_vs_wild_type	https://www.ncbi.nlm.nih.gov/geo/query/acc.cgi?acc=GSE201646
GSE208711	true	LIMp27 knockdown in WiDr colon cancer cells	human	hg38	https://www.ncbi.nlm.nih.gov/geo/download/?format=file&type=rnaseq_counts&acc=GSE208711&file=GSE208711_raw_counts_GRCh38.p13_NCBI.tsv.gz	GSE208711_raw_counts_GRCh38.p13_NCBI.tsv.gz	https://ftp.ncbi.nlm.nih.gov/geo/series/GSE208nnn/GSE208711/miniml/GSE208711_family.xml.tgz	GSE208711_family.xml.tgz	https://www.ncbi.nlm.nih.gov/geo/download/?format=file&type=rnaseq_counts&file=Human.GRCh38.p13.annot.tsv.gz	Human.GRCh38.p13.annot.tsv.gz	accession	GeneID	GeneID	Symbol	sirna		LIMp27 siRNA1,LIMp27 siRNA2	siCtrl	limp27_knockdown	sirna_control	GSE208711_WiDr_LIMp27_knockdown_vs_control	https://www.ncbi.nlm.nih.gov/geo/query/acc.cgi?acc=GSE208711
GSE210080	true	Pectolinarigenin treatment of high-lipid Huh-7 cells	human	hg38	https://www.ncbi.nlm.nih.gov/geo/download/?format=file&type=rnaseq_counts&acc=GSE210080&file=GSE210080_raw_counts_GRCh38.p13_NCBI.tsv.gz	GSE210080_raw_counts_GRCh38.p13_NCBI.tsv.gz	https://ftp.ncbi.nlm.nih.gov/geo/series/GSE210nnn/GSE210080/miniml/GSE210080_family.xml.tgz	GSE210080_family.xml.tgz	https://www.ncbi.nlm.nih.gov/geo/download/?format=file&type=rnaseq_counts&file=Human.GRCh38.p13.annot.tsv.gz	Human.GRCh38.p13.annot.tsv.gz	accession	GeneID	GeneID	Symbol	__accession__		GSM6418435,GSM6418436,GSM6418437	GSM6418432,GSM6418433,GSM6418434	pectolinarigenin	dmso	GSE210080_Huh7_pectolinarigenin_vs_DMSO	https://www.ncbi.nlm.nih.gov/geo/query/acc.cgi?acc=GSE210080
GSE211118	true	Radiation response across human lung cell lines	human	hg38	https://www.ncbi.nlm.nih.gov/geo/download/?format=file&type=rnaseq_counts&acc=GSE211118&file=GSE211118_raw_counts_GRCh38.p13_NCBI.tsv.gz	GSE211118_raw_counts_GRCh38.p13_NCBI.tsv.gz	https://ftp.ncbi.nlm.nih.gov/geo/series/GSE211nnn/GSE211118/miniml/GSE211118_family.xml.tgz	GSE211118_family.xml.tgz	https://www.ncbi.nlm.nih.gov/geo/download/?format=file&type=rnaseq_counts&file=Human.GRCh38.p13.annot.tsv.gz	Human.GRCh38.p13.annot.tsv.gz	accession	GeneID	GeneID	Symbol	treatment	cell_line	10 Gy X-ray radiation	control	radiation	control	GSE211118_lung_cells_radiation_vs_control	https://www.ncbi.nlm.nih.gov/geo/query/acc.cgi?acc=GSE211118
GSE212201	true	MIF knockdown in PANC-1 pancreatic cancer cells	human	hg38	https://www.ncbi.nlm.nih.gov/geo/download/?format=file&type=rnaseq_counts&acc=GSE212201&file=GSE212201_raw_counts_GRCh38.p13_NCBI.tsv.gz	GSE212201_raw_counts_GRCh38.p13_NCBI.tsv.gz	https://ftp.ncbi.nlm.nih.gov/geo/series/GSE212nnn/GSE212201/miniml/GSE212201_family.xml.tgz	GSE212201_family.xml.tgz	https://www.ncbi.nlm.nih.gov/geo/download/?format=file&type=rnaseq_counts&file=Human.GRCh38.p13.annot.tsv.gz	Human.GRCh38.p13.annot.tsv.gz	accession	GeneID	GeneID	Symbol	genotype	treatment	MIF knockdown	WT	mif_knockdown	wild_type	GSE212201_PANC1_MIF_knockdown_vs_wild_type	https://www.ncbi.nlm.nih.gov/geo/query/acc.cgi?acc=GSE212201
GSE215335	true	UT-143 treatment of 22RV1 prostate cancer cells	human	hg38	https://www.ncbi.nlm.nih.gov/geo/download/?format=file&type=rnaseq_counts&acc=GSE215335&file=GSE215335_raw_counts_GRCh38.p13_NCBI.tsv.gz	GSE215335_raw_counts_GRCh38.p13_NCBI.tsv.gz	https://ftp.ncbi.nlm.nih.gov/geo/series/GSE215nnn/GSE215335/miniml/GSE215335_family.xml.tgz	GSE215335_family.xml.tgz	https://www.ncbi.nlm.nih.gov/geo/download/?format=file&type=rnaseq_counts&file=Human.GRCh38.p13.annot.tsv.gz	Human.GRCh38.p13.annot.tsv.gz	accession	GeneID	GeneID	Symbol	__accession__		GSM6632772,GSM6632773,GSM6632774	GSM6632769,GSM6632770,GSM6632771	ut143	vehicle	GSE215335_22RV1_UT143_vs_vehicle	https://www.ncbi.nlm.nih.gov/geo/query/acc.cgi?acc=GSE215335
GSE217132	true	PFKFB4 knockout in MDA-MB-231 breast cancer cells	human	hg38	https://www.ncbi.nlm.nih.gov/geo/download/?format=file&type=rnaseq_counts&acc=GSE217132&file=GSE217132_raw_counts_GRCh38.p13_NCBI.tsv.gz	GSE217132_raw_counts_GRCh38.p13_NCBI.tsv.gz	https://ftp.ncbi.nlm.nih.gov/geo/series/GSE217nnn/GSE217132/miniml/GSE217132_family.xml.tgz	GSE217132_family.xml.tgz	https://www.ncbi.nlm.nih.gov/geo/download/?format=file&type=rnaseq_counts&file=Human.GRCh38.p13.annot.tsv.gz	Human.GRCh38.p13.annot.tsv.gz	accession	GeneID	GeneID	Symbol	__accession__		GSM6705519,GSM6705520,GSM6705521	GSM6705516,GSM6705517,GSM6705518	pfkfb4_knockout	wild_type	GSE217132_MDA_MB_231_PFKFB4_knockout_vs_wild_type	https://www.ncbi.nlm.nih.gov/geo/query/acc.cgi?acc=GSE217132
GSE221871	true	Physiological versus nutritive flow in proximal tubule epithelial cells	human	hg38	https://www.ncbi.nlm.nih.gov/geo/download/?format=file&type=rnaseq_counts&acc=GSE221871&file=GSE221871_raw_counts_GRCh38.p13_NCBI.tsv.gz	GSE221871_raw_counts_GRCh38.p13_NCBI.tsv.gz	https://ftp.ncbi.nlm.nih.gov/geo/series/GSE221nnn/GSE221871/miniml/GSE221871_family.xml.tgz	GSE221871_family.xml.tgz	https://www.ncbi.nlm.nih.gov/geo/download/?format=file&type=rnaseq_counts&file=Human.GRCh38.p13.annot.tsv.gz	Human.GRCh38.p13.annot.tsv.gz	accession	GeneID	GeneID	Symbol	__accession__		GSM6901160,GSM6901161,GSM6901162,GSM6901163	GSM6901165,GSM6901166,GSM6901167	physiological_flow	nutritive_flow	GSE221871_proximal_tubule_physiological_vs_nutritive_flow	https://www.ncbi.nlm.nih.gov/geo/query/acc.cgi?acc=GSE221871
GSE143365	true	ITNK versus T-cell transcriptional state	human	hg38	https://www.ncbi.nlm.nih.gov/geo/download/?format=file&type=rnaseq_counts&acc=GSE143365&file=GSE143365_raw_counts_GRCh38.p13_NCBI.tsv.gz	GSE143365_raw_counts_GRCh38.p13_NCBI.tsv.gz	https://ftp.ncbi.nlm.nih.gov/geo/series/GSE143nnn/GSE143365/miniml/GSE143365_family.xml.tgz	GSE143365_family.xml.tgz	https://www.ncbi.nlm.nih.gov/geo/download/?format=file&type=rnaseq_counts&file=Human.GRCh38.p13.annot.tsv.gz	Human.GRCh38.p13.annot.tsv.gz	accession	GeneID	GeneID	Symbol	cell type	tissue	ITNK cells	T cells	itnk_cells	t_cells	GSE143365_ITNK_vs_T_cells	https://www.ncbi.nlm.nih.gov/geo/query/acc.cgi?acc=GSE143365
GSE143957	true	circANRIL knockdown during RAF1-induced senescence	human	hg38	https://www.ncbi.nlm.nih.gov/geo/download/?format=file&type=rnaseq_counts&acc=GSE143957&file=GSE143957_raw_counts_GRCh38.p13_NCBI.tsv.gz	GSE143957_raw_counts_GRCh38.p13_NCBI.tsv.gz	https://ftp.ncbi.nlm.nih.gov/geo/series/GSE143nnn/GSE143957/miniml/GSE143957_family.xml.tgz	GSE143957_family.xml.tgz	https://www.ncbi.nlm.nih.gov/geo/download/?format=file&type=rnaseq_counts&file=Human.GRCh38.p13.annot.tsv.gz	Human.GRCh38.p13.annot.tsv.gz	accession	GeneID	GeneID	Symbol	__accession__		GSM4277317,GSM4277319,GSM4277321,GSM4277323	GSM4277316,GSM4277318,GSM4277320,GSM4277322	circanril_knockdown	sirna_control	GSE143957_circANRIL_knockdown_vs_control	https://www.ncbi.nlm.nih.gov/geo/query/acc.cgi?acc=GSE143957
GSE145249	true	PPM1G knockout in HCT116 colorectal cancer cells	human	hg38	https://www.ncbi.nlm.nih.gov/geo/download/?format=file&type=rnaseq_counts&acc=GSE145249&file=GSE145249_raw_counts_GRCh38.p13_NCBI.tsv.gz	GSE145249_raw_counts_GRCh38.p13_NCBI.tsv.gz	https://ftp.ncbi.nlm.nih.gov/geo/series/GSE145nnn/GSE145249/miniml/GSE145249_family.xml.tgz	GSE145249_family.xml.tgz	https://www.ncbi.nlm.nih.gov/geo/download/?format=file&type=rnaseq_counts&file=Human.GRCh38.p13.annot.tsv.gz	Human.GRCh38.p13.annot.tsv.gz	accession	GeneID	GeneID	Symbol	__accession__		GSM4310181,GSM4310182,GSM4310183	GSM4310178,GSM4310179,GSM4310180	ppm1g_knockout	control	GSE145249_HCT116_PPM1G_knockout_vs_control	https://www.ncbi.nlm.nih.gov/geo/query/acc.cgi?acc=GSE145249
GSE146640	false	Angelman syndrome versus healthy iPSC-derived neurons	human	hg38	https://www.ncbi.nlm.nih.gov/geo/download/?format=file&type=rnaseq_counts&acc=GSE146640&file=GSE146640_raw_counts_GRCh38.p13_NCBI.tsv.gz	GSE146640_raw_counts_GRCh38.p13_NCBI.tsv.gz	https://ftp.ncbi.nlm.nih.gov/geo/series/GSE146nnn/GSE146640/miniml/GSE146640_family.xml.tgz	GSE146640_family.xml.tgz	https://www.ncbi.nlm.nih.gov/geo/download/?format=file&type=rnaseq_counts&file=Human.GRCh38.p13.annot.tsv.gz	Human.GRCh38.p13.annot.tsv.gz	accession	GeneID	GeneID	Symbol	disease	reprogramming_method	Angelman syndrome	healthy control	angelman_syndrome	healthy_control	GSE146640_Angelman_neurons_vs_healthy	https://www.ncbi.nlm.nih.gov/geo/query/acc.cgi?acc=GSE146640
GSE148171	true	Tuberculosis versus healthy PBMC	human	hg38	https://www.ncbi.nlm.nih.gov/geo/download/?format=file&type=rnaseq_counts&acc=GSE148171&file=GSE148171_raw_counts_GRCh38.p13_NCBI.tsv.gz	GSE148171_raw_counts_GRCh38.p13_NCBI.tsv.gz	https://ftp.ncbi.nlm.nih.gov/geo/series/GSE148nnn/GSE148171/miniml/GSE148171_family.xml.tgz	GSE148171_family.xml.tgz	https://www.ncbi.nlm.nih.gov/geo/download/?format=file&type=rnaseq_counts&file=Human.GRCh38.p13.annot.tsv.gz	Human.GRCh38.p13.annot.tsv.gz	accession	GeneID	GeneID	Symbol	disease state		tuberculosis	control	tuberculosis	healthy	GSE148171_PBMC_tuberculosis_vs_healthy	https://www.ncbi.nlm.nih.gov/geo/query/acc.cgi?acc=GSE148171
GSE149413	false	Thrombus versus adventitial fibroblasts in CTEPH	human	hg38	https://www.ncbi.nlm.nih.gov/geo/download/?format=file&type=rnaseq_counts&acc=GSE149413&file=GSE149413_raw_counts_GRCh38.p13_NCBI.tsv.gz	GSE149413_raw_counts_GRCh38.p13_NCBI.tsv.gz	https://ftp.ncbi.nlm.nih.gov/geo/series/GSE149nnn/GSE149413/miniml/GSE149413_family.xml.tgz	GSE149413_family.xml.tgz	https://www.ncbi.nlm.nih.gov/geo/download/?format=file&type=rnaseq_counts&file=Human.GRCh38.p13.annot.tsv.gz	Human.GRCh38.p13.annot.tsv.gz	accession	GeneID	GeneID	Symbol	tissue	patient	Thrombus	Adventitia	thrombus_fibroblasts	adventitial_fibroblasts	GSE149413_CTEPH_thrombus_vs_adventitial_fibroblasts	https://www.ncbi.nlm.nih.gov/geo/query/acc.cgi?acc=GSE149413
GSE150807	true	Enzalutamide-resistant versus parental LNCaP cells	human	hg38	https://www.ncbi.nlm.nih.gov/geo/download/?format=file&type=rnaseq_counts&acc=GSE150807&file=GSE150807_raw_counts_GRCh38.p13_NCBI.tsv.gz	GSE150807_raw_counts_GRCh38.p13_NCBI.tsv.gz	https://ftp.ncbi.nlm.nih.gov/geo/series/GSE150nnn/GSE150807/miniml/GSE150807_family.xml.tgz	GSE150807_family.xml.tgz	https://www.ncbi.nlm.nih.gov/geo/download/?format=file&type=rnaseq_counts&file=Human.GRCh38.p13.annot.tsv.gz	Human.GRCh38.p13.annot.tsv.gz	accession	GeneID	GeneID	Symbol	passages		15-18	0	enzalutamide_resistant	parental	GSE150807_LNCaP_enzalutamide_resistant_vs_parental	https://www.ncbi.nlm.nih.gov/geo/query/acc.cgi?acc=GSE150807
GSE151083	true	Enzalutamide-resistant versus control C42-B cells	human	hg38	https://www.ncbi.nlm.nih.gov/geo/download/?format=file&type=rnaseq_counts&acc=GSE151083&file=GSE151083_raw_counts_GRCh38.p13_NCBI.tsv.gz	GSE151083_raw_counts_GRCh38.p13_NCBI.tsv.gz	https://ftp.ncbi.nlm.nih.gov/geo/series/GSE151nnn/GSE151083/miniml/GSE151083_family.xml.tgz	GSE151083_family.xml.tgz	https://www.ncbi.nlm.nih.gov/geo/download/?format=file&type=rnaseq_counts&file=Human.GRCh38.p13.annot.tsv.gz	Human.GRCh38.p13.annot.tsv.gz	accession	GeneID	GeneID	Symbol	phenotype		enzalutamide resistant cells	control	enzalutamide_resistant	control	GSE151083_C42B_enzalutamide_resistant_vs_control	https://www.ncbi.nlm.nih.gov/geo/query/acc.cgi?acc=GSE151083
GSE151280	false	Relaxin-2 response in OVCAR8 ovarian cancer cells	human	hg38	https://www.ncbi.nlm.nih.gov/geo/download/?format=file&type=rnaseq_counts&acc=GSE151280&file=GSE151280_raw_counts_GRCh38.p13_NCBI.tsv.gz	GSE151280_raw_counts_GRCh38.p13_NCBI.tsv.gz	https://ftp.ncbi.nlm.nih.gov/geo/series/GSE151nnn/GSE151280/miniml/GSE151280_family.xml.tgz	GSE151280_family.xml.tgz	https://www.ncbi.nlm.nih.gov/geo/download/?format=file&type=rnaseq_counts&file=Human.GRCh38.p13.annot.tsv.gz	Human.GRCh38.p13.annot.tsv.gz	accession	GeneID	GeneID	Symbol	treatment		RLN2 (Phoenix Pharmaceuticals 035-62). 50ng/mL. 8h	Untreated control	rln2	untreated	GSE151280_OVCAR8_RLN2_vs_untreated	https://www.ncbi.nlm.nih.gov/geo/query/acc.cgi?acc=GSE151280
GSE155530	false	BACE2 knockdown in conjunctival melanoma cells	human	hg38	https://www.ncbi.nlm.nih.gov/geo/download/?format=file&type=rnaseq_counts&acc=GSE155530&file=GSE155530_raw_counts_GRCh38.p13_NCBI.tsv.gz	GSE155530_raw_counts_GRCh38.p13_NCBI.tsv.gz	https://ftp.ncbi.nlm.nih.gov/geo/series/GSE155nnn/GSE155530/miniml/GSE155530_family.xml.tgz	GSE155530_family.xml.tgz	https://www.ncbi.nlm.nih.gov/geo/download/?format=file&type=rnaseq_counts&file=Human.GRCh38.p13.annot.tsv.gz	Human.GRCh38.p13.annot.tsv.gz	accession	GeneID	GeneID	Symbol	knockdown		BACE2	control	bace2_knockdown	control	GSE155530_conjunctival_melanoma_BACE2_knockdown_vs_control	https://www.ncbi.nlm.nih.gov/geo/query/acc.cgi?acc=GSE155530
GSE159618	false	miR-424 perturbation in rheumatoid arthritis synovial fibroblasts	human	hg38	https://www.ncbi.nlm.nih.gov/geo/download/?format=file&type=rnaseq_counts&acc=GSE159618&file=GSE159618_raw_counts_GRCh38.p13_NCBI.tsv.gz	GSE159618_raw_counts_GRCh38.p13_NCBI.tsv.gz	https://ftp.ncbi.nlm.nih.gov/geo/series/GSE159nnn/GSE159618/miniml/GSE159618_family.xml.tgz	GSE159618_family.xml.tgz	https://www.ncbi.nlm.nih.gov/geo/download/?format=file&type=rnaseq_counts&file=Human.GRCh38.p13.annot.tsv.gz	Human.GRCh38.p13.annot.tsv.gz	accession	GeneID	GeneID	Symbol	__accession__		GSM4835906,GSM4835907,GSM4835908,GSM4835909	GSM4835902,GSM4835903,GSM4835904,GSM4835905	mir424_perturbation	control	GSE159618_RA_fibroblast_miR424_perturbation_vs_control	https://www.ncbi.nlm.nih.gov/geo/query/acc.cgi?acc=GSE159618
GSE159531	true	Enzalutamide-resistant versus parental VCaP prostate cancer cells	human	hg38	https://www.ncbi.nlm.nih.gov/geo/download/?format=file&type=rnaseq_counts&acc=GSE159531&file=GSE159531_raw_counts_GRCh38.p13_NCBI.tsv.gz	GSE159531_raw_counts_GRCh38.p13_NCBI.tsv.gz	https://ftp.ncbi.nlm.nih.gov/geo/series/GSE159nnn/GSE159531/miniml/GSE159531_family.xml.tgz	GSE159531_family.xml.tgz	https://www.ncbi.nlm.nih.gov/geo/download/?format=file&type=rnaseq_counts&file=Human.GRCh38.p13.annot.tsv.gz	Human.GRCh38.p13.annot.tsv.gz	accession	GeneID	GeneID	Symbol	__accession__		GSM4832029,GSM4832030	GSM4832027,GSM4832028	enzalutamide_resistant	parental	GSE159531_VCaP_enzalutamide_resistant_vs_parental	https://www.ncbi.nlm.nih.gov/geo/query/acc.cgi?acc=GSE159531
GSE160336	true	dCBP-1 treatment of MM.1S multiple myeloma cells	human	hg38	https://www.ncbi.nlm.nih.gov/geo/download/?format=file&type=rnaseq_counts&acc=GSE160336&file=GSE160336_raw_counts_GRCh38.p13_NCBI.tsv.gz	GSE160336_raw_counts_GRCh38.p13_NCBI.tsv.gz	https://ftp.ncbi.nlm.nih.gov/geo/series/GSE160nnn/GSE160336/miniml/GSE160336_family.xml.tgz	GSE160336_family.xml.tgz	https://www.ncbi.nlm.nih.gov/geo/download/?format=file&type=rnaseq_counts&file=Human.GRCh38.p13.annot.tsv.gz	Human.GRCh38.p13.annot.tsv.gz	accession	GeneID	GeneID	Symbol	treatment		dCBP-1	DMSO (control)	dcbp1	dmso	GSE160336_MM1S_dCBP1_vs_DMSO	https://www.ncbi.nlm.nih.gov/geo/query/acc.cgi?acc=GSE160336
GSE160990	true	Alisertib effect during TGF-beta response in MDA-MB-231 cells	human	hg38	https://www.ncbi.nlm.nih.gov/geo/download/?format=file&type=rnaseq_counts&acc=GSE160990&file=GSE160990_raw_counts_GRCh38.p13_NCBI.tsv.gz	GSE160990_raw_counts_GRCh38.p13_NCBI.tsv.gz	https://ftp.ncbi.nlm.nih.gov/geo/series/GSE160nnn/GSE160990/miniml/GSE160990_family.xml.tgz	GSE160990_family.xml.tgz	https://www.ncbi.nlm.nih.gov/geo/download/?format=file&type=rnaseq_counts&file=Human.GRCh38.p13.annot.tsv.gz	Human.GRCh38.p13.annot.tsv.gz	accession	GeneID	GeneID	Symbol	treatment		TGFB+Alisertib for 48 hrs	TGFβ for 48 hrs	tgfb_alisertib	tgfb	GSE160990_MDA_MB_231_TGFB_alisertib_vs_TGFB	https://www.ncbi.nlm.nih.gov/geo/query/acc.cgi?acc=GSE160990
GSE161631	false	Active YAP rescue in TAZ-knockout gastric cancer cells	human	hg38	https://www.ncbi.nlm.nih.gov/geo/download/?format=file&type=rnaseq_counts&acc=GSE161631&file=GSE161631_raw_counts_GRCh38.p13_NCBI.tsv.gz	GSE161631_raw_counts_GRCh38.p13_NCBI.tsv.gz	https://ftp.ncbi.nlm.nih.gov/geo/series/GSE161nnn/GSE161631/miniml/GSE161631_family.xml.tgz	GSE161631_family.xml.tgz	https://www.ncbi.nlm.nih.gov/geo/download/?format=file&type=rnaseq_counts&file=Human.GRCh38.p13.annot.tsv.gz	Human.GRCh38.p13.annot.tsv.gz	accession	GeneID	GeneID	Symbol	__accession__		GSM4911566,GSM4911567	GSM4911564,GSM4911565	active_yap	empty_vector	GSE161631_TAZKO_active_YAP_vs_empty_vector	https://www.ncbi.nlm.nih.gov/geo/query/acc.cgi?acc=GSE161631
GSE164058	false	Fructose versus glucose response in human monocytes	human	hg38	https://www.ncbi.nlm.nih.gov/geo/download/?format=file&type=rnaseq_counts&acc=GSE164058&file=GSE164058_raw_counts_GRCh38.p13_NCBI.tsv.gz	GSE164058_raw_counts_GRCh38.p13_NCBI.tsv.gz	https://ftp.ncbi.nlm.nih.gov/geo/series/GSE164nnn/GSE164058/miniml/GSE164058_family.xml.tgz	GSE164058_family.xml.tgz	https://www.ncbi.nlm.nih.gov/geo/download/?format=file&type=rnaseq_counts&file=Human.GRCh38.p13.annot.tsv.gz	Human.GRCh38.p13.annot.tsv.gz	accession	GeneID	GeneID	Symbol	__title__		Fructose 1,Fructose 2,Fructose 3	Glucose 1,Glucose 2,Glucose 3	fructose	glucose	GSE164058_monocyte_fructose_vs_glucose	https://www.ncbi.nlm.nih.gov/geo/query/acc.cgi?acc=GSE164058
GSE195696	true	TET2 knockdown during endothelial-to-mesenchymal transition	human	hg38	https://www.ncbi.nlm.nih.gov/geo/download/?format=file&type=rnaseq_counts&acc=GSE195696&file=GSE195696_raw_counts_GRCh38.p13_NCBI.tsv.gz	GSE195696_raw_counts_GRCh38.p13_NCBI.tsv.gz	https://ftp.ncbi.nlm.nih.gov/geo/series/GSE195nnn/GSE195696/miniml/GSE195696_family.xml.tgz	GSE195696_family.xml.tgz	https://www.ncbi.nlm.nih.gov/geo/download/?format=file&type=rnaseq_counts&file=Human.GRCh38.p13.annot.tsv.gz	Human.GRCh38.p13.annot.tsv.gz	accession	GeneID	GeneID	Symbol	__accession__		GSM5848511,GSM5848512,GSM5848513	GSM5848508,GSM5848509,GSM5848510	tet2_knockdown	sirna_control	GSE195696_HUVEC_TET2_knockdown_vs_control	https://www.ncbi.nlm.nih.gov/geo/query/acc.cgi?acc=GSE195696
GSE200462	true	Long-term nonprogressor versus regular-progressor HIV PBMC	human	hg38	https://www.ncbi.nlm.nih.gov/geo/download/?format=file&type=rnaseq_counts&acc=GSE200462&file=GSE200462_raw_counts_GRCh38.p13_NCBI.tsv.gz	GSE200462_raw_counts_GRCh38.p13_NCBI.tsv.gz	https://ftp.ncbi.nlm.nih.gov/geo/series/GSE200nnn/GSE200462/miniml/GSE200462_family.xml.tgz	GSE200462_family.xml.tgz	https://www.ncbi.nlm.nih.gov/geo/download/?format=file&type=rnaseq_counts&file=Human.GRCh38.p13.annot.tsv.gz	Human.GRCh38.p13.annot.tsv.gz	accession	GeneID	GeneID	Symbol	patient class		LTNP	Regular	long_term_nonprogressor	regular_progressor	GSE200462_HIV_LTN_progressor_vs_regular	https://www.ncbi.nlm.nih.gov/geo/query/acc.cgi?acc=GSE200462
GSE201174	true	CAR versus wild-type macrophages during neuroblastoma co-culture	human	hg38	https://www.ncbi.nlm.nih.gov/geo/download/?format=file&type=rnaseq_counts&acc=GSE201174&file=GSE201174_raw_counts_GRCh38.p13_NCBI.tsv.gz	GSE201174_raw_counts_GRCh38.p13_NCBI.tsv.gz	https://ftp.ncbi.nlm.nih.gov/geo/series/GSE201nnn/GSE201174/miniml/GSE201174_family.xml.tgz	GSE201174_family.xml.tgz	https://www.ncbi.nlm.nih.gov/geo/download/?format=file&type=rnaseq_counts&file=Human.GRCh38.p13.annot.tsv.gz	Human.GRCh38.p13.annot.tsv.gz	accession	GeneID	GeneID	Symbol	__accession__		GSM6052092,GSM6052093,GSM6052094	GSM6052098,GSM6052099	car_macrophages	wild_type_macrophages	GSE201174_CAR_macrophage_vs_wild_type_coculture	https://www.ncbi.nlm.nih.gov/geo/query/acc.cgi?acc=GSE201174
GSE202724	true	Decellularized spinal-cord matrix versus collagen astrocyte culture	human	hg38	https://www.ncbi.nlm.nih.gov/geo/download/?format=file&type=rnaseq_counts&acc=GSE202724&file=GSE202724_raw_counts_GRCh38.p13_NCBI.tsv.gz	GSE202724_raw_counts_GRCh38.p13_NCBI.tsv.gz	https://ftp.ncbi.nlm.nih.gov/geo/series/GSE202nnn/GSE202724/miniml/GSE202724_family.xml.tgz	GSE202724_family.xml.tgz	https://www.ncbi.nlm.nih.gov/geo/download/?format=file&type=rnaseq_counts&file=Human.GRCh38.p13.annot.tsv.gz	Human.GRCh38.p13.annot.tsv.gz	accession	GeneID	GeneID	Symbol	growth protocol	treatment	cultured on DSCM	cultured on COLI	dscm	collagen	GSE202724_astrocyte_DSCM_vs_collagen	https://www.ncbi.nlm.nih.gov/geo/query/acc.cgi?acc=GSE202724
GSE206374	true	BHLHE40 overexpression in stimulated Jurkat cells	human	hg38	https://www.ncbi.nlm.nih.gov/geo/download/?format=file&type=rnaseq_counts&acc=GSE206374&file=GSE206374_raw_counts_GRCh38.p13_NCBI.tsv.gz	GSE206374_raw_counts_GRCh38.p13_NCBI.tsv.gz	https://ftp.ncbi.nlm.nih.gov/geo/series/GSE206nnn/GSE206374/miniml/GSE206374_family.xml.tgz	GSE206374_family.xml.tgz	https://www.ncbi.nlm.nih.gov/geo/download/?format=file&type=rnaseq_counts&file=Human.GRCh38.p13.annot.tsv.gz	Human.GRCh38.p13.annot.tsv.gz	accession	GeneID	GeneID	Symbol	genotype		BHLHE40-OE	WT	bhlhe40_overexpression	vector_control	GSE206374_Jurkat_BHLHE40_overexpression_vs_control	https://www.ncbi.nlm.nih.gov/geo/query/acc.cgi?acc=GSE206374
GSE210336	true	Bifidobacterium longum response in neonatal and adult T cells	human	hg38	https://www.ncbi.nlm.nih.gov/geo/download/?format=file&type=rnaseq_counts&acc=GSE210336&file=GSE210336_raw_counts_GRCh38.p13_NCBI.tsv.gz	GSE210336_raw_counts_GRCh38.p13_NCBI.tsv.gz	https://ftp.ncbi.nlm.nih.gov/geo/series/GSE210nnn/GSE210336/miniml/GSE210336_family.xml.tgz	GSE210336_family.xml.tgz	https://www.ncbi.nlm.nih.gov/geo/download/?format=file&type=rnaseq_counts&file=Human.GRCh38.p13.annot.tsv.gz	Human.GRCh38.p13.annot.tsv.gz	accession	GeneID	GeneID	Symbol	treatment	tissue	B. longum	PBS	b_longum	pbs	GSE210336_T_cell_B_longum_vs_PBS	https://www.ncbi.nlm.nih.gov/geo/query/acc.cgi?acc=GSE210336
GSE212248	true	Biallelic RB1 mutation versus wild type in iPSC-derived microglia	human	hg38	https://www.ncbi.nlm.nih.gov/geo/download/?format=file&type=rnaseq_counts&acc=GSE212248&file=GSE212248_raw_counts_GRCh38.p13_NCBI.tsv.gz	GSE212248_raw_counts_GRCh38.p13_NCBI.tsv.gz	https://ftp.ncbi.nlm.nih.gov/geo/series/GSE212nnn/GSE212248/miniml/GSE212248_family.xml.tgz	GSE212248_family.xml.tgz	https://www.ncbi.nlm.nih.gov/geo/download/?format=file&type=rnaseq_counts&file=Human.GRCh38.p13.annot.tsv.gz	Human.GRCh38.p13.annot.tsv.gz	accession	GeneID	GeneID	Symbol	genotype	treatment	RB1 homozygous mutation	WT	rb1_biallelic	wild_type	GSE212248_microglia_RB1_biallelic_vs_wild_type	https://www.ncbi.nlm.nih.gov/geo/query/acc.cgi?acc=GSE212248
GSE216125	false	ROHHAD versus neurotypical iPSC-derived neurons	human	hg38	https://www.ncbi.nlm.nih.gov/geo/download/?format=file&type=rnaseq_counts&acc=GSE216125&file=GSE216125_raw_counts_GRCh38.p13_NCBI.tsv.gz	GSE216125_raw_counts_GRCh38.p13_NCBI.tsv.gz	https://ftp.ncbi.nlm.nih.gov/geo/series/GSE216nnn/GSE216125/miniml/GSE216125_family.xml.tgz	GSE216125_family.xml.tgz	https://www.ncbi.nlm.nih.gov/geo/download/?format=file&type=rnaseq_counts&file=Human.GRCh38.p13.annot.tsv.gz	Human.GRCh38.p13.annot.tsv.gz	accession	GeneID	GeneID	Symbol	__accession__		GSM6659011,GSM6659012,GSM6659013	GSM6659008,GSM6659009,GSM6659010	rohhad	neurotypical_control	GSE216125_ROHHAD_neurons_vs_control	https://www.ncbi.nlm.nih.gov/geo/query/acc.cgi?acc=GSE216125
GSE221945	false	TBX5 G145R Brugada syndrome versus population-control cardiomyocytes	human	hg38	https://www.ncbi.nlm.nih.gov/geo/download/?format=file&type=rnaseq_counts&acc=GSE221945&file=GSE221945_raw_counts_GRCh38.p13_NCBI.tsv.gz	GSE221945_raw_counts_GRCh38.p13_NCBI.tsv.gz	https://ftp.ncbi.nlm.nih.gov/geo/series/GSE221nnn/GSE221945/miniml/GSE221945_family.xml.tgz	GSE221945_family.xml.tgz	https://www.ncbi.nlm.nih.gov/geo/download/?format=file&type=rnaseq_counts&file=Human.GRCh38.p13.annot.tsv.gz	Human.GRCh38.p13.annot.tsv.gz	accession	GeneID	GeneID	Symbol	__accession__		GSM6910336,GSM6910337,GSM6910338,GSM6910339	GSM6910332,GSM6910333,GSM6910334,GSM6910335	tbx5_g145r	population_control	GSE221945_cardiomyocyte_TBX5_G145R_vs_control	https://www.ncbi.nlm.nih.gov/geo/query/acc.cgi?acc=GSE221945
GSE142221	true	FOXA1 knockdown in LNCaP prostate cancer cells	human	hg38	https://www.ncbi.nlm.nih.gov/geo/download/?format=file&type=rnaseq_counts&acc=GSE142221&file=GSE142221_raw_counts_GRCh38.p13_NCBI.tsv.gz	GSE142221_raw_counts_GRCh38.p13_NCBI.tsv.gz	https://ftp.ncbi.nlm.nih.gov/geo/series/GSE142nnn/GSE142221/miniml/GSE142221_family.xml.tgz	GSE142221_family.xml.tgz	https://www.ncbi.nlm.nih.gov/geo/download/?format=file&type=rnaseq_counts&file=Human.GRCh38.p13.annot.tsv.gz	Human.GRCh38.p13.annot.tsv.gz	accession	GeneID	GeneID	Symbol	__accession__		GSM4824122,GSM4824123,GSM4824124	GSM4824119,GSM4824120,GSM4824121	foxa1_knockdown	sirna_control	GSE142221_LNCaP_FOXA1_knockdown_vs_control	https://www.ncbi.nlm.nih.gov/geo/query/acc.cgi?acc=GSE142221
GSE142394	true	Co-culture response in H9 human embryonic stem cells	human	hg38	https://www.ncbi.nlm.nih.gov/geo/download/?format=file&type=rnaseq_counts&acc=GSE142394&file=GSE142394_raw_counts_GRCh38.p13_NCBI.tsv.gz	GSE142394_raw_counts_GRCh38.p13_NCBI.tsv.gz	https://ftp.ncbi.nlm.nih.gov/geo/series/GSE142nnn/GSE142394/miniml/GSE142394_family.xml.tgz	GSE142394_family.xml.tgz	https://www.ncbi.nlm.nih.gov/geo/download/?format=file&type=rnaseq_counts&file=Human.GRCh38.p13.annot.tsv.gz	Human.GRCh38.p13.annot.tsv.gz	accession	GeneID	GeneID	Symbol	__accession__		GSM4226891,GSM4226892	GSM4226893,GSM4226894	co_culture	control	GSE142394_H9_co_culture_vs_control	https://www.ncbi.nlm.nih.gov/geo/query/acc.cgi?acc=GSE142394
GSE146017	true	Budesonide response in control airway smooth muscle cells	human	hg38	https://www.ncbi.nlm.nih.gov/geo/download/?format=file&type=rnaseq_counts&acc=GSE146017&file=GSE146017_raw_counts_GRCh38.p13_NCBI.tsv.gz	GSE146017_raw_counts_GRCh38.p13_NCBI.tsv.gz	https://ftp.ncbi.nlm.nih.gov/geo/series/GSE146nnn/GSE146017/miniml/GSE146017_family.xml.tgz	GSE146017_family.xml.tgz	https://www.ncbi.nlm.nih.gov/geo/download/?format=file&type=rnaseq_counts&file=Human.GRCh38.p13.annot.tsv.gz	Human.GRCh38.p13.annot.tsv.gz	accession	GeneID	GeneID	Symbol	treatment	donor	siCTRL-Bud	siCTRL-control	budesonide	control	GSE146017_airway_smooth_muscle_budesonide_vs_control	https://www.ncbi.nlm.nih.gov/geo/query/acc.cgi?acc=GSE146017
GSE151243	true	Hidradenitis suppurativa lesion versus perilesion skin	human	hg38	https://www.ncbi.nlm.nih.gov/geo/download/?format=file&type=rnaseq_counts&acc=GSE151243&file=GSE151243_raw_counts_GRCh38.p13_NCBI.tsv.gz	GSE151243_raw_counts_GRCh38.p13_NCBI.tsv.gz	https://ftp.ncbi.nlm.nih.gov/geo/series/GSE151nnn/GSE151243/miniml/GSE151243_family.xml.tgz	GSE151243_family.xml.tgz	https://www.ncbi.nlm.nih.gov/geo/download/?format=file&type=rnaseq_counts&file=Human.GRCh38.p13.annot.tsv.gz	Human.GRCh38.p13.annot.tsv.gz	accession	GeneID	GeneID	Symbol	tissue_type	patient_id	Lesion	Perilesion	lesion	perilesion	GSE151243_hidradenitis_lesion_vs_perilesion	https://www.ncbi.nlm.nih.gov/geo/query/acc.cgi?acc=GSE151243
GSE152705	true	Combined Gaq and MEK inhibition versus vehicle in uveal melanoma cells	human	hg38	https://www.ncbi.nlm.nih.gov/geo/download/?format=file&type=rnaseq_counts&acc=GSE152705&file=GSE152705_raw_counts_GRCh38.p13_NCBI.tsv.gz	GSE152705_raw_counts_GRCh38.p13_NCBI.tsv.gz	https://ftp.ncbi.nlm.nih.gov/geo/series/GSE152nnn/GSE152705/miniml/GSE152705_family.xml.tgz	GSE152705_family.xml.tgz	https://www.ncbi.nlm.nih.gov/geo/download/?format=file&type=rnaseq_counts&file=Human.GRCh38.p13.annot.tsv.gz	Human.GRCh38.p13.annot.tsv.gz	accession	GeneID	GeneID	Symbol	__accession__		GSM4624189,GSM4624190,GSM4624197,GSM4624198	GSM4624183,GSM4624184,GSM4624191,GSM4624192	combined_inhibition	vehicle	GSE152705_uveal_melanoma_combined_inhibition_vs_vehicle	https://www.ncbi.nlm.nih.gov/geo/query/acc.cgi?acc=GSE152705
GSE153264	true	AML1-ETO degradation in CD34-positive cord-blood cells	human	hg38	https://www.ncbi.nlm.nih.gov/geo/download/?format=file&type=rnaseq_counts&acc=GSE153264&file=GSE153264_raw_counts_GRCh38.p13_NCBI.tsv.gz	GSE153264_raw_counts_GRCh38.p13_NCBI.tsv.gz	https://ftp.ncbi.nlm.nih.gov/geo/series/GSE153nnn/GSE153264/miniml/GSE153264_family.xml.tgz	GSE153264_family.xml.tgz	https://www.ncbi.nlm.nih.gov/geo/download/?format=file&type=rnaseq_counts&file=Human.GRCh38.p13.annot.tsv.gz	Human.GRCh38.p13.annot.tsv.gz	accession	GeneID	GeneID	Symbol	__accession__		GSM4637199,GSM4637200	GSM4637197,GSM4637198	dtag47	dmso	GSE153264_CD34_AML1_ETO_degradation_vs_DMSO	https://www.ncbi.nlm.nih.gov/geo/query/acc.cgi?acc=GSE153264
GSE155832	true	TGF-beta response in lung epithelial cells and fibroblasts	human	hg38	https://www.ncbi.nlm.nih.gov/geo/download/?format=file&type=rnaseq_counts&acc=GSE155832&file=GSE155832_raw_counts_GRCh38.p13_NCBI.tsv.gz	GSE155832_raw_counts_GRCh38.p13_NCBI.tsv.gz	https://ftp.ncbi.nlm.nih.gov/geo/series/GSE155nnn/GSE155832/miniml/GSE155832_family.xml.tgz	GSE155832_family.xml.tgz	https://www.ncbi.nlm.nih.gov/geo/download/?format=file&type=rnaseq_counts&file=Human.GRCh38.p13.annot.tsv.gz	Human.GRCh38.p13.annot.tsv.gz	accession	GeneID	GeneID	Symbol	__accession__	cell_type	GSM4712715,GSM4712716,GSM4712717,GSM4712718,GSM4712727,GSM4712728,GSM4712729,GSM4712730,GSM4712735,GSM4712736,GSM4712737,GSM4712738,GSM4712743,GSM4712744,GSM4712745,GSM4712746	GSM4712711,GSM4712712,GSM4712713,GSM4712714,GSM4712723,GSM4712724,GSM4712725,GSM4712726,GSM4712731,GSM4712732,GSM4712733,GSM4712734,GSM4712739,GSM4712740,GSM4712741,GSM4712742	tgfb1	control_72h	GSE155832_lung_cells_TGFB1_vs_control	https://www.ncbi.nlm.nih.gov/geo/query/acc.cgi?acc=GSE155832
GSE160761	true	Valproate response in bipolar-disorder iPSC-derived neurons	human	hg38	https://www.ncbi.nlm.nih.gov/geo/download/?format=file&type=rnaseq_counts&acc=GSE160761&file=GSE160761_raw_counts_GRCh38.p13_NCBI.tsv.gz	GSE160761_raw_counts_GRCh38.p13_NCBI.tsv.gz	https://ftp.ncbi.nlm.nih.gov/geo/series/GSE160nnn/GSE160761/miniml/GSE160761_family.xml.tgz	GSE160761_family.xml.tgz	https://www.ncbi.nlm.nih.gov/geo/download/?format=file&type=rnaseq_counts&file=Human.GRCh38.p13.annot.tsv.gz	Human.GRCh38.p13.annot.tsv.gz	accession	GeneID	GeneID	Symbol	treatment	subject_id,clone	VPA	H2O	valproate	vehicle	GSE160761_bipolar_neurons_valproate_vs_vehicle	https://www.ncbi.nlm.nih.gov/geo/query/acc.cgi?acc=GSE160761
GSE160917	true	DROSHA knockout in human 293T cells	human	hg38	https://www.ncbi.nlm.nih.gov/geo/download/?format=file&type=rnaseq_counts&acc=GSE160917&file=GSE160917_raw_counts_GRCh38.p13_NCBI.tsv.gz	GSE160917_raw_counts_GRCh38.p13_NCBI.tsv.gz	https://ftp.ncbi.nlm.nih.gov/geo/series/GSE160nnn/GSE160917/miniml/GSE160917_family.xml.tgz	GSE160917_family.xml.tgz	https://www.ncbi.nlm.nih.gov/geo/download/?format=file&type=rnaseq_counts&file=Human.GRCh38.p13.annot.tsv.gz	Human.GRCh38.p13.annot.tsv.gz	accession	GeneID	GeneID	Symbol	__accession__		GSM4886546,GSM4886547	GSM4886544,GSM4886545	drosha_knockout	control	GSE160917_293T_DROSHA_knockout_vs_control	https://www.ncbi.nlm.nih.gov/geo/query/acc.cgi?acc=GSE160917
GSE163597	true	Gefitinib-resistant versus sensitive patient serum exosomes	human	hg38	https://www.ncbi.nlm.nih.gov/geo/download/?format=file&type=rnaseq_counts&acc=GSE163597&file=GSE163597_raw_counts_GRCh38.p13_NCBI.tsv.gz	GSE163597_raw_counts_GRCh38.p13_NCBI.tsv.gz	https://ftp.ncbi.nlm.nih.gov/geo/series/GSE163nnn/GSE163597/miniml/GSE163597_family.xml.tgz	GSE163597_family.xml.tgz	https://www.ncbi.nlm.nih.gov/geo/download/?format=file&type=rnaseq_counts&file=Human.GRCh38.p13.annot.tsv.gz	Human.GRCh38.p13.annot.tsv.gz	accession	GeneID	GeneID	Symbol	sample type		Peripheral blood from patients resistance to gefitinib.	Peripheral blood from patients sensitive to gefitinib.	gefitinib_resistant	gefitinib_sensitive	GSE163597_serum_exosome_gefitinib_resistant_vs_sensitive	https://www.ncbi.nlm.nih.gov/geo/query/acc.cgi?acc=GSE163597
GSE164073	true	SARS-CoV-2 infection response in human ocular tissues	human	hg38	https://www.ncbi.nlm.nih.gov/geo/download/?format=file&type=rnaseq_counts&acc=GSE164073&file=GSE164073_raw_counts_GRCh38.p13_NCBI.tsv.gz	GSE164073_raw_counts_GRCh38.p13_NCBI.tsv.gz	https://ftp.ncbi.nlm.nih.gov/geo/series/GSE164nnn/GSE164073/miniml/GSE164073_family.xml.tgz	GSE164073_family.xml.tgz	https://www.ncbi.nlm.nih.gov/geo/download/?format=file&type=rnaseq_counts&file=Human.GRCh38.p13.annot.tsv.gz	Human.GRCh38.p13.annot.tsv.gz	accession	GeneID	GeneID	Symbol	infection	tissue	SARS-CoV-2, MOI = 1.0	mock	sars_cov_2	mock	GSE164073_ocular_tissue_SARS_CoV2_vs_mock	https://www.ncbi.nlm.nih.gov/geo/query/acc.cgi?acc=GSE164073
GSE196469	true	Cardiac progenitor-cell extracellular-vesicle response in THP-1 monocytes	human	hg38	https://www.ncbi.nlm.nih.gov/geo/download/?format=file&type=rnaseq_counts&acc=GSE196469&file=GSE196469_raw_counts_GRCh38.p13_NCBI.tsv.gz	GSE196469_raw_counts_GRCh38.p13_NCBI.tsv.gz	https://ftp.ncbi.nlm.nih.gov/geo/series/GSE196nnn/GSE196469/miniml/GSE196469_family.xml.tgz	GSE196469_family.xml.tgz	https://www.ncbi.nlm.nih.gov/geo/download/?format=file&type=rnaseq_counts&file=Human.GRCh38.p13.annot.tsv.gz	Human.GRCh38.p13.annot.tsv.gz	accession	GeneID	GeneID	Symbol	__accession__		GSM5884725,GSM5884726,GSM5884727	GSM5884722,GSM5884723,GSM5884724	cpc_sev	untreated	GSE196469_THP1_CPC_sEV_vs_untreated	https://www.ncbi.nlm.nih.gov/geo/query/acc.cgi?acc=GSE196469
GSE197505	true	Alzheimer disease versus normal brain extracellular vesicles	human	hg38	https://www.ncbi.nlm.nih.gov/geo/download/?format=file&type=rnaseq_counts&acc=GSE197505&file=GSE197505_raw_counts_GRCh38.p13_NCBI.tsv.gz	GSE197505_raw_counts_GRCh38.p13_NCBI.tsv.gz	https://ftp.ncbi.nlm.nih.gov/geo/series/GSE197nnn/GSE197505/miniml/GSE197505_family.xml.tgz	GSE197505_family.xml.tgz	https://www.ncbi.nlm.nih.gov/geo/download/?format=file&type=rnaseq_counts&file=Human.GRCh38.p13.annot.tsv.gz	Human.GRCh38.p13.annot.tsv.gz	accession	GeneID	GeneID	Symbol	__accession__		GSM5918752,GSM5918753,GSM5918754,GSM5918755,GSM5918756,GSM5918757,GSM5918758,GSM5918759	GSM5918742,GSM5918743,GSM5918744,GSM5918745,GSM5918747,GSM5918748,GSM5918749,GSM5918750,GSM5918751	alzheimer_disease	normal	GSE197505_brain_EV_Alzheimer_vs_normal	https://www.ncbi.nlm.nih.gov/geo/query/acc.cgi?acc=GSE197505
GSE202345	true	Cardiac progenitor cells versus matched extracellular vesicles	human	hg38	https://www.ncbi.nlm.nih.gov/geo/download/?format=file&type=rnaseq_counts&acc=GSE202345&file=GSE202345_raw_counts_GRCh38.p13_NCBI.tsv.gz	GSE202345_raw_counts_GRCh38.p13_NCBI.tsv.gz	https://ftp.ncbi.nlm.nih.gov/geo/series/GSE202nnn/GSE202345/miniml/GSE202345_family.xml.tgz	GSE202345_family.xml.tgz	https://www.ncbi.nlm.nih.gov/geo/download/?format=file&type=rnaseq_counts&file=Human.GRCh38.p13.annot.tsv.gz	Human.GRCh38.p13.annot.tsv.gz	accession	GeneID	GeneID	Symbol	__accession__	patient_id	GSM6111649,GSM6111657,GSM6111662,GSM6111664,GSM6111665,GSM6111667,GSM6111669	GSM6111679,GSM6111686,GSM6111691,GSM6111693,GSM6111694,GSM6111695,GSM6111697	cardiac_progenitor_cells	extracellular_vesicles	GSE202345_cardiac_progenitor_cells_vs_EV	https://www.ncbi.nlm.nih.gov/geo/query/acc.cgi?acc=GSE202345
GSE210070	true	Caspase-10 knockout versus control in PMA-treated U937 cells	human	hg38	https://www.ncbi.nlm.nih.gov/geo/download/?format=file&type=rnaseq_counts&acc=GSE210070&file=GSE210070_raw_counts_GRCh38.p13_NCBI.tsv.gz	GSE210070_raw_counts_GRCh38.p13_NCBI.tsv.gz	https://ftp.ncbi.nlm.nih.gov/geo/series/GSE210nnn/GSE210070/miniml/GSE210070_family.xml.tgz	GSE210070_family.xml.tgz	https://www.ncbi.nlm.nih.gov/geo/download/?format=file&type=rnaseq_counts&file=Human.GRCh38.p13.annot.tsv.gz	Human.GRCh38.p13.annot.tsv.gz	accession	GeneID	GeneID	Symbol	__accession__		GSM6416078,GSM6416079,GSM6416080	GSM6416100,GSM6416101,GSM6416102	caspase10_knockout	wild_type	GSE210070_U937_CASP10_knockout_vs_control	https://www.ncbi.nlm.nih.gov/geo/query/acc.cgi?acc=GSE210070
GSE212591	true	Azacitidine response across KMT2A-rearranged infant ALL cell lines	human	hg38	https://www.ncbi.nlm.nih.gov/geo/download/?format=file&type=rnaseq_counts&acc=GSE212591&file=GSE212591_raw_counts_GRCh38.p13_NCBI.tsv.gz	GSE212591_raw_counts_GRCh38.p13_NCBI.tsv.gz	https://ftp.ncbi.nlm.nih.gov/geo/series/GSE212nnn/GSE212591/miniml/GSE212591_family.xml.tgz	GSE212591_family.xml.tgz	https://www.ncbi.nlm.nih.gov/geo/download/?format=file&type=rnaseq_counts&file=Human.GRCh38.p13.annot.tsv.gz	Human.GRCh38.p13.annot.tsv.gz	accession	GeneID	GeneID	Symbol	__accession__	cell_line	GSM6538129,GSM6538130,GSM6538131,GSM6538132,GSM6538133,GSM6538134,GSM6538135,GSM6538136,GSM6538137,GSM6538138,GSM6538139,GSM6538140,GSM6538141,GSM6538142,GSM6538143,GSM6538144,GSM6538145,GSM6538146	GSM6538112,GSM6538113,GSM6538114,GSM6538115,GSM6538116,GSM6538117,GSM6538118,GSM6538119,GSM6538120,GSM6538121,GSM6538122,GSM6538123,GSM6538124,GSM6538125,GSM6538126,GSM6538128	azacitidine	control	GSE212591_KMT2A_ALL_azacitidine_vs_control	https://www.ncbi.nlm.nih.gov/geo/query/acc.cgi?acc=GSE212591
GSE200291	false	Anti-TNF/IL-6 nanobody response in rheumatoid-arthritis FLS/T-cell cocultures	human	hg38	https://www.ncbi.nlm.nih.gov/geo/download/?format=file&type=rnaseq_counts&acc=GSE200291&file=GSE200291_raw_counts_GRCh38.p13_NCBI.tsv.gz	GSE200291_raw_counts_GRCh38.p13_NCBI.tsv.gz	https://ftp.ncbi.nlm.nih.gov/geo/series/GSE200nnn/GSE200291/miniml/GSE200291_family.xml.tgz	GSE200291_family.xml.tgz	https://www.ncbi.nlm.nih.gov/geo/download/?format=file&type=rnaseq_counts&file=Human.GRCh38.p13.annot.tsv.gz	Human.GRCh38.p13.annot.tsv.gz	accession	GeneID	GeneID	Symbol	treatment	fls_donor,blood_t_cell_donor	anti-TNF/IL-6 NANOBODY® VHH	NANOBODY® isotype control	anti_tnf_il6_nanobody	nanobody_isotype_control	GSE200291_RA_FLS_T_cell_anti_TNF_IL6_nanobody_vs_isotype	https://www.ncbi.nlm.nih.gov/geo/query/acc.cgi?acc=GSE200291
