gene_symbol	gene_id	logFC	AveExpr	t	P.Value	adj.P.Val
PTCHD4	ENSG00000244694.7	3.92711519437791	-1.08495490893257	3.72779811559413	0.000614502717424448	0.0102683185397384
ENSG00000245869	ENSG00000245869.2	3.78111984558349	1.40550330447251	2.6716058768278	0.0109725284272836	0.0424832053022553
NOX4	ENSG00000086991.12	3.54092552992504	0.287430144980133	2.73546704854137	0.00933930759610673	0.0384896137218593
PCP4	ENSG00000183036.10	3.36591315798061	3.75314694711934	2.76877625904856	0.00857973877510074	0.0365324537914174
DES	ENSG00000175084.11	3.34397339617728	11.9605113180605	3.82198054862113	0.000466403084451036	0.00945471356384045
THBS4	ENSG00000113296.14	3.30558085145479	5.8214536571745	3.18537926839524	0.00284913246804748	0.0198047394577601
ENSG00000280429	ENSG00000280429.1	3.28802017988125	0.789318388913206	2.60099533645857	0.0130826447731088	0.0476013626750347
CNN1	ENSG00000130176.7	3.24115232044989	9.98792418291318	4.06624947702796	0.000225654480025067	0.00783505885743691
ANGPTL7	ENSG00000171819.4	3.19288512287181	2.22308713879551	3.14090819203698	0.00321598924652306	0.0208572893743771
FAM138B	ENSG00000226516.7	3.16007359474957	-2.68607039797371	2.72712107753783	0.00953915512341198	0.0389826831000704
CRMA	ENSG00000174403.15	3.02346295383076	4.76600374101825	2.86284084896085	0.00673338449918933	0.031751983701735
JAZF1-AS1	ENSG00000234336.6	2.99796804885668	-0.672125582806717	3.13392804767487	0.00327748188965461	0.0210479113683833
NKX3-2	ENSG00000109705.7	2.99068867165624	3.6622566654921	2.86424891755317	0.00670879909026407	0.0316684200289905
LINC01697	ENSG00000232079.6	2.96272453323132	-1.94936852287365	2.71687967507229	0.00978980036742845	0.0395338702431824
DPT	ENSG00000143196.4	2.95902234532747	7.99986917484806	4.70865324131278	3.15037948151318e-05	0.00528307387694469
ACTG2	ENSG00000163017.13	2.95416149238862	11.4850760677261	3.24208004667997	0.00243873147147467	0.0182594295568693
SERTAD4-AS1	ENSG00000203706.8	2.91970648875554	2.77014030701154	3.56516561557197	0.000983301294420424	0.011988037588913
MYL9	ENSG00000101335.9	2.91745353635726	11.5924392977674	4.24395276093663	0.000131903397810636	0.0068394050154713
MYH11	ENSG00000133392.17	2.88482687501455	12.545527527484	3.85212212004965	0.00042678599489885	0.00917730386727577
PDZRN4	ENSG00000165966.14	2.87158979005109	4.66594895932752	3.29187684113872	0.00212523260303277	0.0169507213502072
SLURP2	ENSG00000283992.1	2.84810827776937	2.02473329674613	3.03901261003496	0.00423202346115214	0.024250147552763
NXPH3	ENSG00000182575.7	2.80071768057374	3.51909988305001	3.57502389615476	0.000955896594349334	0.0118898343278604
LINC01160	ENSG00000231346.5	2.77382498000893	2.06401173286426	3.24266524645601	0.00243480429778272	0.0182414336729139
TCF15	ENSG00000125878.6	2.74403505125531	-0.348111633107315	3.11356660596933	0.00346327575536261	0.0217331257057202
FOXD3	ENSG00000187140.5	2.73624408332998	1.28841069090574	3.21757327629899	0.00260870315510186	0.0188739070335605
FGFBP2	ENSG00000137441.7	2.72999314511734	1.87287457312061	3.81199672049807	0.000480294210407316	0.00950106921212759
H19	ENSG00000130600.17	2.66071089549291	4.56212744213198	3.12161636838761	0.00338866357791416	0.0214375045920666
FMO2	ENSG00000094963.13	2.64731981575416	3.43806994043481	3.4884411129938	0.00122394881722864	0.0131061611660139
LMO3	ENSG00000048540.14	2.6351006769922	6.15550844893397	3.72824594797279	0.000613701112201908	0.0102640554669423
OMD	ENSG00000127083.7	2.61045969582127	2.25354173604824	3.48361975016147	0.00124082361315579	0.01321189401521
ENSG00000279821	ENSG00000279821.1	2.60286376631944	2.90490597422316	2.69292305672418	0.0104000983539305	0.041165039129426
TCEAL2	ENSG00000184905.8	2.59954518979356	3.92000967233396	2.8314701429022	0.00730342035819298	0.0330346243096677
SYNM	ENSG00000182253.14	2.59034220959129	9.41074352417744	3.49275278940477	0.00120904454145339	0.0129984399413724
ENSG00000272755	ENSG00000272755.1	2.58224877457039	-1.95187622268135	3.11621221952605	0.00343858425187667	0.0216215230728985
MGP	ENSG00000111341.9	2.58080500725943	8.78775727149185	5.0272386532978	1.1598551129956e-05	0.00412429879510429
TPM2	ENSG00000198467.13	2.56790156031614	10.8917683516647	3.98395551112075	0.000288662668817041	0.00835187589041493
MIR99AHG	ENSG00000215386.11	2.54507419123251	1.15553327944106	3.54826407672296	0.00103205203239618	0.0121911957688459
SPEG	ENSG00000072195.14	2.54104328251776	8.60356415934832	4.064143357284	0.00022708559772782	0.00783505885743691
ENSG00000280216	ENSG00000280216.1	2.53402653579924	-1.79734999602703	2.82921347628415	0.00734611376474822	0.0331351365824931
ENSG00000280073	ENSG00000280073.1	2.53253483775728	0.707950034117365	3.26246103529043	0.0023054443149959	0.0177244597315813
PAX9	ENSG00000198807.12	2.53213248012755	0.145453709368352	2.97230791650921	0.00505353538234733	0.0270029876390462
KCNIP1-OT1	ENSG00000253647.1	2.52798562010794	-1.08969430764352	2.61229121877523	0.0127217546256086	0.0467528033730273
HSPB8	ENSG00000152137.6	2.52723315297688	7.7934754479972	3.81791059198845	0.000472018235059686	0.00946618107503684
SDR9C7	ENSG00000170426.1	2.52698972668499	-1.87457009038312	3.614036778413	0.000854480136407392	0.0115619240060832
TAGLN	ENSG00000149591.16	2.51708800984914	11.0818445363765	3.96322566445351	0.000307057246652042	0.00855660119676359
CASQ2	ENSG00000118729.11	2.51382749786678	5.61000870092343	3.1816975581805	0.00287792991722734	0.0198944717355038
LINC02881	ENSG00000277288.3	2.51205396975973	-2.11448590231687	2.91947897755929	0.00580804964073431	0.0292301147782079
BMPR1B	ENSG00000138696.10	2.50988147355974	1.26260731748219	3.49699612822031	0.00119454655883067	0.0129090756432438
ASPN	ENSG00000106819.11	2.50863434659523	4.4834700345941	2.84092854721046	0.00712698223588716	0.0326138820284161
C12orf54	ENSG00000177627.9	2.50842259026144	-1.4517235453935	2.99430401835888	0.00476736944348976	0.0261104531416929
MEOX2	ENSG00000106511.5	2.49104091631666	2.63838618460292	2.90581965764108	0.00601963877604173	0.0297763643643971
NALT1	ENSG00000237886.1	2.48265574429589	3.18148834020707	2.60474798680559	0.0129617216870795	0.0473264107167044
ENSG00000283175	ENSG00000283175.1	2.46882968208628	1.59700029383318	2.77676153795371	0.00840637354099847	0.0360805548096511
PLA2G5	ENSG00000127472.10	2.45948097420342	3.36744800402968	3.01118627210817	0.00455814071935775	0.0254189426932831
CSDC2	ENSG00000172346.14	2.45545788516332	4.10097929195443	3.15590051031418	0.00308758362473083	0.0204987612724265
HSPB6	ENSG00000004776.12	2.4241187635833	7.1015204298372	4.09487569619031	0.000207053225376615	0.00760502482164142
RAMP1	ENSG00000132329.10	2.40842871887487	6.22452076411287	2.95589386726345	0.0052775048875097	0.0276029230847138
CARMN	ENSG00000249669.9	2.40768774163293	9.46981578386016	4.04326865084274	0.000241756823474943	0.00789324588275032
CDC20P1	ENSG00000231007.5	2.40156590060289	-0.363218206820814	3.14561574221452	0.00317513559091379	0.0207355343075601
LMOD1	ENSG00000163431.12	2.39795643864228	9.15651360850654	4.44363798393563	7.16061581341681e-05	0.00628345661602394
PDGFRL	ENSG00000104213.12	2.39623792079816	2.77193425986739	2.84561789683345	0.00704098776271551	0.0324748186541095
C20orf203	ENSG00000198547.8	2.3894570935937	-0.734706241480986	3.48297012099808	0.00124311430347028	0.0132236385585917
SEC24AP1	ENSG00000267361.1	2.38553878680018	-1.09467808908219	2.62644752381303	0.012282403171656	0.0457188638581316
OTOGL	ENSG00000165899.10	2.3812699569425	1.77215632976304	2.87988418542519	0.00644137652954252	0.0308805829872343
KLHL30-AS1	ENSG00000279484.1	2.3633354288682	-0.707039657173331	2.65406673652689	0.0114651636961228	0.0436969773824224
ZFHX4	ENSG00000091656.15	2.35107511676723	3.99809018489223	2.75609814812877	0.00886182055519463	0.0372188536823939
NPC1L1	ENSG00000015520.14	2.34023059089769	1.49521596682716	3.18035512220822	0.00288849861297753	0.0199163012784237
CDHR4	ENSG00000187492.8	2.33116279532918	-0.905796598512778	2.92766066535523	0.00568466760614159	0.0288410121497978
NCS1	ENSG00000107130.9	2.33075537788015	7.30300189501148	3.29400110077675	0.00211275162347833	0.0168930187280417
PPP1R14A	ENSG00000167641.10	2.31829472158013	6.48647995493593	4.15147360327868	0.000174573580069416	0.00734860282194143
KCNMB1	ENSG00000145936.8	2.31213410550515	6.92742439207648	3.3792506998785	0.00166573915189532	0.015113967512511
MRGPRF-AS1	ENSG00000256508.2	2.3117933191326	1.19069214645129	3.43456213311763	0.00142569744768489	0.0141305801912494
SYNPO2	ENSG00000172403.10	2.30802798052361	10.0283359724214	3.61429607866053	0.000853842054002421	0.0115619240060832
RHAG	ENSG00000112077.15	2.30791356103933	-1.510518891152	2.79714275150723	0.00797852992059849	0.0350041459866108
PHLDA3	ENSG00000174307.6	2.29816257394162	6.47843003615365	4.82065024079805	2.22014303961422e-05	0.00476264593404656
CPXM2	ENSG00000121898.12	2.29434374271497	6.48644433824561	3.248607206307	0.00239526774140699	0.0180746961507056
NRXN1	ENSG00000179915.22	2.29098658470953	4.54615812825763	2.96895012530318	0.00509861351045066	0.0271195322180694
LINC00607	ENSG00000235770.5	2.28614720340268	-0.967491000944139	2.80301938320511	0.00785898159562025	0.034633362817677
ENSG00000272823	ENSG00000272823.1	2.28295295579624	-1.98989795328615	2.6821381171296	0.0106861658448531	0.0418402265787016
ENSG00000278983	ENSG00000278983.1	2.27570817168215	-1.36194011024442	2.78814443245657	0.00816486430555021	0.035537950919874
SPSB4	ENSG00000175093.4	2.27510783391439	-1.29687563131365	2.92540268803669	0.00571847095310454	0.0289616504658305
ENSG00000260244	ENSG00000260244.1	2.27147572077669	4.61548756789505	3.46754668852391	0.00129870579798868	0.0135837422218314
SCRG1	ENSG00000164106.7	2.2600734830676	3.00661217386516	2.66977689696195	0.01102297277738	0.0426082475210438
MGARP	ENSG00000137463.4	2.25536651294703	-1.47997232526174	3.59228782786365	0.000909665351116017	0.0116942742126359
ENSG00000283213	ENSG00000283213.1	2.24448887550931	-1.61869676283408	2.5843384695861	0.0136319924651567	0.048945915213262
ENSG00000273113	ENSG00000273113.1	2.24422374965791	-1.9121456790993	3.04142258491004	0.00420483806539061	0.0241736359180185
FLNC	ENSG00000128591.15	2.23350498500001	9.0884379831658	2.87839997069223	0.00646632782332154	0.0309359623952888
DYNC1I1	ENSG00000158560.14	2.23176826641879	3.7517917988916	2.63024965552158	0.0121668029811371	0.0454624317845732
JPH2	ENSG00000149596.6	2.22821368511471	6.5855153009409	3.31166656809081	0.00201162958212905	0.0164557608064232
PDLIM7	ENSG00000196923.13	2.22706385957177	8.66696140205409	4.13976319641969	0.000180857261697703	0.0073516534453861
ENSG00000229116	ENSG00000229116.2	2.22683305788508	-2.08550707280363	2.57955804984822	0.0137935164902351	0.0493466336608754
ATP1A2	ENSG00000018625.14	2.22607165706727	6.67080582790845	4.08524602394631	0.000213137235665483	0.00763958694707843
PLXNB3	ENSG00000198753.11	2.22570501754725	6.19200896594213	3.02446428856897	0.00439968211409446	0.0248695780154181
NFIB-AS1	ENSG00000225472.1	2.22402330845744	-1.11290292989808	2.78909708053601	0.0081449473713296	0.0355020657990978
ADAMTSL3	ENSG00000156218.12	2.22114302215618	4.96732725478076	3.00207851177508	0.00466991958568407	0.025798784700841
COL8A1	ENSG00000144810.15	2.2208240004826	4.80467494379972	3.28832853193803	0.0021462372450667	0.0170257133109728
ANXA8L1	ENSG00000264230.7	2.21757321083098	0.727399956735409	2.74350647746123	0.0091504754274395	0.0379958873237582
CSP2	ENSG00000241218.1	2.21176999015639	-1.08932587993438	2.62067241929833	0.0124599242749461	0.046140042928241
LIMS2	ENSG00000072163.19	2.19965399898161	8.48559722308449	4.27003699617379	0.000121838961568423	0.00678236213583882
EYA4	ENSG00000112319.17	2.19764736328002	0.200692912840767	3.43205486015289	0.00143582213823582	0.0141785548897714
SAP30-DT	ENSG00000272870.1	2.19496447581221	2.64463980018184	4.3205902029486	0.000104427897313003	0.00659479510745007
XKR4	ENSG00000206579.8	2.18356976130987	3.39168069241053	2.62046006433048	0.0124664966263111	0.0461552808270008
REEP1	ENSG00000068615.17	2.18260684073863	5.54442289381463	3.0907535555357	0.00368325205462457	0.0225485137190217
PLN	ENSG00000198523.5	2.17920713370545	6.61337194189213	3.50261393821653	0.00117560888706504	0.0128554064991504
HYDIN2	ENSG00000276975.2	2.1746880269579	0.719958128450865	3.05901973544065	0.00401126600167754	0.023557261790558
ENSG00000279656	ENSG00000279656.1	2.16293034398317	0.171239338383138	2.87053075632727	0.00660013339962329	0.0313473781284976
CACNA1C	ENSG00000151067.21	2.15179634775286	7.13186344121724	3.12245446530592	0.00338098332975932	0.0214170755141786
OGN	ENSG00000106809.10	2.1490078874962	5.73186516243839	3.38413230303171	0.00164308932552018	0.0150038026571414
AGTR1	ENSG00000144891.17	2.1483154462086	4.04556864433127	3.36030332826516	0.00175650970673314	0.0154174958115568
SORBS2	ENSG00000154556.17	2.13961134274065	7.26284482681483	4.48059639790102	6.39009341979022e-05	0.00628345661602394
HEPFAL	ENSG00000274225.1	2.13750664288152	0.896152177089366	2.73378950890309	0.00937916271529364	0.0385553587477884
SHISA3	ENSG00000178343.4	2.13493807742185	2.19768503809814	3.09824032077692	0.00360964539380965	0.0223234638743934
RBM24	ENSG00000112183.14	2.12923642063163	3.25883851224951	3.75981725108772	0.00055966630210709	0.0099999007104534
ACTA2-AS1	ENSG00000180139.11	2.11905084003393	5.14784248274906	3.53339855716946	0.00107684280005079	0.0123853407658016
AOC4P	ENSG00000260105.6	2.11860420293366	2.34096840701081	2.7562227819464	0.00885900611110718	0.0372153551283416
LMX1B	ENSG00000136944.17	2.11585249103006	-0.139803961739185	2.65648293130704	0.0113961077939862	0.0435486666503863
GALNT17	ENSG00000185274.11	2.11301799032127	4.34382877506952	2.9875867436276	0.00485310355396399	0.0264052696844008
TPTEP1	ENSG00000100181.22	2.11201450442758	3.43707581503165	3.76775833822641	0.000546816689927205	0.00992300586493988
LDB3	ENSG00000122367.19	2.1096076720179	5.80198848081632	3.44954571790807	0.00136660192724475	0.0138220341397474
COL21A1	ENSG00000124749.16	2.10592698235574	4.184402526924	2.70486404282149	0.0100916334582638	0.0403107315212911
ADAM33	ENSG00000149451.17	2.1046926593921	8.35161701168075	4.49425145140399	6.12652819700766e-05	0.00628345661602394
CDON	ENSG00000064309.14	2.10308074246413	4.62348813959835	2.76091681018104	0.00875360882740705	0.0369825891848936
LINC01474	ENSG00000236849.5	2.10179574897313	-1.48463399018326	3.14480561945923	0.00318213092838392	0.0207451520641814
ECRG4	ENSG00000119147.9	2.09695618461869	3.64874123818684	3.39121151539992	0.00161076517254183	0.0148454724664537
STAB2-AS1	ENSG00000257681.1	2.0930316086018	1.94886374340606	2.66263196973463	0.0112220918959016	0.0431470481041606
FLNA	ENSG00000196924.14	2.09154375934053	12.714894052599	3.65749574461406	0.000753707643172257	0.0111377946137383
RBPMS2	ENSG00000166831.8	2.0895051675481	6.43742208745546	3.23419261768464	0.00249225346690258	0.0184767337511975
LINC01273	ENSG00000231742.5	2.08379528822257	-1.45099396784537	2.68013928925308	0.0107399759437788	0.0419534193219071
DACT3	ENSG00000197380.10	2.07553883299431	5.6832973744982	3.42710096286671	0.00145602930735762	0.0142063077666446
ITPR1-DT	ENSG00000231249.1	2.07268893727503	-0.190298711827618	3.62109457890106	0.00083727519154467	0.0114914772709599
TENT5B	ENSG00000158246.7	2.07143153049621	4.88898184286504	2.75928090910717	0.00879020768259598	0.0370672834967485
RERG	ENSG00000134533.6	2.07036938635404	5.10637183759867	3.85854017945957	0.000418781829396758	0.00916087672715645
FAM178B	ENSG00000168754.14	2.05667891876233	0.185636563555585	2.95184014203457	0.00533423453800142	0.0278200708343972
ARHGEF26-AS1	ENSG00000243069.7	2.05567501658768	0.894549737129181	2.85353534388007	0.00689798853405432	0.0321306446389477
ITGA7	ENSG00000135424.15	2.05559742399669	7.953525333642	4.28254493410556	0.000117283383114643	0.00672219379483097
HAND2-AS1	ENSG00000237125.8	2.04347262365702	6.52955650442587	2.87857961372307	0.00646330302855229	0.0309359623952888
PGM5	ENSG00000154330.12	2.0376211142407	7.81745217583937	3.26050154207338	0.00231795157414161	0.0177842183274215
ENSG00000261625	ENSG00000261625.1	2.0367102665179	2.46817208268173	3.01724627055768	0.00448516651131973	0.0251689266255175
ENSG00000272668	ENSG00000272668.1	2.03217797013846	0.810229921740342	2.79211694846804	0.00808210937067487	0.0352936940711498
EBF2	ENSG00000221818.8	2.02792258760731	1.96244807361346	2.72997252002323	0.0094704349614835	0.0387947021693747
TNS1	ENSG00000079308.16	2.02594429811908	10.5059816972799	3.73036943270787	0.000609913877991891	0.010230146482843
CSRP1	ENSG00000159176.13	2.02550711102013	10.9411925023615	3.79591471595647	0.000503516555565844	0.00965840346081072
ENSG00000273733	ENSG00000273733.1	2.02359434592637	0.822225396191405	2.73000241954877	0.00946971681441958	0.0387947021693747
TENM1	ENSG00000009694.13	2.02223772775288	3.43123593328002	2.96177097404571	0.0051962624334121	0.0273992703605688
FXYD6-AS1	ENSG00000254528.7	2.01611435350496	0.389261131202505	2.7891111656925	0.0081446532332502	0.0355020657990978
ECM2	ENSG00000106823.12	2.01365780362821	3.40366857239227	2.76536617517142	0.0086547805459643	0.0367187911032983
FOXD3-AS1	ENSG00000230798.5	2.01353561069002	0.904745191522731	2.88963985831235	0.00627959886443183	0.0305632096065713
SORBS2-AS1	ENSG00000233110.1	2.01274038390731	0.595359462537177	3.86187305568143	0.000414682908254928	0.00916087672715645
CTNNA3	ENSG00000183230.16	1.99497307982441	2.40792938095233	2.7869516962856	0.00818986456798483	0.0355657887435586
PDZD4	ENSG00000067840.12	1.99258777584852	5.23662366360849	3.94587924892649	0.000323320981181555	0.00877912135833485
HAND2	ENSG00000164107.8	1.98965143683504	6.1611079357994	2.94582945178098	0.00541940447634624	0.0281024999654155
OLFML2A	ENSG00000185585.19	1.98883169559041	6.16415860207506	4.0093960638685	0.000267549002776988	0.0082514045486985
CLCNKB	ENSG00000184908.17	1.98679342203258	-1.30242453515559	3.2849587210256	0.00216636813091075	0.0171393118090841
SMTN	ENSG00000183963.18	1.98497515006506	9.65038911467765	3.6202001067771	0.000839437057595409	0.0114914772709599
RBM38-AS1	ENSG00000218018.2	1.98172312766195	-0.443566070232408	2.9350653434314	0.00557512378310116	0.0284698137287129
JCAD	ENSG00000165757.8	1.97922356264261	6.75839514320177	3.45018935957845	0.0013641166846828	0.0138184644590631
ENSG00000265218	ENSG00000265218.1	1.97915094539056	-1.4696640180374	2.62072459887257	0.0124583098135573	0.046140042928241
ENSG00000225649	ENSG00000225649.5	1.97887724898951	-1.55474750623748	2.58282147915825	0.0136830606061723	0.0490759034813723
MYO16	ENSG00000041515.15	1.97730658509383	-0.389872412187678	2.69072535535701	0.010457811261315	0.0413006215669183
ENSG00000280157	ENSG00000280157.1	1.97232262033476	0.309781367575425	3.15752688337602	0.00307394976596913	0.0204422379350999
NTRK1	ENSG00000198400.11	1.97191498786021	1.43785240609294	2.69492314246257	0.0103478309318997	0.0410287018287819
IL17B	ENSG00000127743.5	1.97138558941472	-0.00814035781839906	3.18434587626787	0.00285718771151264	0.0198148184578039
SH3BGR	ENSG00000185437.13	1.96969051342946	3.86339078521055	3.37726473759005	0.00167503879203271	0.015173443599421
VEGFD	ENSG00000165197.4	1.96577845378792	2.0067885459881	2.89441457102561	0.00620181201003969	0.0303181762552227
GAS1	ENSG00000180447.6	1.96403067781086	4.81142784953504	3.04190788489243	0.00419938364168663	0.0241570669397116
CACNA1H	ENSG00000196557.12	1.9639050084073	8.37312397495337	4.0173916465754	0.000261229374062538	0.00820174037239697
ARHGEF25	ENSG00000240771.6	1.9612605924147	6.56340413885571	3.90595306381355	0.00036399956330984	0.00910829556438955
ENSG00000280237	ENSG00000280237.3	1.96005276676931	5.73347699136616	3.21785935405244	0.00260665564439642	0.0188663608142788
PHKG1	ENSG00000164776.9	1.95921141274402	2.48293767854161	2.57384690754913	0.0139887889368521	0.0497891669152844
PRELP	ENSG00000188783.5	1.95441803979497	8.31835434233335	3.80864344080496	0.000485049099902284	0.00953385948270802
ADAM11	ENSG00000073670.13	1.95284898889467	2.16098386866737	2.92724115931712	0.00569093368499853	0.0288650057984452
ITIH5	ENSG00000123243.14	1.93518026421785	7.29926411918818	4.4369449376999	7.30960038890362e-05	0.00628345661602394
ENSG00000236710	ENSG00000236710.1	1.93302935374254	-0.648574341046512	2.74504612825967	0.00911471802487775	0.037924819216494
SLC26A10P	ENSG00000135502.17	1.93299394464527	4.35416999840589	3.08858113393176	0.00370487425544992	0.0226053853005174
RBM20	ENSG00000203867.7	1.9315534507155	3.25884593166921	3.00776951048763	0.00459977612525346	0.0255751909960066
WDR86	ENSG00000187260.15	1.929620443557	3.42147879720058	2.90914409505318	0.00596748751027571	0.029643308759058
PRKACB-DT	ENSG00000271576.1	1.92755268309821	1.63999713761938	3.4453768187495	0.00138280428802952	0.013881256086462
FOXO6	ENSG00000204060.6	1.92427412368265	0.983766059243728	3.19229032893792	0.00279581209990127	0.0195905274764217
DEPP1	ENSG00000165507.8	1.92168621452828	7.42815667963209	3.47146476690897	0.0012843620404684	0.0134840066205017
CAP2	ENSG00000112186.11	1.91917818712676	4.89373274146237	2.74349451308567	0.00915075380093574	0.0379958873237582
ARHGEF4	ENSG00000136002.18	1.91484194953508	3.87276508891914	2.7070299694509	0.0100365970983612	0.0401455147932724
SORBS1	ENSG00000095637.21	1.91300402314083	9.47506215707513	3.60767155758078	0.000870288339632526	0.0115752590647061
ENSG00000263812	ENSG00000263812.5	1.91127879111818	-1.35944272425308	3.14695648980662	0.00316359032547342	0.020701349054
HSPB7	ENSG00000173641.17	1.91086720747614	6.57533244158788	2.97912677586437	0.00496314180379506	0.0266993488221745
FXYD6	ENSG00000137726.16	1.90878295616373	6.53271350071792	3.10155011013688	0.00357754980368949	0.0222054000042618
WNT6	ENSG00000115596.3	1.90699585035532	2.12485526549999	3.02255313896302	0.00442216573596005	0.0249436955450749
ARHGEF25-AS1	ENSG00000224713.4	1.90652435212391	2.76519577058659	3.44392951685159	0.00138847210180791	0.0139158393896244
NT5DC3	ENSG00000111696.11	1.90645146794454	7.16637341376151	3.08515166613588	0.00373925197107576	0.0227638142810741
ENSG00000279254	ENSG00000279254.1	1.90379710583811	0.126229849404677	3.1655896758378	0.00300719736422111	0.0202441508583516
COL9A3	ENSG00000092758.15	1.90198522505202	4.27965231953345	3.8125870158822	0.000479461868149146	0.00949921182233888
LINC00506	ENSG00000281392.1	1.89916495752628	-0.198750350154297	2.72527490122278	0.00958389423799159	0.0390974590742741
ENSG00000273771	ENSG00000273771.1	1.89695667163845	0.805254428642814	3.10165435328062	0.00357654333270536	0.0222054000042618
PLIN4	ENSG00000167676.4	1.89486695387831	7.27571541292372	3.01510156076198	0.00451086640314835	0.0252399205301512
SULF1	ENSG00000137573.13	1.8925170428562	6.92465905673865	3.42114426701872	0.00148068742206931	0.0143351913202607
RND2	ENSG00000108830.9	1.8872840284702	2.42444574587373	2.73532888268008	0.00934258421161693	0.0384896137218593
AK5	ENSG00000154027.18	1.8823623473216	1.83264880742203	3.07128091080841	0.00388139102519847	0.0231429480111992
MYLK	ENSG00000065534.18	1.87213481971673	10.2208597912962	3.16966078682511	0.00297401638079565	0.02013434948919
GNAZ	ENSG00000128266.8	1.87083253583375	3.80604782106996	2.75780402039085	0.00882337098520475	0.0371237799830008
RASGEF1C	ENSG00000146090.15	1.86998769984474	1.61570093457738	3.12249522072256	0.00338061027060832	0.0214170755141786
GUCY1A1	ENSG00000164116.16	1.8698039253744	5.55908191976599	3.00633104177606	0.00461741155584988	0.0256469182796388
CRYAB	ENSG00000109846.7	1.86815898944516	7.54980661410345	3.83283075000834	0.000451747889644036	0.00934417812477249
GPM6B	ENSG00000046653.14	1.86624433747796	5.59021769151536	3.39917629279222	0.00157512419439538	0.0147110803675455
MRGPRF	ENSG00000172935.8	1.86445389563015	6.53999803751462	3.3854869516877	0.00163685633352733	0.0149799208921497
HACD1	ENSG00000165996.13	1.86389862823083	4.03658784596782	2.70635340515934	0.0100537587588594	0.0401936349529367
EBF3	ENSG00000108001.13	1.86352499589635	2.31160434049695	2.64815488965419	0.0116357566146643	0.0441055056986126
RN7SL417P	ENSG00000244056.3	1.86243788781927	-1.43600667083605	2.65566668345079	0.011419393505254	0.0435870739833557
PACSIN3	ENSG00000165912.15	1.8606555196901	4.93014305676957	2.79230249237084	0.00807826327321829	0.0352936940711498
RGS11	ENSG00000076344.15	1.85923874808249	4.54678864768807	3.84571374665056	0.000434925972349628	0.00921254905930455
FXYD1	ENSG00000266964.5	1.85164584511027	5.18432505262771	4.14098219033655	0.000180193002697737	0.0073516534453861
ENSG00000273374	ENSG00000273374.1	1.84886331220738	-0.912034819937158	2.70707214306913	0.0100355282244293	0.0401455147932724
ENSG00000274565	ENSG00000274565.1	1.84606282558031	1.44738779961112	3.15383280778628	0.00310499983149232	0.0205635073466463
AOC3	ENSG00000131471.6	1.84529834334078	8.15292646529892	4.14339989322849	0.000178882576903837	0.0073516534453861
ZBTB47-AS1	ENSG00000230084.5	1.84287775428238	-0.698199311225347	3.57926723478332	0.000944328175851819	0.0118344613703766
C1QTNF7	ENSG00000163145.12	1.84104388038963	3.7693103977607	2.92535147780992	0.0057192397815869	0.0289616504658305
MSRB3	ENSG00000174099.10	1.83282726292564	7.52631016934037	3.54578325986965	0.00103940035095672	0.0122395093364696
SLC2A4	ENSG00000181856.14	1.8322056043813	5.81320380381413	2.67368742927278	0.0109153772453184	0.0423685098862841
RPS20P22	ENSG00000239218.2	1.83081015582071	-0.717705835316811	2.58302398235867	0.0136762333788259	0.0490759034813723
ENSG00000280339	ENSG00000280339.1	1.82147168654068	2.70343017008484	4.00284052807553	0.00027284122223457	0.00826420535545704
LOXL4	ENSG00000138131.3	1.81316154110669	3.90179581019455	3.52423401209686	0.00110538033427134	0.012515467142814
HSPB2	ENSG00000170276.5	1.81117185205523	1.62045625406387	3.7223301363497	0.000624372171034646	0.0103026423561108
ZNF426-DT	ENSG00000278611.1	1.80941385846821	-0.277168492402263	3.65532222269896	0.000758463143612257	0.01116306760512
SPACA6-AS1	ENSG00000269959.1	1.80734671871881	-0.849180084464879	2.88672876989879	0.00632747123422592	0.0306453235485382
STK32A	ENSG00000169302.14	1.80200039973746	2.27989419643867	2.93647729002387	0.00555446148329026	0.0284338772360746
RORB	ENSG00000198963.10	1.80168926903246	0.272507300854555	2.65940353565535	0.0113131476573701	0.043372839212232
HLF	ENSG00000108924.13	1.80139762785358	5.10328230461776	2.96659132872403	0.00513050563082576	0.0272086366177415
ENSG00000279894	ENSG00000279894.1	1.80068396539987	-0.338180361752868	3.01189468549206	0.0045495527419375	0.02537858615951
MPP2	ENSG00000108852.14	1.79461563456221	4.04281896979721	2.87352193947458	0.00654897047901491	0.0312031363614556
PDE1B	ENSG00000123360.11	1.79455408338848	4.54814507745956	2.73829218881091	0.00927254221419458	0.038307485054071
BAG2	ENSG00000112208.11	1.79414971260661	5.78110986085069	2.59076737037523	0.0134175044664396	0.0484536760024357
ENSG00000259969	ENSG00000259969.1	1.79344327293251	0.549443683136599	3.44509608892118	0.00138390192595787	0.0138848536182376
VGLL3	ENSG00000206538.8	1.79147842491583	5.27996661317625	3.67906572457725	0.000708046486179513	0.0108382470280551
NRG2	ENSG00000158458.19	1.79060212831451	1.45385902712391	3.18360893716908	0.00286294530218456	0.0198295899027167
ZFPM2	ENSG00000169946.13	1.79018308837825	3.36573369476546	3.65213246543645	0.000765494505960054	0.0111800294019765
FXYD2	ENSG00000137731.13	1.78866940176273	0.482230607570069	2.9619514120409	0.0051937868075651	0.0273939072787666
GFRA3	ENSG00000146013.10	1.78762870745183	3.19322215564526	2.70039711774393	0.0102060208626431	0.0406207848786103
FAXDC2	ENSG00000170271.10	1.77993302955845	6.03455881208618	4.2217657696594	0.000141100630191291	0.00699787410876619
ENSG00000274184	ENSG00000274184.1	1.77785328112962	-0.494786366218032	3.19017439689077	0.00281203563388491	0.0196559930314948
PTGIS	ENSG00000124212.5	1.77663749772221	6.42643841563122	2.58708081518679	0.0135401174186369	0.0487184837848349
TRHDE-AS1	ENSG00000236333.3	1.76891715712093	0.667150311182292	2.70923748220088	0.00998078983412498	0.0400492469552816
ENSG00000259683	ENSG00000259683.1	1.76402741525784	0.304768116379374	3.28787075877024	0.00214896144034792	0.0170374815418381
EPM2A-DT	ENSG00000235652.7	1.76275794455145	1.34040570356464	3.77851541978593	0.000529864765572139	0.00981587524995508
MEIS2	ENSG00000134138.19	1.76161214794075	5.50598633878612	2.87720422623646	0.00648649526384425	0.0310156196653571
SSC5D	ENSG00000179954.15	1.75920486541019	5.84936714969725	2.97153006347093	0.00506394458403108	0.027035533592175
IGSF1	ENSG00000147255.18	1.75781933735814	0.475960557801724	2.83350712647044	0.00726508175635879	0.0329436903785444
FILIP1	ENSG00000118407.14	1.75740870985843	5.16550449800272	2.64051088688196	0.0118598003825347	0.0446304890372203
DRD4	ENSG00000069696.6	1.7543683960685	0.741358769089474	3.87525967569847	0.000398607925490272	0.00910829556438955
MAL	ENSG00000172005.10	1.74983113503139	4.29358421521727	2.82880207923012	0.00735392191788202	0.033154431459832
PYGM	ENSG00000068976.13	1.7485208244665	4.60659602205562	2.61773616951393	0.0125510839728881	0.0463679109320975
COL6A1	ENSG00000142156.14	1.74763567555215	11.0104822459187	4.31521509660992	0.000106156662114366	0.00659479510745007
FAM182B	ENSG00000175170.14	1.74516430731323	-0.803296322464103	2.72671704297623	0.00954892968556584	0.039005654057046
ENSG00000273483	ENSG00000273483.1	1.74423499740426	-0.907806460535064	3.24265905420414	0.00243484582142451	0.0182414336729139
MYOZ2	ENSG00000172399.5	1.74358640749383	0.289279005602343	2.62971543489697	0.0121829847593497	0.0454624317845732
ADARB2	ENSG00000185736.15	1.74085577083847	1.96476109105871	2.65923094128927	0.0113180346968844	0.0433738681242365
SFTPD	ENSG00000133661.15	1.73084715753781	-0.784875133307907	2.65889192492548	0.0113276396723858	0.0433929692691721
THBS2	ENSG00000186340.14	1.72887410480507	6.24458293997002	2.75855677325815	0.00880645355859811	0.0370775186589531
LINC00933	ENSG00000259728.5	1.7270511154732	0.0793597441117225	4.14388462468187	0.00017862096810842	0.0073516534453861
CYTL1	ENSG00000170891.10	1.72511072268808	1.48711382289566	2.83165648106906	0.00729990541942582	0.0330346243096677
MXRA7	ENSG00000182534.13	1.72331436445778	7.74754786384286	4.09375981007748	0.000207749470447296	0.00760502482164142
C7	ENSG00000112936.18	1.72327037138822	8.52881266516767	3.46447482175932	0.00131005888884412	0.0136201048675746
GRIK5	ENSG00000105737.9	1.72169729046435	4.61924333307545	2.71158695987351	0.00992170908153847	0.0399120882350515
MAB21L1	ENSG00000180660.7	1.72119456325842	1.38136836511558	2.88448963846476	0.00636452526260836	0.0307407883669403
ENSG00000255201	ENSG00000255201.1	1.72014058535785	0.660659188437206	3.35287547754804	0.00179336705502796	0.0155939907534885
PLEKHO1	ENSG00000023902.13	1.71956212625775	7.55778908692616	3.38248584240814	0.00165069553676512	0.0150355788416694
ENSG00000273203	ENSG00000273203.1	1.71395799928581	-0.318210203186654	3.0949289977946	0.00364202788938244	0.0224056887711697
KANK2	ENSG00000197256.10	1.71363401310593	9.04364070514342	3.78160838910241	0.00052508546931814	0.00979787306391797
GDF10	ENSG00000266524.2	1.71180149405075	1.21725321874994	2.85804897263384	0.00681768404557776	0.0319485383592918
TSPAN2	ENSG00000134198.9	1.70893768401124	5.45323095041413	2.82611594733819	0.00740509401628725	0.0332972170969373
RAB9B	ENSG00000123570.3	1.70792320977992	3.14636252983786	3.0546162739582	0.00405890113175344	0.0237217621044464
GJC2	ENSG00000198835.3	1.70245834816575	2.24144142836081	2.90644055230233	0.00600986637589519	0.0297566701800374
FERRISR	ENSG00000274265.4	1.70144765369212	1.43771545856603	3.33243724563483	0.00189863078050842	0.016012610381459
ASB2	ENSG00000100628.11	1.70139844612462	5.86528826760354	2.6290365851543	0.0122035759952916	0.0455047775151017
COX7A1	ENSG00000161281.10	1.6958646493013	4.65760972184503	3.26389793715154	0.00229631353021019	0.0176759675100032
PTN	ENSG00000105894.11	1.69387861153876	4.6715205931815	2.99216001958674	0.00479457790180004	0.026215942402215
MEF2C-AS1	ENSG00000248309.7	1.69291853167462	1.15735264907181	3.52022711765533	0.00111808433123533	0.012552217518985
VPS37D	ENSG00000176428.5	1.69055259512768	0.861268953169991	3.75324984191827	0.000570513308001331	0.0099999007104534
DOCK3	ENSG00000088538.12	1.68963903783645	3.34920143790012	2.75805791186735	0.00881766164093714	0.0371080710150305
LAYN	ENSG00000204381.11	1.68962216508482	4.46055326473221	3.28985599896053	0.00213717110285032	0.0169726628557018
C1QTNF4	ENSG00000172247.3	1.68947246280514	1.11577658417044	3.30400093069894	0.00205493009658214	0.0166504301440922
NECAB1	ENSG00000123119.11	1.68866147684636	3.92654642456682	2.60370184716132	0.0129953281952104	0.0474030402335294
PALLD	ENSG00000129116.17	1.68295506524406	9.4723879284774	3.33846501882452	0.00186698807030793	0.0159028435086274
DPY19L2	ENSG00000177990.11	1.67791484171305	3.90655182681886	3.23791477298607	0.0024668583086981	0.0183932245946676
FHL1	ENSG00000022267.16	1.6740885124206	9.30281806126938	3.99033132148542	0.00028322386710919	0.00835049797068905
CAVIN2	ENSG00000168497.4	1.67300893705652	6.45279059415326	3.55446137819412	0.00101391276591418	0.0121047241796226
OXCT1-AS1	ENSG00000248668.2	1.67289947528438	-0.650859188907305	2.59580758661942	0.0132515184612763	0.0480204552845248
DMPK	ENSG00000104936.17	1.6708299340024	7.61409119876471	4.34140995836266	9.79883251163386e-05	0.00659479510745007
MN1	ENSG00000169184.5	1.66867599942348	4.70209234275554	3.05016607498108	0.00410758327349121	0.0238702441345024
PTPRB-AS1	ENSG00000258168.5	1.66831992319759	1.72467626494676	3.30035333709213	0.00207584452846453	0.0167126456545832
MIR100HG	ENSG00000255248.7	1.66548763614128	5.82018290156179	2.90650545209179	0.00600884576096183	0.0297566701800374
COXFA4L2	ENSG00000185633.10	1.65704299780176	3.68736248595043	2.83075404666236	0.00731694292501937	0.0330468056472956
LUM	ENSG00000139329.4	1.65408459831147	7.2220088497814	3.29128347189423	0.00212873143990107	0.0169558243868626
GJC1	ENSG00000182963.9	1.6540085863827	5.38449851223638	2.63477067149417	0.012030649491278	0.0450747374317141
HIPK4	ENSG00000160396.8	1.6537083248615	-0.569281332209894	2.74694863730768	0.00907071243286128	0.0378339153706419
CEBPB-AS1	ENSG00000277449.1	1.65167666880249	1.51195515572447	4.19513415520179	0.000152970702615211	0.00712410585546397
CACNA2D3	ENSG00000157445.14	1.65140843475399	1.89737483615883	2.90925124069144	0.00596581374463098	0.0296428343258357
PKMP3	ENSG00000220563.1	1.64487397696247	0.646873981367825	2.97285525813789	0.00504622292133584	0.0269870610498652
RXRG	ENSG00000143171.12	1.64428469033335	1.78391225022422	3.08932296500495	0.00369747734119696	0.022591418159519
ENSG00000279205	ENSG00000279205.1	1.64394699871547	-1.05338120586176	3.11130799980118	0.00348448783667786	0.0217934234260685
CORO6	ENSG00000167549.18	1.64357347094765	5.32515224152518	3.6839406831103	0.000698102810137728	0.010793298575587
ENSG00000254343	ENSG00000254343.2	1.64293102129842	1.39102476749735	2.94649365119855	0.00540993065140039	0.0280688722360779
RADIL	ENSG00000157927.16	1.64292691915737	2.91393571561078	4.25205256880032	0.000128694074329208	0.0068394050154713
L1CAM	ENSG00000198910.12	1.63900407393957	6.58257306459754	3.07885071367607	0.00380320030704437	0.0229168136563707
ISLR	ENSG00000129009.12	1.63600729620285	6.24127692872886	3.37875277843156	0.00166806611799485	0.0151204719247969
PDLIM3	ENSG00000154553.13	1.63486373810244	7.09580427810043	3.25739232670455	0.00233792993263575	0.0178645240011248
ENSG00000279742	ENSG00000279742.1	1.63453078901876	-1.6721020646938	2.8409192067446	0.00712715449680662	0.0326138820284161
DNAJB5	ENSG00000137094.14	1.63373991353073	5.79447642596918	2.69071090619468	0.01045819168205	0.0413006215669183
ENSG00000270210	ENSG00000270210.1	1.63292960573474	0.908133848576503	3.06999743109806	0.00389479792028431	0.0231544524287509
RFTN2	ENSG00000162944.10	1.63251540466103	2.64682510653844	3.42887224738339	0.00144877309454037	0.0141934419668553
ALPK3	ENSG00000136383.6	1.63193943832175	5.24162636175341	2.85435815937049	0.00688328389251826	0.0321037591431036
CHADL	ENSG00000100399.15	1.63138225415382	3.03591378255758	2.66723106553229	0.0110935446384263	0.0427966335466816
CFL2	ENSG00000165410.14	1.63020993971318	6.99473443056253	3.32801952438404	0.00192214566676	0.016116848175485
COPZ2	ENSG00000005243.9	1.62644100548583	4.40092458099515	3.3533403526326	0.0017910388314449	0.0155939907534885
CAHM	ENSG00000270419.1	1.62593897883356	-0.0431477603081105	3.40784812622435	0.00153717697124734	0.014627910386428
CAVIN1	ENSG00000177469.12	1.62373805610065	9.18416207886553	4.00234650444835	0.000273244144699117	0.00826420535545704
A2M-AS1	ENSG00000245105.2	1.62278601232226	1.92032476964788	3.62294267798612	0.00083282546050593	0.0114914772709599
F8	ENSG00000185010.13	1.62052889670952	4.3191661939051	3.15872902806275	0.00306390887434111	0.0204076817967618
PCDHB9	ENSG00000177839.6	1.61874376638502	0.618035314200434	3.85463409448187	0.000423635721490475	0.00917730386727577
MITF	ENSG00000187098.14	1.61822692459842	5.13747563281964	3.54044932700928	0.00105537038734127	0.0123004828132336
LRCH2	ENSG00000130224.14	1.61573895902886	4.27445329014749	3.08040628719763	0.00378731752947969	0.0228620353507493
PDGFA-DT	ENSG00000223855.1	1.61409738383367	0.751197233226385	3.29406214758256	0.00211239397997645	0.0168930187280417
TGFB1I1	ENSG00000140682.18	1.61147006343956	7.63466667816749	3.48361019997211	0.00124085725922854	0.01321189401521
CAB39L	ENSG00000102547.18	1.61008110890226	6.0187994508765	3.67495282408986	0.000716541915934237	0.0108972390810339
KLHDC8B	ENSG00000185909.14	1.6060864657002	5.63733584883453	3.4479114451289	0.00137293171553147	0.0138431187418717
LINC00882	ENSG00000242759.6	1.60352415648443	-0.33790364417408	2.69008636386286	0.0104746469972974	0.0413483689103163
ACTA2	ENSG00000107796.13	1.60202621250976	9.83601784707048	3.24269006074103	0.00243463790634836	0.0182414336729139
DIRAS3	ENSG00000162595.5	1.60143251251116	1.90110880606785	3.91718111645989	0.000352082978577111	0.00909604195823287
TCEAL7	ENSG00000182916.7	1.59879527371694	3.09425722701	3.31814340696362	0.00197572322944495	0.0163503870048106
CCDC80	ENSG00000091986.15	1.59571783285922	6.98970370438522	3.17823015958233	0.00290530321089323	0.0199449828523728
PPP1R12B	ENSG00000077157.21	1.59552920180453	9.38895785155367	3.08903939666109	0.00370030319790518	0.0225939839606811
PPP1R3G	ENSG00000219607.3	1.59441728047803	2.18649457168788	3.2025228749474	0.00271860081278042	0.0193602157828115
MS4A14	ENSG00000166928.10	1.59393950900562	1.72005050023447	2.88711804578244	0.00632104995549891	0.0306379252294659
SPACA9	ENSG00000165698.15	1.59330463230428	3.2172130930484	3.86687090505984	0.000408609150989622	0.0091451345006292
TMEM178A	ENSG00000152154.10	1.59250961293948	2.81385090246262	2.78096868495698	0.00831634816899931	0.0358827593177452
ENSG00000271259	ENSG00000271259.1	1.59215574420151	-1.20991434799053	2.86054164736324	0.0067737102984156	0.0318586356996612
SNCA	ENSG00000145335.15	1.59177686622829	3.44734823652669	2.88761938280106	0.00631278915245331	0.0306215924228766
RNF180	ENSG00000164197.11	1.59147369390758	2.99238666614582	3.46307872247392	0.00131525000992302	0.013620118915062
GATD1-DT	ENSG00000255284.1	1.59079685611679	2.19531633310214	4.04287958740871	0.000242038847320023	0.00789324588275032
ENSG00000271788	ENSG00000271788.1	1.58923505388281	-1.46506266207319	2.91870643984916	0.00581982838469088	0.0292498642418651
FAM184A	ENSG00000111879.18	1.58815748633234	2.37002054589777	2.97912062800563	0.00496322261404526	0.0266993488221745
ADGRB3-DT	ENSG00000230910.2	1.58723552191568	2.52712809503341	3.07182373902859	0.00387573389368137	0.0231312468989906
NRP2	ENSG00000118257.16	1.5865412209906	7.3022856693968	2.88424404977701	0.00636860167981759	0.0307414743640026
INSYN1	ENSG00000205363.5	1.58536338280752	2.56107005411727	3.61642075290048	0.000848630940856555	0.011537209492917
CA11	ENSG00000063180.8	1.58439565559119	3.75621937052879	3.04096555238299	0.00420998088498029	0.0241874074522865
TMEM72-AS1	ENSG00000224812.2	1.58320517156413	-0.55735737725315	3.04904253565394	0.00411996074839919	0.0239179109268931
SERTAD4	ENSG00000082497.11	1.58303768806113	3.23597043387226	2.79539776343233	0.00801435258493043	0.0351195508064583
WFDC1	ENSG00000103175.10	1.58269599771831	5.41587470867207	2.90542619350996	0.00602583929072909	0.0297913433952287
KCNMA1	ENSG00000156113.22	1.58247538191696	7.47696689194609	3.18080327172417	0.00288496634842741	0.0199111237344758
TMEM240	ENSG00000205090.8	1.5814659896454	2.04127657944278	3.52381338765233	0.00110670739935441	0.012515467142814
CYKILR	ENSG00000267053.6	1.58111452942017	-0.631064984421623	2.79536453145943	0.00801503624955658	0.0351195508064583
GOT1-DT	ENSG00000224934.2	1.58050668526764	2.36751287203687	3.01705999150371	0.00448739320344425	0.0251739005815681
CALD1	ENSG00000122786.19	1.57990066759703	10.5047883121652	3.17239507808956	0.00295192600845614	0.0200807947449559
RGN	ENSG00000130988.12	1.57909584917504	2.25162346038667	2.75165313689639	0.00896274053136588	0.037541975046632
HMCN1	ENSG00000143341.11	1.5790127163691	4.46421325667479	2.71372901575701	0.00986812639771334	0.0397220638666635
CTSF	ENSG00000174080.10	1.57637281874299	6.28824649039422	4.19133966244449	0.000154739499226645	0.00712410585546397
RGS5	ENSG00000143248.12	1.57596821463382	8.24179209068421	3.40599984867257	0.00154519083200262	0.014627910386428
ZNF610	ENSG00000167554.14	1.57525554392739	0.892971483237345	3.59962009801852	0.000890688026401013	0.0116497433486764
ANGPTL1	ENSG00000116194.12	1.57519837011888	5.74714802009429	3.15205208812699	0.00312007330170385	0.0205979672241131
MYOT	ENSG00000120729.9	1.57133574464975	2.85557687329907	2.96426154500823	0.00516218921437441	0.0272808772719134
DTNA	ENSG00000134769.21	1.56894157506802	5.46054554376402	3.13608627235511	0.00325835086215051	0.0210136514143829
ENSG00000272250	ENSG00000272250.1	1.56817021446202	-1.31801726900235	3.95668077452046	0.000313097985830578	0.00862339213706812
SCUBE3-AS1	ENSG00000272374.1	1.56570788659336	2.15410119200821	3.3251563752932	0.00193753384007655	0.0161736713708079
GUCY1B1	ENSG00000061918.12	1.56516350790627	5.32792285530589	3.07909461698656	0.00380070584747516	0.0229091326146593
TPPP3	ENSG00000159713.10	1.56511370555095	4.76865470034836	2.64013760797462	0.0118708421895316	0.0446630925488346
DAB1	ENSG00000173406.15	1.56428558739658	0.901450255707364	2.88791185937074	0.00630797451898098	0.0306061424478173
PRSS23-AS1	ENSG00000255471.1	1.55956178726524	0.0116309928541499	2.63300857725255	0.0120835484802791	0.045236836268009
ZNF483	ENSG00000173258.12	1.5568180886482	0.810957937527989	2.65750433886497	0.0113670310093446	0.0434729334997986
TSHZ2	ENSG00000182463.15	1.55664298388917	4.25684804840301	2.6056980614538	0.0129312704098698	0.0472244061516964
PLP1	ENSG00000123560.13	1.55497178677814	6.21699612618442	2.62180286453592	0.0124249907922152	0.046037912223197
GALNT16	ENSG00000100626.16	1.55307232507139	4.08084808380067	2.96968170366018	0.00508876007381145	0.0271012000570045
NRN1	ENSG00000124785.8	1.55217688684161	4.2353518786277	3.38148892796205	0.00165531735802179	0.0150612552408091
MEGF6	ENSG00000162591.15	1.55076719029704	5.45076108381513	3.54258200112358	0.00104895697964247	0.0122724448825008
LRRC17	ENSG00000128606.12	1.54571278054138	1.319851690263	3.18484509257257	0.00285329365135876	0.0198116677855158
KATNAL1	ENSG00000102781.13	1.54451046842029	4.848009296066	3.54915323848362	0.00102943045884546	0.0121755433740777
ATP2B4	ENSG00000058668.14	1.54415242354873	8.89201787687587	2.92986735709934	0.00565181296819343	0.0287442055696206
ZNF273	ENSG00000198039.11	1.5412987522199	3.92822397905443	3.69667048402017	0.000672768537486001	0.0106269694465222
ENSG00000230289	ENSG00000230289.1	1.53861135143359	-1.30003838571978	2.74888581081826	0.00902610753856369	0.0376999532593779
RBPMS	ENSG00000157110.15	1.53858189443545	8.60701031206554	3.98776700923316	0.000285399229445646	0.00835187589041493
MYOM1	ENSG00000101605.12	1.53790237645642	4.95999438637544	2.88691581719805	0.00632438504523956	0.0306382769975985
LGI4	ENSG00000153902.13	1.53762017568279	7.06545112459392	4.14079374839476	0.000180295533383958	0.0073516534453861
SKIDA1	ENSG00000180592.16	1.53445800416556	0.599397063953966	2.76946686462304	0.00856461516969411	0.0365050451714752
TMEM200B	ENSG00000253304.1	1.53409160155057	4.40254919349317	3.19145057355363	0.00280224012243431	0.0196021132139892
DMD	ENSG00000198947.15	1.53344724428582	6.61216310472572	3.28145191422098	0.00218750822249346	0.0172267419014139
LINC00899	ENSG00000231711.2	1.53336616549121	-0.460923065693794	3.14070629535814	0.00321775244927627	0.0208615210570614
SSPN	ENSG00000123096.11	1.53318271015836	4.94887777881286	3.27292728876891	0.00223971910216229	0.017485135207654
MPZ	ENSG00000158887.15	1.53175917900941	4.1857659047854	2.77760614472027	0.00838822816389631	0.0360356133061072
RUSC2	ENSG00000198853.11	1.52987654272489	6.39922493881675	3.80513010907841	0.000490079831738565	0.00959820583911754
COLEC11	ENSG00000118004.17	1.52885107372363	1.50919990802094	2.85765669626269	0.00682462848259289	0.0319651302144787
ENSG00000275759	ENSG00000275759.1	1.52874607126458	-0.605248821254691	3.26410804468069	0.002294981289259	0.0176729555452491
TRPC1	ENSG00000144935.14	1.52855840560707	4.27665558558994	3.84826734003832	0.000431664495799537	0.00920171769497826
ENSG00000272696	ENSG00000272696.1	1.52781991746825	-1.08526531254077	3.36120169935249	0.00175210128515591	0.0154135673713341
NPTXR	ENSG00000221890.3	1.52545577830933	4.54484851487709	2.96712063847953	0.00512333284301063	0.0271979755391254
ENSG00000279377	ENSG00000279377.1	1.5253496619007	2.23984181051992	3.51281224113225	0.00114196409853166	0.0126838377874758
CLIP3	ENSG00000105270.14	1.52506172772007	6.50997383545844	3.00961070009193	0.00457729582288076	0.0254803705232206
PDLIM4	ENSG00000131435.12	1.52412864084629	6.1732079265428	2.86273895805637	0.00673516681225174	0.031751983701735
ENSG00000276248	ENSG00000276248.1	1.52207962116899	2.29456371116384	3.57391500901659	0.000958942094118534	0.0119198215828817
SMOC2	ENSG00000112562.18	1.5216885407839	5.86925246876979	3.8197815144958	0.000469428915883974	0.00946618107503684
PEF1-AS1	ENSG00000235790.7	1.520972800553	1.50227923501073	2.69927489643391	0.0102349461307343	0.0406927938669457
STON1	ENSG00000243244.5	1.51930128290226	6.17725249945237	3.09322915169887	0.00365875761556905	0.022471806911582
SPACA6	ENSG00000182310.13	1.51704123692801	2.93463255742887	3.59387230733434	0.000905531740193401	0.0116942742126359
PLCG1-AS1	ENSG00000226648.1	1.51680255964124	-0.933049626937584	3.31230220844107	0.00200807837759382	0.0164557608064232
FAM238C	ENSG00000283709.1	1.51361407264526	0.494913655695533	3.17359925620129	0.00294224683678544	0.0200671182802983
PLCL1	ENSG00000115896.15	1.50743146566631	3.60428083000071	3.00854959236866	0.00459023894034325	0.025537283109457
KIAA2013P1	ENSG00000261819.1	1.5055460138054	0.168181296016962	3.06894379002545	0.00390583662010793	0.0231695981294662
EGFLAM	ENSG00000164318.17	1.50478938691323	2.91557942939521	3.30917841980636	0.00202558805462882	0.0165053495370866
PMP2	ENSG00000147588.6	1.50403697096172	1.24300327885856	2.59893696300752	0.0131494117918939	0.0477907398841671
FBXL2	ENSG00000153558.13	1.50329336997181	3.06541558419671	3.3758819864395	0.00168154305134245	0.0151959149511829
PCDHB16	ENSG00000272674.3	1.50292517163387	1.9482856212559	3.26757563477402	0.00227310005863348	0.0175916270583286
C1QTNF3	ENSG00000082196.20	1.50274188086076	3.87922430087615	2.64493889708539	0.011729537035076	0.0443178766028562
LINC01341	ENSG00000227953.6	1.50192800911622	0.666846463659708	2.66127723208454	0.0112602187122535	0.0432316900763584
SOBP	ENSG00000112320.11	1.50165339105702	5.05146903080587	2.6414694210196	0.0118314897065927	0.0445417998936109
PRIMA1	ENSG00000175785.12	1.50133889960925	6.21050301831256	2.86717591893418	0.00665796048810418	0.0315203222760794
NEXN	ENSG00000162614.18	1.49970130729145	6.65593107437641	2.8587734129473	0.00680487666968599	0.0319124078926448
ABCA17P	ENSG00000238098.9	1.49954306760151	-1.09925771690771	2.91748960097833	0.00583842667860926	0.0292684694690052
P4HA3	ENSG00000149380.11	1.49738680975201	1.23526164207279	2.62643132522704	0.0122828978292052	0.0457188638581316
LOXL1	ENSG00000129038.15	1.49730308439718	3.97750997759635	3.05739755227494	0.00402875256969567	0.0236093699731744
HMGB3P22	ENSG00000225051.5	1.49699850379939	-1.48367218414182	2.70908720428975	0.00998457982584869	0.0400492469552816
SYNGR1	ENSG00000100321.14	1.49503169448678	4.85068043752595	2.90323746108423	0.00606044026397503	0.0299151613766042
EPHA3	ENSG00000044524.10	1.49424454639066	3.67151386648498	2.7409935737772	0.00920911546782451	0.0381149419825209
ENSG00000281205	ENSG00000281205.1	1.4935639803605	2.72232516403899	3.78574170751474	0.000518763690543946	0.00976236739652879
CTF1	ENSG00000150281.6	1.49125761419597	3.14250254148033	2.80034006124062	0.00791327885046195	0.034815461084417
GPR146	ENSG00000164849.9	1.48814512777679	1.4828891149192	3.49940391618042	0.00118639432396491	0.0128807269850856
FIGN	ENSG00000182263.13	1.48760773667904	3.76775396953014	3.59505107535352	0.00090246828714824	0.0116817087313703
COL6A2	ENSG00000142173.14	1.48758193312639	11.1129421324259	4.0169535455654	0.000261571849806505	0.00820174037239697
LAMA5	ENSG00000130702.15	1.48650041724974	9.05193934569278	3.62936018394144	0.000817550022988936	0.0114283359770506
ICA1L	ENSG00000163596.16	1.48609701255802	4.03261498192317	2.99805344351108	0.00472013580993969	0.0259296843469691
TMEM47	ENSG00000147027.3	1.48483702814932	5.81171092621631	3.7924365450766	0.000508680123619364	0.00970938016445009
CSPG4	ENSG00000173546.7	1.48277275322945	7.53434558449493	3.27368096723013	0.00223505567086693	0.0174782429385567
LDLRAD2	ENSG00000187942.11	1.48236616482402	2.93432929637394	3.48541172048766	0.00123452581905129	0.0131818441918256
BEND5	ENSG00000162373.12	1.4814946252282	2.88348866855224	2.69794621466691	0.0102692909067761	0.0407775521799301
ABCA9	ENSG00000154258.16	1.48124917955049	5.41721779195968	3.23059112124363	0.00251706169847381	0.0185685203537844
B4GALNT1	ENSG00000135454.13	1.48104431257715	2.38114610803735	2.98497023644662	0.00488688903924533	0.0265008613966337
DTX3	ENSG00000178498.15	1.4789563878132	6.49906565825564	3.82868187584602	0.000457298243640812	0.00940562460891892
SOX15	ENSG00000129194.7	1.47683584665639	2.27747914603645	3.2089970412296	0.00267079864620145	0.0191681085872968
SLIT3	ENSG00000184347.14	1.47564692054104	6.37119566857951	3.17945644079751	0.00289559427727868	0.0199212643647796
SBSPON	ENSG00000164764.10	1.47459915047695	3.48576012613733	2.87914589861713	0.00645377668234376	0.0309221514407603
IGFBP7	ENSG00000163453.11	1.47168740298471	8.26439902833451	4.31151694560318	0.000107362325660609	0.0066114072149428
ENSG00000271009	ENSG00000271009.2	1.47151861390541	1.4834436027856	3.90039414077396	0.000370043389284344	0.00910829556438955
PPP1CB-DT	ENSG00000226833.5	1.46901478013961	-0.25308408814579	2.65070757962919	0.0115618109416037	0.0439165625118664
SLC29A1	ENSG00000112759.16	1.46572357825569	6.84029859377511	3.57004215875003	0.000969652051870928	0.0119534934426034
MEIS1	ENSG00000143995.19	1.46433141817945	7.11658960299135	2.8135969833273	0.0076479913227433	0.0339665578207057
KIZ	ENSG00000088970.15	1.46338781593337	5.95207033437633	3.15754623059111	0.00307378792225855	0.0204422379350999
SLC4A3	ENSG00000114923.16	1.46270965146	2.54858746792109	3.20568126401052	0.00269518023056825	0.0192767993490224
CAV1	ENSG00000105974.11	1.46263000886597	8.1708450729664	3.27271078125154	0.00224106046660744	0.017485135207654
ENSG00000278875	ENSG00000278875.1	1.46089516860156	-0.230439988484141	2.60625602861621	0.01291341740279	0.0471926332779281
DUBR	ENSG00000243701.5	1.46075121668215	2.23433430090243	3.25209622670152	0.00237233772335824	0.0180029281293391
DOC2GP	ENSG00000231793.5	1.46008727828106	1.33267888751216	3.35150678503545	0.00180023863232888	0.015603168976335
NIBAN1	ENSG00000135842.16	1.45967678468467	7.94012922485518	2.83061916101718	0.00731949267877488	0.0330468056472956
NEGR1	ENSG00000172260.14	1.45936468333299	5.71433215734299	3.77333054763884	0.000537971066877248	0.00987700154260848
CALML6	ENSG00000169885.9	1.4587497766511	-1.37713804029184	2.94153081610068	0.00548109528826344	0.0282120941913302
GPER1	ENSG00000164850.14	1.45841904664614	3.39897020752234	3.43353363356345	0.00142984236600236	0.0141343680622402
CC2D2A	ENSG00000048342.15	1.45796514394969	4.49307535674925	3.22173912434013	0.00257903765517542	0.0187864706807699
MAP1A	ENSG00000166963.12	1.45763607071867	5.99895730190405	2.64620046972535	0.0116926660600807	0.0442141441394072
TMEM263-DT	ENSG00000260329.1	1.45746335952808	1.01567298556088	3.3197479114169	0.00196692304495977	0.0163253940679442
LGALS1	ENSG00000100097.11	1.45666208468973	8.26389972016787	3.72059955368419	0.000627527571898131	0.0103026423561108
VPS13B-DT	ENSG00000253948.1	1.4542092833528	0.0440631362772125	3.19250155126123	0.0027941974722954	0.0195905274764217
ENSG00000270028	ENSG00000270028.1	1.45413655197171	-0.273189895588364	2.83749096184606	0.00719064252437662	0.0327478981909673
NOVA1	ENSG00000139910.19	1.45367915541833	4.48535372754171	3.50858604674699	0.00115579288453926	0.0127694717396567
DLG2	ENSG00000150672.16	1.45251747116598	2.79320734147108	2.72272777086155	0.00964593888378806	0.0391895159924702
PLPP7	ENSG00000160539.4	1.45182424596135	3.10332218655388	3.45576647532323	0.00134276273170608	0.0137696378141888
SULT1C4	ENSG00000198075.9	1.45126117502864	1.43005774903628	3.45207938565011	0.00135684387202061	0.0138184644590631
PHYHD1	ENSG00000175287.18	1.4511071874527	4.13163543966982	4.19356393212987	0.000153700250063319	0.00712410585546397
JAZF1	ENSG00000153814.11	1.44988290264349	5.10261350721055	3.10937943316637	0.00350269742564156	0.0218708986198138
ENSG00000277050	ENSG00000277050.1	1.44777332190893	-0.975890479000341	2.61830677062008	0.0125333210448257	0.0463296272119499
RANP4	ENSG00000225125.2	1.44736665693233	-0.0755997463792374	2.9031013991775	0.00606259734846958	0.0299179462425002
IGFBP3	ENSG00000146674.14	1.44521455147874	7.1322315255407	3.64637038787314	0.000778355785530147	0.0112336091553584
ENSG00000275367	ENSG00000275367.1	1.44430636937392	1.11839293814557	3.25214413047343	0.00237202435454174	0.0180029281293391
ENSG00000260578	ENSG00000260578.1	1.44403097975916	-0.355260918903433	2.81730974599771	0.00757519208172915	0.0337389750246708
CLU	ENSG00000120885.21	1.44397510944049	9.20174852037234	3.06936461084184	0.00390142426428492	0.0231695981294662
TMEM91	ENSG00000142046.14	1.44269425578419	3.81370243962026	3.88294631755662	0.000389652558883737	0.00910829556438955
ENSG00000277135	ENSG00000277135.1	1.4426119462262	-0.76339230846216	2.60341259139953	0.0130046344527747	0.0474277755906826
MTURN	ENSG00000180354.15	1.43801237977776	6.52242527758927	4.37171839253027	8.93041604469051e-05	0.00659479510745007
ADRA1A	ENSG00000120907.17	1.43624428643436	1.00456641391665	3.04597533016982	0.00415392982417454	0.0239911162231384
CCDC74A	ENSG00000163040.14	1.4360302700251	1.97281686889668	3.39671652626524	0.00158604995714812	0.0147493911876613
TMOD2	ENSG00000128872.9	1.43546855352163	5.77055700722745	3.37078828659275	0.00170571182854309	0.0152628297111464
TUBG2	ENSG00000037042.8	1.43296452313189	4.90074295914176	3.89803814157749	0.000372634191212622	0.00910829556438955
TCF7L1	ENSG00000152284.4	1.43293364487642	5.37036045623539	3.89438027140534	0.000376691532938609	0.00910829556438955
LINC00304	ENSG00000180422.3	1.43025965701728	0.661805007595163	3.0841618394903	0.00374923006748861	0.0227872722750352
RASL12	ENSG00000103710.10	1.42977889883064	5.6056478998997	3.16010505873072	0.00305245373196446	0.0203735557902475
CDKN1C	ENSG00000129757.12	1.42971781016948	5.11315969583693	3.07699071406797	0.003822273862964	0.0229654343231573
PALM	ENSG00000099864.17	1.42768656075296	5.98795824716313	3.68660360557251	0.00069272817535826	0.0107884084490703
LCAT	ENSG00000213398.7	1.42657110047516	4.78208503928073	3.737686282383	0.000597036484179285	0.0101377812708857
ENSG00000280401	ENSG00000280401.1	1.42626780372131	-0.52078696760247	3.07613560588413	0.00383107291324333	0.0229756524319851
CYP2T1P	ENSG00000233622.1	1.42484247806036	0.142173747344262	3.98648737620255	0.000286490840670266	0.00835187589041493
ST6GALNAC2	ENSG00000070731.10	1.42479850260732	2.03699738564165	2.61642044500983	0.0125921310180406	0.0464555892321428
ENSG00000260077	ENSG00000260077.1	1.42477611185279	3.11042191496664	3.53534718767212	0.00107086684088939	0.0123696316147506
KCNIP3	ENSG00000115041.12	1.42383001969532	3.48998119076728	3.16070427029173	0.00304747812055755	0.0203548129659715
IL17D	ENSG00000172458.4	1.42347247255863	1.3111001181442	3.62095280110384	0.000837617498905207	0.0114914772709599
TNFSF12	ENSG00000239697.10	1.42331679580468	5.93758110817845	4.31565495403275	0.000106014146308905	0.00659479510745007
MMP17	ENSG00000198598.6	1.42102675550811	2.97528773379621	2.81894778985717	0.00754327916750201	0.0336606959667434
RASSF9	ENSG00000198774.4	1.42101088310317	1.48749738220848	2.85580063808691	0.00685757573271377	0.0320424253562378
IGF2	ENSG00000167244.18	1.42083885844556	5.91823038851614	2.84375211635966	0.00707508634671079	0.0325298094893322
ZSCAN16-AS1	ENSG00000269293.2	1.4208082558519	2.73574069350727	4.23678299774723	0.000134809446938351	0.00688041041411987
GLT8D2	ENSG00000120820.12	1.41894726601276	4.14543324906399	3.15271385657502	0.0031144634795211	0.0205967446490451
CDH19	ENSG00000071991.8	1.41852382851761	5.70389954974261	2.58567193116147	0.013587247144628	0.0488412776785461
ACSM5	ENSG00000183549.10	1.41793651745158	1.90263567087569	2.85953388351747	0.00679145647560569	0.0318838486797
KLF3-AS1	ENSG00000231160.9	1.41758742604109	2.33098023466232	3.28248835361553	0.00218123989636997	0.0172207010229595
FBXO17	ENSG00000269190.5	1.41712628662037	4.60392924535126	3.64593727586442	0.000779330887521667	0.0112336091553584
SPARCL1	ENSG00000152583.12	1.41648518942071	9.78382577528519	3.50692793789985	0.00116126226195953	0.0127772863527381
PCDHB10	ENSG00000120324.8	1.41587902566438	1.78841450664257	3.1030965833667	0.00356264597691122	0.0221568267345518
SLC25A27	ENSG00000153291.15	1.41507774520385	5.18495308009768	3.91272991635623	0.000356761111530011	0.00910829556438955
TBX19	ENSG00000143178.12	1.41449396072738	2.83382774272549	3.82668796505057	0.000459989144645688	0.00944209411446483
ENSG00000269976	ENSG00000269976.1	1.4143445192745	-1.3659733641072	3.1507064863108	0.00313150950821668	0.0206251507326661
BNAT1	ENSG00000273796.1	1.41291420538227	0.0402163340394319	3.1451085054797	0.00317951382898855	0.0207451520641814
ZBED8	ENSG00000221886.3	1.41168233111829	2.79122030171166	3.3408730663152	0.0018544882254706	0.0158394715101358
PGR	ENSG00000082175.14	1.41150286740289	3.86379427585224	2.79840900295811	0.00795262849060802	0.0349313069014499
ZNF519	ENSG00000175322.11	1.41077910532912	3.27723886266374	3.44933316647483	0.00136742358736215	0.0138229008707406
BEAN1-AS1	ENSG00000261656.5	1.40843348186118	-1.34246892640299	2.59195062363193	0.0133783666481731	0.0483531238587228
LHFPL6	ENSG00000183722.7	1.40801969436855	6.03879743583592	3.76055357396286	0.000558462667770924	0.00999909039663822
FAM181B	ENSG00000182103.4	1.40798318542536	1.26888917125249	2.64156763993774	0.0118285922917087	0.0445398196517386
STARD9	ENSG00000159433.11	1.40251367200851	6.8955755507319	3.49813308902607	0.00119069038765733	0.0128892071816601
FGF14	ENSG00000102466.15	1.40210210348588	-0.163809874306301	2.68582215953198	0.0105876402552745	0.0415931937407584
ELN	ENSG00000049540.16	1.40155080693256	6.82835483819117	3.34902217098004	0.00181277700474714	0.0156408163148575
ENSG00000280206	ENSG00000280206.1	1.40042382413827	2.5776181826646	3.10494804343705	0.00354488005230411	0.0220586172577464
INHA	ENSG00000123999.4	1.39981747622332	-0.375048599817172	3.03500125109991	0.00427764050199269	0.0244464692735763
FEZ1	ENSG00000149557.12	1.39863537092947	4.85594592466197	3.30308693304194	0.00206015181155397	0.016663984205257
FAM229B	ENSG00000203778.7	1.39829972641593	2.78817840118745	3.58629063178987	0.000925475955457079	0.0117447901320236
GUCY1A2	ENSG00000152402.10	1.39722156975407	2.52593922808665	2.90284636469907	0.00606664252342381	0.0299221848411097
RPS4XP16	ENSG00000224892.6	1.39620915537569	-0.974838831236286	3.46212449928953	0.00131880943572172	0.0136247958315321
NPIPB6	ENSG00000198156.10	1.39552836397988	-0.27442658665615	2.96896337931575	0.00509843483644155	0.0271195322180694
H1-10-AS1	ENSG00000206417.8	1.38934158219252	2.07054446174831	4.13816686886304	0.000181730754423149	0.0073516534453861
DLG5-AS1	ENSG00000233871.2	1.38861430830281	-1.36963935246359	2.5782135856204	0.0138392594003092	0.049453761426295
RGMA	ENSG00000182175.13	1.38846977710184	6.72332216320007	2.78107415899853	0.00831410276771632	0.0358813139207831
KCNA2	ENSG00000177301.14	1.3874648006931	2.64830529620494	2.96448457345089	0.00515914823886725	0.0272801582833346
DNAJC27-AS1	ENSG00000224165.5	1.38657560201919	-0.154005030834497	2.65213240156578	0.0115207256464655	0.0438375747755096
SPAG8	ENSG00000137098.13	1.3865284048994	1.79242642972702	2.95228409608593	0.00532799386884052	0.0277973280123785
NR1D1	ENSG00000126368.5	1.38611160456199	5.91894472948454	2.58893355854919	0.0134783681552905	0.0485736264814844
SELENOM	ENSG00000198832.10	1.38573824264871	7.30107037615731	3.26086341207258	0.00231563694424859	0.0177809865441034
ANKRD35	ENSG00000198483.12	1.38554508203232	3.1188195527255	3.61932462986734	0.000841558219420791	0.0114980176799636
CLEC3B	ENSG00000163815.5	1.38378561395427	3.35265725037469	2.64312449969481	0.0117827528151813	0.0444384866214329
YPEL4	ENSG00000166793.10	1.38151842657013	2.19892403463288	2.84766130814034	0.00700381872423049	0.0323749176046737
PIK3IP1-DT	ENSG00000228839.5	1.37773644557433	-0.292942886909397	3.15027124071195	0.00313521712679458	0.0206326727664527
GSTM2	ENSG00000213366.12	1.37722934559184	5.52695182878429	3.51825862896879	0.001124376728113	0.0125927511672143
ZEB1	ENSG00000148516.21	1.37628594583702	7.14081928375771	3.12326178763042	0.00337360066394567	0.0213956574215226
ENSG00000277010	ENSG00000277010.1	1.37559493657994	0.577444805320247	2.99834552047281	0.0047164748813677	0.0259247384319134
ENSG00000256164	ENSG00000256164.1	1.37407574983757	0.0188289657650553	3.3519937802067	0.00179779077788297	0.015603168976335
EFEMP2	ENSG00000172638.12	1.3737630926169	6.44433418660259	3.62284718076834	0.000833054833228762	0.0114914772709599
ZFP2	ENSG00000198939.7	1.37298565001257	2.12796032058968	3.75308348271964	0.000570790696602016	0.0099999007104534
CCDC69	ENSG00000198624.12	1.37285174656715	7.82395300382402	3.21548245583257	0.00262371396747671	0.018924191911347
SLC6A16	ENSG00000063127.15	1.37175136768868	2.63907473144488	3.36807390189529	0.00171872629781102	0.0153096013451802
PBX3	ENSG00000167081.16	1.37050738856674	5.71482570883847	2.97669208606633	0.00499524131411387	0.0268052555063915
WTIP	ENSG00000142279.12	1.37017870971888	4.38183617822592	2.93386221862546	0.00559278702009745	0.0285289858260375
NFATC4	ENSG00000100968.13	1.36889458828866	6.9857884839291	4.35795630918703	9.31495799960096e-05	0.00659479510745007
NACAD	ENSG00000136274.8	1.36819507776173	3.95899023522678	3.03017006282933	0.00433319534239082	0.0246400469030531
ENSG00000279086	ENSG00000279086.1	1.36801067516024	-0.167802832260414	2.813824107097	0.00764351927965356	0.0339547254282056
ENSG00000278959	ENSG00000278959.1	1.36746522879064	0.380945024100975	2.8060488311217	0.00779800656221975	0.0344702521762528
SPARC	ENSG00000113140.10	1.36725578416293	9.55327979451385	4.2999328656507	0.00011122640606915	0.00665025658162984
LAMB2P1	ENSG00000270441.1	1.36680608073007	-0.682513794863373	3.68063813000848	0.000704824341203031	0.0108162368310693
ENSG00000279010	ENSG00000279010.3	1.36405760116536	4.33709312786456	2.69655841574511	0.0103052775270105	0.0408858729430316
MIDEAS-AS1	ENSG00000259065.1	1.36243673010541	0.483517630105382	2.71935225705261	0.00972873490426336	0.0393888982478712
MROH8	ENSG00000101353.14	1.36114912783342	1.53609050487878	4.32621302781479	0.000102648981502729	0.00659479510745007
FAM162B	ENSG00000183807.7	1.35838604600372	0.909511237974813	2.73530229855056	0.00934321477876486	0.0384896137218593
RHOB	ENSG00000143878.9	1.35694214903273	9.63655418738812	2.93969999043842	0.00550756931982116	0.0282786131669986
RUSF1-DT	ENSG00000260625.2	1.35657733675257	-1.22510353083988	3.06172294061367	0.00398228528667902	0.0234394491552508
NUPR1	ENSG00000176046.8	1.35624580285128	7.07044437108999	4.7240270657144	3.00290384967638e-05	0.00517436147748823
AQP1	ENSG00000240583.11	1.3559912134295	7.7332117282358	3.34289458955992	0.00184405646286274	0.0158078815543076
ENSG00000274403	ENSG00000274403.1	1.35545109191611	0.00160310764398877	3.16855878157386	0.00298296370619842	0.0201604981395533
EML1	ENSG00000066629.16	1.35537519884484	5.77992162084134	2.8422501880723	0.00710264706114082	0.0325688274175651
COL16A1	ENSG00000084636.17	1.35326848764596	7.66877251456786	3.63037852726759	0.000815151033990735	0.0114105989593846
ANKRD29	ENSG00000154065.16	1.35182786601527	2.92143223102009	2.88444981351611	0.00636518613348051	0.0307407883669403
LINC02609	ENSG00000233593.8	1.35152104364861	0.167394047888517	3.29089860475768	0.0021310037637313	0.0169595392755938
SGCE	ENSG00000127990.15	1.34735167286966	5.25064662863355	3.57329207798622	0.000960657032605418	0.0119253538574983
P2RX7	ENSG00000089041.16	1.34474255021112	3.17266206036831	2.79516336528233	0.00801917589790525	0.0351195508064583
ARHGAP10	ENSG00000071205.11	1.34458422888588	5.98915500257621	3.36852345261813	0.00171656433569766	0.0153096013451802
NFASC	ENSG00000163531.15	1.34433267968697	6.62272214698105	3.71634429996885	0.000635351891958214	0.0103586625301729
ENSG00000283633	ENSG00000283633.1	1.34394868769756	1.2656809914622	3.17396913666455	0.00293927978462836	0.0200671182802983
ABHD1	ENSG00000143994.13	1.34281176190186	-1.31557766570057	2.64668824364353	0.0116784389309307	0.0441859680341803
MICU3	ENSG00000155970.11	1.34275852744159	3.32686529247503	3.44020272920143	0.00140316924235987	0.014012383101634
ZNF436-AS1	ENSG00000249087.6	1.34158005139587	3.02946155088449	3.47778452682959	0.00126154542217395	0.0133339032747727
DPYSL3	ENSG00000113657.12	1.33910439629965	8.50326913188395	2.70914530697702	0.00998311432487723	0.0400492469552816
SHANK1	ENSG00000161681.15	1.33892326508131	-0.770755930968935	2.77696240034671	0.00840205494838551	0.0360702619521318
FAM66C	ENSG00000226711.6	1.33644184472137	1.02314481236781	3.27506608494718	0.00222650925570614	0.0174315534975709
EFS	ENSG00000100842.12	1.33599569235061	5.01597176610779	3.08267123095959	0.00376430380742077	0.0228141833207411
REM1	ENSG00000088320.3	1.33530969380062	2.26107567710444	3.13750169173497	0.00324586166148318	0.0209606483232924
ADARB1	ENSG00000197381.15	1.33283442773976	6.28274604040716	3.28170160559232	0.00218599653738146	0.0172267419014139
APBB1	ENSG00000166313.18	1.33256898590574	5.99324813059346	3.68539758556012	0.000695157346257123	0.010793298575587
GNRH1	ENSG00000147437.9	1.33215311149213	2.58143930691035	4.30208963915028	0.000110496801256574	0.00665025658162984
LYNX1	ENSG00000180155.19	1.33161166627995	4.98622680166751	2.85323066689121	0.00690344088783539	0.0321339347596838
CAND2	ENSG00000144712.11	1.32975520299406	3.56469408163432	2.77552702243341	0.00843296125363445	0.036136864765175
TCEA2	ENSG00000171703.16	1.32898323449782	5.07779457265192	4.09668650242919	0.000205928231837721	0.00759871129739897
ENSG00000239467	ENSG00000239467.5	1.32810575050134	-0.0959215910574225	3.01785461777732	0.00447790185504471	0.0251431846461733
RIMKLB	ENSG00000166532.15	1.32602275584168	5.98327949782134	3.82435176557723	0.000463161504043753	0.00945139485446645
SLC45A1	ENSG00000162426.14	1.32556564989361	2.82352090203218	3.3662214801385	0.00172766235929175	0.0153559685091218
TTLL7	ENSG00000137941.16	1.32386422328109	4.79389144507248	3.32132300531616	0.00195832052212148	0.016289271942642
HOXB2	ENSG00000173917.10	1.32302794109679	4.77573761839822	2.69563317777747	0.0103293343405547	0.0409678210264103
PDE1A	ENSG00000115252.18	1.32302139725887	4.12041353731328	2.96614429382423	0.00513657083573804	0.027214407175411
RHOD	ENSG00000173156.6	1.31992933973348	2.19780235107554	3.0980576920762	0.00361142426974986	0.0223237038920653
MAMDC2	ENSG00000165072.9	1.31883168267865	5.83789039177169	3.04513754892358	0.00416325397615124	0.0240080553208697
SLC20A1-DT	ENSG00000237753.1	1.31757820894047	2.33692326516933	2.69781667973525	0.0102726449179909	0.0407822483301003
HIF3A	ENSG00000124440.15	1.31736565220382	6.52769324419195	2.61247553093054	0.0127159426883134	0.0467470807539444
ENSG00000279926	ENSG00000279926.1	1.31715761204865	1.08161745190997	2.91707114024086	0.00584483532512825	0.029281861050029
CDKN2A	ENSG00000147889.17	1.31585323923899	0.254855606792779	2.74350592145229	0.00915048836384978	0.0379958873237582
PCDHB7	ENSG00000113212.6	1.31260340503881	1.50837543674055	2.88562866732795	0.00634565089425406	0.0306953852161194
SNTA1	ENSG00000101400.5	1.31241491751347	4.76238959791943	4.00710744925953	0.0002693851277442	0.00825381968889324
LURAP1	ENSG00000171357.5	1.31144163734828	0.678851427679075	2.8826486982471	0.00639514167797262	0.0308320169395026
GLIS2	ENSG00000126603.8	1.30724105666252	4.83166342770851	3.12809522262783	0.00332971854351042	0.0212067730363556
LARP6	ENSG00000166173.10	1.30578801023592	4.19586192897204	3.44604084202325	0.00138021131156058	0.0138664289973064
RPS28P4	ENSG00000237039.1	1.3050953641272	-1.07525637515136	2.65969168104777	0.0113049931066602	0.0433504247711908
ENSG00000254910	ENSG00000254910.1	1.30429530955898	0.194818486395387	2.79758335887008	0.00796950831983013	0.0349809079838863
FGFR1	ENSG00000077782.19	1.3029904449114	7.79571281386559	3.68780334036887	0.000690319793249138	0.0107777110197883
IRAG1	ENSG00000072952.18	1.30161591974569	7.57406052364005	3.18355503082088	0.00286336689557888	0.0198295899027167
DIXDC1	ENSG00000150764.13	1.3014697667714	6.2144536179505	3.11863690364884	0.00341610091359016	0.0215378339573852
ENSG00000279026	ENSG00000279026.1	1.30080026765095	1.86543037636958	3.32713222751597	0.00192690199340331	0.0161279292513819
SEPTIN4	ENSG00000108387.14	1.30069064566029	4.04956720308742	3.69962313676047	0.00066702037099012	0.0106269694465222
ZNF83	ENSG00000167766.18	1.30059298439094	6.86724180116735	4.43875054395671	7.26911113034852e-05	0.00628345661602394
TNXB	ENSG00000168477.17	1.29961746506118	6.8865134749198	3.64457438558115	0.000782406966883534	0.011260664867438
ENSG00000267199	ENSG00000267199.1	1.29855823927577	1.16387477847781	2.89613244290075	0.00617404652493569	0.0302456603425715
TCP10L	ENSG00000242220.6	1.29737312409764	-0.629165308169458	3.30091960730139	0.00207258442670621	0.016699820121148
ABCA6	ENSG00000154262.12	1.29733865442955	4.74449946723822	2.94402901372017	0.00544516336346039	0.0281643359194597
NIM1K	ENSG00000177453.7	1.29588790678855	0.989824081912801	3.07237053060372	0.00387004332251389	0.0231182043461954
LRRC2	ENSG00000163827.12	1.29341565267395	2.40638898451203	2.74019676864192	0.00922778198793227	0.0381599123322701
RPL23AP1	ENSG00000239257.1	1.29318221501203	-0.0100893612363197	3.87884621328084	0.000394404836390652	0.00910829556438955
CCDC9B	ENSG00000188549.12	1.29270839856114	7.13094531597721	2.9559413338692	0.00527684398338765	0.0276029230847138
ENSG00000272010	ENSG00000272010.1	1.29247774243649	0.199894371035196	2.94249860186136	0.00546714919467395	0.0281793492751649
PNMA8B	ENSG00000204851.6	1.29186577981681	1.46588969412835	3.07424391626481	0.00385060632897374	0.0230545387538364
TTC7B	ENSG00000165914.14	1.29116995300008	5.04083353246155	3.02882783269118	0.00434875010055952	0.0246941174621484
ADAMTS10	ENSG00000142303.13	1.29047124523746	4.89508591493651	3.56180641292128	0.000992810819788744	0.0120458480731733
BOC	ENSG00000144857.14	1.2881701608535	6.5001293171477	2.68006872417543	0.0107418801788442	0.0419534193219071
MPDZ	ENSG00000107186.16	1.28798015541398	5.79902620408166	2.90508937591384	0.00603115187203026	0.0298097617001243
BGLAP	ENSG00000242252.1	1.28739518034485	1.99262187417536	3.3016819773585	0.00206820305166564	0.016699820121148
ENSG00000267834	ENSG00000267834.1	1.28677101919537	-0.486429769314563	3.09709080580709	0.00362085593013785	0.0223412996320135
CCDC40	ENSG00000141519.14	1.28639276491266	2.72155022072373	3.46380311822914	0.00131255403100362	0.0136201048675746
PIP4P2	ENSG00000155099.7	1.28623958400892	4.21398966221018	3.12160434421167	0.00338877388637236	0.0214375045920666
ENSG00000279118	ENSG00000279118.1	1.28561881916567	2.94480798640575	3.62036878858614	0.000839028956529887	0.0114914772709599
ENSG00000280047	ENSG00000280047.1	1.28559173847138	0.693010077990685	3.60363647311821	0.000880455009698023	0.0116009770229244
MTSS2	ENSG00000132613.14	1.28418331504274	5.0409288387572	3.02639281534201	0.00437710316793372	0.0247772006329509
ANK2	ENSG00000145362.17	1.2828606580015	6.1744346361869	2.94280359479299	0.0054627610500758	0.0281793492751649
CEP112	ENSG00000154240.16	1.28204130449921	3.83555266112123	3.67363887433938	0.000719276619541162	0.0109180958092928
MYH10	ENSG00000133026.12	1.28183175631443	5.71477376869954	2.92151190871299	0.00577716047592302	0.029090356061757
DSTN	ENSG00000125868.15	1.28085210548569	10.0385241904868	3.68025747851675	0.000705603064977615	0.0108184789929874
PCDH9	ENSG00000184226.14	1.27939493808471	3.00254233475313	2.60177733988839	0.0130573608277098	0.0475581567945615
CD34	ENSG00000174059.16	1.27913167449988	6.49022792395507	3.50776504634499	0.00115849790932495	0.0127755329501164
ENSG00000224097	ENSG00000224097.5	1.27790160404331	-1.31794815073249	2.71297768847889	0.00988688998828633	0.0397890653010486
TRNP1	ENSG00000253368.3	1.27772611641563	3.55482432171026	2.91117576201003	0.00593582473232111	0.0295720583879191
COL12A1	ENSG00000111799.20	1.27712200029153	7.6678785374958	2.94122964231239	0.00548544209569669	0.0282267324496919
MRNIP-DT	ENSG00000245317.2	1.27545711855587	0.934620471113574	4.43718493672144	7.30420587163263e-05	0.00628345661602394
ZNF667-AS1	ENSG00000166770.10	1.27328859455271	3.86930463624025	3.43789798583626	0.0014123327613222	0.014050017967772
SMIM1	ENSG00000235169.7	1.27165501293974	-0.527508668033192	2.71747078380749	0.00977516954424302	0.0395257770462804
C3orf18	ENSG00000088543.14	1.27136320578436	3.64311904218024	3.17099295221136	0.00296323430470015	0.0201000387959962
CTIF	ENSG00000134030.13	1.27133760935221	6.26176700379506	3.86524226163614	0.000410578860646206	0.00914773380336064
CBX7	ENSG00000100307.12	1.27131636358311	7.02538761916517	3.92250330503395	0.000346567614214611	0.00907865256581912
ENSG00000259921	ENSG00000259921.1	1.27046388050346	-0.143648607376778	2.72785308979126	0.00952146959694181	0.0389430397484688
MAGI2-AS3	ENSG00000234456.7	1.27030391280563	3.57507726105587	3.25260833035842	0.00236898976783796	0.0180029281293391
SCN4B	ENSG00000177098.8	1.26861518861915	3.14943366814352	2.76079452185763	0.00875633979902149	0.0369825891848936
ENSG00000260331	ENSG00000260331.1	1.26808594783085	-0.720317482624765	3.4312142547489	0.00143923199008943	0.0141934419668553
NR2F2-AS1	ENSG00000247809.7	1.26751396824807	1.2645525738636	2.70375175249513	0.0101200051948363	0.0403639706029762
JAM3	ENSG00000166086.12	1.26724822932865	6.42520402720792	3.56128971756052	0.000994281349750099	0.0120559020729544
ZNF208	ENSG00000160321.14	1.26694485593069	1.51089345739585	3.23217432999178	0.00250612730287234	0.0185217737378503
ENSG00000272341	ENSG00000272341.1	1.26495822651456	2.67715961837143	2.57505126968637	0.013947400325618	0.0497077937221552
MCAM	ENSG00000076706.16	1.26373665078044	8.58463820295501	3.02780282654586	0.00436066401792902	0.0247139383176653
RRAS	ENSG00000126458.3	1.26353266309175	6.88894488712942	4.07945934137608	0.000216876723239656	0.00767114616927914
CDH13	ENSG00000140945.16	1.26349805131469	3.96928383538493	2.70143206174269	0.0101794121835284	0.0405492512473024
ZNNT1	ENSG00000261087.1	1.2620557509278	3.40516244703874	3.24201144406933	0.00243919224567059	0.0182594295568693
CALHM5	ENSG00000178033.5	1.26186857872102	3.09828419894099	3.34758702375354	0.00182005726833709	0.0156665057808924
FBLN5	ENSG00000140092.14	1.26156902358496	6.85482255865989	4.23955138330497	0.00013368001707761	0.00686004940096086
CD27-AS1	ENSG00000215039.6	1.25943326066567	4.92114253663425	3.30105831827542	0.00207178659102566	0.016699820121148
RAI2	ENSG00000131831.17	1.25936728882109	5.23866576215846	4.23253191174868	0.000136561973255671	0.00690240697875393
ZNF540	ENSG00000171817.16	1.25899863800809	2.92002571925726	3.34264575353275	0.00184533751500133	0.0158116465359284
ENSG00000270021	ENSG00000270021.1	1.2588844336556	-0.126234681340283	2.88805203022649	0.00630566829881946	0.0306061424478173
SMIM10	ENSG00000184785.5	1.25776933767409	3.72662984728238	3.6561577467639	0.000756631667523286	0.0111546750230945
PLEKHH2	ENSG00000152527.13	1.25536360123914	5.81881982937632	3.5970617540113	0.000897265817837841	0.011662592796284
EPM2A	ENSG00000112425.14	1.25520065867807	4.57340668701365	2.72241310985105	0.00965362935758282	0.0391975181048473
PDE10A	ENSG00000112541.13	1.25271390995047	2.55020537100954	2.82741495293453	0.00738030605505335	0.03323662555762
SDAD1P1	ENSG00000228451.3	1.25248410037306	0.944003706805197	2.99225579714054	0.00479335932708124	0.026215942402215
MELTF-AS1	ENSG00000228109.1	1.25156432034501	1.63930799873439	2.99666810212162	0.00473753626264219	0.0260100573180198
COL5A1	ENSG00000130635.15	1.25072870263853	8.19872984672467	3.8804168006942	0.000392577819972703	0.00910829556438955
RPH3AL-AS1	ENSG00000262061.5	1.25061593931895	-0.50667139417052	2.76939427014508	0.00856620375467631	0.0365050451714752
LINC01359	ENSG00000226891.7	1.25041184217016	0.239504083797456	2.81744809138132	0.00757249193817135	0.0337389750246708
NHSL2	ENSG00000204131.9	1.24980233171501	5.05006449544126	2.68917261206561	0.0104987654565698	0.0414086125168613
DDR2	ENSG00000162733.16	1.24883189664508	7.99432337408521	2.77274691240192	0.00849312265084074	0.0363200887131354
ARMCX1	ENSG00000126947.12	1.24801871950124	5.0277229931178	3.45705403801315	0.00133787854117723	0.013746189693868
CCDC102A	ENSG00000135736.5	1.24725510028479	3.80339589643015	2.99045083005225	0.00481637288196556	0.026285581561648
IER5L-AS1	ENSG00000204055.4	1.24702288204434	-0.894517062389593	2.6713299311277	0.0109801255013641	0.042493472524196
GSTT2B	ENSG00000133433.10	1.24685972537837	1.19126485565649	2.6298496794906	0.012178916569068	0.0454624317845732
DIRC3	ENSG00000231672.6	1.24676953615594	1.57315295513645	2.75393380158005	0.00891082766929016	0.0373745344539097
ENSG00000242282	ENSG00000242282.6	1.24675329183206	2.43806819676028	3.75247011855891	0.000571814551879059	0.0099999007104534
ENSG00000273466	ENSG00000273466.1	1.24616504735286	1.30516731031214	2.73748540526377	0.00929156333410628	0.0383631880723641
DZIP1	ENSG00000134874.17	1.24590419701416	4.90891625137061	3.02597440702276	0.00438199255378686	0.0247974040811162
RUNX1T1	ENSG00000079102.16	1.24540303049572	4.56572764558213	3.17353640569729	0.00294275128367083	0.0200671182802983
C16orf86	ENSG00000159761.14	1.24504788771954	2.22310910967641	4.17409108292451	0.000163035026522098	0.00719044783175699
HMCN2	ENSG00000148357.16	1.24491713155422	7.32166019424088	2.68788449245529	0.0105328525069164	0.0414855933264487
SLIT2	ENSG00000145147.19	1.24360430300515	5.12440156625972	2.72419331630087	0.00961019489761574	0.0391239481846322
ACACB	ENSG00000076555.15	1.24325097994956	7.2764776794264	3.31387171012432	0.00199933543484562	0.0164195531863885
CDKL3	ENSG00000006837.11	1.24324857906815	1.06738479815739	4.76987389504402	2.60237578138939e-05	0.0048458128707285
ODAD1	ENSG00000105479.15	1.2424883842534	-1.18616122334537	2.68460003734037	0.0106202311492102	0.0416689328273379
NAALAD2	ENSG00000077616.10	1.24197112394357	2.05541833362672	2.88461100732994	0.00636251161539917	0.0307407883669403
PDGFB	ENSG00000100311.16	1.24137006888098	5.11137262667492	3.39169877311117	0.00160856282283471	0.0148454724664537
PRSS53	ENSG00000151006.7	1.23836135858365	2.60232290250022	3.53366311092895	0.00107602960510543	0.0123835711048346
NAB2	ENSG00000166886.12	1.23531721096897	5.31652590549944	3.40517864568686	0.00154876425380419	0.0146390070686648
PDE2A	ENSG00000186642.15	1.23487822829213	5.86550840387844	3.24449306177878	0.00242257681669418	0.01820033510846
TECTA	ENSG00000109927.9	1.23357935054249	1.29235404964279	3.47846602194163	0.00125910832011401	0.0133203446674304
PTCH2	ENSG00000117425.13	1.23205396233591	3.08150074735102	3.07042944901744	0.00389028030347853	0.0231544524287509
C1GALT1C1L	ENSG00000223658.7	1.23186202634811	0.152674651459034	2.93601035136344	0.00556128666610991	0.0284455572338988
ACAD11	ENSG00000240303.7	1.23183639465762	5.82724561973176	4.41888827092222	7.7268819896673e-05	0.0064788525683005
ZCCHC24	ENSG00000165424.6	1.23108072859265	7.13526099689303	2.81862727415057	0.0075495136919763	0.033680514527957
ADCY5	ENSG00000173175.14	1.23107224793335	6.72505286592423	3.14308864563595	0.00319700509404124	0.0207860033201411
ENSG00000278867	ENSG00000278867.1	1.23016290816905	1.37951960457583	3.97022851055733	0.000300719317367418	0.00849339882525541
HTRA1	ENSG00000166033.11	1.23012075588703	6.86225017272704	3.53959404005121	0.00105795298760065	0.01230298269762
FBXL7	ENSG00000183580.9	1.22778800221923	5.14628243831051	3.71587251783903	0.000636225158985888	0.0103639036739575
JAM2	ENSG00000154721.14	1.22757056634932	5.19559871588625	3.07366431203207	0.00385661005203433	0.0230684235660219
CORO2B	ENSG00000103647.12	1.22628558800711	3.5741765724485	3.33980323959446	0.00186003166132954	0.0158651746880524
WHAMMP2	ENSG00000248334.6	1.22594318978277	2.5818330126228	3.37698764095779	0.0016763402853985	0.0151735051760745
GKAP1	ENSG00000165113.12	1.22581557354751	3.28207639421941	3.81783079091172	0.000472128985211186	0.00946618107503684
NR2F1-AS1	ENSG00000237187.8	1.22576321035755	2.50094256101272	2.9993352670028	0.00470408911606098	0.0259220705679387
CEROX1	ENSG00000260807.6	1.22440937678628	3.36555178171434	2.73637730574901	0.00931774737075294	0.0384290582163992
WDFY3-AS2	ENSG00000180769.8	1.2239839535574	1.68034007743362	3.5643886333157	0.000985493027221901	0.011988037588913
SCNN1D	ENSG00000162572.20	1.22080896383788	3.67279724154127	2.664878902473	0.0111591181904865	0.0430017558173403
LIFR-AS1	ENSG00000244968.6	1.22044464396806	0.506827537662627	2.82506221247973	0.00742525861162408	0.0333244942285747
PCDHGA3	ENSG00000254245.2	1.21984432834558	-0.145390896046698	2.58510578013346	0.0136062282861995	0.0488720940278064
TENM4	ENSG00000149256.15	1.21981772303725	1.84816334340616	2.66164753757253	0.0112497852380572	0.0432092978202844
GIHCG	ENSG00000257698.1	1.21933812629425	1.96229385513693	3.13389260724615	0.0032777969272928	0.0210479113683833
DKK3	ENSG00000050165.17	1.2186540958449	6.63816757760647	3.90725785572331	0.000362594902613791	0.00910829556438955
CCDC81	ENSG00000149201.9	1.21737959533151	-0.103652504727029	3.25259733688625	0.00236906159212628	0.0180029281293391
PLXDC1	ENSG00000161381.13	1.21737825175254	4.51146812712197	2.85091576148061	0.00694499885582435	0.0322474582225199
TUB	ENSG00000166402.8	1.2167330001195	4.68016618104968	3.30471932854356	0.00205083470620974	0.0166306865180133
UCN	ENSG00000163794.6	1.21613840530994	0.117194222009861	3.60012591930381	0.000889393009769556	0.0116497433486764
ENSG00000197813	ENSG00000197813.5	1.21597978837834	0.165659238780524	3.50617753702459	0.00116374566305303	0.0127821468090421
PREX2	ENSG00000046889.18	1.21593928747616	4.49204903329124	3.04623237609948	0.00415107295852091	0.0239893699405969
ADAMTS12	ENSG00000151388.10	1.21476978860838	2.33007198935126	2.79796730299435	0.00796165465717503	0.0349546044345632
NME4	ENSG00000103202.12	1.21405017372437	6.77114587870477	3.75701534917351	0.000564269424530716	0.0099999007104534
LTBP3	ENSG00000168056.15	1.21122269984735	7.86731988023796	3.92647010557763	0.000342511504634109	0.00903518410117673
ETV1	ENSG00000006468.13	1.21109374220301	3.3736097324258	2.72072671012415	0.00969494265135543	0.0393029166582684
PTH1R	ENSG00000160801.13	1.21033963247439	3.27647518723701	2.69178783193814	0.0104298731583859	0.0412321358999799
TIMP3	ENSG00000100234.11	1.20934808636028	9.00687538708993	3.18586157280607	0.00284538030217633	0.0197933084575836
AMH	ENSG00000104899.7	1.20920870920266	0.510543475623219	2.97659314699828	0.00499654986305381	0.0268052555063915
HOXD-AS2	ENSG00000237380.6	1.20917740735657	0.645391968433975	3.11734357127841	0.00342807622790712	0.0215771205471017
EBF4	ENSG00000088881.20	1.20812004726531	5.52824759872207	2.83088622736348	0.00731444510601179	0.0330468056472956
OSER1-DT	ENSG00000223891.5	1.20725669601539	2.98554971346057	3.15031886913021	0.00313481120400109	0.0206326727664527
WWTR1	ENSG00000018408.14	1.20710582591255	7.36044035999852	2.95306694192293	0.00531700607413139	0.0277660942399543
LAMB2	ENSG00000172037.13	1.20708891787584	8.24098556443822	4.33735315078594	9.92117900183908e-05	0.00659479510745007
LAT	ENSG00000213658.11	1.20613079865421	4.57649172925661	3.19910184674291	0.00274418677385331	0.0194482233979812
ANKRD37	ENSG00000186352.8	1.20509768009337	2.12631712020886	2.74477836316594	0.00912092737642743	0.0379422498303566
TFAP2A	ENSG00000137203.10	1.20191049230038	1.1041631349678	2.60935647320608	0.0128146259130729	0.0469627910047483
TET1	ENSG00000138336.8	1.20014322816631	1.12428061175505	2.64902352091305	0.0116105455454584	0.0440454991789134
GMPR	ENSG00000137198.9	1.19992957619277	3.42143352861781	2.86604039625578	0.00667764033685046	0.0315754873294859
ANKRD65	ENSG00000235098.8	1.19855377944167	3.24895809621832	2.63078074756704	0.0121507355803243	0.0454253229919334
PODN	ENSG00000174348.13	1.19771001166968	6.52612767021289	2.78728555891122	0.00818285950235203	0.0355567322078814
KIF27P2	ENSG00000165121.11	1.196975766583	3.26083393085926	3.60724144890557	0.000871366622579528	0.0115752590647061
KLHDC1	ENSG00000197776.7	1.19673707253062	3.27216000139889	4.1903599131539	0.000155199444633731	0.00712410585546397
ENSG00000272983	ENSG00000272983.1	1.19654523622967	0.684479117258541	2.60125273985601	0.0130743173760412	0.0475895017358151
UBE2Q2P13	ENSG00000259658.4	1.19622435149859	0.537703796910689	3.42802471210711	0.00145224076365504	0.0141934419668553
IGFBP6	ENSG00000167779.7	1.19445416829071	5.86551080891292	2.73455043265396	0.009361065139164	0.0385146824630402
GNB3	ENSG00000111664.10	1.1932853381213	2.00010268068916	2.87082935776675	0.00659500922526161	0.0313357550097963
ENSG00000270055	ENSG00000270055.1	1.19190133581204	3.1109875189603	4.77995132959694	2.52167340847989e-05	0.0048458128707285
MXRA8	ENSG00000162576.16	1.19038523078032	7.05393573061958	4.11591170659428	0.000194345925427015	0.00747663360392473
CLDND2	ENSG00000160318.6	1.19011154560932	0.166771000167156	3.0564488734638	0.00403901227534017	0.023654732945257
SMARCD3	ENSG00000082014.16	1.18818061508691	5.27605983521696	3.30771554490885	0.00203383779319537	0.0165509278300673
ENSG00000272070	ENSG00000272070.1	1.18690302549981	0.202311254714766	3.07599345585641	0.00383253748639173	0.0229756524319851
RARRES2	ENSG00000106538.9	1.18648506155617	7.09054346843177	4.11658142612318	0.000193954123155973	0.00747663360392473
HSPA12A	ENSG00000165868.13	1.18601874859532	5.01395266135781	3.22778824719128	0.0025365309091457	0.0186462323035517
ETNK2	ENSG00000143845.14	1.18564831054145	2.33308304388452	3.0313209690059	0.00431989952061234	0.0246120766334168
HSPB1	ENSG00000106211.8	1.18291965021959	9.35917209308107	2.70397881238284	0.0101142074809501	0.0403494148061181
CASTOR3P	ENSG00000239521.7	1.18140278298026	3.40858532524577	3.5538351350515	0.00101573174554165	0.0121049959674894
PXDC1	ENSG00000168994.13	1.17997295055652	5.5119083466568	3.31109963591034	0.00201480197577803	0.0164728223766003
MFAP4	ENSG00000166482.11	1.17795074895572	8.25501029384073	3.44895936717178	0.00136886973130473	0.0138300760050379
PELI3	ENSG00000174516.14	1.17671218825583	3.97662529541308	3.11834628017673	0.00341878842483554	0.0215475450319668
TSPOAP1	ENSG00000005379.15	1.17542899205499	5.58756931796775	2.71670514343188	0.00979412416025278	0.0395428288860421
MRFAP1P1	ENSG00000260081.1	1.17512624437681	-0.407678996360948	3.31544983675317	0.00199058103353408	0.016372957370251
FAM149A	ENSG00000109794.13	1.17511658929197	3.72954952283084	3.83365668986345	0.000450650766862732	0.00934229878942145
CAVIN3	ENSG00000170955.9	1.17505176739403	5.38846599705033	2.86819649304689	0.00664031904737586	0.0314813943429221
GNG11	ENSG00000127920.5	1.17461914711209	5.36773250262337	3.45473480576495	0.00134668854960102	0.0137914418422063
DZIP1L	ENSG00000158163.14	1.17437777564393	3.07748178155287	3.33333623197792	0.00189387932211889	0.0159930810696254
N4BP2L1	ENSG00000139597.17	1.17427003384107	4.70494141705861	4.04876532138769	0.000237806445854672	0.00787739094540114
COLEC12	ENSG00000158270.11	1.17341110386789	5.11907373095553	3.08479779486464	0.00374281634115809	0.0227691275401039
ZSWIM8-AS1	ENSG00000272589.1	1.17312902529771	0.982719955892088	3.05331784768019	0.00407304854611484	0.0237577632897916
GSDME	ENSG00000105928.13	1.17302532893693	2.86773145961112	2.66516710521344	0.01115106450183	0.0429795389848903
LOH12CR2	ENSG00000205791.3	1.17214606124011	0.400247670070184	3.18511364463465	0.0028512009343439	0.0198116677855158
LINC02381	ENSG00000250742.2	1.17127959302522	2.82262897087336	2.87599685942589	0.00650691833926819	0.0310816226470333
AOC2	ENSG00000131480.8	1.17063102740436	1.17529368234551	2.62972698874511	0.0121826345787267	0.0454624317845732
ZNF853	ENSG00000236609.3	1.16940800821088	4.30538732999809	2.68733941884072	0.0105473073609084	0.0415206142599344
PYGO1	ENSG00000171016.11	1.16878112692101	3.71790932085429	2.61298401173415	0.0126999213559263	0.0466973224171903
ILK	ENSG00000166333.13	1.16767707735285	8.28865620619358	3.50238049342037	0.00117639006153603	0.0128554064991504
ENSG00000280132	ENSG00000280132.1	1.1665554881456	-0.132771451448635	2.78513613076022	0.00822805622100366	0.0356492161344615
CROCCP3	ENSG00000080947.14	1.16424211098066	3.19330427980015	2.8679833093105	0.006644000488427	0.0314813943429221
ASIC3	ENSG00000213199.7	1.16418900103081	2.96964825340923	3.0942059582031	0.00364913512894824	0.0224420615559613
ENSG00000240401	ENSG00000240401.8	1.16397442524818	-0.155557079608775	3.66803742375771	0.00073104820313356	0.0109581383489661
GAMT	ENSG00000130005.12	1.16295175844975	2.44871229041505	2.7273711770004	0.00953310926377684	0.0389664544488045
LRP2BP	ENSG00000109771.15	1.16091763164762	2.74473787561046	3.62648096442071	0.000824369679291828	0.0114861359914385
LRRN4CL	ENSG00000177363.4	1.16056233644096	4.41596766012949	2.65506554323796	0.0114365707218108	0.0436326283963769
ENSG00000279108	ENSG00000279108.1	1.16013366597206	1.48241012921576	3.35786134748431	0.00176854639818852	0.0154784894924402
NUDT11	ENSG00000196368.4	1.15942899662585	1.58911372884809	2.62969593555056	0.0121835757776802	0.0454624317845732
FAM229A	ENSG00000225828.1	1.1582366474233	1.36164027378823	3.03362774952171	0.00429336606028865	0.0245174829262212
ENSG00000272108	ENSG00000272108.1	1.15673020956219	-0.280589315732875	2.60620553111928	0.012915032214277	0.0471926332779281
FERMT2	ENSG00000073712.14	1.1546195372004	7.47902335112403	2.58770966182931	0.0135191298218823	0.0486674906606705
BFSP1	ENSG00000125864.13	1.15434548281174	0.670405511023887	3.11147129733246	0.00348295009159494	0.0217910621653351
VEGFB	ENSG00000173511.9	1.15417530542842	6.54333082016543	4.41668036295485	7.77948345300731e-05	0.00649396703175037
ANGPTL2	ENSG00000136859.9	1.15400382016848	6.99175981146263	2.67348404315753	0.0109209492860135	0.0423685098862841
PHC1P1	ENSG00000179899.8	1.15372149791993	0.501927495819392	2.78247269923554	0.00828438292466419	0.0358106513443136
PDE5A	ENSG00000138735.15	1.15337410601265	6.5291336854615	2.94921541120849	0.00537127073020258	0.0279377476750664
STX1A	ENSG00000106089.11	1.15295117323316	3.48055679722396	2.77987818565722	0.00833959649294721	0.0359335401079455
NPIPP1	ENSG00000188599.17	1.15264798808396	5.10397932331494	3.53683756962885	0.00106631772772551	0.0123397042117912
ZNF471	ENSG00000196263.7	1.15191126430064	4.44284885027465	3.4263523036244	0.00145910669773781	0.0142267949499871
FAHD2CP	ENSG00000231584.8	1.15112866991493	1.77790995762591	4.36931592920898	8.99640570101015e-05	0.00659479510745007
CYP2U1	ENSG00000155016.17	1.149845860579	4.01548332476871	4.0294224552733	0.000251993304868903	0.00806292717554982
WHAMMP3	ENSG00000276141.4	1.14964224748664	2.35318454832249	2.92857465847751	0.00567103784522343	0.0287967641493627
ABLIM3	ENSG00000173210.19	1.14891628834339	5.10121336246387	3.2219310772629	0.00257767848540544	0.0187864706807699
ENSG00000265413	ENSG00000265413.1	1.1484356785137	0.765413621218414	3.52610044035021	0.00109951018621286	0.0124930431442528
SLC27A1	ENSG00000130304.16	1.14811898767616	5.05613172187042	4.12958540148955	0.000186497470584129	0.00742117689091338
HCFC1R1	ENSG00000103145.10	1.14808548737331	5.31615897040207	3.09117162829318	0.00367910465446017	0.0225378159230499
CFAP91	ENSG00000183833.16	1.14415017911464	2.90909791390076	2.93392720150881	0.00559183165950226	0.0285289858260375
SDC3	ENSG00000162512.15	1.14406465041804	7.4247609436838	2.88024244689732	0.0064353672503696	0.0308805829872343
MATN2	ENSG00000132561.13	1.14370431234555	6.87941865729324	3.49617521959224	0.00119733823738303	0.0129249004095113
ENSG00000261534	ENSG00000261534.1	1.14232372470642	3.59731981152562	2.61790298684184	0.012545888522283	0.0463578355745659
CBLN3	ENSG00000139899.10	1.14201196500355	2.27931094779196	3.5144193631514	0.00113674713207634	0.012663907490463
ARHGEF17	ENSG00000110237.3	1.14200015713764	7.31874870593925	2.94818000048305	0.00538594708661033	0.0279753479482066
FAM228B	ENSG00000219626.8	1.14142127558543	3.66558960211675	3.63031386917189	0.000815303152140033	0.0114105989593846
CXCL12	ENSG00000107562.16	1.14077759974223	7.10026861253967	2.68075634765173	0.0107233375806514	0.0419270287975485
DCN	ENSG00000011465.16	1.14012164792767	9.56741760451394	3.45174286013616	0.001358136097158	0.0138184644590631
BICRA-AS2	ENSG00000277383.1	1.13988279188443	-1.08686106355129	2.65363442929507	0.011477559836469	0.0437087446975993
PCDHB6	ENSG00000113211.5	1.13967653904474	0.555409532751584	2.69559627230549	0.0103302949835523	0.0409678210264103
EVC2	ENSG00000173040.12	1.1395623297091	3.28948615541995	3.55991260466582	0.00099821088777748	0.0120801526380391
ENSG00000246731	ENSG00000246731.2	1.13949357286156	-1.15016379387565	2.58099484891505	0.0137447853814462	0.0492285581682536
KCNQ4	ENSG00000117013.14	1.13865570329458	4.99512201878777	2.69386025279852	0.0103755766869224	0.0411040036561435
SNHG28	ENSG00000188004.9	1.13789658919225	0.982944800906545	2.74218233559626	0.00918133174919721	0.0380666721986783
SHISA4	ENSG00000198892.6	1.13688612039628	3.44602707214738	3.19168471076787	0.00280044647924178	0.0195968650421457
RASSF8-AS1	ENSG00000246695.7	1.13562648534648	2.57090379715519	3.07715496130813	0.0038205859461006	0.0229654343231573
TAGAP-AS1	ENSG00000271913.5	1.13395882474929	-0.727701655265606	3.20390279122851	0.00270834458380736	0.019322121769876
TMEM225B	ENSG00000244219.6	1.13381955483172	0.085653933878695	3.57990429723869	0.000942603050893333	0.0118344613703766
ADIRF-AS1	ENSG00000272734.1	1.13256143953675	3.15921769839652	2.75080307452976	0.00898216145368967	0.0375646752222666
GUSBP4	ENSG00000239650.4	1.13216013406756	0.337362918946113	3.74221058961001	0.000589205763763516	0.0100879331403887
TPM1	ENSG00000140416.19	1.13213834627332	10.5704493449376	2.69129557993138	0.0104428084688796	0.0412659012544703
TIMP2	ENSG00000035862.12	1.13189025602417	9.02188171152798	3.55952116915031	0.000999330555959131	0.0120814820047634
RBM38	ENSG00000132819.16	1.12978557764193	6.33161189603455	2.65157473055383	0.0115367902527542	0.0438720377661933
CDKN2C	ENSG00000123080.10	1.12953052904123	4.14542730389464	4.22736416407837	0.000138722422245586	0.00691109956131725
CCDC13-AS1	ENSG00000173811.10	1.12787089611189	-0.242309497659924	2.87296581139375	0.00655845469126172	0.0312046363652783
JHY	ENSG00000109944.10	1.12668761636494	2.37779440529373	4.11372798893607	0.000195628824708451	0.00747663360392473
IGSF22-AS1	ENSG00000254966.1	1.12476741782111	-0.888689407374307	3.57873419031122	0.000945773960011464	0.0118344613703766
SH3BGRL	ENSG00000131171.12	1.12455399765261	7.4767760965047	3.72079454538197	0.000627171271613178	0.0103026423561108
NPFF	ENSG00000139574.8	1.12390454424328	1.63513033322853	3.76366849188158	0.000553398487933193	0.00997143964446252
PABPC1P4	ENSG00000255642.1	1.12331192554182	0.991646902241964	2.65926880130871	0.0113169625171857	0.0433738681242365
TRO	ENSG00000067445.20	1.12291000777572	4.1273463630388	2.75671124569357	0.00884798375951612	0.0371864022419143
PINLYP	ENSG00000234465.10	1.12264076223618	1.66561909088366	3.11779353115016	0.00342390543292905	0.021572556806868
MRAS	ENSG00000158186.12	1.12065084803308	5.17413442015156	2.60448966451709	0.0129700126782521	0.0473385248598773
MRPS30-DT	ENSG00000251141.5	1.12052389305469	0.140372042486197	2.98356948744726	0.0049050668154545	0.0265419086510707
PTMS	ENSG00000159335.15	1.1195678713949	8.2651913495131	3.85035924436821	0.000429010371391126	0.00917730386727577
ARHGAP6	ENSG00000047648.21	1.11766756272319	4.93642037145119	2.94073719579168	0.00549255648340333	0.0282556000743033
PTPN14	ENSG00000152104.11	1.11674555954107	5.59402835879986	2.67836241475633	0.0107880208441073	0.0420898644565899
SLC25A21	ENSG00000183032.11	1.11660732614282	-0.865282459481937	2.57211862902817	0.0140483790019558	0.0499350216530533
CNN3-DT	ENSG00000235501.5	1.11650188249252	3.10385419718792	3.74545305821482	0.000583654831291465	0.0100478506336538
PLPPR4	ENSG00000117600.12	1.1162431984508	0.974074687571679	2.63982975342278	0.0118799558297889	0.0446884298808521
PBXIP1	ENSG00000163346.16	1.11618747340759	7.60491944898486	3.89153352677928	0.000379878803916002	0.00910829556438955
VSTM4	ENSG00000165633.12	1.11534975564993	4.92935323879018	3.60483425381202	0.000877425247580804	0.0115942898934281
ENSG00000255389	ENSG00000255389.1	1.11322659754414	1.99622686721071	3.62834446377609	0.000819949607340723	0.0114330315702104
GASK1B-AS1	ENSG00000248429.5	1.11255212383456	2.09510737388516	2.87082074102329	0.00659515704151446	0.0313357550097963
POU6F1	ENSG00000184271.16	1.1120136248466	5.09107671141474	3.98432918385749	0.000288341128773838	0.00835187589041493
ENSG00000272977	ENSG00000272977.1	1.11182145992739	1.50782862713411	2.92437497459803	0.00573391874041459	0.028989087962979
CLIP4	ENSG00000115295.19	1.11169121378252	5.62389821831717	3.07093802510129	0.00388496845187571	0.0231544524287509
UPK3BL1	ENSG00000267368.1	1.11103154739524	3.87799251013403	3.81521110357006	0.000475778667598487	0.00946618107503684
ZDHHC15	ENSG00000102383.13	1.10890884764289	1.88960783837873	2.99605827820377	0.00474521499835689	0.0260329814682863
CYP2E1	ENSG00000130649.9	1.10858926623115	2.03048220191846	2.99839284457403	0.00471588196661474	0.0259247384319134
FLT3LG	ENSG00000090554.12	1.10714770539028	3.7659687569206	3.65090844597691	0.000768209331096896	0.0111991689498299
ZNF358	ENSG00000198816.6	1.10703155410161	6.18710979746143	4.69089076213049	3.32967881667941e-05	0.00553433871990024
GSN	ENSG00000148180.19	1.10461843527525	10.4027850742533	4.27343590819662	0.000120584166030945	0.00676063225789016
ENSG00000261490	ENSG00000261490.1	1.10125062213707	4.74523160894091	3.45329445965391	0.00135218790264669	0.013818271209477
IFT81	ENSG00000122970.15	1.10076429168308	4.48136011603621	3.87438451911425	0.000399640104023483	0.00910927237107896
ARHGDIG	ENSG00000242173.8	1.10022236095528	1.66914297846513	2.67808982046075	0.0107954090533825	0.0420966781447698
NCALD	ENSG00000104490.17	1.10002264404122	4.98439926779144	2.6577542985416	0.0113599257417418	0.0434634600288033
ENO2	ENSG00000111674.8	1.09959516250901	6.59000445979152	2.89998675517515	0.00611217282699324	0.0300463870029037
COL1A1	ENSG00000108821.13	1.09417475401221	9.88206297266661	2.99019176151977	0.00481968454681467	0.02629198813775
FSTL1	ENSG00000163430.11	1.09412626781911	8.7484996368258	3.67845137551461	0.000709309256560359	0.0108405850808827
TICAM2-AS1	ENSG00000249249.1	1.09208010442371	-0.177434810728562	2.76727513458971	0.00861269754007858	0.0366057014517153
SLC25A21-AS1	ENSG00000258708.1	1.09192288078784	0.945425345355208	3.55603678075781	0.00100935070193944	0.0121006690866237
PDZD2	ENSG00000133401.15	1.09097802559427	4.28617825959898	2.74582662538928	0.00909664100511087	0.0379086306930566
WASF3	ENSG00000132970.12	1.09004424796357	4.42804646821248	2.74542455641673	0.00910594913067231	0.0379092206273793
PCED1B	ENSG00000179715.12	1.08987593729004	3.39563611382389	3.31233680122799	0.00200788528564301	0.0164557608064232
CASTOR1	ENSG00000239282.7	1.08970816286706	2.99451286341819	3.59723738294728	0.000896812765353912	0.011662592796284
AKT3	ENSG00000117020.16	1.08682215076121	6.4065646075546	3.31791394446931	0.00197698481992997	0.0163503870048106
ASTN2	ENSG00000148219.16	1.08647531335709	2.83425239657253	3.00095390766348	0.00468389919832319	0.0258440055061416
ADHFE1	ENSG00000147576.15	1.08628712754054	4.42024016098172	3.08237740702887	0.00376728183564413	0.0228175064292383
ZNF25	ENSG00000175395.15	1.08570010817681	4.92264603501837	3.86104963465782	0.000415691955075788	0.00916087672715645
BCO2	ENSG00000197580.11	1.0844385214381	2.11259873523685	3.058396884506	0.00401797163687522	0.0235829822761845
ADSS1	ENSG00000185100.10	1.08405762175135	2.50804556072365	2.80482195484422	0.00782264720921953	0.0345299553192858
MAP7D1	ENSG00000116871.15	1.08362747466606	7.60791194732825	3.70046344711773	0.000665393157296816	0.0106269694465222
ENSG00000273183	ENSG00000273183.1	1.0830545067508	-0.409641081634026	3.0860667891737	0.0037300492420661	0.0227312734797162
ZNF521	ENSG00000198795.10	1.08241904020452	3.71053606463635	3.04646951884058	0.00414843894336736	0.0239815266956989
EGFL8	ENSG00000241404.6	1.08225395501699	4.78224915114351	4.30865268695037	0.00010830533327874	0.00662602856560685
ZNF528-AS1	ENSG00000269834.5	1.08140705019801	0.619403999645274	3.80188314398368	0.000494774049294562	0.00960495754182539
RASA4	ENSG00000105808.17	1.08125306525312	2.28441383104163	2.67274205835563	0.0109412992421765	0.0424147538424272
CDK14	ENSG00000058091.16	1.08058999710305	4.11067802397239	3.54243629897332	0.00104939394282019	0.0122724448825008
LINC-PINT	ENSG00000231721.6	1.08052375740057	4.18429719083611	3.24872384521795	0.00239449779216752	0.0180746961507056
HAR1A	ENSG00000225978.3	1.08044026906173	0.0866189277598807	2.62399503761334	0.012357503998024	0.0458946528419767
ENSG00000277959	ENSG00000277959.1	1.08039287031011	-0.646105504766062	3.03111675158417	0.00432225593163475	0.0246120766334168
CDC42EP3	ENSG00000163171.7	1.07964069198758	6.24454447279457	3.56731186505505	0.000977271421646319	0.011988037588913
ARMH4	ENSG00000139971.15	1.07803388065355	1.67273316486349	2.85271478650522	0.00691268200599463	0.0321526214547746
ST3GAL3	ENSG00000126091.19	1.07687589352158	4.44011197488178	3.17435651548683	0.00293617540686683	0.0200608390293826
PLPPR2	ENSG00000105520.10	1.07665043946436	5.85424212851757	3.46723907211756	0.00129983843294863	0.0135837422218314
NATD1	ENSG00000274180.1	1.07438648508536	4.50857670476207	3.91891161996964	0.000350280377757553	0.00907865256581912
COL4A2	ENSG00000134871.17	1.07181703530883	9.88912119234307	2.66735597407165	0.0110900724017636	0.0427966335466816
GOLGA8N	ENSG00000232653.8	1.07101652836025	2.51510286758907	3.53033751454612	0.00108629497557102	0.01240318101629
ENSG00000232611	ENSG00000232611.1	1.07028963420765	1.89270469614294	3.69869990533131	0.000668812585744237	0.0106269694465222
EHD2	ENSG00000024422.11	1.06950491095119	7.84866722683687	3.05082627882629	0.00410032649137003	0.0238536737554561
SAXO4	ENSG00000162148.10	1.06944633746147	2.45039085081296	4.24795076226355	0.000130309634924466	0.0068394050154713
TLCD5	ENSG00000181264.8	1.06937527395019	3.13641845700605	3.60425166398032	0.000878897641017851	0.011600460642022
ARMCX4	ENSG00000196440.11	1.06894885672891	5.36918798037415	4.25425522882827	0.000127834626604744	0.0068394050154713
TMEM25	ENSG00000149582.15	1.06860782614712	4.09981426053068	3.02048271077087	0.0044466452013322	0.0250275367609893
MARCHF2	ENSG00000099785.10	1.06819184462937	5.91481979509657	3.50819418244403	0.00115708323852743	0.0127755329501164
COL15A1	ENSG00000204291.10	1.06715642572279	7.109701820299	2.73913503982663	0.00925270930036495	0.0382363885763376
CRTAP	ENSG00000170275.14	1.0669987247232	8.05440266146073	4.268349231714	0.000122466782864847	0.00678236213583882
KIAA1614	ENSG00000135835.11	1.06621186061638	3.55772381215166	2.7295892450573	0.00947964518875824	0.0388158770251986
HLA-F-AS1	ENSG00000214922.9	1.06548825359954	0.933003685452363	3.94395121438735	0.00032517955524585	0.00880046456286391
ZBTB4	ENSG00000174282.11	1.064109551479	7.23167421557161	4.1344477822357	0.00018378180035181	0.00736142096663389
FGF17	ENSG00000158815.10	1.06325938994057	-0.723175156048914	2.59652393750005	0.0132280809994409	0.047981810994882
SCD5	ENSG00000145284.11	1.06318238586022	4.2254480986238	2.63707102487425	0.0119619125344759	0.044906784174001
ENSG00000271755	ENSG00000271755.1	1.06171628754615	-0.00700364014343387	2.57914354568223	0.0138076044202935	0.0493782228145379
SLC22A17	ENSG00000092096.16	1.06061506262812	5.55018453846893	2.86361194130352	0.00671991053692163	0.0317039336107667
ENSG00000273437	ENSG00000273437.1	1.05817310409575	0.0988057098444866	3.07385319263825	0.00385465259783008	0.0230684235660219
ARHGEF37	ENSG00000183111.11	1.05503595984747	5.44929396702528	2.71077667707821	0.00994204807122023	0.0399682249301495
MCRIP1	ENSG00000225663.7	1.05493628239382	6.22780154552206	3.58071719052428	0.000940406188883547	0.0118224290760447
S100A13	ENSG00000189171.14	1.05363882340922	5.98484344812296	4.6120435287734	4.2548491343411e-05	0.00594195241120788
GTF2IP4	ENSG00000233369.7	1.05232688823243	3.4314630363999	2.95993117001857	0.00522156799837473	0.027486404188754
ENSG00000226332	ENSG00000226332.2	1.05159728881359	2.09052662792322	2.75366188489678	0.0089170024025062	0.0373920828586451
EDA2R	ENSG00000131080.14	1.04838195257837	2.20196463958739	3.01035300485801	0.00456826179755854	0.0254527122758068
ENKD1	ENSG00000124074.11	1.0482449666395	4.77998527890732	3.76307806921147	0.000554354963002309	0.00997307942060284
ACSS3	ENSG00000111058.7	1.0479835948596	3.54249153622433	2.68377901160709	0.0106421778317154	0.0417376036824552
GDPD5	ENSG00000158555.14	1.04698919378391	3.86080023532886	2.77655070932807	0.00841090862813751	0.0360835280615986
CADM1	ENSG00000182985.17	1.04660929894154	4.50753719295015	2.76053407892076	0.00876215870753146	0.0369988455136816
ENSG00000262089	ENSG00000262089.1	1.04613419027739	-0.107834632855456	3.63534982325533	0.000803536814466651	0.0113591138228644
FRY	ENSG00000073910.19	1.04533322388952	5.69254422456777	2.67313644317475	0.0109304783411649	0.0423815533038312
LYRM9	ENSG00000232859.9	1.04298747132958	2.80011334903161	3.93152260851072	0.000337411971615278	0.00897630545450163
CUEDC1	ENSG00000180891.12	1.04272616759628	6.13295924843676	3.78145950655635	0.000525314565827143	0.00979787306391797
CPE	ENSG00000109472.13	1.04101072133051	6.06490839919067	2.57160708394502	0.0140660613677758	0.0499789566041552
VIM	ENSG00000026025.15	1.04090262239855	9.30009232209552	3.04192075005642	0.00419923913720643	0.0241570669397116
DBN1	ENSG00000113758.13	1.0396395007205	6.50875830336359	3.28206076911989	0.00218382382820716	0.0172266187070084
PCDHB2	ENSG00000112852.6	1.03872939575279	1.38906144102338	2.90458990768886	0.00603903798943943	0.0298330382739746
LAMA4	ENSG00000112769.18	1.03861429534327	7.77338918269688	3.58824161666594	0.000920303715161526	0.0117333644272845
NPHP1	ENSG00000144061.12	1.03807640337968	2.72136000089982	3.11895054757564	0.0034132027640167	0.0215340189162787
RAB34	ENSG00000109113.18	1.03721033131341	6.08114541486824	3.10763322441488	0.00351926273005711	0.0219597317594461
ENSG00000233895	ENSG00000233895.1	1.03499463838561	-0.990828821281091	3.22634830163275	0.00254658853640738	0.0186781002220322
CCDC180	ENSG00000197816.13	1.03476760615449	3.26804326354601	3.37142712227719	0.00170266255960193	0.015257351237807
COA6-AS1	ENSG00000231663.1	1.03322683715313	-0.258951604950609	2.82452007402926	0.00743565305782239	0.033330891582821
PPP1R3F	ENSG00000049769.12	1.03268855415939	3.06666361808754	3.14145538624661	0.00321121508973669	0.020851235837566
HES4	ENSG00000188290.10	1.03265278930408	3.57043162113375	2.78670064065357	0.0081951358585477	0.0355804534663067
P3H3	ENSG00000110811.19	1.03221377296303	4.7492607158559	2.94289335218871	0.00546147027724138	0.0281793492751649
PRRT1	ENSG00000204314.10	1.03203844110426	3.58071137159471	3.96710677640822	0.000303528773473818	0.00849609154006745
ENSG00000270504	ENSG00000270504.1	1.03201600916464	1.78606773616244	3.07738229678503	0.00381825085191608	0.0229654343231573
MIR497HG	ENSG00000267532.5	1.03132199352649	2.37794573472376	3.60270989801738	0.000882805668983124	0.0116112437498887
ZMAT1	ENSG00000166432.14	1.02976304848784	5.24278516142099	3.27220924107699	0.00224417067754722	0.0174870852013308
ABHD8	ENSG00000127220.5	1.02963010076036	3.77200179127989	3.22251378503381	0.0025735566454428	0.0187787649241285
ZNF667	ENSG00000198046.11	1.02953824041636	2.89326632471283	2.76933637200644	0.00856747093578228	0.0365050451714752
PIP5K1C	ENSG00000186111.9	1.02855391317987	7.28656242233746	3.46330776166027	0.00131439702315954	0.013620118915062
CYBRD1	ENSG00000071967.11	1.02678439668779	7.50870638433836	3.36982209823057	0.00171033351781202	0.0152896164357665
SPRY1	ENSG00000164056.10	1.02677214077467	6.37085141578398	2.95941673550413	0.0052286644427538	0.0274929382877385
KRABD3	ENSG00000133619.17	1.02618524907211	3.99056743991249	2.93993028462243	0.00550423265107523	0.0282724217279188
CHRD	ENSG00000090539.15	1.02568644768711	4.55671547824199	2.97818389490915	0.00497554990912136	0.0267431338875345
STX1B	ENSG00000099365.10	1.02552979770768	2.50935224658106	2.65608697724791	0.0114073979976209	0.0435652194370303
LINC02897	ENSG00000221953.5	1.02492382098255	-0.871594008526085	2.71825455963042	0.00975580113245777	0.0394814602175871
DYNLT2B	ENSG00000213123.10	1.02488062450753	1.52683478473155	3.69687875962738	0.000672361507919985	0.0106269694465222
SFSPAT	ENSG00000250790.4	1.02394790701546	-0.451180060414033	3.46955959170871	0.00129131765713868	0.0135398509783703
ENSG00000227775	ENSG00000227775.3	1.02289006678834	2.81944188615975	2.59586993502997	0.0132494770412349	0.0480204552845248
ENSG00000283236	ENSG00000283236.1	1.02117443461303	1.36071005003822	3.26443498303314	0.00229290971439415	0.0176729555452491
GRIN2C	ENSG00000161509.13	1.02111112445334	0.803275655404201	2.66129139296032	0.0112598195610367	0.0432316900763584
SGSM2-AS1	ENSG00000263345.1	1.02060651061946	1.9429032931009	2.69720074470457	0.0102886070096406	0.0408283576706253
STX2	ENSG00000111450.13	1.02004027459761	5.1018142347435	3.49939130273918	0.00118643689086349	0.0128807269850856
PCBP4	ENSG00000090097.21	1.01918340609538	5.56752462977806	4.32840743429559	0.000101962813129826	0.00659479510745007
DNAH10OS	ENSG00000250091.2	1.01898549595265	1.36538153495229	2.6786139331814	0.0107812080023373	0.0420720234157279
CAPS2	ENSG00000180881.19	1.01868564899222	1.94852613369698	3.13555238168541	0.003263073538877	0.021017505900956
FAM227B	ENSG00000166262.15	1.01833178088125	1.7762666415823	3.20396965321683	0.00270784856579855	0.019322121769876
PMP22	ENSG00000109099.13	1.01801600891772	7.6294546241625	4.21229280674947	0.000145215868108011	0.00712126484283201
NFYB	ENSG00000120837.7	1.01767244569656	6.01866798367	3.37344998838935	0.00169304139214757	0.015243865497275
ENSG00000261353	ENSG00000261353.1	1.01766098494458	0.0327725621471228	2.8616945360516	0.00675346163651616	0.0318098975474086
HSF4	ENSG00000102878.16	1.01746168655935	4.63614652726701	2.81005073060072	0.00771813334093061	0.0342052808894192
OLFML3	ENSG00000116774.11	1.01726636064604	5.88051162929764	3.09940485674866	0.00359832180213764	0.0222855824650298
RTN2	ENSG00000125744.11	1.01626779379183	3.29328207347339	2.97685486119098	0.00499308918212949	0.0268020008627482
HHIPL1	ENSG00000182218.9	1.01622475652914	2.69737243375835	2.65068275244793	0.0115625280386103	0.0439165625118664
PRKG1	ENSG00000185532.15	1.01619941455364	5.06800901846961	2.76454695785327	0.0086728986606913	0.0367541477087329
UBE2E2	ENSG00000182247.9	1.01594759031121	4.39557492709908	3.06635406521993	0.00393309397742531	0.0232776105361496
IGIP	ENSG00000182700.4	1.01578734746482	4.74612374564243	3.84187760139062	0.000439870474656963	0.00926193638453709
PPP5D1P	ENSG00000230510.6	1.01460239417973	-1.11155339370508	2.72516803938149	0.00958648980294564	0.0390992840571874
FAHD2B	ENSG00000144199.11	1.0130494670171	3.11196541699359	3.8633132567872	0.000412923746558264	0.00916087672715645
ARL10	ENSG00000175414.6	1.01263189268414	4.26174982952626	2.60112010487105	0.0130786077141907	0.0475958942235865
YPEL3	ENSG00000090238.11	1.01244304060603	6.16189934209808	4.48766289012915	6.25233667759035e-05	0.00628345661602394
ENAH	ENSG00000154380.17	1.01144597053968	7.19541204602624	2.59801794425309	0.0131793227453781	0.0478604098615026
TSPY26P	ENSG00000235217.6	1.01138776424282	2.96513833036877	2.68096062738013	0.0107178346285968	0.0419205268626208
ABCA3	ENSG00000167972.13	1.01130399726332	4.76198244411401	2.87401558053909	0.0065405626550104	0.0311868108114764
PARD3B	ENSG00000116117.17	1.01109957056225	5.49733709957826	3.27568071623158	0.00222272684478566	0.0174091974973996
S100A4	ENSG00000196154.11	1.01094858436584	6.12521752283861	3.13266830330809	0.00328869763573774	0.0210650971911343
LINC01278	ENSG00000235437.7	1.01092605341465	5.53786451187334	3.87033747888037	0.000404447083224786	0.00913019845808645
HNRNPD-DT	ENSG00000272677.1	1.0097707511569	-0.491340291399097	2.87238388315422	0.00656839263430581	0.0312322912550713
GPR173	ENSG00000184194.5	1.00938413066825	3.34029133013316	3.21613271605896	0.00261903673308515	0.018914511570255
PPP1R12C	ENSG00000125503.12	1.00927205513995	8.22767529899286	3.89457894631295	0.000376470064101085	0.00910829556438955
FRS3	ENSG00000137218.10	1.0092569324907	3.51586377302275	4.08979168343232	0.0002102438827103	0.00761380349526909
TRIM6	ENSG00000121236.20	1.00917994321801	2.0690698075148	3.29566755581922	0.00210300934446262	0.0168483504581034
MKRN10P	ENSG00000233820.2	1.00724423459016	-0.810113624165376	2.66411501269148	0.0111804906950544	0.0430372505020221
GOLGA8R	ENSG00000186399.10	1.00636552557619	0.292643609145027	2.8884564321464	0.00629901912212923	0.0306061424478173
CERS4	ENSG00000090661.11	1.00541717115974	4.0725190418053	2.9146565365888	0.00588194334795844	0.0293893748234518
IL11RA	ENSG00000137070.17	1.00472143521198	5.73825560168667	3.39350057649886	0.00160044384983284	0.0148245220698068
SYCP2L	ENSG00000153157.12	1.00356872010579	-0.0707414890476884	2.84123530382896	0.00712132705420023	0.0326067198273985
LRIG1	ENSG00000144749.13	1.00231616796757	7.25250430188506	2.69321954440355	0.0103923349893512	0.0411551685718738
ULK2	ENSG00000083290.19	1.00199767761739	4.99914912151023	3.58408109191717	0.000931367422695489	0.0117797595508866
EXTL3-AS1	ENSG00000246339.5	1.00123058309849	0.295810504705694	2.8523380099789	0.00691943860718768	0.0321526214547746
CELF6	ENSG00000140488.15	1.00103002312933	4.31445819509306	3.22900902060123	0.00252803370343248	0.0186001872247006
NFIA	ENSG00000162599.15	1.00006988760074	6.21368491457274	4.46202162615029	6.76657795089753e-05	0.00628345661602394
CCT5	ENSG00000150753.11	-1.00201990309017	5.90000542919687	-3.88068886142673	0.000392262175494606	0.00910829556438955
SLC35D1	ENSG00000116704.7	-1.0025186968679	4.90714713620364	-3.08505384291228	0.00374023697536975	0.0227638142810741
UBASH3B	ENSG00000154127.9	-1.00326090464019	2.24272042952336	-2.82558258042791	0.00741529430548339	0.033311141525143
B4GALT1	ENSG00000086062.12	-1.00550148998789	6.25657119894406	-3.33468305840177	0.00188678208977279	0.0159628564009516
SFXN2	ENSG00000156398.12	-1.00630739345098	2.27954464850232	-3.06385587179751	0.00395955788114693	0.0233715952620055
FRYL	ENSG00000075539.13	-1.00797359608048	6.14024462470059	-3.40176848261288	0.00156368812619194	0.0146583855472987
SERINC5	ENSG00000164300.16	-1.00843380940396	4.76331917217505	-2.96633128282013	0.00513403301955468	0.0272086366177415
KLF16	ENSG00000129911.8	-1.00898743629859	3.31345441586022	-3.77779541656165	0.000530983348629239	0.00981587524995508
ASPHD1	ENSG00000174939.10	-1.00934666537663	-0.185990159325095	-2.90588803745298	0.00601856180273077	0.0297763643643971
STRBP	ENSG00000165209.18	-1.01066233592479	3.88747581992044	-3.41530898572186	0.00150523005192867	0.0144701838269666
PRR13	ENSG00000205352.10	-1.01186496016988	6.19347736420534	-3.29343042501874	0.00211609772518083	0.0169053796147794
TXNDC17	ENSG00000129235.10	-1.01373241416128	3.62345328350919	-3.64868945595644	0.00077315464413785	0.0112005997815826
TIMELESS	ENSG00000111602.11	-1.0155766630925	3.55385908476872	-4.1950958078236	0.000152988478959289	0.00712410585546397
SNORD22	ENSG00000277194.1	-1.01602614739658	-0.675663318145429	-2.94261168972858	0.00546552173583742	0.0281793492751649
NAIP	ENSG00000249437.7	-1.01755258702002	0.485803915051669	-3.16465386375979	0.00301487398264761	0.020255802966498
SLC36A1	ENSG00000123643.12	-1.01767536120523	4.33157716494177	-3.0805651476633	0.00378569905376841	0.0228620353507493
CSK	ENSG00000103653.16	-1.01774796382188	4.99711054882221	-3.73029826843172	0.000610040432918176	0.010230146482843
FDFT1	ENSG00000079459.12	-1.01801202989908	6.35644871147947	-3.75482608805941	0.000567891523197405	0.0099999007104534
ACVRL1	ENSG00000139567.12	-1.01938959591644	5.62292534838744	-2.88659055868396	0.00632975255603169	0.0306484693238946
SNRPGP15	ENSG00000224543.4	-1.02017324032332	-0.836082367617735	-3.89427670436754	0.000376807032333367	0.00910829556438955
LINGO3	ENSG00000220008.3	-1.02056090191848	-0.701087796700131	-2.78911344392038	0.00814460565830794	0.0355020657990978
CXCL16	ENSG00000161921.14	-1.02092073642352	3.96547847825477	-3.76939212223416	0.000544208658702928	0.00990952940712479
AIMP2	ENSG00000106305.9	-1.02126565780863	3.03049153348647	-3.74987213501803	0.000576170947158037	0.0100067510827995
SLC35A3	ENSG00000117620.14	-1.02161719080398	5.21221883208293	-2.98726676963045	0.00485722338826084	0.0264067761535256
ALOX5AP	ENSG00000132965.9	-1.02240424128009	2.85459345807915	-2.83298414543707	0.00727490698310162	0.0329704255837276
PLPP6	ENSG00000205808.5	-1.02264729219358	2.79091623887148	-3.84043392988559	0.000441745332513487	0.00927152074047589
PLIN3	ENSG00000105355.8	-1.02638132253473	5.04275045514072	-4.19910784165945	0.000151139558059427	0.00712410585546397
C1orf74	ENSG00000162757.4	-1.02701783502321	0.877803229349255	-3.50072770758892	0.00118193502909206	0.0128779407236914
OR2A1-AS1	ENSG00000244479.6	-1.02876930445192	0.782249097982876	-2.61012519524047	0.0127902393230638	0.0469191943292546
DNAH14	ENSG00000185842.15	-1.02904165602782	0.782123435418579	-3.448357520011	0.00137120121862617	0.0138431187418717
GNPNAT1	ENSG00000100522.8	-1.03131440305051	2.9815684351348	-4.35613955593982	9.36691983536052e-05	0.00659479510745007
NLRP3	ENSG00000162711.16	-1.03155462869066	1.29109202207392	-2.83805251535906	0.00718020707581671	0.0327406286229642
SH3BGRL3	ENSG00000142669.14	-1.0344194081273	5.90369720030798	-3.02687005948868	0.0043715325154719	0.0247665765159043
WDR3	ENSG00000065183.15	-1.03777304339164	4.16239574016825	-4.85670076751209	1.98298227757833e-05	0.00476264593404656
ENSG00000262766	ENSG00000262766.1	-1.03910374872721	-0.853002137075065	-3.56827923982898	0.000974565228287902	0.0119792435325284
RAB3IP	ENSG00000127328.21	-1.04004819397818	2.91867106497568	-3.19993813215578	0.00273791115819391	0.0194417570409067
HPS6	ENSG00000166189.7	-1.04143992148614	3.29472005499374	-4.34690425767266	9.63548858270508e-05	0.00659479510745007
TJP2	ENSG00000119139.17	-1.04174363584657	5.69408072608876	-3.14126957429648	0.00321283550814163	0.020851235837566
SLC25A24	ENSG00000085491.15	-1.0420646335233	4.78128233596433	-3.3307221078117	0.0019077274414484	0.0160317390627669
ENSG00000261604	ENSG00000261604.1	-1.04418500329005	-1.23049235156257	-3.13232371133898	0.0032917719229038	0.0210650971911343
AMPD3	ENSG00000133805.15	-1.0442747985091	2.74528328146856	-3.62868601033044	0.000819141965746972	0.0114321244884418
LXN	ENSG00000079257.7	-1.04528947694756	3.07274575225458	-2.82569695545682	0.00741310585687361	0.033309319187512
HSD17B12	ENSG00000149084.12	-1.04549104199002	3.82479618520113	-3.98043814725729	0.000291706452140996	0.00835187589041493
SLC16A5	ENSG00000170190.15	-1.04669179305069	3.25330521958047	-2.92354981029166	0.00574635024744386	0.0290206911394167
ENSG00000271828	ENSG00000271828.1	-1.04683684686943	-0.891869447354102	-3.54592597786415	0.00103897625280985	0.0122395093364696
ENSG00000263013	ENSG00000263013.1	-1.04738208500193	-0.532821430891302	-4.33993904393597	9.84302096939725e-05	0.00659479510745007
ACTRT3	ENSG00000184378.2	-1.04744538028093	-0.0850535248221119	-3.47591945617615	0.00126823826802082	0.0133595351373904
UBE2T	ENSG00000077152.9	-1.04826799512356	1.04878183366617	-2.80718560581278	0.00777524000255963	0.0344015448122673
ENSG00000270127	ENSG00000270127.2	-1.04908372899903	1.6861339116072	-2.8329593648366	0.00727537284254774	0.0329704255837276
UMPS	ENSG00000114491.13	-1.05204376660073	3.93242726698458	-5.31161310321476	4.71567611405305e-06	0.00387285243006597
IDI1	ENSG00000067064.10	-1.05262864691008	5.12419174973962	-3.99420828879642	0.000279965549001286	0.00831709368179753
MYO1B	ENSG00000128641.18	-1.05294599951758	5.13100262548677	-2.86688830037945	0.00666294010410377	0.0315301942643681
B3GALT9	ENSG00000214654.7	-1.05397831173863	-0.463410134695319	-3.72350808599014	0.000622233168503202	0.0103026423561108
CD37	ENSG00000104894.11	-1.05444408470726	3.16854076130745	-2.8586270472719	0.00680746245608731	0.0319165651148856
YRDC	ENSG00000196449.3	-1.05491102402488	3.11190697889445	-4.75023757212298	2.76702119189331e-05	0.00494954209772763
WAS	ENSG00000015285.10	-1.05502571679623	2.68219037454335	-3.3451522300859	0.00183247243736893	0.0157301176045079
SBK1	ENSG00000188322.4	-1.05559513556374	-0.643936283163076	-3.04172499519311	0.00420143840758517	0.0241614868864864
CEACAM21	ENSG00000007129.17	-1.05585615704182	-0.642756108556397	-2.77159170378872	0.00851823832358979	0.0363865239437528
FUCA1	ENSG00000179163.11	-1.05779441021135	4.71442285631924	-2.57182111243178	0.0140586606532932	0.0499621124673895
ZNF587B	ENSG00000269343.6	-1.05788802241157	2.76753629929516	-4.25425338007569	0.000127835345602462	0.0068394050154713
RGS19	ENSG00000171700.13	-1.05915799008631	2.3730979647607	-3.35121353856089	0.00180171415375752	0.015603168976335
FSIP1	ENSG00000150667.6	-1.06332260077801	-0.948649945889586	-2.62554862076315	0.0123098807808317	0.0457830061040754
SEMA5A	ENSG00000112902.11	-1.06482224051297	3.64192314597165	-2.58898898467198	0.0134765248705354	0.0485736264814844
RGS18	ENSG00000150681.9	-1.06711558321097	-0.17934042991514	-2.63553202593775	0.0120078592656799	0.0450252770469157
PRR22	ENSG00000212123.3	-1.06754014223147	1.18448337469212	-3.58464435996003	0.000929862119967013	0.0117797595508866
FASTKD5	ENSG00000215251.3	-1.06850587410085	3.50186260495469	-5.03386916700651	1.13585460874205e-05	0.00412429879510429
XYLB	ENSG00000093217.9	-1.06984308459049	1.29185530041707	-3.2809191204379	0.00219073719803005	0.0172391157430079
CPNE5	ENSG00000124772.11	-1.0719897012957	2.78874501415619	-3.24455180317032	0.00242218482581706	0.01820033510846
CMTM4	ENSG00000183723.12	-1.0720213459442	4.09671888481137	-2.6819196122222	0.0106920360325538	0.0418544853612808
SYNGR2	ENSG00000108639.7	-1.0730618100772	6.0445310759733	-3.29095229115906	0.00213068665112726	0.0169595392755938
METTL1	ENSG00000037897.16	-1.07424274233156	2.71695406864654	-3.59891179487279	0.00089250449288998	0.0116497433486764
ENSG00000253330	ENSG00000253330.1	-1.07436183077625	-1.49385962465183	-2.84130204434915	0.00712009722016959	0.0326067198273985
SPI1	ENSG00000066336.11	-1.0745034179083	3.28901855562182	-3.45076519755133	0.00136189691660221	0.0138184644590631
DDX21	ENSG00000165732.12	-1.07483175482694	6.21057129167051	-2.7777811398157	0.00838447315470221	0.0360356133061072
PHLDA1	ENSG00000139289.13	-1.07486847171066	4.59590071968857	-2.7261468166639	0.00956274060852992	0.0390450856759585
TNFRSF21	ENSG00000146072.6	-1.07488211615694	5.32656662472329	-3.40671213405206	0.00154209774628084	0.014627910386428
SLC50A1	ENSG00000169241.17	-1.0751840577496	4.246463504006	-4.09906111433707	0.00020446199488362	0.00758933831601611
OTUB2	ENSG00000089723.9	-1.0755713021181	-1.0452057189541	-2.6501094518385	0.0115790983992253	0.0439617194530524
SPTBN2	ENSG00000173898.11	-1.07574959109806	1.70883941441598	-3.9528056707562	0.000316728871828497	0.00863396468894461
ARHGAP9	ENSG00000123329.17	-1.07576128390261	2.90340516705083	-2.68799367854639	0.010529959192822	0.0414855933264487
UTP3	ENSG00000132467.3	-1.07598618540227	4.25293846259064	-5.13743354768503	8.18966624314989e-06	0.00407790271566884
PREP-AS1	ENSG00000231628.1	-1.07683360665244	-0.0599736193407716	-3.66328840783102	0.000741173734182094	0.0110132318634558
NET1	ENSG00000173848.18	-1.07693819073411	6.28478715125429	-2.9652670299046	0.00514849279700108	0.0272344626603652
EHHADH	ENSG00000113790.10	-1.07911620429863	2.6339833115006	-2.88016960729722	0.00643658859699041	0.0308805829872343
ENSG00000264577	ENSG00000264577.1	-1.08217056595073	-0.256107620077347	-2.85950325442829	0.00679199651621125	0.0318838486797
SLC7A7	ENSG00000155465.18	-1.08346826107973	2.94128794584636	-3.57637698526368	0.00095219300687972	0.0118594755008056
PREP	ENSG00000085377.13	-1.0842186889306	5.20991583893261	-4.07287483591566	0.000221209599758825	0.00777603725359084
CD1D	ENSG00000158473.6	-1.08717129557385	2.080630112959	-2.91344158524278	0.00590069821524242	0.0294752430528413
SUNO1	ENSG00000277013.1	-1.0879830863313	-1.27536992541532	-3.49773443642579	0.00119204111547181	0.0128894163677557
DUSP6	ENSG00000139318.7	-1.0895783219314	4.9809549917386	-3.33619301895608	0.00187885537172598	0.0159439156796043
PRKCZ	ENSG00000067606.16	-1.08958358705428	2.3202795175619	-2.62521092708995	0.012320217986309	0.0458033123948644
TC2N	ENSG00000165929.12	-1.09036497920405	4.66924092563996	-3.24411152317698	0.0024251243540413	0.0182030816794861
TIGAR	ENSG00000078237.6	-1.0904653610403	2.86309126843809	-3.51401510672344	0.00113805725320116	0.012663907490463
SORD	ENSG00000140263.13	-1.09071283458012	2.58731388715137	-3.5811913645492	0.000939126998475705	0.0118221737837605
TLCD2	ENSG00000185561.9	-1.09109067925722	4.2368052524393	-2.65972153921817	0.0113041484267199	0.0433504247711908
ENSG00000246250	ENSG00000246250.2	-1.09222544833039	-0.936671527100202	-3.14542623440432	0.00317677066844614	0.0207390012842389
KIF15	ENSG00000163808.16	-1.09359542970748	0.542468864574242	-2.63614623243065	0.0119895027128389	0.044974079231391
LRATD2	ENSG00000168672.3	-1.09389197809939	3.29432934265754	-2.90655918002418	0.0060080009575108	0.0297566701800374
RPP25	ENSG00000178718.6	-1.09419839234269	2.7912378521502	-3.02065782481498	0.00444456983392722	0.0250233545026442
AP1S1	ENSG00000106367.13	-1.10025354082665	3.97262977028171	-3.49006417456107	0.00121831777553784	0.0130662371117755
SMG1P6	ENSG00000254634.4	-1.10360172225122	-0.270753132511672	-4.5376282064357	5.35819548302296e-05	0.00628345661602394
CLCN2	ENSG00000114859.15	-1.10459976130405	3.19884309249119	-2.87410561866145	0.0065390301897923	0.0311868108114764
MCM2	ENSG00000073111.13	-1.10509111958638	2.98441511705551	-3.53137055757424	0.00108309617454047	0.0123970640543184
GDPGP1	ENSG00000183208.12	-1.10537443811045	1.74769581340824	-4.56908464350358	4.861103672211e-05	0.00608674994476447
ZNF165	ENSG00000197279.3	-1.10614684095829	0.195387768265962	-3.57692794149202	0.00095068892278632	0.0118485994344875
GPD2	ENSG00000115159.15	-1.10636686639718	4.44204698292229	-3.42876440243091	0.00144921389897487	0.0141934419668553
STRIP2	ENSG00000128578.9	-1.10706545371675	1.17571840573466	-2.85886153949684	0.0068033202138133	0.0319124078926448
DOCK8	ENSG00000107099.15	-1.11079626684749	3.60947620065818	-3.78541903762688	0.000519254541498454	0.00976236739652879
DEF6	ENSG00000023892.10	-1.11499012169635	2.74054297347003	-2.64484082321599	0.0117324078443793	0.0443198077500267
PTPRT	ENSG00000196090.12	-1.11644957964861	-0.921248026554358	-2.83462240621964	0.00724417032887267	0.0329239710455179
ENSG00000278291	ENSG00000278291.1	-1.11694657056965	-1.85752749961057	-2.74419540310136	0.00913445952384933	0.0379791727884994
TUBB4B	ENSG00000188229.5	-1.11810452796327	7.09016574085508	-3.39166218508641	0.0016087280965659	0.0148454724664537
TBC1D30	ENSG00000111490.12	-1.11867646328134	1.65882588888682	-3.4472718935517	0.00137541643300412	0.013844089734557
OPN3	ENSG00000054277.13	-1.12091701981441	0.0960939036998882	-2.64854210771941	0.0116245118098474	0.0440895760930036
TMC6	ENSG00000141524.15	-1.12275463362251	4.59777373163308	-3.07919277900222	0.00379970235604782	0.0229091326146593
UFSP1	ENSG00000176125.4	-1.12276104406943	-0.0550246938317027	-3.50232505573122	0.00117657564540728	0.0128554064991504
PDIA4	ENSG00000155660.10	-1.12389402057068	6.04443025539677	-3.76407508803628	0.000552740737081679	0.00997143964446252
KSR2	ENSG00000171435.13	-1.12553088940446	-0.258938003719447	-2.63686946993264	0.011967920720076	0.0449122374466145
TMEM141	ENSG00000244187.7	-1.12554534223885	4.23567940166845	-2.8729219354847	0.00655920349707815	0.0312046363652783
GSR	ENSG00000104687.12	-1.12562495927483	5.19507392533457	-3.43393568439715	0.00142822070421102	0.0141343680622402
MANEAL	ENSG00000185090.14	-1.1294213984208	0.677605083146014	-3.88887013723622	0.000382884474530104	0.00910829556438955
BORA	ENSG00000136122.15	-1.13030990473025	0.769025587350357	-3.4241973398202	0.00146799953721606	0.0142867712420265
NOCT	ENSG00000151014.5	-1.13144321007294	0.834090168554798	-2.90805646545818	0.00598450270529014	0.0296807313997252
MED18	ENSG00000130772.13	-1.13146017447338	2.73624938605842	-4.20410445179637	0.000148867416551791	0.00712410585546397
TXNDC5	ENSG00000239264.8	-1.13177173514198	7.15382752086355	-3.28956053028742	0.00213892198080752	0.0169793882686082
LY86	ENSG00000112799.8	-1.13357183185545	0.254601169640935	-2.84641043471304	0.0070265499502847	0.0324545526260042
HOXA10-AS	ENSG00000253187.2	-1.13403886635687	-0.801087848587369	-2.97811732501304	0.00497642705446348	0.0267431338875345
NHLRC1	ENSG00000187566.5	-1.13451993683851	0.0678343891681886	-3.75183102305468	0.000572883248027253	0.0099999007104534
FCER1G	ENSG00000158869.10	-1.13508797673311	3.76843849606981	-3.15084265358082	0.00313035042665881	0.0206251507326661
IL18R1	ENSG00000115604.10	-1.13848123764682	2.85191390352379	-2.78465688562142	0.00823816504599101	0.035684782263331
CASP8	ENSG00000064012.21	-1.13933009880205	3.80660023269925	-3.75589957269602	0.000566112659103948	0.0099999007104534
UNC5CL	ENSG00000124602.9	-1.14225416091707	1.76049992270931	-2.76596840550321	0.00864148381237432	0.0366789489184213
PIGW	ENSG00000277161.1	-1.14307773699002	2.22925342315976	-3.61255787063006	0.000858128199032125	0.0115619240060832
ICA1	ENSG00000003147.17	-1.14331889941181	3.02614121072184	-2.61191123423349	0.0127337444314778	0.0467759021928451
TMEM97	ENSG00000109084.13	-1.14369264685255	3.13550521754084	-4.20385635809881	0.000148979441867488	0.00712410585546397
CELF5	ENSG00000161082.12	-1.14374854664493	-0.518450970518715	-2.62329156042251	0.0123791239481279	0.0459223199671614
GPAT3	ENSG00000138678.10	-1.14470834910299	3.32910860001458	-3.15530934181653	0.00309255355588918	0.0205245020801097
RETSAT	ENSG00000042445.13	-1.14544613140205	5.73699345607695	-2.60575013217046	0.0129296033691648	0.0472244061516964
FCHO1	ENSG00000130475.14	-1.14651677913533	1.04789195731693	-2.97398059146685	0.00503121971619737	0.0269373913083293
SLC1A1	ENSG00000106688.11	-1.14788320240208	3.23731361866226	-3.71457190347669	0.000638638599098346	0.0103862262762626
MIR9-3HG	ENSG00000255571.8	-1.14932909618905	-0.930071059997199	-2.81920681297815	0.00753824427196477	0.033653574759605
ARHGEF5	ENSG00000050327.14	-1.14976849164654	3.37035225555104	-3.2547986037888	0.00235472115222949	0.0179417333392188
NFE2L3	ENSG00000050344.8	-1.150677530661	2.92271792714067	-3.47600101668068	0.00126794487600387	0.0133595351373904
ENSG00000272087	ENSG00000272087.1	-1.15129900397144	-0.815194605988382	-2.61679212583788	0.0125805230889308	0.0464378576523844
FANCF	ENSG00000183161.4	-1.15154003313001	2.23353090071542	-3.61221259128222	0.000858982066072426	0.0115619240060832
PLAGL2	ENSG00000126003.6	-1.15208649950045	4.01973070399746	-4.77361357476201	2.57213431069566e-05	0.0048458128707285
POLE2	ENSG00000100479.12	-1.15224939049368	0.590864190573336	-3.36853305080299	0.00171651820480518	0.0153096013451802
RRBP1	ENSG00000125844.15	-1.15270026969236	7.40521110428753	-4.00622570533159	0.000270095806761489	0.0082590059111242
ECT2	ENSG00000114346.13	-1.15438515656294	2.93402395816224	-3.73206041989721	0.000606914164976455	0.0102222559269153
MECOM	ENSG00000085276.17	-1.15447305037195	4.2198766607174	-2.63006532884208	0.0121723840808785	0.0454624317845732
NIP7	ENSG00000132603.13	-1.15612792084729	3.59855767060895	-4.65847234815648	3.68322981762402e-05	0.00584068288445558
SCAMP2	ENSG00000140497.16	-1.15613669465341	5.99637833721403	-3.89960188371261	0.000370912646662803	0.00910829556438955
SLC37A2	ENSG00000134955.11	-1.15633244146317	2.17551493895372	-3.36581351666459	0.00172963632350428	0.0153598247886797
EIF5AL1	ENSG00000253626.3	-1.15864702148636	0.103420331060957	-2.74224447109093	0.00917988165875108	0.0380666721986783
PLBD1	ENSG00000121316.10	-1.16004085048044	4.05257947905813	-3.65230999020256	0.000765101532118748	0.0111800294019765
PLK1	ENSG00000166851.14	-1.16094889033498	1.73568488314478	-2.69291608669356	0.0104002809247625	0.041165039129426
CA13	ENSG00000185015.7	-1.16139485544566	2.25536565349531	-3.2541586540371	0.00235888165577863	0.0179661456848476
SIPA1L3	ENSG00000105738.10	-1.16247648232911	4.24761495026925	-3.47668290381697	0.00126549451490112	0.0133533307630251
CFP	ENSG00000126759.13	-1.16268369096873	1.13477915150817	-3.24119092801041	0.00244470971546422	0.0182861560636595
TRMT10C	ENSG00000174173.6	-1.16422831810984	3.50777244644775	-5.34542905268692	4.23549524223499e-06	0.00387285243006597
SERPINB8	ENSG00000166401.14	-1.16513234447926	3.08726363558311	-3.17494425930273	0.00293147127666042	0.0200462450786966
HYOU1	ENSG00000149428.18	-1.16718926989097	5.91541725731635	-4.30394005457907	0.000109874570361934	0.00665025658162984
ENSG00000261114	ENSG00000261114.1	-1.17095660050908	-0.687370598513472	-2.59621199988233	0.0132382822452501	0.0479910089037421
ACSS2	ENSG00000131069.19	-1.17230218284609	6.02220078425481	-2.88134483287713	0.00641690928268506	0.0308666301313434
EBP	ENSG00000147155.10	-1.1757204455034	4.03927588801961	-3.23888718748764	0.00246026443571193	0.0183586359283041
FERMT3	ENSG00000149781.12	-1.17574947279785	3.86546249260311	-3.72191898800447	0.000625120433721155	0.0103026423561108
LAPTM5	ENSG00000162511.7	-1.17593790980099	5.69546002372527	-3.12552612081847	0.00335297542315803	0.0213187489498152
ALOX5	ENSG00000012779.10	-1.17599686850182	3.91264265472697	-3.90695851444376	0.000362916689569559	0.00910829556438955
APBB1IP	ENSG00000077420.15	-1.17719703566443	2.85636279469734	-2.97274738660488	0.00504766329393236	0.0269870610498652
GMPPB	ENSG00000173540.12	-1.17731788408364	4.09993809124385	-3.74118310484206	0.000590975385357378	0.0100970223351107
TTLL12	ENSG00000100304.12	-1.17835842085689	5.05227423876846	-3.85111713047712	0.000428052705437976	0.00917730386727577
PRC1	ENSG00000198901.13	-1.17985625952989	2.46794359510435	-3.44223739198796	0.00139512688346203	0.0139567797081712
LPCAT3	ENSG00000111684.10	-1.18023811146041	3.78324985209094	-3.54994070366302	0.00102711406841496	0.012170308349751
PTK2B	ENSG00000120899.17	-1.18267862345663	5.09296229245314	-3.75532993142473	0.000567055935739797	0.0099999007104534
TBC1D2	ENSG00000095383.19	-1.18270780826688	3.35234174596328	-3.80251463517885	0.000493857689929366	0.00960210676216704
SCEL	ENSG00000136155.16	-1.18443541277199	-1.77129163807319	-2.57477598817277	0.0139568506249432	0.0497320372676311
PKDREJ	ENSG00000130943.6	-1.18597769063535	-0.55053211528309	-3.35318256325166	0.00179182876087604	0.0155939907534885
DENND1B	ENSG00000213047.12	-1.18638602723385	3.1814622011612	-3.15871530226088	0.00306402334334237	0.0204076817967618
SYT7	ENSG00000011347.9	-1.18679832875712	2.75684173222764	-3.62186817839878	0.000835409790181842	0.0114914772709599
ACOT11	ENSG00000162390.17	-1.18782968898475	3.32115078848134	-2.92706887951815	0.00569350886800808	0.0288702709392353
ZFP69B	ENSG00000187801.14	-1.18829633250664	-0.988910044431241	-4.14741668818511	0.000176725962889504	0.0073516534453861
SDR42E1	ENSG00000184860.9	-1.19107131775643	2.22821195191671	-3.11493952427237	0.00345044146867845	0.0216743115935514
SEPHS2	ENSG00000179918.18	-1.19107669871889	5.40582777745684	-3.85140706957311	0.000427686886343622	0.00917730386727577
ACTR3C	ENSG00000106526.10	-1.19356804230987	0.419204931133813	-3.48823527949473	0.00122466471595476	0.0131063548120013
MTFR2	ENSG00000146410.11	-1.19404885440822	-0.668659629784057	-2.83375078311195	0.00726050841186436	0.0329388572443566
ARHGAP11A	ENSG00000198826.10	-1.19443095281875	1.61199342159538	-2.99851193329891	0.00471439023642942	0.0259247384319134
MNDA	ENSG00000163563.7	-1.19466256762218	1.3654846090471	-3.23759491306171	0.0024690309238684	0.0183935499033978
DCTPP1	ENSG00000179958.8	-1.19497871574142	3.66086126607759	-4.06295044262843	0.000227900108130106	0.00783505885743691
CLP1	ENSG00000172409.5	-1.19570068601656	2.58832910208694	-4.78298355313192	2.49787791995587e-05	0.0048458128707285
ENSG00000276672	ENSG00000276672.1	-1.19599506191086	-0.240425796185065	-3.87577746641424	0.000397998450121484	0.00910829556438955
MIER3	ENSG00000155545.19	-1.19652978702866	4.95587342799814	-3.56513377299362	0.000983391024663116	0.011988037588913
LRRC59	ENSG00000108829.9	-1.19662777553072	5.84977474696235	-3.81474800181767	0.000476426685244107	0.00946904338862944
DOCK2	ENSG00000134516.15	-1.19822654553299	3.35192633080744	-3.53076004558606	0.00108498551993693	0.0124030420179278
FKBP11	ENSG00000134285.10	-1.19985254300566	3.6543373852053	-3.74763512538908	0.000579947743054452	0.0100207713983889
SPRING1	ENSG00000111412.5	-1.20057645062571	4.16895269770359	-4.8863901691209	1.80661443846026e-05	0.00476264593404656
GCLM	ENSG00000023909.9	-1.20320643306121	3.5012293830695	-3.23553926754399	0.00248303713229838	0.0184479443903592
GALNT6	ENSG00000139629.15	-1.20470835077901	1.82737617595779	-3.16619926093058	0.00300220680264329	0.0202250531446364
DOK3	ENSG00000146094.13	-1.20853861814421	3.18093524203431	-4.33582111439722	9.96777103648304e-05	0.00659479510745007
TMEM154	ENSG00000170006.11	-1.21024345514909	1.08400319008372	-3.83838564908032	0.000444418675554016	0.00928682548727543
PPP1R16B	ENSG00000101445.9	-1.21090195078562	2.96972710606898	-2.79287096022762	0.0080664902237516	0.0352664849586831
MSI1	ENSG00000135097.6	-1.21171849535089	0.757776275581296	-2.89926582039117	0.00612370179496023	0.030085107798311
MTCO1P40	ENSG00000262902.1	-1.21252155090422	-0.584529470995431	-2.95912024098785	0.0052327585908423	0.0274990687893677
MXD1	ENSG00000059728.10	-1.21365904740781	4.96787281975389	-3.37154054472803	0.00170212171993778	0.015257351237807
CNDP2	ENSG00000133313.14	-1.21392792859389	5.81929629896753	-3.8033088889358	0.000492707478042291	0.0095995858691515
BATF2	ENSG00000168062.9	-1.2142390012244	2.46333575859786	-3.68346547283452	0.000699066159299005	0.010793298575587
PIP5K1B	ENSG00000107242.17	-1.21435002705992	3.7664532047305	-2.85385899128457	0.00689220109599439	0.0321214195992473
PGD	ENSG00000142657.20	-1.2165314010483	5.22135357598451	-3.24143031211892	0.00244309877917298	0.0182813869603294
ENSG00000260196	ENSG00000260196.1	-1.21666263158776	1.69901885055969	-3.04774034735573	0.004134350286337	0.0239516863288037
MT-ND5	ENSG00000198786.2	-1.2183789599865	11.7980590857404	-3.34316133462657	0.00184268415415434	0.0158033304946698
TRIP13	ENSG00000071539.13	-1.22022265045054	0.304078501838119	-2.78887219130974	0.00814964503497084	0.0355143000108636
LETM1	ENSG00000168924.14	-1.22085737290512	5.32744690519142	-3.58458776938436	0.000930013249322025	0.0117797595508866
MTFP1	ENSG00000242114.5	-1.221192363576	2.32670999793911	-2.68785082576535	0.0105337447861694	0.0414855933264487
COA7	ENSG00000162377.5	-1.22392946691523	3.48347419244579	-5.35767170361555	4.07391420096355e-06	0.00387285243006597
CPT2	ENSG00000157184.6	-1.22478193395078	3.02531083171269	-3.50650898785841	0.00116264812110141	0.0127821468090421
SIAE	ENSG00000110013.12	-1.2250621357915	4.53755571509498	-2.74839189227915	0.00903746102777015	0.037737126061267
LYN	ENSG00000254087.7	-1.22708397740739	4.01155341930762	-3.41895984876011	0.00148982969782603	0.0143866228198295
ENSG00000280195	ENSG00000280195.1	-1.22864014435914	0.29023177173382	-3.31505102252504	0.00199278993442625	0.016372957370251
FGD3	ENSG00000127084.17	-1.23056094490524	2.61274822715975	-3.04702883480992	0.00414223269065362	0.0239677801589206
NRAS	ENSG00000213281.4	-1.23309524243799	4.52927477767871	-4.47908913524295	6.41986019132865e-05	0.00628345661602394
MEFV	ENSG00000103313.12	-1.23371957121763	0.199158906525041	-3.11471426776983	0.00345254411929433	0.0216802686889288
NDFIP2	ENSG00000102471.13	-1.23476625703969	4.28181459378882	-3.66860321353198	0.000729850796583183	0.0109491867566681
PTTG1	ENSG00000164611.12	-1.23557426994158	0.850561220708563	-2.59478707778257	0.0132849731768821	0.0481138384512535
TPM3	ENSG00000143549.19	-1.23616248941874	6.95595346220644	-3.36333815624333	0.00174165981302938	0.0153865731929999
SACK1G	ENSG00000188522.14	-1.23729516429019	2.93443478576807	-2.76571828272047	0.00864700400641842	0.0366940870421488
ENSG00000273108	ENSG00000273108.1	-1.23823991133678	-0.700270836550136	-3.21261247989623	0.00264445221640248	0.0190302769147025
CAPG	ENSG00000042493.15	-1.23825927791371	4.19263965688966	-2.91039890811723	0.00594791310044007	0.0295893707908134
SLC31A1	ENSG00000136868.10	-1.23967781300669	4.34337657274074	-4.04292142457086	0.000242008505076959	0.00789324588275032
CASP1	ENSG00000137752.23	-1.24012010444384	4.20203204173701	-3.08398654680289	0.00375099974942213	0.0227872722750352
MTMR11	ENSG00000014914.20	-1.2410459930821	5.51539188536242	-2.6189165929265	0.0125143627132477	0.0462686536378384
EFNB2	ENSG00000125266.6	-1.24142851752631	5.46286700597878	-4.31341629023003	0.000106741439285743	0.00659479510745007
ALDH18A1	ENSG00000059573.8	-1.24155710261361	5.21220618551525	-3.9809053575307	0.000291300356810315	0.00835187589041493
EML5	ENSG00000165521.15	-1.24184170446754	-0.399595557993153	-2.94969968649462	0.00536441928484865	0.0279130293480329
STARD5	ENSG00000172345.13	-1.2439320785677	0.797973016968985	-2.6475545572804	0.0116532100733592	0.0441449357801197
KYNU	ENSG00000115919.14	-1.24431655850109	0.674791118064172	-3.35324014161884	0.00179154047198408	0.0155939907534885
CCNB2	ENSG00000157456.7	-1.24555485970318	1.27221798816413	-2.5738496375788	0.0139886949905757	0.0497891669152844
ENSG00000246575	ENSG00000246575.2	-1.24586762415994	-0.968786319918244	-3.12894461984866	0.00332206296635134	0.0211824731046062
NCEH1	ENSG00000144959.9	-1.24625275755716	2.66769273727937	-3.13241121634162	0.00329099098707504	0.0210650971911343
DHCR7	ENSG00000172893.15	-1.24670386550312	3.79757691671868	-3.27998850540414	0.00219638803914265	0.0172749414368414
TPMT	ENSG00000137364.4	-1.24777274316277	4.15966928691179	-3.47843798960586	0.00125920847777447	0.0133203446674304
POMK	ENSG00000185900.9	-1.24931820680379	-0.479946780067747	-4.84730286745733	2.04227852206199e-05	0.00476264593404656
FEN1	ENSG00000168496.3	-1.24952192722705	2.94790542627478	-4.21406603090449	0.000144436720941882	0.00710159814850896
BAK1	ENSG00000030110.12	-1.25132959315433	4.09207212297083	-3.81622486965303	0.000474363084573385	0.00946618107503684
ZNF296	ENSG00000170684.8	-1.25303301348059	-0.0514678225677566	-2.78184484233634	0.00829771303866937	0.0358472193706864
SLC1A5	ENSG00000105281.12	-1.25314422610542	5.24747386145199	-3.28509137443085	0.00216557228623818	0.0171393118090841
MYD88	ENSG00000172936.12	-1.25344481131815	5.10015975181975	-4.60817545315496	4.30623773298e-05	0.00594195241120788
SLC41A2	ENSG00000136052.9	-1.25370710337895	3.04110761031474	-3.14818307559487	0.00315306293221568	0.0206632337728105
SHCBP1	ENSG00000171241.8	-1.25379635371984	0.444950806490856	-3.27581904905369	0.00222187639477735	0.0174091974973996
CD84	ENSG00000066294.14	-1.25386173080072	2.25601925368988	-3.15937191436931	0.00305855193383345	0.0203997593825497
CCNYL1	ENSG00000163249.11	-1.25412685752254	3.87537920431691	-3.75769578966427	0.000563148204162591	0.0099999007104534
CLIC6	ENSG00000159212.12	-1.25420539734137	2.77795013909066	-3.3642768314304	0.001737091051818	0.0153723640396748
LENG9	ENSG00000275183.1	-1.25483411232825	1.57692925977989	-3.90925509584525	0.000360454981173088	0.00910829556438955
PCDH1	ENSG00000156453.13	-1.25875426782932	5.09903800012419	-3.48234119971679	0.00124533583755164	0.013229580147565
PMFBP1	ENSG00000118557.15	-1.25962976324313	-0.215866487841213	-3.06667044096145	0.0039297544666096	0.0232688046632603
ACHE	ENSG00000087085.13	-1.26464642749994	2.86368900853269	-4.23259939638009	0.000136533979177831	0.00690240697875393
TNFAIP8L2	ENSG00000163154.5	-1.26465445895972	0.222106612072691	-3.23725882533362	0.00247131572357959	0.0183972461039524
CIRBP-AS1	ENSG00000267493.3	-1.26756060659132	-0.471952503237644	-3.91875501004205	0.000350443142914432	0.00907865256581912
DHRS13	ENSG00000167536.13	-1.26846722484344	0.683710079731685	-3.74081475639403	0.000591611036445127	0.0100970223351107
NCF1C	ENSG00000165178.9	-1.26915219833966	0.10898463438886	-2.62499583458461	0.0123268063872943	0.0458096710657227
ITGA2	ENSG00000164171.10	-1.27034380825847	3.42025286624158	-3.53407926267821	0.00107475161634037	0.0123835711048346
WDR62	ENSG00000075702.16	-1.27084410066458	0.910030419676137	-3.2966027965816	0.00209756058382441	0.0168216835548207
RIPK3	ENSG00000129465.15	-1.27090504012156	2.9330190681908	-2.87322771163231	0.00655398664561388	0.0312046363652783
CREB3L1	ENSG00000157613.10	-1.27108811029624	4.36938894778468	-2.84086790940909	0.00712810061370716	0.0326138820284161
EFNA3	ENSG00000143590.13	-1.27215985390338	0.436223409857251	-2.75059991016745	0.00898680881728673	0.0375757442578538
EAF2	ENSG00000145088.8	-1.27234251356982	0.455326959445604	-3.95633963269626	0.000313415997114439	0.00862339213706812
NSUN7	ENSG00000179299.16	-1.27365538151197	2.04318237051511	-3.40423645118533	0.00155287389912509	0.0146390070686648
GFPT1	ENSG00000198380.12	-1.27777054334127	5.93611487857313	-3.36221607988539	0.00174713628878721	0.0153884598610555
TMEM164	ENSG00000157600.11	-1.27793198344703	4.42954690660424	-3.47660609569607	0.0012657702977959	0.0133533307630251
ENSG00000263089	ENSG00000263089.1	-1.2793692103879	-0.106693753493686	-2.87998950598504	0.00643960939698716	0.0308805829872343
NIPA2	ENSG00000140157.14	-1.28032200181664	4.25961018256294	-5.51216510276359	2.49209362971525e-06	0.00370411791440779
PGBD5	ENSG00000177614.10	-1.28189662996884	0.581328401416127	-4.09399711874291	0.000207601213400077	0.00760502482164142
DIO2	ENSG00000211448.11	-1.28307802573	0.548996966694544	-2.68284668219671	0.0106671505414871	0.0418006303922828
ERCC6L	ENSG00000186871.6	-1.28338756424025	-0.952949432890752	-3.45064996961303	0.00136234082575276	0.0138184644590631
PITPNM1	ENSG00000110697.12	-1.28463366115779	4.57826092519513	-3.39026700869811	0.00161504244678008	0.0148694741350115
PLCXD2	ENSG00000240891.7	-1.2848487465258	0.812445885956426	-3.16942964516575	0.00297589094022106	0.02013434948919
OSBPL3	ENSG00000070882.12	-1.28630730346676	2.8003341815314	-3.0807022923258	0.0037843023444269	0.0228620353507493
PMAIP1	ENSG00000141682.11	-1.28704158650312	1.20761483091105	-2.9919771087504	0.00479690587943911	0.0262200174770349
LILRA1	ENSG00000104974.11	-1.28819021380002	-0.592550252856116	-2.7833427543033	0.00826594356239844	0.035747315623801
SORL1	ENSG00000137642.12	-1.28857468061202	4.8842220639013	-3.23368409585901	0.00249574218505917	0.0184911359841347
PARD6B	ENSG00000124171.8	-1.28924338141313	0.941820456052459	-2.90782073932229	0.00598819645526734	0.0296912106184877
LINC02940	ENSG00000235888.1	-1.2903240518276	-0.851044584363666	-2.93571101267525	0.00556566619503752	0.0284524612071842
PLEKHA6	ENSG00000143850.13	-1.29103731733151	5.00463333775782	-2.58669671524423	0.0135529513614632	0.0487437771419456
ZNF552	ENSG00000178935.5	-1.29142180251628	2.00660813210362	-4.34286201270808	9.75540136979461e-05	0.00659479510745007
IER3	ENSG00000137331.11	-1.29309518855932	5.13092626210107	-2.77578487581763	0.00842740142986704	0.0361295260570104
CD28	ENSG00000178562.17	-1.29360825179023	0.0486913322015787	-2.67146726398242	0.0109763439774622	0.04248921941152
BEND3	ENSG00000178409.13	-1.29453891646591	1.66236124410319	-4.19617867210455	0.000152487281006678	0.00712410585546397
EPHA1	ENSG00000146904.8	-1.29582289398311	2.13662499834724	-2.93263840682292	0.00561080775569405	0.0285743468729516
ENSG00000271754	ENSG00000271754.1	-1.30110237343538	-1.80914272795321	-2.79955876457001	0.00792917765520306	0.0348609116853989
EZR	ENSG00000092820.17	-1.30183751255312	6.66386598787522	-3.3841055259041	0.00164321276039505	0.0150038026571414
ISG20	ENSG00000172183.14	-1.30195400459562	2.76006734374477	-3.14818308336091	0.00315306286566741	0.0206632337728105
PLAUR	ENSG00000011422.11	-1.3025970977454	3.62414074472232	-3.3302601957295	0.00191018440286607	0.0160380346243319
DPP3	ENSG00000254986.7	-1.30335009785583	4.40980097886601	-4.31552223471492	0.000106057128214792	0.00659479510745007
GNE	ENSG00000159921.14	-1.30350959667477	5.31279054407333	-4.38206223743189	8.6516772772119e-05	0.00659479510745007
POP1	ENSG00000104356.10	-1.30403742588107	2.17481814780862	-5.11887226220689	8.68470389877296e-06	0.00407790271566884
MTND6P4	ENSG00000249119.1	-1.30550362290323	-1.32612735689968	-2.80170724148104	0.00788552908178554	0.034725910249495
POC1A	ENSG00000164087.7	-1.30728657561889	0.828383467452355	-3.24503299520268	0.00241897602189279	0.0181878333239353
CXCR6	ENSG00000172215.5	-1.30770059321726	0.196375143389121	-3.5656791570138	0.00098185525599807	0.011988037588913
XRCC2	ENSG00000196584.2	-1.30857818841438	-0.482853975803285	-3.19334715248587	0.00278774237300384	0.019572627875937
MFSD2A	ENSG00000168389.17	-1.31099196009718	3.00978447557204	-3.15619950306891	0.00308507288493645	0.0204893348390652
KCNJ2	ENSG00000123700.4	-1.31107223071808	1.62803723886715	-2.76312487299498	0.00870443364989699	0.0368379163615064
DARS2	ENSG00000117593.9	-1.31363355638108	3.31888488324025	-5.51636201630343	2.45900583182237e-06	0.00370411791440779
SLC25A15	ENSG00000102743.14	-1.31517150282505	0.773953517537884	-3.92351849429395	0.000345525149002237	0.00907643824973427
ACY1	ENSG00000243989.8	-1.31763320273717	3.49825149701579	-3.13960269225657	0.0032274066072792	0.0208952605646046
SLC67A2	ENSG00000135953.10	-1.31874618253462	2.88101232741078	-3.7846119468352	0.000520484270776437	0.00976596960411892
ENSG00000273478	ENSG00000273478.1	-1.31975967642314	-0.12086514573513	-3.19056379182485	0.00280904332939233	0.0196423871231001
STK17B	ENSG00000081320.10	-1.31989628259066	3.59821011889361	-3.08568791684753	0.00373385668977309	0.022747095798676
ITGB2	ENSG00000160255.17	-1.320601521752	4.43542168078798	-3.61212006727908	0.000859211014529481	0.0115619240060832
TMEM44-AS2	ENSG00000229334.1	-1.32268409411563	-0.990662307006128	-3.82837478409048	0.000457711686324773	0.00940562460891892
CYBA	ENSG00000051523.10	-1.32322518170082	5.26584961691059	-3.13386114426435	0.00327807663255109	0.0210479113683833
ANLN	ENSG00000011426.10	-1.32503646934002	1.49587792027974	-3.44594405234043	0.00138058898013859	0.0138664289973064
SMPDL3A	ENSG00000172594.12	-1.32507216573883	3.53247161780558	-2.79259013298654	0.00807230420013112	0.0352836903623139
CENPU	ENSG00000151725.11	-1.3257555275644	0.591855030309043	-2.73385805691856	0.0093775310627042	0.0385553587477884
CNNM4	ENSG00000158158.11	-1.32582779951686	4.40046831678894	-3.07627632069321	0.00382962364732189	0.0229756524319851
CDKN3	ENSG00000100526.19	-1.32590108877782	0.156713009503559	-3.04753652398718	0.00413660687266836	0.0239573698064931
LILRA2	ENSG00000239998.5	-1.32599492281446	-0.0664334374250176	-3.1067858075887	0.00352732835353128	0.0219808497465244
MYRF	ENSG00000124920.13	-1.32825510522932	2.7610035064528	-3.05057699169021	0.00410306516713353	0.0238587523124155
TNFSF8	ENSG00000106952.7	-1.32833420667572	-0.500353060095265	-3.25917650876264	0.00232644568183536	0.0178348174678497
ATP1B1	ENSG00000143153.12	-1.32983770923152	6.31298074781348	-2.66777632243321	0.0110783948242257	0.0427696632247908
MTND5P11	ENSG00000248923.1	-1.33134483302439	-0.625787169059744	-3.58230598257611	0.00093612665577442	0.0118160825596473
CTSC	ENSG00000109861.15	-1.33137416673915	5.78700644669811	-3.57968753804091	0.000943189680593176	0.0118344613703766
FDXACB1	ENSG00000255561.6	-1.33169895203915	0.628307633698143	-5.61667534472738	1.78621920074188e-06	0.00370411791440779
DOLPP1	ENSG00000167130.17	-1.33292909295238	2.9698959620097	-3.52905194057084	0.00109028840732026	0.0124333921471094
HOXA-AS3	ENSG00000254369.6	-1.33417062702363	0.0776631046327359	-3.53385031996931	0.00107545451158633	0.0123835711048346
PLEK	ENSG00000115956.9	-1.33489635816799	2.91602781818382	-4.59681421636021	4.4607352251108e-05	0.00594195241120788
PBLD	ENSG00000108187.15	-1.33489863080364	3.01487587585845	-2.734786277089	0.00935546245981131	0.0385051660574408
SELPLG	ENSG00000110876.9	-1.33533753014033	2.46183190265137	-3.62862935678059	0.000819275879109927	0.0114321244884418
GRAMD2A	ENSG00000175318.11	-1.33631273880024	0.338995771904274	-2.63341665321007	0.0120712788091679	0.0452089249439267
TMEM52	ENSG00000178821.12	-1.33637885405805	-1.05690985092267	-2.80525779354234	0.00781388551683089	0.0345156156578358
SEZ6L2	ENSG00000174938.14	-1.33659032749569	2.13507306115585	-3.42955671839713	0.00144597838471344	0.0141934419668553
NHSL1	ENSG00000135540.11	-1.33733826730272	3.64162750007542	-3.19550142454015	0.00277136108035698	0.0194907757451757
ENSG00000187951	ENSG00000187951.10	-1.33761250759618	0.98228414241491	-3.17149217145418	0.00295920334994714	0.0201000387959962
ETHE1	ENSG00000105755.7	-1.3387477543359	4.72340382744693	-2.97080177580834	0.00507370874759193	0.0270497038218591
SLC35C1	ENSG00000181830.8	-1.33952607433518	4.49979519836956	-4.28955695179208	0.000114802891815683	0.00672219379483097
JUP	ENSG00000173801.16	-1.33962370799313	6.03047109241892	-2.82420267162139	0.00744174491857035	0.0333443794745814
ENSG00000279520	ENSG00000279520.1	-1.34111379760431	0.39126938416774	-4.10607146355382	0.00020019250659452	0.00753229116152544
IL1RL2	ENSG00000115598.9	-1.34179360687527	-0.493510190807216	-3.11406759290435	0.00345858721972382	0.0217109576072369
FYB1	ENSG00000082074.15	-1.34393965324177	2.59352502982454	-3.52039577687004	0.00111754677680809	0.012552217518985
C1orf53	ENSG00000203724.10	-1.34530562168994	-1.51216492499166	-2.93590051597303	0.00556289325744778	0.0284460280864101
SQOR	ENSG00000137767.13	-1.34591782556817	6.4778676958202	-3.40003799506486	0.00157131374337299	0.0146827933970306
MYOM3	ENSG00000142661.18	-1.34779058340471	-0.885681710445183	-2.63242782925904	0.0121010296997652	0.0452752071356554
PRKXP1	ENSG00000259205.2	-1.34848563225328	-0.887324715782033	-3.31217636922022	0.00200878094327842	0.0164557608064232
SDSL	ENSG00000139410.14	-1.34861933714204	1.42250143109754	-2.91180851823277	0.00592599561718964	0.0295466019862107
CYB561D2	ENSG00000114395.10	-1.3498653040551	2.70482021640679	-3.96229118268276	0.000307912759630835	0.00856772955760939
MPDU1	ENSG00000129255.15	-1.35238833105757	4.34435764276706	-4.19127670923234	0.000154769012660694	0.00712410585546397
IKZF1	ENSG00000185811.16	-1.35366105484725	2.56907444445901	-3.2342823934985	0.00249163804059299	0.0184767337511975
IL12RB1	ENSG00000096996.15	-1.35863133378008	0.267209476303909	-3.21053636578779	0.00265955096532663	0.0191145178435966
PCLO	ENSG00000186472.19	-1.35965230743393	1.6892864475148	-3.05466439912791	0.00405837766005231	0.0237217621044464
PTPN7	ENSG00000143851.15	-1.36146545509761	1.54057083351398	-2.86777501732101	0.00664759929528426	0.0314813943429221
AGPAT5	ENSG00000155189.11	-1.3627045730221	3.65547758780635	-4.34837645340936	9.59217595690152e-05	0.00659479510745007
URB2	ENSG00000135763.9	-1.36296161984664	3.0997201234319	-4.85982643834235	1.96364043344093e-05	0.00476264593404656
IGSF3	ENSG00000143061.17	-1.36300780901135	3.99317882245684	-4.74321746683813	2.82834363185995e-05	0.00497523693691788
MOCOS	ENSG00000075643.5	-1.36331397287027	1.46952343287935	-2.88794469009032	0.00630743428701068	0.0306061424478173
SAMSN1	ENSG00000155307.17	-1.36378772251376	2.57500720117177	-3.60143050115477	0.000886061345555708	0.0116377651693897
CCL4	ENSG00000275302.1	-1.36398726782093	0.139563317576822	-2.92850372350374	0.00567209455371943	0.0287967641493627
ATP2A3	ENSG00000074370.17	-1.36412329178331	5.65623790418834	-2.66351000706093	0.0111974446461432	0.0430699171296053
SPAG5	ENSG00000076382.16	-1.36436864188234	2.18487685724135	-3.38736420031462	0.00162825610379738	0.0149463410280138
MAP7D2	ENSG00000184368.15	-1.36466585807771	0.109400198507106	-3.44623057067613	0.0013794712867425	0.0138664289973064
MND1	ENSG00000121211.7	-1.36573097314396	-1.46451977854927	-2.78995408801855	0.00812706858821596	0.0354488161225899
TMPPE	ENSG00000188167.8	-1.36646393880885	-0.167287137389567	-4.19200815563227	0.000154426438418943	0.00712410585546397
AP1S3	ENSG00000152056.16	-1.36854213341748	-0.73108257168563	-3.3198737152982	0.0019662346336682	0.0163253940679442
SLC51A	ENSG00000163959.9	-1.36943753021119	1.83121508683792	-2.68026437548638	0.0107366011931973	0.0419502483067678
EVI2B	ENSG00000185862.6	-1.37163099837542	2.70722096339052	-3.17910206028893	0.00289839687788218	0.0199332442916086
IKBKE	ENSG00000263528.7	-1.37777707454688	1.97676140486735	-3.32737308194231	0.0019256097923228	0.0161242992061556
ATP1A1	ENSG00000163399.15	-1.37779192581776	8.20258724803603	-2.83736471291886	0.00719299057640685	0.0327478981909673
TCHH	ENSG00000159450.12	-1.37794318808961	-1.73224103219146	-3.52283996110974	0.00110978441776662	0.0125188409713967
DDX28	ENSG00000182810.6	-1.37947357991802	2.36361758737298	-5.29765446035358	4.92932576370796e-06	0.00387285243006597
LINC02977	ENSG00000259953.1	-1.38016882471035	0.930227584331992	-3.06861387195429	0.00390929914132032	0.0231695981294662
SLA	ENSG00000155926.13	-1.38059151271769	3.51385349124924	-3.4351042343393	0.00142351737711277	0.0141164220575142
GLRX	ENSG00000173221.13	-1.38304631815105	4.06766049044345	-4.05807187362099	0.000231260876094456	0.00783505885743691
TEDC2	ENSG00000162062.14	-1.38593746170321	-0.874879549148109	-2.78147523431763	0.00830556955347158	0.0358609672076559
ENSG00000274213	ENSG00000274213.1	-1.38839914137155	-1.5688558641413	-2.98658027274672	0.00486607348931758	0.0264222878715933
SLC44A3	ENSG00000143036.16	-1.39052445844634	2.76316799250135	-2.85293729954382	0.00690869464941733	0.0321504219289783
ENSG00000271933	ENSG00000271933.1	-1.39144758145511	-0.864086358382633	-4.08828005958371	0.000211201768769843	0.00761380349526909
PTAFR	ENSG00000169403.11	-1.39171255163375	2.36191250998327	-3.61725652051581	0.000846589488374629	0.0115266301432603
ZC3H12D	ENSG00000178199.13	-1.39249951855237	0.840867186434511	-2.62452487138581	0.0123412435687564	0.0458451813109932
PIM2	ENSG00000102096.9	-1.39461519409192	3.43998323993097	-2.79504255490713	0.0080216629198012	0.0351195508064583
CRACR2A	ENSG00000130038.9	-1.39481964891295	2.25099363791941	-3.22711518524957	0.00254122735816842	0.0186588476313993
IL21R	ENSG00000103522.15	-1.39558670126766	-1.6296089135195	-2.71786276295181	0.00976547863903759	0.0395036010765462
ENSG00000280162	ENSG00000280162.1	-1.39780790556448	-2.14325001972427	-3.04078940973648	0.00421196453515628	0.0241874074522865
ASL	ENSG00000126522.16	-1.39804312134588	4.89801914401107	-3.89628391882767	0.000374574669015213	0.00910829556438955
ARG1	ENSG00000118520.14	-1.39966082708805	-1.63999276528408	-3.12463141456975	0.00336111078596026	0.0213392533492594
BRCA2	ENSG00000139618.14	-1.39966892015038	0.433893991572843	-3.56406965690539	0.000986394163902575	0.01199085739949
MPEG1	ENSG00000197629.5	-1.39986310242451	3.8503583900263	-3.23997794808672	0.00245288799761027	0.018310867397105
CCR5	ENSG00000160791.13	-1.40080669071277	0.368149176833763	-3.6985815074044	0.000669042760710119	0.0106269694465222
BIN2	ENSG00000110934.10	-1.40275503293975	2.15875984864676	-3.36472567170299	0.0017349104832545	0.0153691422776374
NECTIN1	ENSG00000110400.10	-1.4031783257134	3.51509262828523	-4.22865313908309	0.000138180439996352	0.00690240697875393
PLK4	ENSG00000142731.10	-1.40539708621567	0.314679051224097	-3.41109018100601	0.00152321582211796	0.0145667207591749
SPINK5	ENSG00000133710.15	-1.40617825906479	0.3882926949599	-2.71113127684975	0.00993314248430308	0.0399409724127982
SNORA73B	ENSG00000200087.1	-1.4064760094478	-1.79814634029993	-2.94509789169997	0.00542985710329162	0.0281289927650435
ENSG00000273338	ENSG00000273338.1	-1.40677579668308	-1.55218413724021	-2.57756436838268	0.013861397590632	0.0495046148597166
CCDC162P	ENSG00000203799.12	-1.40776715290457	-0.00590257932208271	-2.95628140410736	0.00527211126547249	0.0275977686142988
KPNA2	ENSG00000182481.8	-1.4081385497735	4.25711125021447	-4.88478944916177	1.81571476834647e-05	0.00476264593404656
MACIR	ENSG00000181751.9	-1.40952790741827	2.89140686822696	-2.81121055120171	0.00769512739960016	0.0341274811851925
GLDC	ENSG00000178445.9	-1.40985955456152	-1.73298529610703	-2.57550185995003	0.013931944411204	0.0496809910634582
MSMO1	ENSG00000052802.12	-1.41014257634077	4.27444697155813	-3.55626291409735	0.00100869748463313	0.0121006690866237
GLYCTK	ENSG00000168237.17	-1.41032269420012	2.39021635268718	-3.13743669957749	0.0032464341376029	0.0209606483232924
MCM4	ENSG00000104738.16	-1.41145489151156	3.84219134512216	-4.65487635463248	3.72465750365112e-05	0.00584068288445558
FMN1	ENSG00000248905.8	-1.41252602664821	3.25608201814565	-3.71293210815182	0.000641694032837662	0.0104063690271251
KRT8P33	ENSG00000250539.1	-1.414924999047	-0.231177814799602	-3.19609769476965	0.00276684314323337	0.0194907757451757
NFAM1	ENSG00000235568.6	-1.41515285238047	1.62224583936794	-4.00417830198152	0.00027175304297065	0.0082590059111242
CANT1	ENSG00000171302.16	-1.41617827560599	5.30738275870141	-3.76224691823164	0.000555704124016315	0.00997823600121838
KDM7A-DT	ENSG00000260231.1	-1.41645354638746	1.99978813820845	-3.18897989314202	0.00282123366601704	0.0196866895438086
ENTPD5	ENSG00000187097.12	-1.42033727052777	4.63325696086149	-3.1939926463288	0.00278282436354431	0.0195484990198435
BCL10	ENSG00000142867.12	-1.42042593280427	3.63795656686603	-4.57480340260297	4.77573966378779e-05	0.00607673487727505
CCDC88C	ENSG00000015133.18	-1.42540152819836	3.589338555773	-2.92518362957535	0.00572176039655021	0.0289624963934102
OAS1	ENSG00000089127.12	-1.4259593257125	3.23189148697059	-3.14824080737503	0.00315256825690655	0.0206632337728105
XBP1	ENSG00000100219.16	-1.42611247250746	6.28107813301041	-3.91922143913777	0.000349958598037117	0.00907865256581912
ARHGEF34P	ENSG00000204959.4	-1.42635186274739	1.10698460379466	-3.64755199704566	0.000775701505138168	0.0112070966688501
BATF	ENSG00000156127.6	-1.42760036525768	-0.255160654793279	-2.98734926242681	0.00485616093563474	0.0264067761535256
LILRB4	ENSG00000186818.12	-1.42793017614225	1.71434182953288	-3.57918767026734	0.000944543844764934	0.0118344613703766
ENSG00000261270	ENSG00000261270.1	-1.42821870073903	-1.86441551391079	-2.71706391915374	0.00978523787865257	0.0395338702431824
CYBB	ENSG00000165168.7	-1.42901001584989	3.62536366315826	-3.72700581205194	0.000615923393541761	0.0102829094911123
TET3	ENSG00000187605.15	-1.42981701312414	3.82184814516439	-4.57996954258267	4.69989405392291e-05	0.00607673487727505
ALDH1L1	ENSG00000144908.13	-1.43039934870722	3.38917585952573	-2.87419905523284	0.00653744023698606	0.0311868108114764
TAGAP	ENSG00000164691.16	-1.4315783000796	1.26234965256493	-3.61045179090889	0.000863349220096601	0.0115659237174425
NABP1	ENSG00000173559.12	-1.43261360929929	4.19562424131739	-3.6345158063622	0.000805474096937863	0.0113591138228644
FAR2	ENSG00000064763.10	-1.43263122895735	3.58261064544332	-3.59573918263609	0.000900684605845806	0.0116817087313703
SERPINB1	ENSG00000021355.12	-1.43433082444761	6.01549119468138	-3.59264967577258	0.000908719760626048	0.0116942742126359
PIK3CG	ENSG00000105851.10	-1.43538335565387	0.48234030264192	-3.75583781974193	0.000566214843278541	0.0099999007104534
PTPRR	ENSG00000153233.12	-1.4383743760182	0.648829346820651	-3.38678657058324	0.00163089778577902	0.014956797955323
TENT5C	ENSG00000183508.4	-1.44048049936354	3.49847240484064	-2.65365639701517	0.0114769296279412	0.0437087446975993
ENSG00000276073	ENSG00000276073.1	-1.44151038858065	-0.500352458568426	-3.53451075254102	0.00107342806431021	0.0123835711048346
ARSL	ENSG00000157399.14	-1.44248841324734	1.53957952953202	-2.65564255218882	0.0114200825829035	0.0435870739833557
PSAT1	ENSG00000135069.13	-1.44433205494294	2.41546407661564	-2.81235452498392	0.0076724983354912	0.0340351591254595
HAS3	ENSG00000103044.10	-1.44499691085086	1.60614398973662	-3.31713762338044	0.00198125874876053	0.0163641168949957
VILL	ENSG00000136059.14	-1.44901403439869	4.01216651328664	-3.01834788927595	0.00447201952066985	0.0251326961810955
AHCYL2	ENSG00000158467.16	-1.44967131187654	5.82064471610386	-2.9176394884236	0.00583613278166476	0.0292684694690052
MKRN2OS	ENSG00000225526.4	-1.45155089140675	-1.1362354345418	-3.09076771426806	0.00368311152379584	0.0225485137190217
SNX20	ENSG00000167208.14	-1.4532375735582	0.383686441479231	-3.54174506896636	0.00105146933716219	0.0122738950221132
ABHD11	ENSG00000106077.18	-1.45375357020068	3.80993154786041	-3.22761743255201	0.00253772202747784	0.0186476897965919
ENSG00000278897	ENSG00000278897.1	-1.45458060564521	-1.34716600856244	-4.31386396659722	0.000106595609105221	0.00659479510745007
ENTPD7	ENSG00000198018.6	-1.45501277714558	1.78044898256972	-4.75405369322966	2.73423883473592e-05	0.00493793017250097
TMEM54	ENSG00000121900.18	-1.45931507315149	5.0142082806165	-2.74886648711989	0.00902655147521151	0.0376999532593779
KIF18A	ENSG00000121621.6	-1.46246577489874	-0.879066297230434	-3.09888174473609	0.00360340422607049	0.0222995512929344
ENSG00000279970	ENSG00000279970.1	-1.46276149276378	-2.01635214717289	-3.03316479237614	0.00429867882742989	0.0245254513173719
PMM2	ENSG00000140650.11	-1.46703904385778	2.17796310482779	-4.11267449695678	0.000196250685056698	0.00747663360392473
DPF3	ENSG00000205683.11	-1.46831395203808	1.12803318672273	-3.25254744884755	0.002369387554556	0.0180029281293391
MUC6	ENSG00000184956.15	-1.47629742861417	-2.11970448079291	-3.65791944212593	0.000752783979693172	0.0111377946137383
ENSG00000261786	ENSG00000261786.1	-1.47869774063757	-0.311550484014909	-3.95124691324608	0.000318200906276166	0.00866152090098398
ENSG00000182584	ENSG00000182584.4	-1.4802524652202	-0.336888497221134	-4.57437300408545	4.78211256080969e-05	0.00607673487727505
NANS	ENSG00000095380.10	-1.48035401328488	4.69794447912805	-3.93426295850568	0.000334677043119318	0.00892890984467985
SUSD1	ENSG00000106868.16	-1.48124896398757	2.2128550405071	-3.91739908109231	0.000351855438069295	0.00909604195823287
CARMIL1	ENSG00000079691.17	-1.4820563264253	3.02963588991571	-2.89679398639279	0.00616338521904665	0.0302326197921479
HOXB8	ENSG00000120068.6	-1.4830714381266	0.374941873652404	-2.59341884551354	0.0133299487879209	0.0482395179450347
CYP27B1	ENSG00000111012.9	-1.48408218113151	-0.894814057147084	-2.63130674338636	0.0121348416107858	0.0453836310501353
KLHL6	ENSG00000172578.11	-1.48468110980064	2.29069579687244	-3.23085177080978	0.00251525841703414	0.0185625082863399
SEC23B	ENSG00000101310.14	-1.48515416477518	4.4681946968095	-5.18674626969948	7.00635316521744e-06	0.00387285243006597
TBC1D10C	ENSG00000175463.11	-1.48667558782137	1.24650706410005	-2.65411859329672	0.0114636775649139	0.0436969773824224
PROB1	ENSG00000228672.3	-1.49514595641107	1.3713846905044	-3.80845947676874	0.00048531127233624	0.00953385948270802
TMC7	ENSG00000170537.12	-1.49535396199513	0.942608468612366	-2.74536857755865	0.00910724577325055	0.0379092206273793
CD5	ENSG00000110448.10	-1.49542748927366	0.123053869898803	-2.77861928669981	0.00836651001103778	0.0359807156442013
CATSPERB	ENSG00000133962.7	-1.49786323518718	-0.363391403561082	-2.75988246783146	0.00877673295879527	0.03702735345604
CHMP3-AS1	ENSG00000228363.2	-1.49976022372964	0.15803561924694	-3.90692330579476	0.000362954556506322	0.00910829556438955
ABHD12B	ENSG00000131969.14	-1.49976434105698	-0.782690846325977	-2.82030780070606	0.00751687815807617	0.033582779630111
HOXD1	ENSG00000128645.14	-1.49979584741784	-1.66292245943332	-3.08358236492835	0.00375508320672208	0.0227877133404375
PEAK3	ENSG00000188305.5	-1.50016608784151	-1.10176927914891	-3.69639401020149	0.000673309213148834	0.0106269694465222
KIF23	ENSG00000137807.13	-1.50059613015883	1.23336068712994	-2.94565418705989	0.00542190696182817	0.028107716411001
MIAT	ENSG00000225783.6	-1.50149085623892	2.96903358805516	-3.53294742085127	0.00107823088099253	0.0123937162832323
CTLA4	ENSG00000163599.14	-1.50314661107928	-0.669649447202109	-2.97906036483103	0.00496401480603947	0.0266993488221745
MGAT2	ENSG00000168282.5	-1.50712070409407	-0.788440433622232	-4.81560642687012	2.25548506130183e-05	0.00476264593404656
NAGS	ENSG00000161653.10	-1.50827879488083	0.00832120160134717	-2.6644270662759	0.0111717553399744	0.0430239714569201
LINC01389	ENSG00000225762.1	-1.50995472255205	-2.6953081225819	-2.59051069281423	0.0134260083095746	0.0484750649885487
CD8A	ENSG00000153563.15	-1.51074887921296	0.663888354892487	-2.65890490707537	0.0113272717251291	0.0433929692691721
MEI1	ENSG00000167077.12	-1.51090607845866	0.612011326675931	-2.85112225926762	0.00694128227757031	0.0322381710527511
ADGRV1	ENSG00000164199.16	-1.51242244321978	-1.13129777581822	-3.01394080080251	0.00452483342426137	0.0252885915038474
ABCB1	ENSG00000085563.14	-1.51271145984704	2.94859170180121	-3.04659756028579	0.00414701740368353	0.0239806899248719
CES2	ENSG00000172831.11	-1.51728655638704	5.77053930024938	-2.91854854194444	0.00582223857702729	0.0292498642418651
HTR4	ENSG00000164270.17	-1.5173069541982	0.627280634792694	-2.84567391108986	0.00703996643246213	0.0324748186541095
SCUBE1	ENSG00000159307.18	-1.51918072861796	2.52841079143818	-2.70040845603103	0.0102057290042292	0.0406207848786103
CCR1	ENSG00000163823.3	-1.51994920622065	1.76124708862121	-3.82357963867325	0.000464214639012534	0.00945139485446645
VWA7	ENSG00000204396.10	-1.52090589457371	0.511824050462385	-3.82339415572657	0.00046446797203027	0.00945139485446645
PLEKHH1	ENSG00000054690.13	-1.5227049501958	3.95023772517866	-3.19751879282782	0.00275610364114651	0.019467897174883
HELLS	ENSG00000119969.14	-1.52365454760036	1.45624663522614	-3.69823983436829	0.000669707429068756	0.0106269694465222
RAD51AP1	ENSG00000111247.14	-1.52719182390102	0.419243121842721	-3.59334505454678	0.00090690523337226	0.0116942742126359
TYMS	ENSG00000176890.15	-1.52761598262933	1.24673209303281	-3.57094334709811	0.000967149689088644	0.0119506614871467
FLVCR2	ENSG00000119686.9	-1.52762619909512	1.93200395384388	-3.7296867502367	0.00061112897208763	0.010230146482843
ITGAL	ENSG00000005844.17	-1.5278650887443	2.33104098993603	-2.82578830891193	0.00741135833464574	0.033309319187512
GMIP	ENSG00000089639.10	-1.52909921034556	3.41603352956926	-4.47352636974596	6.53090263184442e-05	0.00628345661602394
NOC2LP1	ENSG00000213225.7	-1.53008403810181	-0.81132225184847	-4.19543446767473	0.000152831559289784	0.00712410585546397
ADAMTSL4-AS1	ENSG00000203804.4	-1.53081628178996	-1.49701029879053	-4.04277339976904	0.00024211587614111	0.00789324588275032
CD38	ENSG00000004468.12	-1.53098896778696	1.69080832126537	-3.60763628272079	0.00087037672536571	0.0115752590647061
MAD2L1	ENSG00000164109.13	-1.53278573441244	1.32955302104404	-4.11486101596905	0.000194962161564368	0.00747663360392473
WFDC21P	ENSG00000261040.6	-1.53506638936852	-2.02366755515299	-3.09923612143631	0.00359996045143757	0.0222855824650298
FHIP1A	ENSG00000164142.15	-1.53571540269595	-0.089305035246031	-2.8072033742182	0.00777488464034666	0.0344015448122673
HS3ST3B1	ENSG00000125430.8	-1.53712921088015	1.25514834177967	-3.87340318056158	0.000400800599569553	0.00912465074074588
RAB15	ENSG00000139998.14	-1.53728257216879	3.69659585660206	-4.79063400802437	2.43882161942408e-05	0.0048458128707285
MYO1G	ENSG00000136286.14	-1.53767486816251	2.27494132011468	-3.32764866278051	0.00192413229522043	0.0161191136346254
PRKG2	ENSG00000138669.9	-1.54087598706113	0.977457865644571	-3.07666669923851	0.00382560572429598	0.0229707566220355
PDSS1	ENSG00000148459.15	-1.54099446455792	1.76575603439887	-3.77550682958066	0.000534554046798638	0.00983374183765457
HMGB3	ENSG00000029993.14	-1.54269080909214	2.88046581074776	-3.7332291998721	0.000604849154832644	0.0102068974178497
CEACAM4	ENSG00000105352.10	-1.54276555600534	-1.22098438622323	-3.12060865253586	0.00339792004207529	0.0214808933794204
CCDC68	ENSG00000166510.13	-1.54696906447196	2.61303963051208	-2.63775241030225	0.0119416215607807	0.0448575072309165
SOCS1	ENSG00000185338.4	-1.54754676951466	1.23532367393384	-3.56282525548238	0.000989917288450771	0.0120185045324385
SPAG1	ENSG00000104450.12	-1.54912547523382	2.40326407324315	-3.83511920265777	0.000448714394055129	0.00933316047035153
PCSK6	ENSG00000140479.16	-1.54926979107505	2.09362526807885	-3.18130804657561	0.00288099267301087	0.0198948835933934
CD68	ENSG00000129226.13	-1.55021291263175	5.23510948801123	-4.14143929862979	0.000179944527896915	0.0073516534453861
SLC16A13	ENSG00000174327.6	-1.55030288205675	-0.414368186379374	-3.44738269501528	0.00137498565077776	0.013844089734557
ASS1	ENSG00000130707.17	-1.55091849976964	6.20404917431608	-4.02067928500304	0.000258673227405831	0.00813955699804922
CD8B	ENSG00000172116.21	-1.55128270479662	-1.38056220519629	-2.73073155014438	0.00945221966897134	0.0387463361094207
GSTO2	ENSG00000065621.14	-1.55156315728337	1.25809761547731	-3.10639698967977	0.00353103492412943	0.0219893560825594
SNHG4	ENSG00000281398.2	-1.55158658718986	0.691677640124928	-3.88337415186033	0.000389159885221311	0.00910829556438955
GSKIP	ENSG00000100744.14	-1.55218595691992	4.12760071472564	-3.85314616398986	0.000425499006206832	0.00917730386727577
VPS9D1-AS1	ENSG00000261373.1	-1.55306136355859	-0.380936788814638	-3.55701801525726	0.00100651921346757	0.0121006690866237
GCH1	ENSG00000131979.18	-1.55468682413409	2.97915987347818	-4.08190553341738	0.000215288197740794	0.00767114616927914
RBFOX1	ENSG00000078328.19	-1.55475768928159	-1.18407340023399	-2.78722486875108	0.0081841324816879	0.0355567322078814
LIF	ENSG00000128342.4	-1.55536818560816	3.30969619265445	-2.58995635061916	0.0134443907982907	0.0485134578239186
GOLM1	ENSG00000135052.16	-1.55559811961508	5.76838370085655	-3.15659554496062	0.00308175016838573	0.0204745071321616
GK	ENSG00000198814.12	-1.55658354570091	2.57151206044618	-4.81184884879619	2.28217513611006e-05	0.00476264593404656
PRLR	ENSG00000113494.16	-1.55784865388864	0.961286291449379	-2.77287964268922	0.00849024133839949	0.0363160357134637
TBXAS1	ENSG00000059377.16	-1.55810627998624	2.60471526240299	-4.42743292783202	7.52658294803438e-05	0.00636776040225143
FOXM1	ENSG00000111206.12	-1.55817876748176	0.85244811658572	-2.6514782223671	0.0115395724204334	0.0438737346559879
SLPI	ENSG00000124107.5	-1.55951367032905	2.31440479273856	-2.91655303216899	0.00585277917702301	0.0293018076672776
FUT4	ENSG00000196371.3	-1.55968206409336	3.12320543687208	-4.43406744634854	7.37458387544097e-05	0.00628345661602394
PAPSS2	ENSG00000198682.12	-1.5600152844393	4.94289608180544	-2.93879592006395	0.00552068648532436	0.0283227352000443
CCR6	ENSG00000112486.15	-1.56054793945504	-0.903400642376331	-3.33187822874374	0.00190159111181443	0.016016001911255
CNKSR1	ENSG00000142675.17	-1.56154410136116	2.22778206457984	-2.90209359039173	0.00607859722372596	0.0299418340036772
IDH1	ENSG00000138413.13	-1.56167045149909	5.1701215105591	-3.42918355913013	0.00144750136164175	0.0141934419668553
F3	ENSG00000117525.13	-1.56294052264568	5.27383412519264	-2.91891847101981	0.00581659335842317	0.0292498642418651
MADCAM1	ENSG00000099866.14	-1.5663767080561	1.34996408179044	-2.85567016461827	0.00685989736755575	0.0320424253562378
NHSL3	ENSG00000162522.10	-1.56647906357589	5.22038537993845	-2.97912754819994	0.00496313165195248	0.0266993488221745
CAPN5	ENSG00000149260.15	-1.56811333601166	5.58660957370477	-3.22371199675704	0.00256510063828528	0.0187754170647989
ARHGAP30	ENSG00000186517.13	-1.57404994023501	3.33698712248314	-4.60467044970574	4.3533303376076e-05	0.00594195241120788
CARMIL2	ENSG00000159753.13	-1.57451116857205	1.09770229644587	-2.98018472002181	0.00494925409389057	0.0266748982176235
AOAH	ENSG00000136250.11	-1.57490802908392	1.67354786715971	-3.69503419530322	0.000675974594972621	0.0106332955132125
CD53	ENSG00000143119.12	-1.5770014884605	3.87037607177465	-4.26181446717659	0.000124927610421953	0.00681749625297207
ENSG00000265474	ENSG00000265474.1	-1.58706252689954	-1.94451258934773	-2.93605650096114	0.00556061175347168	0.0284455572338988
GGH	ENSG00000137563.11	-1.58754708809891	2.31546566323628	-3.03852927547929	0.00423749554601338	0.0242648296784217
TFRC	ENSG00000072274.12	-1.58765501328636	5.7001165213748	-3.25853284329261	0.00233058256551244	0.0178519582974938
JSRP1	ENSG00000167476.10	-1.58778225074082	-2.29974770997542	-2.82674994014735	0.00739298632740359	0.0332720596267573
HMGA1	ENSG00000137309.19	-1.58919048978933	4.80760444967618	-3.72560680601958	0.000618439697779868	0.010298765915786
SGO2	ENSG00000163535.17	-1.59017368714455	0.669660201980535	-4.61029374798727	4.2780202821774e-05	0.00594195241120788
ENSG00000255026	ENSG00000255026.1	-1.59097870813864	0.108982192122543	-2.78425351263637	0.00824668242760733	0.035713440017367
TATDN2P2	ENSG00000218226.1	-1.59179941641701	-1.01238390662275	-3.96872652461698	0.000302067883790223	0.00849414557930803
TK1	ENSG00000167900.11	-1.59304032810526	2.06020651144146	-3.36139282032121	0.00175116479387291	0.0154125478718467
UGDH	ENSG00000109814.11	-1.5933901006361	5.44273464395357	-3.40539496344818	0.00154782219244483	0.0146390070686648
HAGLROS	ENSG00000226363.3	-1.59375035151395	-1.58953421345825	-3.95491411302269	0.000314748262305592	0.00862339213706812
TPRN	ENSG00000176058.11	-1.59669288442777	3.44571109962129	-3.27165949968093	0.00224758451790137	0.0174872130966129
CRYM	ENSG00000103316.10	-1.59810291593639	0.0917649727977516	-3.06390570785018	0.00395902831937632	0.0233715952620055
EREG	ENSG00000124882.3	-1.59900085865737	1.22090797201329	-3.39628812416013	0.00158796022200765	0.0147504024857982
VAV1	ENSG00000141968.7	-1.60092849846156	2.08491694142915	-4.46624816430226	6.67904188796522e-05	0.00628345661602394
RAB11FIP1	ENSG00000156675.15	-1.60318658255916	3.81474312601963	-3.76090129068083	0.000557895141275158	0.00999846044220421
IGSF6	ENSG00000140749.8	-1.60409554490066	0.573867492690465	-3.81849750471469	0.000471204474030703	0.00946618107503684
BCL2A1	ENSG00000140379.7	-1.60582705373637	-0.278251846577406	-2.57506475092247	0.013946937671155	0.0497077937221552
ERMN	ENSG00000136541.14	-1.60628628327621	-0.608674406191154	-2.63686186032837	0.0119681476104944	0.0449122374466145
IL1RN	ENSG00000136689.18	-1.60675061504789	0.315336632423918	-3.01854620778004	0.00446965659376002	0.0251269350924875
LRRC25	ENSG00000175489.9	-1.60833038627378	1.65898356316673	-4.56330685503956	4.94887338903342e-05	0.00609572007569759
SH2D4A	ENSG00000104611.11	-1.60984811064917	1.52090949377611	-3.01506912322489	0.00451125616120315	0.0252399205301512
SYK	ENSG00000165025.14	-1.61213011353924	3.89785977356364	-4.43323527379995	7.39348265435678e-05	0.00628345661602394
PNP	ENSG00000198805.11	-1.61349037788663	4.0796306088798	-3.88890539038292	0.000382844540585453	0.00910829556438955
ENSG00000237513	ENSG00000237513.1	-1.6137161495906	-1.98189318757841	-2.85346133284076	0.00689931263065041	0.0321306446389477
FEV	ENSG00000163497.2	-1.61419782961423	-2.3133761532294	-2.73217203667762	0.00941773992189022	0.0386482303612551
HRG-AS1	ENSG00000197099.8	-1.61449647417158	-0.515986159535137	-5.35525084855924	4.1053712992573e-06	0.00387285243006597
ENSG00000271862	ENSG00000271862.1	-1.61709615724469	-1.04199696658452	-4.14815255268895	0.000176333638260452	0.0073516534453861
ARFGEF3	ENSG00000112379.8	-1.62116274592303	2.79913904971737	-4.30911721342857	0.000108151846650869	0.00662602856560685
TMED6	ENSG00000157315.4	-1.6215463362555	-1.16384431178833	-4.17405016565515	0.000163055212642692	0.00719044783175699
S1PR4	ENSG00000125910.5	-1.62392921852167	-0.180793516252574	-3.23110798164374	0.00251348704072584	0.0185567270435978
ALPL	ENSG00000162551.13	-1.62482000146539	2.42169934207167	-3.32409166175591	0.00194328611612576	0.0162000886964376
CSF2RB	ENSG00000100368.13	-1.62485885661574	3.50353175339789	-3.60776673704722	0.000870049898256862	0.0115752590647061
LRP8	ENSG00000157193.15	-1.62536392913663	2.04882006322846	-3.72221304429736	0.000624585182628506	0.0103026423561108
ABRACL	ENSG00000146386.7	-1.62600638556187	2.79688940201732	-3.58974265561873	0.000916343265753854	0.011716336190161
RAD54L	ENSG00000085999.11	-1.62729108979911	-0.914653896762364	-2.78210611059129	0.0082921635978171	0.0358360369751958
EZH2	ENSG00000106462.10	-1.62893891818211	2.42127988005718	-3.64611625969121	0.000778927783301716	0.0112336091553584
ZC3H12A	ENSG00000163874.10	-1.62901155855346	4.44640892975934	-4.02072810442012	0.00025863545427211	0.00813955699804922
KBTBD11-OT1	ENSG00000253696.2	-1.63056498448562	-2.63762692447777	-2.84021349930593	0.00714018069185826	0.0326439319271661
FOXP3	ENSG00000049768.14	-1.63184018765038	-1.52602611147505	-3.12765692275244	0.00333367544340124	0.0212175846079167
BICDL1	ENSG00000135127.11	-1.63187821177563	1.23602842142604	-3.67568247392527	0.000715027641330538	0.0108918484667236
B4GAT1-DT	ENSG00000255468.6	-1.63354492314334	-1.32445968875294	-2.89752454765244	0.00615163164348975	0.0301907357010777
KCTD14	ENSG00000151364.16	-1.63624903621499	0.187910407570413	-4.76944940570658	2.60583058217218e-05	0.0048458128707285
GRIN3A	ENSG00000198785.4	-1.63771290961942	-0.0166700341926429	-4.51047734375589	5.82720787286722e-05	0.00628345661602394
LIPT2	ENSG00000175536.6	-1.63879221404245	-1.43028911558076	-4.35046838151559	9.53095864447481e-05	0.00659479510745007
TNNI1	ENSG00000159173.18	-1.63887895303847	-0.232531631354665	-2.8005330611012	0.00790935601732835	0.0348063553696019
WDFY4	ENSG00000128815.19	-1.64010557592182	1.65157365438022	-4.22059422917031	0.000141603323537193	0.00699893058598834
CNTNAP2	ENSG00000174469.19	-1.6422727045911	0.537844169503458	-3.10282417063329	0.00356526703677448	0.0221623068182473
PTPN6	ENSG00000111679.16	-1.64521154628562	3.70061442741457	-3.92754535782032	0.000341420011201556	0.0090317614794192
SYTL1	ENSG00000142765.17	-1.64613574663534	1.02731018518311	-2.59321171840868	0.0133367695010146	0.0482456095470062
TLR7	ENSG00000196664.4	-1.64784347429567	-0.850067601259601	-2.77665675225293	0.00840862727862432	0.0360819825330414
PTPRC	ENSG00000081237.18	-1.6484568692762	4.04361145872408	-4.31930707373366	0.000104838059494402	0.00659479510745007
MT-ND6	ENSG00000198695.2	-1.64867799186024	9.98153342620831	-3.17264906276878	0.00294988197445704	0.0200807947449559
ENSG00000280202	ENSG00000280202.1	-1.65095034034519	0.468727164225338	-3.23517979622995	0.00248549414404974	0.0184516011911234
EBI3	ENSG00000105246.5	-1.65325548536152	0.378807828516882	-3.66041129122933	0.00074737377789329	0.0110878153999935
ERVMER34-1	ENSG00000226887.7	-1.65350931987938	-2.36658434130384	-3.51056913622249	0.00114928400060858	0.0127200071298941
SLC7A4	ENSG00000099960.12	-1.65566429163001	-1.13930046108607	-3.40259858045221	0.00156004276338958	0.0146503615909915
IL9R	ENSG00000124334.17	-1.65639393504503	-2.92052899988372	-2.79824693935586	0.0079559391644861	0.0349376781359313
CRYBG1	ENSG00000112297.14	-1.65673825798405	4.39145408390598	-3.66075277761979	0.000746635284084918	0.0110856157357177
DENND1C	ENSG00000205744.9	-1.65764642481872	2.19424509399052	-3.16136046363071	0.00304203816827388	0.0203277150116946
TNFRSF10A-DT	ENSG00000246582.2	-1.65776873184287	-1.88940459746264	-3.07859481330961	0.00380581912431892	0.0229252388688127
DISP2	ENSG00000140323.5	-1.65829602264221	1.79433564232211	-2.93991351408816	0.0055044755707247	0.0282724217279188
P2RY6	ENSG00000171631.14	-1.6588308150149	0.906959989253137	-3.61712329960121	0.000846914577664746	0.0115266301432603
STEAP3	ENSG00000115107.19	-1.65912114515021	3.04615342106446	-3.68320890791343	0.000699586802395228	0.010793298575587
NPM1P25	ENSG00000229417.1	-1.65925696259939	-2.06974072228062	-3.07010345613881	0.00389368875708735	0.0231544524287509
SPN	ENSG00000197471.11	-1.66132772742494	0.911527643162656	-3.42402984412691	0.00146869290596168	0.0142867712420265
KIAA0319	ENSG00000137261.13	-1.66152690912944	0.0560550855751311	-3.93462359094692	0.00033431873166378	0.00892890984467985
HMGN2P46	ENSG00000179362.14	-1.66210746123198	-0.966487364633584	-2.79215436245296	0.00808133368765211	0.0352936940711498
DDIAS	ENSG00000165490.12	-1.66326062620749	-0.731909317176522	-4.16779012696124	0.000166172470846598	0.00724141843953783
CCR2	ENSG00000121807.5	-1.6641422992969	0.43218042189468	-3.32644972177928	0.00193056817800832	0.0161514171578406
PTGER2	ENSG00000125384.6	-1.66437502857785	1.70216746484485	-3.16819456930607	0.0029859263968302	0.0201728605973943
ACAT2	ENSG00000120437.8	-1.66453659337483	3.27925796335624	-5.19280286490655	6.87325588607097e-06	0.00387285243006597
LCP1	ENSG00000136167.13	-1.66659175937049	4.60478689286978	-4.30672221144095	0.000108945480781585	0.00664355201311602
MUC1	ENSG00000185499.16	-1.66900977133676	5.38768250519296	-2.65473420597708	0.0114460486631761	0.0436501780695992
ENSG00000269951	ENSG00000269951.1	-1.67554363025162	-1.68986496942743	-4.24951701049576	0.000129690415296976	0.0068394050154713
PAK6	ENSG00000137843.11	-1.67847264937804	-0.757149275542079	-3.62166080044481	0.000835909453156477	0.0114914772709599
CEMIP2	ENSG00000135048.13	-1.6798272891462	5.32515442964053	-4.44668087212725	7.09387221530593e-05	0.00628345661602394
ENSG00000259834	ENSG00000259834.1	-1.68216986346967	0.135115169918403	-3.17506571243195	0.0029305000921324	0.0200462450786966
ORC1	ENSG00000085840.12	-1.68370487939757	-0.145079842064169	-3.52221045891675	0.00111177865724043	0.0125188409713967
ARHGAP27	ENSG00000159314.11	-1.68502322504947	4.7463043420615	-3.3117994619445	0.00201088663437141	0.0164557608064232
CCL23	ENSG00000274736.4	-1.68618370185276	-1.01010493420342	-2.73814403387991	0.00927603247928415	0.038307485054071
NAPSB	ENSG00000131401.11	-1.6866313039151	0.0783684767175582	-2.96426603406829	0.00516212798980296	0.0272808772719134
CHAC2	ENSG00000143942.4	-1.68865098165805	0.0566328493084261	-4.65427170496607	3.73166833209813e-05	0.00584068288445558
SHROOM3	ENSG00000138771.14	-1.69308005678346	5.43279255839199	-4.11898595944452	0.000192553752745043	0.00747663360392473
KCNN4	ENSG00000104783.11	-1.6946110844865	2.73262010446664	-3.14128426364506	0.00321270737793235	0.020851235837566
GCNT1	ENSG00000187210.12	-1.69480256522911	2.03426435896853	-3.61831876826675	0.000844001658551295	0.0115203772899058
DAPP1	ENSG00000070190.12	-1.69686053137197	0.240375941590856	-3.70273254769141	0.000661018296124064	0.0105932130015377
TRAF4	ENSG00000076604.14	-1.69708057171244	3.65194664686919	-3.56671400396236	0.000978947526081491	0.011988037588913
SASH3	ENSG00000122122.9	-1.69829222697778	2.43464018905414	-4.23021069984145	0.000137528286593591	0.00690240697875393
ATP8B1	ENSG00000081923.11	-1.6985806802543	5.48214443254175	-3.19221192260328	0.00279641167949561	0.0195905274764217
ZDHHC23	ENSG00000184307.14	-1.70116436230773	2.37092245205899	-3.0839498055396	0.00375137077384777	0.0227872722750352
CDH3	ENSG00000062038.13	-1.70131284963059	-0.547496762800092	-3.53759808122173	0.00106400356681311	0.0123367710447824
DPEP1	ENSG00000015413.9	-1.70178326455906	-2.84288731292429	-2.68545534244868	0.0105974126183021	0.0416196527115385
TRIB3	ENSG00000101255.10	-1.70329332510763	2.02233333056373	-3.88300159336619	0.000389588871860635	0.00910829556438955
PTPRN2-AS1	ENSG00000233038.5	-1.7093101233399	-1.12768869813264	-3.47752801087647	0.00126246392265874	0.013336106521584
PDCD6IP-DT	ENSG00000271643.1	-1.71060657686665	-1.04704277527132	-4.34870415307817	9.58256089343341e-05	0.00659479510745007
ENSG00000267344	ENSG00000267344.1	-1.71256423146125	-1.19156219584568	-3.03560225296715	0.00427077655860677	0.0244181812248865
MTCO1P12	ENSG00000237973.1	-1.71284336067492	4.45020641681275	-3.88477773551566	0.000387547825316916	0.00910829556438955
MARCKSL1	ENSG00000175130.6	-1.71324908502585	4.58278046904183	-3.40365094965378	0.00155543297960654	0.0146390070686648
LRRC75A	ENSG00000181350.11	-1.71346681284971	2.26906537993042	-3.01515451156205	0.00451023023300186	0.0252399205301512
KCNE3	ENSG00000175538.10	-1.7137209300614	1.48882993839515	-3.30633097316193	0.00204167543211641	0.0165931406170534
FSIP2	ENSG00000188738.14	-1.71676476900946	1.80531257796117	-2.72383590032544	0.00961890078427509	0.0391297800585347
SMIM2-AS1	ENSG00000227258.5	-1.71939909980355	-2.02818469188318	-2.89378247425408	0.00621205776854719	0.0303479678845433
B3GNT5	ENSG00000176597.11	-1.71951389414014	2.6451019273136	-4.26598593579874	0.000123351214802817	0.00678236213583882
MIR223HG	ENSG00000274536.6	-1.71977423169414	1.04114220021447	-4.09117069242796	0.000209373727836443	0.00761380349526909
IL2RB	ENSG00000100385.13	-1.72014239747776	0.681116324957955	-2.99628177291983	0.00474239945695767	0.0260291486267034
GALNT4	ENSG00000257594.3	-1.72189760907585	3.24661347678206	-4.3729453282076	8.89689854373107e-05	0.00659479510745007
PRELID2	ENSG00000186314.11	-1.72281710635343	1.3681775157672	-3.58931592447772	0.000917467512440137	0.011716336190161
LILRB1	ENSG00000104972.15	-1.72379904250616	1.79739656154136	-4.292103688867	0.000113914763824094	0.00670704418227004
KIF4A	ENSG00000090889.11	-1.724338569724	0.2223495182057	-3.23451535109073	0.00249004175566309	0.0184767337511975
SLC4A4	ENSG00000080493.15	-1.72462335924629	3.4202740124035	-2.65098253351707	0.0115538720388582	0.043909443589294
OR2A7	ENSG00000243896.3	-1.72520009409095	-0.824076661935385	-3.80334801681432	0.000492650881437083	0.0095995858691515
OR7E14P	ENSG00000184669.7	-1.72591651032407	-1.07766663703648	-2.75550829144685	0.00887515178210195	0.0372486855617346
NUSAP1	ENSG00000137804.12	-1.72836533907634	1.19006548655256	-3.46428586766172	0.00131076032694372	0.0136201048675746
SGK1	ENSG00000118515.11	-1.73024698565533	5.09418611994199	-2.84776946913411	0.00700185641732019	0.0323749176046737
POLRMTP1	ENSG00000266066.1	-1.73065935836134	-0.783698253133575	-4.03381535240761	0.000248700759797477	0.00801217439196605
GPR171	ENSG00000174946.6	-1.7344563323174	-0.369991466132824	-3.09004350821278	0.00369030604269209	0.0225709961556519
JPH1	ENSG00000104369.4	-1.73540376216137	1.11366279111057	-3.40436690816551	0.00155230425309895	0.0146390070686648
F11R	ENSG00000158769.17	-1.73866416446159	5.32150330420966	-3.59072469634034	0.000913761058747603	0.0117148533825239
SP140	ENSG00000079263.18	-1.7393307156582	0.137388163501245	-3.37143613690806	0.00170261956854636	0.015257351237807
LTB	ENSG00000227507.2	-1.73939686997875	-0.178742843893365	-2.83427681738626	0.00725064409230454	0.0329239710455179
RHOH	ENSG00000168421.12	-1.7394054976366	0.471588852335132	-3.53032995046932	0.0010863184310402	0.01240318101629
SLC39A8	ENSG00000138821.12	-1.74118070699221	3.50182579506702	-4.17117201657999	0.000164481260770589	0.00719214303726011
TMPRSS3	ENSG00000160183.13	-1.7414002249848	-3.27082957488337	-2.60125434588254	0.0130742654338933	0.0475895017358151
FGFR4	ENSG00000160867.14	-1.74165214964519	3.0627040455526	-3.39758325113439	0.00158219190720733	0.0147394021486097
TRIM14	ENSG00000106785.14	-1.74223607357676	4.118263594704	-4.87009643244988	1.90139276817086e-05	0.00476264593404656
NRARP	ENSG00000198435.3	-1.74297299436144	2.61582594326268	-2.96522560659244	0.00514905637881785	0.0272344626603652
TRG-AS1	ENSG00000281103.1	-1.74485518899928	-1.18653491148996	-3.02496382979127	0.0043938230503875	0.0248493780585299
MT-CO1	ENSG00000198804.2	-1.74656764495191	13.4271415594784	-3.28723270266743	0.00215276398725286	0.0170511151874685
ENSG00000279838	ENSG00000279838.1	-1.74721395353036	-1.38072353344192	-4.18648374045546	0.000157032255572467	0.00712410585546397
SLC37A1	ENSG00000160190.13	-1.7486964067942	3.64373128758271	-3.87036489701864	0.000404414328692251	0.00913019845808645
CLEC17A	ENSG00000187912.11	-1.74965154529291	-3.18537616495191	-2.65184001445062	0.0115291457523119	0.0438518459943137
FANCA	ENSG00000187741.14	-1.75023749620292	1.11911720708363	-3.46243999324283	0.00131763156578999	0.013620118915062
RAC2	ENSG00000128340.14	-1.75135797263156	3.08695607931894	-3.99797925345477	0.00027683132066039	0.00829257713659242
CD6	ENSG00000013725.14	-1.75217340906124	0.641303463619966	-2.78333699223834	0.00826606555416912	0.035747315623801
CENPK	ENSG00000123219.12	-1.75380726711812	-0.442507137508048	-3.08277641391214	0.00376323827448088	0.0228141833207411
MIR3142HG	ENSG00000253522.5	-1.75505231566596	-1.11187164701694	-3.36070820403965	0.00175452162033345	0.0154174958115568
LAX1	ENSG00000122188.12	-1.75543490243595	-0.447295510639177	-3.24750316518515	0.00240256733285266	0.0181152226598308
TST	ENSG00000128311.13	-1.75627708382543	4.39855622016614	-2.84269513549771	0.00709447175962654	0.0325631399289604
CORO1A	ENSG00000102879.15	-1.75868330078044	3.80732116089631	-4.51738620567465	5.70416730175664e-05	0.00628345661602394
KCNG1	ENSG00000026559.13	-1.76018397045481	1.29297239417693	-3.5604998194697	0.000996533470823627	0.0120754139671028
NHERF1	ENSG00000109062.11	-1.76113458403748	3.85663683176841	-3.29682429310452	0.00209627210447648	0.0168185316814512
TUBA1C	ENSG00000167553.15	-1.76216380252849	4.60893856849635	-4.29343454085214	0.000113453333564453	0.00670088211008665
IL18RAP	ENSG00000115607.9	-1.76254254626084	0.750332064622913	-2.99755710655885	0.00472636308606857	0.0259563016030818
APOC1	ENSG00000130208.9	-1.76259436406057	1.12957089867375	-3.32942930201214	0.00191461161677975	0.0160608465325401
ENSG00000235772	ENSG00000235772.1	-1.76343061989921	-2.53988467553249	-2.85720357362508	0.00683265829282626	0.0319947614200605
CD300LF	ENSG00000186074.18	-1.76638524397645	-0.488641667130336	-3.86571314495633	0.000410008421822089	0.00914773380336064
CKS2	ENSG00000123975.4	-1.76671083837548	1.22743866714775	-4.28620546470193	0.000115981999917552	0.00672219379483097
SLC39A4	ENSG00000147804.9	-1.76789509414942	3.60243119874437	-3.27816433076046	0.00220750499113208	0.0173478488466288
GPR82	ENSG00000171657.5	-1.76824538829849	-2.22876956073079	-2.70870975783191	0.00999410485478223	0.0400492469552816
SIGLEC7	ENSG00000168995.13	-1.77227000041321	-1.02552825344159	-3.90795070885831	0.000361851159093332	0.00910829556438955
CEMIP	ENSG00000103888.16	-1.77242779600078	1.56082916026859	-2.76627427262551	0.0086347377908848	0.0366668879015144
NUF2	ENSG00000143228.12	-1.77458690559332	-0.596717302596421	-3.60468081304222	0.00087781281165237	0.0115942898934281
NDC80	ENSG00000080986.12	-1.77707723311537	-0.328557252865383	-3.00905878807228	0.0045840236126595	0.0255102611831024
OIP5	ENSG00000104147.8	-1.77733176397593	-2.08288276648463	-3.90972440602952	0.000359953925769247	0.00910829556438955
LINC01342	ENSG00000223823.1	-1.77808809482071	-3.15012052993886	-2.73072239645864	0.00945243914670246	0.0387463361094207
MAPK13	ENSG00000156711.16	-1.77829683109666	4.15387455156215	-3.27635378439143	0.00221859183123606	0.0174091974973996
LINC01012	ENSG00000281706.2	-1.78205947041691	-3.4921814541264	-2.57697750997409	0.0138814372993034	0.0495309268806094
CCL3	ENSG00000277632.1	-1.78294572406617	-1.98471564409576	-3.59552594634875	0.000901236984421769	0.0116817087313703
LINC01876	ENSG00000226383.6	-1.78520202385019	-2.2390006566002	-3.29037619609336	0.00213409185279868	0.016962553186316
ARL11	ENSG00000152213.3	-1.78752836172546	-0.702261054311487	-4.35294819891666	9.45888627466085e-05	0.00659479510745007
TRAF3IP3	ENSG00000009790.14	-1.78822299544087	0.552432941358748	-3.62112602236018	0.000837199292925157	0.0114914772709599
NR5A2	ENSG00000116833.13	-1.78862342735537	2.44323013514882	-3.12218298484626	0.00338346934923693	0.0214183759074378
MAP2K6	ENSG00000108984.13	-1.79355548512129	1.45460569526431	-2.92854366083474	0.00567149959013259	0.0287967641493627
HCK	ENSG00000101336.13	-1.79431405820839	2.79853683767202	-4.86185289040947	1.9512003904143e-05	0.00476264593404656
CDKN2B	ENSG00000147883.10	-1.79443012905465	3.14549361503143	-3.04054831608811	0.00421468106571973	0.0241890697011428
GALE	ENSG00000117308.14	-1.79544660815216	3.53542657329972	-3.79448099385687	0.000505638831814216	0.00968084458627382
GZMA	ENSG00000145649.7	-1.79572025835315	-0.631104653889597	-3.05043666902105	0.00410460751432938	0.0238603337462502
GPRIN1	ENSG00000169258.6	-1.79849941525699	0.611608453615376	-5.2665069841665	5.44137841525015e-06	0.00387285243006597
BRIP1	ENSG00000136492.8	-1.80327058634621	-0.656206672829701	-3.70578345654145	0.000655179849567957	0.0105289701970754
RAPGEFL1	ENSG00000108352.11	-1.80409372370248	4.20487030055569	-2.92989725384409	0.00565136907020299	0.0287442055696206
CREB3L3	ENSG00000060566.13	-1.80474306579293	-2.74466747601332	-2.77342249637775	0.0084784665036454	0.0362821959151214
CCNB1	ENSG00000134057.14	-1.80491438025932	1.64310559838806	-4.02061633376968	0.000258721942702342	0.00813955699804922
CYP51A1	ENSG00000001630.15	-1.80702603795774	0.0866952119068444	-4.87711305678482	1.85998999506279e-05	0.00476264593404656
TREH	ENSG00000118094.11	-1.80798748425383	-1.89867808581829	-2.84192869717052	0.00710855948328551	0.0325879824786596
HMGCS1	ENSG00000112972.14	-1.80837040761066	4.84527968104251	-5.57697459226284	2.02718991240529e-06	0.00370411791440779
CD3D	ENSG00000167286.9	-1.80839244004569	-0.705297106049342	-2.64389429134763	0.0117601479296224	0.0443710523130108
KIF21B	ENSG00000116852.14	-1.80914485344948	2.54847099689775	-4.23386451700819	0.000136010217556652	0.00690240697875393
LINC00528	ENSG00000269220.1	-1.81397398206024	-1.73699842268647	-4.15422274311385	0.00017312960407804	0.0073357367832588
SYT13	ENSG00000019505.7	-1.81540123637707	1.72294308674509	-3.05686077471867	0.00403455465230796	0.0236359967185428
RHOV	ENSG00000104140.6	-1.81610901841337	-1.44201625386933	-2.58885289068357	0.013481051308227	0.0485736264814844
SLC29A2	ENSG00000174669.11	-1.81673080781269	2.06337069232739	-3.17821627388083	0.0029054133257423	0.0199449828523728
LINC01123	ENSG00000204588.5	-1.81721184793127	-1.10107485265671	-2.8968850568971	0.00616191889356691	0.0302326197921479
RAB27B	ENSG00000041353.9	-1.81847589615286	0.603697016562843	-3.08271979776784	0.0037638117765886	0.0228141833207411
NUDT16L2P	ENSG00000246082.2	-1.81911758005022	0.696848434038733	-3.75051021472318	0.000575098028141806	0.0100067510827995
CR1	ENSG00000203710.10	-1.81989653307851	1.29742078334727	-4.38222057390828	8.64747754927499e-05	0.00659479510745007
ENC1	ENSG00000171617.13	-1.82170493481271	3.7043531703644	-5.35589087455637	4.09703125212401e-06	0.00387285243006597
FLT3	ENSG00000122025.14	-1.82450082940166	-0.756943415782738	-3.84832460263395	0.00043159163187553	0.00920171769497826
SLC67A1	ENSG00000110628.13	-1.82617915325085	3.19352139619949	-3.17257700844967	0.00295046172144921	0.0200807947449559
CLIC5	ENSG00000112782.15	-1.82710162852144	3.61643104256388	-2.87159785869	0.00658183838386663	0.031288303853653
ITGB7	ENSG00000139626.15	-1.8284979671787	0.00629230778139464	-3.5276057830015	0.00109479751702576	0.0124772372359089
ADGRE2	ENSG00000127507.17	-1.83206273418544	1.27737147190643	-4.20920713386828	0.000146581507172455	0.00712410585546397
JPT1	ENSG00000189159.15	-1.83362455532148	3.86610380940108	-4.35796173708567	9.31480317788857e-05	0.00659479510745007
ORC6	ENSG00000091651.8	-1.8377080045471	-0.394323327339991	-3.72348067861254	0.00062228285617915	0.0103026423561108
MST1R	ENSG00000164078.12	-1.83799168570209	3.05464380596783	-2.89172082971133	0.00624558540384689	0.0304371004294375
SLC38A5	ENSG00000017483.14	-1.84097870023954	2.05804433485492	-3.7956197498276	0.000503952475327149	0.00965840346081072
CYP4F33P	ENSG00000273036.2	-1.847996149104	-0.843790959502737	-2.58060044536535	0.0137581463964463	0.0492576259279553
AURKA	ENSG00000087586.17	-1.85061358908639	1.02422689110773	-4.00258698506758	0.00027304793799246	0.00826420535545704
SCIMP	ENSG00000161929.14	-1.85070175450495	0.124937984732574	-5.05791991692286	1.05285569206475e-05	0.00412429879510429
FAAH2	ENSG00000165591.6	-1.85172951374022	-0.503652647389151	-3.49970452135975	0.00118538029754307	0.0128807269850856
ZNF215	ENSG00000149054.15	-1.85350359576716	0.38682956889328	-3.85537168596719	0.000422714995967784	0.00917730386727577
CHDH	ENSG00000016391.10	-1.85448811949366	2.19552046363538	-3.47199944151695	0.00128241645596365	0.013471110668853
IRF8	ENSG00000140968.10	-1.86143082789633	3.18315521625594	-3.77195183804348	0.000540146727839125	0.00988794916401018
KIF11	ENSG00000138160.5	-1.8652969666039	0.835921773698675	-4.01060046027307	0.000266587629114368	0.00823527771385864
MIR22HG	ENSG00000186594.14	-1.86696951725394	5.16555262551201	-3.0880839414126	0.00370983965773123	0.0226227949517883
NRG1	ENSG00000157168.18	-1.86716311958013	0.998852863072524	-3.46001733948948	0.0013267022497829	0.0136537652906424
BOLA2	ENSG00000183336.8	-1.86832181612335	-0.560026808958908	-5.339925875109	4.31018844291132e-06	0.00387285243006597
UCN3	ENSG00000178473.6	-1.86842634708029	-1.95602169281683	-2.83255128814897	0.007283048423212	0.0329853425331005
F12	ENSG00000131187.9	-1.86998323530899	-0.772844079547548	-3.59974800368805	0.000890360387680161	0.0116497433486764
KCNA3	ENSG00000177272.8	-1.87334187826502	-1.63255635503611	-3.67091477854925	0.000724978350165076	0.0109457744154344
CD19	ENSG00000177455.12	-1.87807644023665	-1.01648099208132	-2.64081013611916	0.0118509552487654	0.0446061405776177
MYO7B	ENSG00000169994.18	-1.87828993887158	4.84766704720591	-3.16535068183732	0.00300915610820321	0.0202500788334907
LMO7	ENSG00000136153.19	-1.87851434220194	4.0776617310988	-3.27111446804848	0.00225097398878872	0.0174986166312672
SH3BP1	ENSG00000100092.20	-1.87924929182845	2.81389674219913	-3.60885451678779	0.000867329281072674	0.0115752590647061
CBLN2	ENSG00000141668.9	-1.88225418592131	-0.337675453430553	-3.16739676802765	0.002992425869495	0.0201995066260544
LRRC8D-DT	ENSG00000272931.1	-1.88255774239511	-2.84582272618646	-3.52186361255549	0.00111287892331719	0.0125237219519134
CALML4	ENSG00000129007.14	-1.88425023554751	2.77383511906846	-3.5006886610663	0.00118206632987136	0.0128779407236914
GEN1	ENSG00000178295.14	-1.88449502573661	2.46875518495929	-4.35758147841818	9.32565552412362e-05	0.00659479510745007
VAMP8	ENSG00000118640.10	-1.88475759027426	3.58083622000685	-3.80627551959829	0.000488434195701961	0.00957596144433637
CCL28	ENSG00000151882.11	-1.88525168953063	1.98259390497566	-2.57636650537462	0.0139023297663342	0.0495848001654556
RFLNA	ENSG00000178882.14	-1.88634463929188	1.39865396449783	-2.87838788931709	0.00646653129464837	0.0309359623952888
SQLE	ENSG00000104549.11	-1.89048749202062	3.36014810335021	-4.93480393120766	1.55170696040357e-05	0.00462605716353966
LY75	ENSG00000054219.10	-1.89107658067566	2.40983596953364	-3.34608152558845	0.00182772439409274	0.0157180950411401
HMGCR	ENSG00000113161.15	-1.89482642922686	4.80160023472493	-5.19016648578973	6.93088055779917e-06	0.00387285243006597
ENSG00000263826	ENSG00000263826.1	-1.89842974464797	-0.381479063531596	-4.75943887792041	2.68862867724816e-05	0.00490270134136651
ANKEF1	ENSG00000132623.15	-1.89979485844202	0.498232422157294	-3.93767212787014	0.000331304669265966	0.00887669657368527
GINS2	ENSG00000131153.8	-1.89989970633445	0.00213094952937808	-3.38506613087592	0.00163879018543212	0.0149799208921497
BAIAP2L1	ENSG00000006453.13	-1.90044619370315	2.91971829866382	-2.92374055183308	0.00574347439099994	0.0290139688035936
NUAK2	ENSG00000163545.8	-1.90340764809191	1.97470150757464	-3.67182204215119	0.00072307455617405	0.0109346105588253
MT-TS1	ENSG00000210151.2	-1.90384022927853	1.14418041184293	-3.87483597118031	0.000399107328384986	0.00910829556438955
TMEM37	ENSG00000171227.6	-1.90418377435129	1.66039442569083	-2.60701084509211	0.0128893019473135	0.0471444730622086
RTKN2	ENSG00000182010.10	-1.90505730046358	-1.29921638950373	-2.89985861064517	0.00611422059019795	0.0300463870029037
MGAM	ENSG00000257335.8	-1.90511287310092	-0.513229179748823	-3.08163742772065	0.00377479169033299	0.0228363538937787
ADORA2B	ENSG00000170425.3	-1.90533155182355	1.56293753110371	-3.21622790249262	0.00261835273441504	0.018914511570255
FIBCD1	ENSG00000130720.12	-1.90668469112952	-1.47060836959135	-3.32359086243905	0.00194599738746968	0.0162154937584097
IFI30	ENSG00000216490.3	-1.90855592883397	4.53826385031839	-4.04630716389906	0.000239565253938013	0.00789324588275032
KCNK10	ENSG00000100433.15	-1.90937468218734	-0.979238276218536	-3.30323453096984	0.00205930772210752	0.016663984205257
TRPM6	ENSG00000119121.21	-1.90976798454424	1.23570577669585	-2.73486444725766	0.00935360614860565	0.0385051660574408
G0S2	ENSG00000123689.5	-1.91026025641364	2.8248960587768	-2.8254055428245	0.00741868292488102	0.033311141525143
PTPN3	ENSG00000070159.13	-1.91338187576765	2.93673691031407	-3.29065702229548	0.00213243128919359	0.016962553186316
SIDT1	ENSG00000072858.10	-1.9144503331957	1.32316907015478	-3.2209711021786	0.00258448263646188	0.0187965108367405
RUNX3	ENSG00000020633.18	-1.91669033377719	1.63441062354265	-3.71453091642097	0.000638714798850198	0.0103862262762626
PROM1	ENSG00000007062.11	-1.9169056478266	2.85337378217432	-3.09576031071322	0.00363387251541559	0.0223887292036443
OTULINL	ENSG00000145569.5	-1.9190121879989	2.56304799700872	-3.39110412503212	0.00161125095231325	0.0148454724664537
IL13RA2	ENSG00000123496.7	-1.92208296153832	-2.07483223243028	-2.93609634501452	0.00556002911771863	0.0284455572338988
SEL1L3	ENSG00000091490.10	-1.92383930047186	4.04124590505296	-3.747922908187	0.00057946053449653	0.0100207713983889
FAM167A	ENSG00000154319.14	-1.92431010513011	-1.23482797991244	-4.62253173918348	4.11852943170419e-05	0.00594195241120788
CHST13	ENSG00000180767.9	-1.9279330125189	-2.33667387034911	-2.59396805201907	0.0133118788724527	0.0481836543127733
CXCL6	ENSG00000124875.9	-1.93190487815204	-2.40082144819396	-2.72504383898125	0.00958950732175732	0.0390992840571874
ANXA13	ENSG00000104537.16	-1.93239938542272	0.767243764323999	-2.71736052609005	0.00977789705082259	0.0395282958262053
AKR7A3	ENSG00000162482.4	-1.93331057820266	1.30731903212949	-2.70107662630615	0.0101885432801571	0.0405770186361135
SLC19A3	ENSG00000135917.13	-1.9333158294597	0.999063089472271	-2.99422779448255	0.00476833427089803	0.0261104531416929
MYH15	ENSG00000144821.9	-1.93657925492248	-1.03096868329718	-3.50582247899307	0.00116492247914958	0.0127838228809067
LGALS9	ENSG00000168961.16	-1.9375901813503	4.5316241695441	-3.40924088839076	0.00153116443733446	0.0146022640998751
CDK1	ENSG00000170312.15	-1.94087918537787	0.465220743849547	-3.15087995128379	0.00313003301242923	0.0206251507326661
LYPD6B	ENSG00000150556.16	-1.94291549648116	-2.92454522314497	-3.11764122993396	0.00342531661510189	0.0215742108198671
KCNG3	ENSG00000171126.7	-1.94440274623708	-2.65390607679318	-3.03338702280083	0.00429612780085252	0.0245247266536581
PFKFB2	ENSG00000123836.14	-1.94625944795048	4.36529607054716	-4.39809204861416	8.2364939104877e-05	0.00659479510745007
MMP25	ENSG00000008516.16	-1.9485615448067	0.406612029895574	-3.14217613867607	0.00320493690837785	0.0208287629803297
TIGIT	ENSG00000181847.11	-1.95042391997915	-1.25375554527479	-2.9602399917227	0.0052173122529797	0.027483298570051
SEMA4G	ENSG00000095539.15	-1.95233637709459	2.93959927644595	-3.09799230755934	0.00361206134213537	0.0223237038920653
NIBAN3	ENSG00000167483.17	-1.9528487641314	-1.11047511261841	-3.37088757901945	0.00170523754718055	0.0152628297111464
FBP1	ENSG00000165140.9	-1.95453896493795	2.43908048854851	-4.12602249139561	0.000188512200020927	0.00746811186356865
RASSF7	ENSG00000099849.14	-1.95615297108369	2.52827746133331	-2.7440301665391	0.009138298514959	0.0379808636220314
GINS1	ENSG00000101003.9	-1.96449995010797	0.133721530198325	-4.36785714856647	9.03670783431509e-05	0.00659479510745007
TOR4A	ENSG00000198113.2	-1.96891050877831	3.19311943940187	-4.03971807093723	0.00024434247620945	0.00791248342787223
KLK13	ENSG00000167759.12	-1.9695234240888	-3.38891806445253	-2.98491502755187	0.00488760429549245	0.0265008613966337
PIK3AP1	ENSG00000155629.14	-1.97219054505386	2.03597383133165	-5.61942008270021	1.77065652304284e-06	0.00370411791440779
TNF	ENSG00000232810.3	-1.97300981673736	-1.64588726738578	-3.68249379246646	0.000701039950422044	0.0108014211229096
PYCR1	ENSG00000183010.16	-1.97362130244436	1.99681867725098	-3.98254517599609	0.000289879387191859	0.00835187589041493
RAB11FIP4	ENSG00000131242.17	-1.97374243858099	2.41059334625544	-3.73179048427331	0.000607392056992733	0.0102222559269153
NCR3LG1	ENSG00000188211.8	-1.97492830736039	1.9610601746114	-5.09075282105592	9.49174390190792e-06	0.00412429879510429
IL18	ENSG00000150782.11	-1.97535181061671	1.94758085018909	-2.95798079154438	0.00524852070109078	0.027566475337776
MAP3K9	ENSG00000006432.15	-1.98564589301958	0.970340253718468	-3.98858488366634	0.000284703649288525	0.00835187589041493
ELMO3	ENSG00000102890.14	-1.9862460338185	2.37241461795722	-3.04737868571961	0.00413835514226821	0.0239585937005664
CDC50B	ENSG00000182107.6	-1.98801594382932	2.44968469410613	-2.6202425937225	0.0124732306107084	0.0461711110229259
CDT1	ENSG00000167513.8	-1.9921763765056	0.2770323386128	-3.18128585568098	0.00288116725450059	0.0198948835933934
SH2D3A	ENSG00000125731.12	-1.99446485408072	1.81201391025812	-3.32269612334418	0.00195085038504755	0.0162415212464375
TMEM150B	ENSG00000180061.9	-1.99576162358216	-0.358151927449375	-3.83926499685891	0.000443269066974457	0.00928147114371711
CD180	ENSG00000134061.5	-1.99710537695079	0.0264630658465889	-3.93325804451388	0.000335677458979307	0.00894282841780048
ENSG00000260996	ENSG00000260996.1	-1.99900178571494	-1.47275273613303	-3.27357403718164	0.00223571674411151	0.0174782429385567
DIAPH3	ENSG00000139734.17	-2.00078453545235	-1.35024500211679	-3.40683554335701	0.0015415624459163	0.014627910386428
DCDC2	ENSG00000146038.11	-2.00227952138131	-3.63817878748771	-2.75276027476518	0.00893750474028423	0.037461328728413
TMEM156	ENSG00000121895.7	-2.00292054204902	-1.96319205376542	-2.89224611987601	0.00623702681046252	0.0304121000878025
LINC02605	ENSG00000261618.1	-2.00328749581457	-2.49668032035564	-2.76141909030146	0.00874240007890689	0.0369486404775043
BLM	ENSG00000197299.10	-2.0050047327196	-0.122156873475812	-4.66195903535431	3.64349513277997e-05	0.00584068288445558
RHPN2	ENSG00000131941.7	-2.00571356256075	2.11541806211149	-2.98604432351074	0.00487299330671669	0.026450338111515
ENSG00000274021	ENSG00000274021.1	-2.00738614511918	-1.94295384685921	-4.15293437041775	0.000173804859362696	0.0073357367832588
PRDM1	ENSG00000057657.15	-2.00917091166738	2.56465439669823	-4.06683997576539	0.000225254813646345	0.00783505885743691
NETO2	ENSG00000171208.9	-2.01191601675288	0.880409991775977	-4.04886505923455	0.000237735349752966	0.00787739094540114
CTSV	ENSG00000136943.10	-2.01413818672061	-1.93910183923002	-3.37262730086275	0.00169694798140091	0.0152570976479999
RAP1GAP	ENSG00000076864.19	-2.01427787255857	2.41496571554579	-3.34191930124197	0.00184908228033084	0.0158292905146645
PLEKHS1	ENSG00000148735.14	-2.01887812218938	-0.953141929647446	-2.87489379279143	0.00652562963425866	0.0311472365414603
HAL	ENSG00000084110.10	-2.02129839699937	-1.17990422368498	-4.34537920150018	9.68055853421799e-05	0.00659479510745007
TRIM36	ENSG00000152503.9	-2.02317810870908	0.75380281768546	-2.89989838091005	0.00611358498847175	0.0300463870029037
STIL	ENSG00000123473.15	-2.02385692480619	0.647209620824914	-3.62925956301566	0.000817787432283886	0.0114283359770506
KRT15	ENSG00000171346.15	-2.02604270031831	-0.0406094896605244	-3.40706609488926	0.00154056288135936	0.014627910386428
ENSG00000278991	ENSG00000278991.1	-2.02692179786697	-1.75762802832077	-4.74234037922736	2.8360988539432e-05	0.00497523693691788
FAM201A	ENSG00000204860.4	-2.02847227985689	-1.97010344861351	-2.88810115165889	0.00630486029424536	0.0306061424478173
HNRNPA1P26	ENSG00000239345.2	-2.02920712176864	-2.97099859972875	-4.14580726161696	0.000177586997766976	0.0073516534453861
CD48	ENSG00000117091.9	-2.02966736721221	0.484964921064977	-3.89439463267196	0.000376675519768071	0.00910829556438955
LINC00494	ENSG00000235621.8	-2.02997413229974	-3.50618855329987	-2.72272099709497	0.00964610437829782	0.0391895159924702
KCNQ1	ENSG00000053918.15	-2.03040496682084	2.08853677487316	-3.60017646988009	0.00088926368854553	0.0116497433486764
PPP1R1B	ENSG00000131771.13	-2.03078671946918	4.32244954177987	-2.87267686489825	0.00656338744981937	0.0312163948043827
PNOC	ENSG00000168081.8	-2.03573459840733	-2.90363619638281	-3.04327079242658	0.00418410116328303	0.0241208680321614
BSPRY	ENSG00000119411.10	-2.03686843031678	1.37155894282498	-3.25610034645077	0.0023462796591729	0.0179064314967898
ENSG00000133808	ENSG00000133808.4	-2.04387286031849	-0.566705245791671	-3.54784725727474	0.00103328317588313	0.012198067007817
FFAR2	ENSG00000126262.4	-2.04578650074733	-1.70813903437164	-3.05618549658454	0.0040418649907812	0.0236576556016459
KLHDC7B	ENSG00000130487.5	-2.04612315032344	-2.01053127137772	-3.76603439157409	0.000549581756922889	0.00994435891958161
UBE2FP1	ENSG00000224080.1	-2.05001361203604	-1.93351745045929	-4.62489016805304	4.08847345167229e-05	0.00594195241120788
OXGR1	ENSG00000165621.8	-2.05172249208169	-1.19762759102702	-3.36211946357472	0.00174760860843528	0.0153884598610555
SLAMF6	ENSG00000162739.13	-2.05178906043467	-0.234104209027387	-3.16435319787005	0.00301734433167463	0.020255802966498
RAB6D	ENSG00000233087.7	-2.05597689229403	-2.78791408214691	-3.05147073736946	0.00409325443306375	0.0238312166031629
GCSAM	ENSG00000174500.12	-2.06041061508061	-0.501147874266104	-3.91985231408593	0.000349304255377142	0.00907865256581912
CDCA5	ENSG00000146670.9	-2.06360625977928	0.568622759714495	-4.12595996365108	0.000188547746732844	0.00746811186356865
MAP7	ENSG00000135525.18	-2.06507681296972	2.53722740801183	-4.00771402420012	0.000268897289800404	0.00825233479907057
HCAR2	ENSG00000182782.7	-2.06681966064101	-1.94335124920208	-3.15833976276635	0.00306715680004201	0.0204208929522825
SLC25A10	ENSG00000183048.11	-2.06757028475284	2.64755181785478	-3.64903192155171	0.000772389416561549	0.0112005997815826
CCL4L2	ENSG00000276070.4	-2.07084172082019	-1.6273646633303	-4.27537705560938	0.000119873225871352	0.00675715263262273
TUBBP5	ENSG00000159247.13	-2.07208631034023	-2.41440222401571	-3.25234962049115	0.00237068056105665	0.0180029281293391
ENSG00000251468	ENSG00000251468.2	-2.07211549058051	-3.64357042482384	-2.66203958511684	0.0112387488924182	0.0431845707236905
ZBTB7C	ENSG00000184828.9	-2.08125902056436	2.27328277420235	-3.46151259216637	0.0013210968158546	0.0136409238017488
SH3RF2	ENSG00000156463.17	-2.08320733274329	2.48336248534417	-2.92845102308172	0.0056728797440444	0.0287967641493627
ENSG00000236008	ENSG00000236008.1	-2.08406102949137	-2.54403602653766	-3.18732002469571	0.00283406252345355	0.0197438287520418
ACP3	ENSG00000014257.15	-2.08647377899932	-0.588652216291631	-3.40335475644617	0.00155672910150228	0.0146390070686648
FCMR	ENSG00000162894.11	-2.08714161921472	1.15903824581191	-3.44982752896557	0.00136551325929193	0.0138184644590631
MTCYBP18	ENSG00000244921.2	-2.0875590618312	-1.35801883925702	-4.82129339188582	2.21567599017099e-05	0.00476264593404656
TNFRSF11A	ENSG00000141655.16	-2.08797142127963	2.25153203289433	-3.19882513371434	0.00274626627450694	0.0194482233979812
SLC4A10	ENSG00000144290.16	-2.08871333060477	-1.30290103479122	-3.52676528618325	0.00109742640365573	0.0124880701833281
TNFRSF18	ENSG00000186891.13	-2.09358170471242	-0.535932808348749	-3.44263240932077	0.00139357063360235	0.0139520488487843
P2RY10	ENSG00000078589.12	-2.09749835291302	-2.05178061189474	-3.09265202909691	0.00366445408570388	0.022485863197515
NCMAP	ENSG00000184454.6	-2.09781225917157	-2.46737430998891	-2.85521556220807	0.00686799225888592	0.0320625899644968
KIF14	ENSG00000118193.11	-2.10439411320685	-1.33937370783274	-3.884401581562	0.000387979213274891	0.00910829556438955
SMAGP	ENSG00000170545.16	-2.1052444706303	2.56852260838387	-3.71656027289368	0.000634952513263251	0.0103586625301729
WDR72	ENSG00000166415.14	-2.10642021660288	-2.72446996491344	-2.8297508523032	0.00733592621594077	0.0331050855809225
RUBCNL	ENSG00000102445.18	-2.10792839875364	2.25449100742247	-4.44542124434184	7.12142682727194e-05	0.00628345661602394
KCNS2	ENSG00000156486.7	-2.11098171345731	-1.74094735005644	-3.27659149636521	0.00221713319106884	0.0174089446465948
EPS8L1	ENSG00000131037.14	-2.11284137298194	1.10326908428549	-3.19932885635757	0.0027424819103212	0.0194482233979812
ZBP1	ENSG00000124256.14	-2.11317144717946	-0.567993377674278	-3.11280808620532	0.00347038587266051	0.0217552404756091
LINC02012	ENSG00000272989.1	-2.11331833767312	-2.19876944440307	-3.25622023592538	0.00234550365318841	0.0179064314967898
CCRL2	ENSG00000121797.9	-2.11515386933175	0.860852587330681	-4.31473418318248	0.000106312695033603	0.00659479510745007
HPSE	ENSG00000173083.14	-2.11591400059876	0.464670164134805	-3.81766521242976	0.000472358859926473	0.00946618107503684
FGFR3	ENSG00000068078.17	-2.11677455128434	2.18805338316488	-3.06071213042952	0.00399309886520449	0.0234883754733075
CENPF	ENSG00000117724.12	-2.11902239932159	0.881120554127136	-3.27082488166102	0.00225277686159111	0.0174986166312672
DSP	ENSG00000096696.13	-2.12215054644686	4.69112616142094	-3.35841378880928	0.00176581650422548	0.0154618021362998
ENSG00000262823	ENSG00000262823.1	-2.1259926621517	-3.78897267461159	-2.63820634138988	0.0119281215453984	0.0448188322217266
NLRP6	ENSG00000174885.12	-2.1279174181639	-0.964771916225716	-3.79024866754496	0.000511954389755943	0.00973225276009709
BAIAP2L2	ENSG00000128298.16	-2.13008401962864	2.48120301468131	-2.88236597263775	0.00639985582180758	0.0308383368076497
TMEM61	ENSG00000143001.4	-2.13158060929487	-2.60991041245878	-2.764968783963	0.00866356500496643	0.0367408116948773
ENSG00000230638	ENSG00000230638.4	-2.1323431439108	-4.27040720666138	-2.75672782109044	0.00884760995333115	0.0371864022419143
IQGAP3	ENSG00000183856.10	-2.13311588988789	0.927634074552773	-2.82390625521516	0.00744743819579532	0.0333518798744463
NEURL1	ENSG00000107954.10	-2.13317107982978	1.9213807101231	-3.66859505209355	0.000729868055550447	0.0109491867566681
SPIRE2	ENSG00000204991.10	-2.13394474657972	2.53496434689575	-3.44991129068212	0.00136518983849258	0.0138184644590631
KCNK1	ENSG00000135750.14	-2.13482491020331	1.411299494915	-3.64064491334542	0.000791341540850335	0.0113284884300694
LSR	ENSG00000105699.16	-2.13498674353587	3.50676873390904	-3.20451108312225	0.00270383512312969	0.0193166341889015
PCK2	ENSG00000100889.11	-2.13531946887682	3.88610162574663	-4.2761443292226	0.000119593346754494	0.00675715263262273
GPRC5A	ENSG00000013588.7	-2.13603067040285	4.47467656615636	-2.91825483319151	0.00582672430571916	0.0292498642418651
C2orf72	ENSG00000204128.5	-2.13733518353195	1.33817113283553	-2.79042585959902	0.00811724212580772	0.0354224074365522
MAB21L4	ENSG00000172478.17	-2.14215062787955	-2.45701506889268	-2.62501166653083	0.0123263213356291	0.0458096710657227
SLC30A4-AS1	ENSG00000259354.5	-2.14282113004956	-2.92872635815925	-2.68461806114261	0.010619749827676	0.0416689328273379
BANK1	ENSG00000153064.11	-2.14501875451248	0.0898154746150416	-4.05990130308016	0.000229994990399681	0.00783505885743691
DTL	ENSG00000143476.17	-2.1451803617748	-0.495566435701346	-3.67024865189006	0.000726379221843819	0.0109491867566681
PRRG2	ENSG00000126460.10	-2.14532533730584	-0.45990173925137	-3.24032466708946	0.00245054766198985	0.0183053799358868
GMDS	ENSG00000112699.10	-2.14541067764757	3.52512037135028	-4.03242405937788	0.000249738996417044	0.00801811594992293
HASPIN	ENSG00000177602.5	-2.146293416899	-2.27828998860869	-3.19690654756122	0.00276072563496121	0.0194848589470864
TLR8	ENSG00000101916.11	-2.14792750322713	-0.29727920227014	-4.15728168339732	0.000171536612779435	0.00732227423005307
BDH1	ENSG00000161267.11	-2.14882893949098	3.17364563163222	-3.38720981044424	0.00162896177639997	0.0149463410280138
LARGE2	ENSG00000165905.17	-2.1496083458043	-1.9446933547546	-3.20773361486693	0.00268006408836612	0.0191979266619727
EXPH5	ENSG00000110723.11	-2.14992488878118	0.531820856080569	-2.85579869222469	0.00685761035184961	0.0320424253562378
MARS2	ENSG00000247626.4	-2.15207092126031	2.03489582804079	-6.17979244797968	2.96089335052889e-07	0.00139028747274084
DEPDC1	ENSG00000024526.16	-2.15276670573498	-1.80152836530509	-2.62613355572753	0.0122919941071914	0.0457345945565113
MT-TE	ENSG00000210194.1	-2.15282916903752	-1.52919129813931	-4.30200233258923	0.000110526244543555	0.00665025658162984
C2CD4A	ENSG00000198535.5	-2.15675190014299	-2.53348954004126	-3.07370312128964	0.00385620777780112	0.0230684235660219
LINC02363	ENSG00000180712.3	-2.15695733351075	-2.49051236310114	-3.33226743216315	0.00189952958005011	0.0160130002569574
CHMP4C	ENSG00000164695.4	-2.16261320268085	-0.00532387310885422	-2.86134230000129	0.00675964210213209	0.0318274249090611
BRI3BP	ENSG00000184992.10	-2.16448066106097	2.53914808276338	-4.11836115377812	0.000192916680283187	0.00747663360392473
ITPKA	ENSG00000137825.10	-2.1673918784493	0.430741249379526	-3.18434018083953	0.00285723216688468	0.0198148184578039
ZWINT	ENSG00000122952.16	-2.16960671053544	1.19969025383674	-3.89793060276616	0.000372752866719194	0.00910829556438955
BCAR3-AS1	ENSG00000224093.5	-2.17295016884905	-2.31378471757995	-2.79930305668277	0.00793438757049709	0.0348756534867953
TMEM92	ENSG00000167105.7	-2.17423329360075	-1.23536163992237	-3.57921475330428	0.000944470427711799	0.0118344613703766
CTSS	ENSG00000163131.10	-2.17504521494162	4.8228774825242	-3.99858664608468	0.000276329690503923	0.00829077355757936
ABHD17C	ENSG00000136379.11	-2.17510033535603	3.0471129403699	-3.62601422926638	0.000825480327170423	0.0114914772709599
NOS2	ENSG00000007171.16	-2.1771847300799	1.02694721671142	-2.92942335039892	0.00565840929405269	0.0287699630105299
SLC22A31	ENSG00000259803.6	-2.17879655073188	-1.88458876340326	-4.10709277399842	0.000199577803758351	0.00753229116152544
AXDND1	ENSG00000162779.21	-2.18191559030486	-2.15236569823137	-2.65465775924281	0.0114482364588886	0.0436501780695992
SATB2	ENSG00000119042.16	-2.18298961086351	3.3511274682768	-3.27794182770735	0.00220886463619999	0.017351273775453
LILRA5	ENSG00000187116.13	-2.19233436827563	0.206995659946396	-3.52467479791826	0.00110399129995333	0.012515467142814
CD3G	ENSG00000160654.9	-2.19441255397591	-1.65761477930849	-3.24877812948358	0.00239413953462001	0.0180746961507056
CLDN23	ENSG00000253958.1	-2.19457417909936	1.2250937662275	-2.869972474655	0.00660972381402446	0.0313732202868354
MCTP2	ENSG00000140563.14	-2.19473071590377	2.4967606395863	-3.65863777811384	0.000751220495664061	0.0111273054807274
CYP3A5	ENSG00000106258.13	-2.19517709619228	2.62896110800033	-2.88197609649069	0.0064063619120198	0.0308602948016301
P2RX5	ENSG00000083454.21	-2.20046915114816	0.316624657432051	-3.7673804872995	0.000547421577527448	0.00992439388911247
HMGB1P49	ENSG00000230519.2	-2.2043385444626	-4.54248888322035	-2.67628092369985	0.0108445546352185	0.042230845965138
KIR2DL4	ENSG00000189013.14	-2.2100225881584	-3.33004229275437	-3.11740037495449	0.00342754943509482	0.0215771205471017
VAV3	ENSG00000134215.15	-2.21070322020381	3.21232993473863	-4.48636630383555	6.27739228830978e-05	0.00628345661602394
SDCBP2	ENSG00000125775.14	-2.21176692139867	2.93127008871305	-3.05291768019794	0.00407741805923482	0.0237654141762345
ARHGEF16	ENSG00000130762.14	-2.21472046741356	2.39975154889512	-2.90236338448819	0.00607431013094683	0.0299368996754363
NGEF	ENSG00000066248.14	-2.21519588175368	1.03527855587348	-2.70652619953115	0.0100493730954241	0.0401846552008209
ID1	ENSG00000125968.8	-2.21662582642106	5.15251019091945	-3.4658445613092	0.00130498486662302	0.0136092314075033
SLC26A2	ENSG00000155850.7	-2.22237011198093	5.2119856511696	-2.74186448352968	0.00918875296095358	0.0380700806738504
CDC6	ENSG00000094804.9	-2.22306673716359	0.380457394481373	-4.14785242911326	0.000176493545735377	0.0073516534453861
CHST5	ENSG00000135702.14	-2.2265279856733	0.790330998400203	-2.7761599855866	0.00841931940829359	0.036111362668776
HMOX1	ENSG00000100292.16	-2.23368369414639	3.99302059992388	-5.14223155764614	8.06632129038202e-06	0.00407790271566884
KRT8P36	ENSG00000240668.1	-2.23435332921328	-1.81466900072308	-2.88835254275099	0.00630072664574654	0.0306061424478173
KRT6B	ENSG00000185479.5	-2.23673357885032	-2.43666212217746	-2.72551130717683	0.0095781544911435	0.0390910251309555
TMC4	ENSG00000167608.11	-2.23788417997585	2.57827909089223	-2.69839301291404	0.0102577298535023	0.0407581536178502
TMEM253	ENSG00000232070.8	-2.23799836728275	-2.75029251610289	-3.07633756424169	0.00382899304241318	0.0229756524319851
LIPG	ENSG00000101670.11	-2.23851526110416	2.40152581643602	-3.6751944589989	0.000716040098000583	0.0108972390810339
ENSG00000272264	ENSG00000272264.1	-2.23936815217609	-3.90857818273484	-3.0311172601943	0.00432225006141327	0.0246120766334168
TMEM236	ENSG00000148483.8	-2.24057155413043	1.10161386797153	-2.86710570832144	0.00665917574227894	0.0315203222760794
VSIG2	ENSG00000019102.11	-2.2422407832969	1.79048091806394	-2.59229380639657	0.0133670350019371	0.0483364750493612
BTLA	ENSG00000186265.9	-2.24256515589002	-2.64780547050153	-3.40682016486068	0.00154162914200831	0.014627910386428
EPHB2	ENSG00000133216.16	-2.24513068187099	3.31230366923848	-4.43435680973846	7.368023503889e-05	0.00628345661602394
PSD4	ENSG00000125637.15	-2.24543135222471	3.17599588126666	-3.81113880098779	0.000481506409659189	0.00950106921212759
TEX11	ENSG00000120498.13	-2.24721043155792	-3.40504365672962	-2.57228604605933	0.0140425963945181	0.0499239154801891
KLB	ENSG00000134962.6	-2.24738833668805	-1.46072821808947	-3.92842319280843	0.000340531422699049	0.00902096076323489
KRTCAP3	ENSG00000157992.12	-2.24783364562117	1.04284151572023	-2.89602957594091	0.00617570585740399	0.0302456603425715
ENSG00000236935	ENSG00000236935.1	-2.24857486071355	-2.72471887776694	-2.57939624583863	0.0137990142227045	0.0493569006152802
ENSG00000261320	ENSG00000261320.1	-2.2511895198691	-4.94637810289049	-2.57718615657962	0.0138743095112963	0.0495309268806094
SPINK2	ENSG00000128040.10	-2.25451944676381	-4.19701611823378	-2.64836246940122	0.0116297272571327	0.0441000811678458
KCNH6	ENSG00000173826.14	-2.25472818386582	-3.40758839141885	-3.46742511954601	0.0012991532984609	0.0135837422218314
RAD51	ENSG00000051180.16	-2.25942287644641	-0.226991518642929	-4.33343643770039	0.000100407203980293	0.00659479510745007
STXBP2	ENSG00000076944.15	-2.26192821484049	3.57764898588164	-4.05745340813872	0.000231690360823965	0.00783505885743691
VPREB3	ENSG00000128218.7	-2.26250217516371	-2.69176804123756	-3.36533151094356	0.00173197132272633	0.0153636277940077
LINC01348	ENSG00000280587.1	-2.26383032495088	-1.76859327259608	-3.76603757822371	0.000549576633347334	0.00994435891958161
DERL3	ENSG00000099958.14	-2.26525208324615	1.32285794410439	-2.67723934339093	0.0108184898382982	0.0421474540848199
GTSE1	ENSG00000075218.18	-2.26911847824103	-0.652382276544547	-3.88385579099908	0.000388605975663855	0.00910829556438955
ABCA13	ENSG00000179869.14	-2.27035403125533	-2.93020333844824	-3.56457962323576	0.000984953842649281	0.011988037588913
DENND2D	ENSG00000162777.16	-2.27196104919558	2.39990055151106	-4.05308856841616	0.00023474363690667	0.00785060217618669
FBN2	ENSG00000138829.11	-2.27265881025503	0.643713465802907	-5.17739003398328	7.21700750997279e-06	0.00387285243006597
MUC3A	ENSG00000169894.17	-2.27356264098364	3.29011595136991	-2.84521996061241	0.0070482474713891	0.0324748186541095
CDC45	ENSG00000093009.9	-2.27779098514647	-1.39763106315845	-2.73514210658002	0.00934701531656844	0.0384906033053691
PHLDA2	ENSG00000181649.5	-2.2827342525069	1.10657343584474	-3.87532902686356	0.000398526241907631	0.00910829556438955
TLR10	ENSG00000174123.10	-2.28426771824683	-1.78061482717036	-3.17372817868889	0.00294121234341784	0.0200671182802983
ADGRG5	ENSG00000159618.15	-2.28451663072916	-1.43172921670788	-2.95646420569635	0.00526956888293969	0.0275977686142988
SLC15A1	ENSG00000088386.16	-2.28644422807513	-1.60396201735296	-2.71936492753309	0.00972842289095221	0.0393888982478712
ESPL1	ENSG00000135476.11	-2.28752953420353	0.190415438843897	-3.68366834043214	0.000698654748049208	0.010793298575587
COL6A5	ENSG00000172752.14	-2.29112167971628	-4.1705296557766	-2.82191450986859	0.00748579904687607	0.0334757804043872
ORM1	ENSG00000229314.5	-2.29286173918948	-2.50698470621558	-2.83599364183407	0.00721853663710011	0.0328436422282011
TMEM102	ENSG00000181284.2	-2.29307775400779	0.235788758726331	-4.14583578877826	0.000177571700290241	0.0073516534453861
AIFM3	ENSG00000183773.15	-2.29380826645113	1.55127432288414	-2.6897377908231	0.010483841528886	0.0413746962762777
ENPP7P11	ENSG00000250942.1	-2.2958427340079	-2.04522546379818	-2.84134973937741	0.00711921846059659	0.0326067198273985
GPR160	ENSG00000173890.16	-2.29686163102233	1.39714352213254	-2.89339694708223	0.0062183146093197	0.0303593410429536
FAM177B	ENSG00000197520.10	-2.29760227140451	-1.75728757572556	-4.10698193776895	0.00019964442432658	0.00753229116152544
TRIB1	ENSG00000173334.3	-2.29884319871611	4.54815079710178	-4.05954595465637	0.000230240346536198	0.00783505885743691
P2RY2	ENSG00000175591.11	-2.30665769507434	0.0980778153542056	-4.02460598260133	0.000255652109522535	0.00812137334547594
B3GALT5	ENSG00000183778.17	-2.31552558684924	2.13175932232513	-3.085257665205	0.00373818491876804	0.0227638142810741
SPINT2	ENSG00000167642.12	-2.3166883918915	4.59301253144303	-3.45303327620008	0.0013531874227615	0.013818271209477
SLC18A1	ENSG00000036565.14	-2.32088875069866	-3.4722767857336	-2.91092653833942	0.00593970031252999	0.0295756763706093
TESMIN	ENSG00000132749.10	-2.32132167718099	-0.508882961960336	-3.26158701851529	0.00231101513005188	0.0177600188922399
TMEM63C	ENSG00000165548.10	-2.32953863818021	1.45838426983973	-3.88038899863428	0.000392610089757585	0.00910829556438955
BUB1B	ENSG00000156970.12	-2.33894476439905	-0.734289210248983	-2.72481755846588	0.00959500719576514	0.039100330907108
ACSL5	ENSG00000197142.10	-2.34143367901886	4.42836669811509	-3.87806046862196	0.000395321962245194	0.00910829556438955
COX6B2	ENSG00000160471.12	-2.34163353104586	-0.487544085759673	-2.85499930687233	0.00687184614379313	0.0320625899644968
MIR17HG	ENSG00000215417.12	-2.34809730924695	-0.383212095573229	-5.46993616334295	2.85072003037469e-06	0.00382444454360696
LAMC2	ENSG00000058085.14	-2.35348616804892	3.04812470069935	-4.96267942045137	1.42143858162378e-05	0.0044848975615975
KIF20A	ENSG00000112984.11	-2.35497142004087	-1.26037425692265	-3.179856223965	0.00289243569568846	0.0199163012784237
ITPRID1	ENSG00000180347.13	-2.35539048322285	-3.81898168412044	-2.91129677026542	0.0059339438337888	0.0295705314635769
ACE2	ENSG00000130234.10	-2.35771239930194	0.228744059268138	-3.0917800172014	0.00367307714125148	0.0225155792646819
HK2-DT	ENSG00000272711.1	-2.35819837248948	-2.37749985374285	-3.13155703309785	0.00329862162091731	0.0210945561062543
CHGA	ENSG00000100604.12	-2.35892708506292	2.64768241862207	-3.36738244895679	0.00172205668345905	0.0153287529046104
NAT1	ENSG00000171428.13	-2.35937725795556	0.639190443844004	-4.11634824875633	0.000194090450081304	0.00747663360392473
C6orf132	ENSG00000188112.8	-2.35946299161326	1.23606967030382	-3.09755506664325	0.00361632431712247	0.0223280089823124
GPR55	ENSG00000135898.9	-2.36010372852902	-2.10558764232199	-4.07721213566272	0.000218346095538858	0.00769413952422294
ICAM3	ENSG00000076662.9	-2.36016674062699	-1.54556841755584	-4.44237638945462	7.18846848059115e-05	0.00628345661602394
GJB3	ENSG00000188910.7	-2.36043233722936	-1.46028517067837	-2.97062446999115	0.00507608856332436	0.0270542268434614
PRR5L	ENSG00000135362.13	-2.36078460950345	2.33895085640997	-3.37619366126484	0.00168007487559472	0.0151959149511829
KBTBD8	ENSG00000163376.11	-2.36267794544695	0.0769450625916465	-6.95317403307292	2.53819653312148e-08	0.000158908024283626
C16orf54	ENSG00000185905.3	-2.36301170244527	-0.557685486537862	-4.78534008206292	2.4795382025923e-05	0.0048458128707285
PLA2G7	ENSG00000146070.16	-2.36438050133108	-0.744221899547868	-3.26106965387287	0.00231431874301353	0.0177781327735297
C3orf52	ENSG00000114529.12	-2.36577711328404	1.05740371459188	-4.05471204387328	0.000233603438149796	0.00785060217618669
GPT	ENSG00000167701.13	-2.36817003913158	2.13235003314703	-2.97909282216514	0.00496358812208852	0.0266993488221745
KIFC1	ENSG00000237649.7	-2.36864090288122	0.214275079274571	-3.95468421499135	0.000314963635716576	0.00862339213706812
BMP5	ENSG00000112175.7	-2.3695318493681	0.526287663550569	-3.23531129757973	0.00248459505522468	0.0184516011911234
FOXH1	ENSG00000160973.7	-2.37172570483469	-3.4689781893818	-3.01389867500872	0.00452534107360404	0.0252885915038474
P2RY13	ENSG00000181631.6	-2.37198355722052	-0.0424784822496725	-4.19302265230263	0.000153952523392737	0.00712410585546397
ADGRE1	ENSG00000174837.14	-2.37281192793847	-1.96147668552541	-3.91910287162718	0.000350081708917229	0.00907865256581912
BUB1	ENSG00000169679.14	-2.37313905732877	-0.372835509951434	-3.79155235082788	0.000510000915856915	0.0097148450320736
CEP55	ENSG00000138180.15	-2.37645891417236	-0.721678083989248	-3.66716787525895	0.000732892162641198	0.0109770180213134
PRSS12	ENSG00000164099.3	-2.37889607435543	1.06274239784768	-3.04038360819659	0.00421653786612403	0.0241890697011428
SLC51B	ENSG00000186198.3	-2.37970912573345	0.782222180389511	-3.18689572562847	0.00283735072953873	0.0197520835441796
ENSG00000279427	ENSG00000279427.1	-2.38049616997249	-4.06981366607883	-2.83064467920698	0.00731901024297073	0.0330468056472956
BEST4	ENSG00000142959.4	-2.38107636394197	0.747076517036094	-2.61348023906032	0.0126843040033435	0.0466764494104226
MCM10	ENSG00000065328.16	-2.38247976394552	-1.32635531422002	-3.92389620406232	0.000345138068863075	0.00907643824973427
HAPLN1	ENSG00000145681.10	-2.38661820050221	-0.62916259138686	-2.79162903869541	0.00809223126837198	0.0353296810047798
LINC02362	ENSG00000249096.6	-2.38681807805688	-1.59463982391651	-2.94885268497205	0.00537640789446457	0.0279489878421903
TNFSF11	ENSG00000120659.14	-2.38696218608239	-3.3643229405388	-3.16206688497535	0.00303619209898639	0.0203090656054477
TIFAB	ENSG00000255833.1	-2.38867771892408	-3.73266072887875	-3.3260867906582	0.0019325204263064	0.0161533594334164
STAP2	ENSG00000178078.11	-2.38932683323432	2.09169675357353	-2.98270664363416	0.00491629569284409	0.0265950074029371
LPAR5	ENSG00000184574.9	-2.39226508687996	0.938756821032412	-3.42527233572051	0.00146355691252207	0.0142575341965713
TDRD5	ENSG00000162782.15	-2.39365344311587	-2.86192219322682	-3.56489287239121	0.000984070121476765	0.011988037588913
ITGB6	ENSG00000115221.10	-2.39445703131496	-0.263740425361946	-2.62452809870741	0.012341144583635	0.0458451813109932
ADH1C	ENSG00000248144.5	-2.3986259183028	3.26017561395454	-2.88066726234546	0.00642824842043351	0.0308720093920541
B4GALNT3	ENSG00000139044.10	-2.40121063589598	2.48594456936334	-3.06234310480175	0.00397566448701587	0.0234298495121218
LYZ	ENSG00000090382.6	-2.40385197001003	2.98423323685144	-4.14552382158908	0.000177739060273249	0.0073516534453861
CASC9	ENSG00000249395.2	-2.40476765307266	-3.93023964513653	-2.70899448669093	0.00998691881717929	0.0400492469552816
LINC00964	ENSG00000249816.6	-2.4088775449916	-4.39752620939508	-2.85501137674892	0.00687163099344233	0.0320625899644968
FRK	ENSG00000111816.7	-2.40904761703667	1.49024493215924	-3.31532728361039	0.00199125956659635	0.016372957370251
LINC03078	ENSG00000231412.2	-2.41484638073632	-4.93568441002872	-3.04598821821179	0.00415378653950248	0.0239911162231384
ICOS	ENSG00000163600.12	-2.41873009649897	-2.29531506032139	-3.76954850912086	0.000543959648176493	0.00990952940712479
KLF5	ENSG00000102554.13	-2.41977234127595	3.82570122441872	-2.87460437360307	0.00653054736301306	0.0311627897794998
PTPRH	ENSG00000080031.9	-2.4206056199201	2.51438496486301	-3.55630588459887	0.00100857340437167	0.0121006690866237
IKZF3	ENSG00000161405.16	-2.42227907986167	1.08801122918717	-3.95744013212059	0.000312391240891825	0.00862339213706812
VIPR1-AS1	ENSG00000232354.8	-2.42329509887894	-1.27918070322175	-2.71518388101911	0.00983188635856778	0.0396186418336451
IL7R	ENSG00000168685.14	-2.42418198808896	2.82367989092092	-4.25925525906708	0.000125904473647195	0.00681749625297207
TMEM238	ENSG00000233493.3	-2.42833823300161	-1.04744682628854	-3.39865815038075	0.00157741967396845	0.0147251969763795
CDC42BPG	ENSG00000171219.8	-2.42925604638738	1.44953331422218	-2.97545620038919	0.00501161002074637	0.0268706992319893
SGO1	ENSG00000129810.14	-2.43177617592462	-2.63563890293521	-3.9686367133993	0.000302148707339396	0.00849414557930803
PLPP2	ENSG00000141934.9	-2.43192149712986	2.04735050540119	-3.8017089619065	0.000495027095116973	0.00960495754182539
IRF4	ENSG00000137265.14	-2.43368210948851	1.43484288554958	-3.69442648731625	0.000677169057596716	0.0106431709119511
SELL	ENSG00000188404.8	-2.43538490435412	0.85252299928218	-5.06963944667937	1.01461868077066e-05	0.00412429879510429
ERICH5	ENSG00000177459.10	-2.43869287766268	-2.89652351568561	-3.74024550110969	0.000592594688180204	0.0100970223351107
ENSG00000278794	ENSG00000278794.1	-2.44007093647939	-4.91513036589797	-2.966422997305	0.00513278870004789	0.0272086366177415
ELOVL6	ENSG00000170522.9	-2.44820762856843	3.08416981088847	-4.25912558634434	0.000125954168873459	0.00681749625297207
NEUROD1	ENSG00000162992.3	-2.448462697078	-3.62367269189859	-3.07587140638301	0.00383379538485014	0.0229758598973374
PLA2G10	ENSG00000069764.9	-2.45261200838828	-2.36953628353611	-2.61014971665622	0.0127894621192814	0.0469191943292546
OASL	ENSG00000135114.12	-2.45878692626719	0.525831066665995	-3.78022396845979	0.000527219514595572	0.00981129972715765
SKA3	ENSG00000165480.15	-2.46792788262747	-2.27043744925101	-2.94504793954265	0.00543057151529012	0.0281289927650435
PTK6	ENSG00000101213.6	-2.46817882675325	1.76128986408642	-2.86246359861419	0.00673998570420745	0.031766728104498
RORC	ENSG00000143365.17	-2.47139129181135	0.278801861551825	-3.18768389037165	0.00283124553869477	0.0197315227116012
CDCA8	ENSG00000134690.10	-2.47276916481428	0.498952166643565	-4.22972250361852	0.000137732370651666	0.00690240697875393
SIT1	ENSG00000137078.8	-2.47762937376964	-1.98402939623973	-3.65711384527908	0.000754541122669554	0.0111413454135059
GSTA1	ENSG00000243955.5	-2.48877395240348	-2.5789843076364	-2.61956679921493	0.0124941779679991	0.0462122194948719
RPS6KA1	ENSG00000117676.13	-2.49001859268761	3.68741106872584	-4.15949025459907	0.000170395371239166	0.00730677137583108
MALL	ENSG00000144063.3	-2.49283410936013	1.24600332968552	-3.91600695956224	0.000353311180214337	0.00910273057172246
STX19	ENSG00000178750.2	-2.49470853709038	-1.5895513063467	-3.00409703472348	0.00464492629374291	0.0257424035553495
ENSG00000275234	ENSG00000275234.1	-2.49527457423479	-1.36748931301011	-2.72603375663097	0.00956548112745439	0.0390477866846008
KRT12	ENSG00000187242.4	-2.49616212625263	-4.47049077408078	-3.00555606613917	0.00462693899051174	0.0256654365386271
DHCR24	ENSG00000116133.11	-2.50557241877148	4.70877455317003	-4.16027606132992	0.000169991110076553	0.00730677137583108
MELK	ENSG00000165304.7	-2.5063410783222	-0.858451898513712	-3.45567952002076	0.00134309319963763	0.0137696378141888
SLAMF1	ENSG00000117090.14	-2.50678267503315	0.307698577595423	-3.88309430805379	0.000389482071634211	0.00910829556438955
TMEM184A	ENSG00000164855.15	-2.5087098133272	1.69572487312944	-3.19544414660299	0.00277179544326292	0.0194907757451757
ENSG00000259925	ENSG00000259925.1	-2.50933985435825	-4.96850263391938	-2.88741160128311	0.00631621165636969	0.0306223766984862
HSH2D	ENSG00000196684.12	-2.51237363131522	0.739021949993544	-3.0051258358223	0.00463223615547836	0.0256872333841732
EPB41L4B	ENSG00000095203.14	-2.51763460372606	2.85725700631109	-3.55415445223855	0.00101480386844488	0.0121047241796226
EDN3	ENSG00000124205.15	-2.52249544260207	1.09028167049588	-3.50109651048265	0.00118069555478067	0.0128779407236914
LINC01215	ENSG00000271856.1	-2.52260944281709	-3.70274377983306	-3.20414900046796	0.0027065184976057	0.019322121769876
GSDMA	ENSG00000167914.11	-2.52297633795449	-2.91110974451377	-3.77492561716678	0.000535464558360702	0.00984060208916899
TFF3	ENSG00000160180.15	-2.52816428349671	4.07858207393779	-3.07704941276322	0.00382167055427655	0.0229654343231573
SCNN1A	ENSG00000111319.12	-2.52970263539982	3.28422201300803	-3.27260247802718	0.00224173174209513	0.017485135207654
PGCKA1	ENSG00000154274.14	-2.53088596319454	0.0775329704083328	-3.58917525286347	0.000917838410338868	0.011716336190161
CDCA7	ENSG00000144354.13	-2.533575711629	1.30163778804165	-3.5029762246121	0.00117439755651143	0.0128540413207445
KRT8P8	ENSG00000223940.1	-2.53780861542784	-4.50396165604808	-3.06862073796212	0.00390922705242939	0.0231695981294662
CLSPN	ENSG00000092853.13	-2.53957318318725	-2.10390241707969	-3.35592385183029	0.00177815242956851	0.0155336088056538
CORO2A	ENSG00000106789.12	-2.53974426820474	2.58820926721275	-3.9713750576631	0.000299693825516515	0.00847718287778792
PLAAT2	ENSG00000133328.3	-2.54078330400886	-2.27850178022322	-2.67393555472649	0.0109085830628909	0.042366626775686
PKMYT1	ENSG00000127564.16	-2.54203986243164	-0.885790344333351	-3.58454376166254	0.000930130791560686	0.0117797595508866
ANO7	ENSG00000146205.13	-2.54277861661497	1.44585635403275	-3.0977350324186	0.00361456912669847	0.0223245107983067
MAP3K21	ENSG00000143674.10	-2.54412446817548	0.48307580215985	-3.61091720360308	0.000862192824945881	0.0115659237174425
CYP2S1	ENSG00000167600.13	-2.54460673511118	1.22460360614257	-4.05641505647639	0.000232413177956482	0.00783695567033869
UHRF1	ENSG00000276043.4	-2.54481216611686	-0.482727757681201	-4.81711358225574	2.24486659126003e-05	0.00476264593404656
WWC1	ENSG00000113645.14	-2.5481231088539	1.01748366924783	-4.08025991866283	0.000216355584961045	0.00767114616927914
NXPE2	ENSG00000204361.8	-2.55870296732465	-1.71873817284188	-3.20170144464524	0.00272472358123047	0.0193847569328298
ADGB	ENSG00000118492.16	-2.55876965446283	-4.60573588105709	-3.0937152997205	0.00365396559718169	0.0224570621224694
RHBDL2	ENSG00000158315.10	-2.56667305683422	-0.0180600853260085	-4.05440993164776	0.000233815208095453	0.00785060217618669
USP43	ENSG00000154914.16	-2.56836325862411	0.058152915909645	-3.70788958983173	0.000651178481275381	0.0104945695069869
MYO5B	ENSG00000167306.19	-2.56947517511664	2.42663987530667	-3.41810764760912	0.00149341097361138	0.0144063918368613
NCAPH	ENSG00000121152.9	-2.57302777457312	-0.637690190051828	-4.38482761063983	8.57861515769829e-05	0.00659479510745007
MROH3P	ENSG00000233217.2	-2.57324935824834	-2.67203500978119	-3.39596143147518	0.00158941843786568	0.0147565284725622
LINC00861	ENSG00000245164.6	-2.57464674833102	-1.05245904698803	-3.80006452533873	0.000497422260516267	0.00962615327938789
CXCR2P1	ENSG00000229754.1	-2.57725103663548	-2.50949444196111	-3.55921331809232	0.00100021198591704	0.0120814820047634
TROAP	ENSG00000135451.12	-2.58276291487749	-0.226119532797786	-3.29745593984058	0.0020926018571601	0.0168034408213686
FYB2	ENSG00000187889.12	-2.58381918422338	-2.95328702779288	-3.74800930070365	0.000579314351522722	0.0100207713983889
FAM110C	ENSG00000184731.5	-2.58819818371948	0.542825432901398	-3.37426740840875	0.00168916832532533	0.0152308974970045
FA2H	ENSG00000103089.8	-2.59000760805382	0.578738600245896	-2.7343919457249	0.00936483187350254	0.0385217416224539
LINC02038	ENSG00000229155.1	-2.59298284727813	-4.80454916963343	-3.1517154908778	0.0031229303115307	0.0206095843679443
LINC02452	ENSG00000283422.1	-2.59327719529573	-3.53531033847791	-3.53939777405162	0.00105854648276829	0.01230298269762
SLC67A1-AS	ENSG00000254827.5	-2.59338620391929	-0.772093131912164	-3.49038953435613	0.0012171919675747	0.0130635997342789
SH2D1B	ENSG00000198574.5	-2.59404076841886	-2.71874083771781	-3.73193979996624	0.00060712766468187	0.0102222559269153
CDC25A	ENSG00000164045.11	-2.59658491717047	-0.528564875108242	-4.89509611605079	1.75790393006124e-05	0.00476264593404656
LGR5	ENSG00000139292.12	-2.59891391994585	-0.835075014109783	-3.19678855778052	0.0027616172142021	0.0194848589470864
SLC6A20	ENSG00000163817.15	-2.59984754712321	-2.60905882291678	-3.88008674448107	0.000392961081549647	0.00910829556438955
ENSG00000225489	ENSG00000225489.6	-2.60118248695322	-2.58073918323506	-3.36521863561832	0.00173251856392868	0.0153636277940077
ENSG00000278385	ENSG00000278385.1	-2.60286120703719	-3.90269872103607	-3.11226999549947	0.00347543812268433	0.0217658148783785
ASPM	ENSG00000066279.17	-2.60417917995408	-0.729453510280611	-3.89319785068657	0.000378012230549693	0.00910829556438955
EPHA10	ENSG00000183317.16	-2.60849162412169	1.68352172274705	-2.99849435427976	0.00471461040697466	0.0259247384319134
DEPDC1B	ENSG00000035499.12	-2.62021784012518	-1.5228002352662	-4.25035434600446	0.00012936055476527	0.0068394050154713
TOX3	ENSG00000103460.16	-2.62690064775726	-0.00380796178097286	-2.95949821412333	0.00522753987085038	0.0274929382877385
POLQ	ENSG00000051341.13	-2.63242155580855	-0.57740486223638	-4.23759009106382	0.000134479213302309	0.00688041041411987
LLGL2	ENSG00000073350.13	-2.63329123447805	3.7876259161263	-3.19805571861634	0.00275205629568763	0.019467897174883
MYB	ENSG00000118513.18	-2.63472228265927	0.438011793419589	-2.6112889007779	0.0127534036108803	0.0468255012363567
VDR	ENSG00000111424.10	-2.6352563389982	2.76876925610285	-3.81538825092548	0.000475531011348837	0.00946618107503684
GALNT3	ENSG00000115339.13	-2.63608899924476	1.81827589517922	-3.70310675671718	0.000660299488104618	0.0105932130015377
PRRT1B	ENSG00000283526.1	-2.63643821926907	-4.48909690074416	-3.02810118623571	0.00435719293760046	0.0247048331653553
PAQR5	ENSG00000137819.13	-2.63898395622971	0.844652992302208	-2.88011691411509	0.00643747227117601	0.0308805829872343
LINC02576	ENSG00000232613.6	-2.63977422400636	-4.58585973292344	-3.15208496892069	0.00311979434494473	0.0205979672241131
TOP2A	ENSG00000131747.14	-2.64179510683905	1.58957069867772	-4.44558137728224	7.11791806392047e-05	0.00628345661602394
LINC02562	ENSG00000260265.1	-2.64298804141441	-4.21235815585059	-2.85494861449939	0.00687274982414355	0.0320625899644968
ACY3	ENSG00000132744.7	-2.64354910789006	-2.34264711442602	-2.77317769701515	0.00848377447547447	0.0362966405918819
ENSG00000272405	ENSG00000272405.1	-2.64454225419253	-1.06703240148979	-3.52356844131923	0.00110748090679144	0.012515467142814
CCR4	ENSG00000183813.6	-2.64522680815286	-2.70995808838598	-4.39612561186012	8.28635450635805e-05	0.00659479510745007
IL2RG	ENSG00000147168.12	-2.65230711227699	2.1127980733214	-4.0378108340463	0.000245742490267556	0.007930473285576
ARHGEF35	ENSG00000213214.4	-2.65460163373894	-0.0354115217448207	-5.0448474623098	1.09719367133462e-05	0.00412429879510429
LEFTY1	ENSG00000243709.1	-2.6589030116052	1.17706148989022	-2.96375684697904	0.005169076944705	0.027309593017004
LRATD1	ENSG00000162981.13	-2.6596983349054	3.67133019189309	-4.57720925195977	4.74026998051521e-05	0.00607673487727505
LIPM	ENSG00000173239.13	-2.66304213296498	-4.71396482454397	-2.9176315669218	0.00583625399223507	0.0292684694690052
SCIN	ENSG00000006747.14	-2.6649942689174	1.32903618286183	-3.53266787666848	0.00107909186007243	0.0123960264928931
GDPD2	ENSG00000130055.13	-2.6651188005891	-1.82445102722891	-2.74413470398534	0.00913586959101482	0.0379791727884994
KNL1	ENSG00000137812.19	-2.6651429381693	-0.766751889366392	-3.71424076457969	0.000639254476379488	0.0103862262762626
LMNB1	ENSG00000113368.11	-2.66676310165228	2.32377525828011	-5.17746500590835	7.21529479227249e-06	0.00387285243006597
C4BPA	ENSG00000123838.10	-2.66683146962956	-2.26304441956265	-3.53714072837778	0.00106539466694905	0.0123367710447824
IRF6	ENSG00000117595.10	-2.66788598911563	2.04954212507513	-3.57033512605912	0.000968837876532411	0.0119534934426034
ENSG00000222001	ENSG00000222001.2	-2.67450841752232	-4.40401668452471	-2.67562437843629	0.0108624432237898	0.0422587483923853
IL17REL	ENSG00000188263.10	-2.67637125495933	-3.45338960208279	-4.24144308955063	0.000132913578460602	0.0068394050154713
SIGLEC10	ENSG00000142512.14	-2.67831921576208	0.964619694292237	-4.60240412101976	4.38404990648398e-05	0.00594195241120788
IFNLR1	ENSG00000185436.11	-2.6791994931787	-0.584703464621391	-3.78846239438566	0.000514642752585775	0.00973225276009709
ENSG00000253701	ENSG00000253701.2	-2.68009093449967	-4.07360145048905	-2.84468932272282	0.00705793897061415	0.0324748186541095
SAA1	ENSG00000173432.10	-2.68201622709106	0.249672361718297	-2.73102039893864	0.00944529637194863	0.0387424233365231
E2F7	ENSG00000165891.15	-2.68382896399748	-2.56494979287928	-3.49847261290173	0.00118954115969071	0.0128892071816601
CDHR1	ENSG00000148600.14	-2.68587256498105	2.80793585050456	-3.00257530145063	0.00466375664547447	0.025798784700841
PCLAF	ENSG00000166803.11	-2.68864140416577	-2.00689359165199	-3.07502541041827	0.00384252532646851	0.0230208327533434
SYTL5	ENSG00000147041.11	-2.69219497681057	-0.199596984473209	-4.1219691426895	0.000190830090352924	0.00747663360392473
CRB3	ENSG00000130545.15	-2.69256784379974	-0.232543046442705	-3.1524618934997	0.00311659824792813	0.0205967446490451
TTC22	ENSG00000006555.10	-2.69333786660581	1.63441023407828	-3.74297145509182	0.000587898638479559	0.0100879331403887
ADIPOQ	ENSG00000181092.9	-2.69468926581495	0.0485402463897286	-2.88130726020682	0.00641753757123289	0.0308666301313434
SLAMF6P1	ENSG00000227243.3	-2.69701951683962	-5.32318071567263	-2.96764454209111	0.00511624258507853	0.0271833856387397
TLCD1	ENSG00000160606.10	-2.7019879663931	-0.857574740288061	-4.0886714105505	0.000210953369983747	0.00761380349526909
FAM3B	ENSG00000183844.16	-2.70338084709617	-1.89577252542461	-4.68373695527324	3.40470093505457e-05	0.00560512854471652
MARVELD2	ENSG00000152939.14	-2.70392789538361	0.0811005094598505	-3.35198939124871	0.00179781282454578	0.015603168976335
CENPM	ENSG00000100162.14	-2.70675550563802	-1.2047019033435	-4.21103401653176	0.00014577146744565	0.00712410585546397
NPIPB15	ENSG00000196436.8	-2.70738566499803	1.85352520518097	-3.24955039271834	0.00238904837770165	0.0180635028251365
SP6	ENSG00000189120.4	-2.70824599812146	-0.861195212822682	-4.10385539312073	0.000201532665125947	0.00755526250777553
IGHG2	ENSG00000211893.3	-2.71162170385795	2.20750369097943	-2.70548877147461	0.0100757304786462	0.040264334010624
CYP4F3	ENSG00000186529.15	-2.71418910581023	-0.944679616387963	-3.0295260633415	0.00434065193705207	0.02466004981298
ERVH-1	ENSG00000251292.1	-2.71525830231619	-5.22553981614942	-2.94530309406745	0.0054269232388956	0.0281259581327089
SCNN1G	ENSG00000166828.2	-2.71679168586787	-0.345050732055497	-2.89282910586201	0.00622754101418172	0.0303885880302315
CEACAM8	ENSG00000124469.11	-2.71786760317727	-4.01811860232021	-3.13916496054496	0.0032312434068424	0.0208975696207991
PRAP1	ENSG00000165828.14	-2.72063423815434	-0.569634653891862	-2.66194571374275	0.0112413905115564	0.0431858859865111
LINC00992	ENSG00000248663.6	-2.72235930035447	-4.58255376916114	-2.98191418241858	0.00492662989456704	0.0266216113576472
PIMREG	ENSG00000129195.15	-2.72311980361093	-2.12180139937944	-4.13694560654851	0.000182401794566602	0.0073516534453861
SST	ENSG00000157005.3	-2.72422068293917	-0.328122295670806	-3.67415567192398	0.000718199817435428	0.0109136156723885
SOWAHA	ENSG00000198944.5	-2.72422690984376	-0.356806246038722	-3.3343052619264	0.0018887703607678	0.0159724830778662
ENSG00000279368	ENSG00000279368.1	-2.72929720428481	-4.36664664827806	-3.17485629160614	0.00293217488965059	0.0200462450786966
NCAPG	ENSG00000109805.9	-2.7328258528614	-1.05850459338909	-4.31370054455455	0.000106648821057932	0.00659479510745007
NEK2	ENSG00000117650.12	-2.73908003091529	-2.26765676364501	-3.03104926878491	0.0043230348638932	0.0246120766334168
LINC01612	ENSG00000250266.1	-2.74747729200438	-4.66211685000532	-3.16219315563343	0.00303514825369505	0.0203090656054477
EDAR	ENSG00000135960.9	-2.74748945019619	-4.18308447702588	-2.84047690244989	0.00713531611016362	0.0326309976092265
USH1C	ENSG00000006611.15	-2.75048235915742	2.31363001360715	-3.54333732985666	0.00104669453692916	0.012263890700314
FAM111B	ENSG00000189057.10	-2.75108858364379	-1.4063134927369	-3.88843938151656	0.000383372751155271	0.00910829556438955
RNF43	ENSG00000108375.12	-2.75554265213573	1.03229298140805	-3.08181997656007	0.00377293773851738	0.0228363538937787
XCR1	ENSG00000173578.7	-2.76080519680836	-3.0417042218353	-3.58167614775194	0.000937820917979502	0.0118170477726198
CXADR	ENSG00000154639.18	-2.76085584621955	1.6397711873125	-4.17619995280227	0.000161997935613	0.00719044783175699
TRABD2A	ENSG00000186854.10	-2.76091838710317	1.31231487502807	-3.1097875676182	0.00349883632071929	0.0218579877729381
SPC25	ENSG00000152253.8	-2.76205487200471	-2.24023168538778	-3.71696932325186	0.000634196758836798	0.0103578117604111
IGLV1-50	ENSG00000211645.2	-2.76208979839365	-4.56955111470849	-3.50626572899995	0.00116345353357918	0.0127821468090421
WNK4	ENSG00000126562.16	-2.76511781920938	-0.148822372051623	-2.75163821805422	0.00896308103816035	0.037541975046632
ENSG00000205890	ENSG00000205890.3	-2.76558929367998	-2.17425970393753	-2.76487789084386	0.00866557538899459	0.0367408116948773
CDC20	ENSG00000117399.13	-2.76682841559162	0.000711043557526206	-3.90315260017262	0.000367032233906017	0.00910829556438955
CXCR3	ENSG00000186810.7	-2.77257381414736	-2.43138169121106	-3.62071072070379	0.000838202287785312	0.0114914772709599
RBBP8NL	ENSG00000130701.3	-2.77286631986294	-3.23302654133926	-2.72820774602229	0.00951291197472983	0.0389262554922387
FXYD3	ENSG00000089356.18	-2.77369286193454	4.55308373136951	-3.10682596363476	0.00352694575862614	0.0219808497465244
HMMR	ENSG00000072571.19	-2.77667439431565	-1.13014373701451	-4.48552052748429	6.29378946500894e-05	0.00628345661602394
KLK15	ENSG00000174562.13	-2.77710102699444	-4.55412508245942	-2.90826455997248	0.00598124370565966	0.0296802428744253
SDR16C5	ENSG00000170786.12	-2.77715271826517	-1.25590212135331	-4.09409902033217	0.00020753758271191	0.00760502482164142
TNFRSF13C	ENSG00000159958.6	-2.77841679313501	-1.11582758360472	-3.50895983675506	0.00115456333368416	0.0127633952520634
CDC25C	ENSG00000158402.18	-2.77941096589635	-3.24211675914238	-3.20385242641405	0.00270871827388369	0.019322121769876
LINC02568	ENSG00000259459.5	-2.7830439426095	-3.12621784746144	-2.75550824157019	0.00887515291014025	0.0372486855617346
SOX9	ENSG00000125398.5	-2.78611472479065	1.97296165617155	-3.48909532668637	0.00122167609499551	0.0130892871741048
TPX2	ENSG00000088325.15	-2.79236293301088	0.638385303431858	-4.31649986312971	0.000105740917535179	0.00659479510745007
BRINP3	ENSG00000162670.10	-2.79504727590848	-0.812955703698173	-4.36775414674394	9.03956017630796e-05	0.00659479510745007
LPAR3	ENSG00000171517.5	-2.79553983209374	-3.2210609514243	-3.71983735193643	0.000628922188634138	0.010313091566552
FCRL3	ENSG00000160856.20	-2.79794738744304	-2.47370819687681	-3.0716644007893	0.00387739364394704	0.0231338015948581
HOOK1	ENSG00000134709.10	-2.8045598380786	0.870282908005528	-3.51420828342738	0.00113743102212818	0.012663907490463
BIRC5	ENSG00000089685.14	-2.80653006733846	-0.402352243592116	-4.08856453650968	0.000211021176924113	0.00761380349526909
ENSG00000280027	ENSG00000280027.1	-2.82299835486448	-4.81050171924419	-3.19871819194236	0.0027470703432513	0.0194482233979812
ELAPOR1	ENSG00000116299.16	-2.82417405040488	0.932189531619998	-3.53985508083872	0.00105716411316666	0.0123021414953508
C19orf33	ENSG00000167644.11	-2.82524398441918	0.745966003233695	-3.02805396690459	0.00435774210823247	0.0247048331653553
CDS1	ENSG00000163624.5	-2.82556729242598	0.637029390991346	-3.41419566092062	0.00150995658861011	0.0144842338570641
AREG	ENSG00000109321.10	-2.82746547045455	1.86854478284443	-4.73955641811975	2.86085395158732e-05	0.00497523693691788
ENSG00000279756	ENSG00000279756.1	-2.82876090890004	-5.03758587654741	-3.08274631728824	0.00376354313267999	0.0228141833207411
DUOXA2	ENSG00000140274.13	-2.82898213247057	-2.91229536014559	-2.99600631030823	0.00474586990455821	0.0260329814682863
LINC03040	ENSG00000181577.15	-2.83060147007151	-2.5015480691669	-3.81108745060032	0.000481579059202719	0.00950106921212759
MFSD6L	ENSG00000185156.5	-2.83272077417751	-3.16637677172996	-2.95750677670207	0.0052550909036944	0.0275778478215111
ENSG00000282221	ENSG00000282221.1	-2.83346248361596	-4.9778825782287	-3.33809194785516	0.00186893180699549	0.0159049738101447
ATP2C2	ENSG00000064270.12	-2.83434389891053	1.34704494991046	-2.95962922307718	0.0052257321546468	0.0274929382877385
MIR200CHG	ENSG00000257084.1	-2.83560281245701	-3.95699040343068	-2.87985820025899	0.00644181259418507	0.0308805829872343
ENSG00000233214	ENSG00000233214.1	-2.83749244956381	-2.97667834481012	-3.75723824160269	0.000563901907954626	0.0099999007104534
MYH14	ENSG00000105357.15	-2.84007503114584	3.73687888601951	-3.51475410202659	0.00113566340044628	0.012663907490463
CKAP2L	ENSG00000169607.12	-2.8490320105215	-1.92799711259478	-4.83734099698079	2.10704687900101e-05	0.00476264593404656
SORD2P	ENSG00000259479.6	-2.84933486592152	-1.98615158550107	-5.20428649547625	6.62775017662306e-06	0.00387285243006597
ENSG00000260401	ENSG00000260401.1	-2.84950487162657	-0.769446075748198	-4.26481266632068	0.000123792614245408	0.00678236213583882
ENSG00000261211	ENSG00000261211.1	-2.85088166038271	-2.70472498670918	-3.61324684589663	0.000856426822655358	0.0115619240060832
DQX1	ENSG00000144045.13	-2.85253500271675	0.150887015635198	-3.26425007118796	0.00229408115008658	0.0176729555452491
IL24	ENSG00000162892.15	-2.85338138681856	-0.716045562860679	-4.20240454012787	0.000149636655979901	0.00712410585546397
POU2AF2	ENSG00000150750.7	-2.8536590981591	-3.9016303956746	-3.55537141062844	0.00101127507438399	0.0121006690866237
CES3	ENSG00000172828.12	-2.85367427064425	1.16687294062461	-2.71617334249682	0.0098073097324647	0.0395635043913054
DUOX2	ENSG00000140279.12	-2.8568950014832	1.20275793855106	-3.25129207206342	0.00237760408656652	0.0180283245675787
CXCL3	ENSG00000163734.4	-2.86053637313243	0.915679649211795	-4.98566336005267	1.32221934788085e-05	0.00446017389682275
IGHV1-67	ENSG00000253274.1	-2.86076169066782	-4.89546301665116	-3.1718287989605	0.00295648817890222	0.0200972714354475
LINC01806	ENSG00000227403.1	-2.86206865492139	-3.53035728730037	-3.57721656282884	0.000949901912757639	0.0118466518761049
DRD5	ENSG00000169676.5	-2.86214171869406	-4.95538697764302	-3.46252308950549	0.00131732150069514	0.013620118915062
CLDN2	ENSG00000165376.10	-2.86373007714712	-2.01651375243039	-5.20352493180963	6.64375840931932e-06	0.00387285243006597
FCRLA	ENSG00000132185.16	-2.86803423483147	-2.69702160011803	-3.78826325456609	0.000514943305584636	0.00973225276009709
ANPEP	ENSG00000166825.13	-2.87307467121103	4.18005587982778	-3.40748285886364	0.00153875755879126	0.014627910386428
NEU4	ENSG00000204099.11	-2.87332933523746	-0.122769304290759	-3.38746519675595	0.00162779463559888	0.0149463410280138
SDC1	ENSG00000115884.10	-2.87523521882573	2.34009070634377	-3.16315548514144	0.00302720409690333	0.0203003834572996
IGKV1D-33	ENSG00000239975.2	-2.87539172512756	-4.64748380043204	-2.86423676436896	0.00670901093043091	0.0316684200289905
ERVE-1	ENSG00000267259.1	-2.87792863180228	-5.06492513451755	-3.88699400050079	0.000385015560230545	0.00910829556438955
RXFP4	ENSG00000173080.5	-2.88065756516705	-3.11193978152958	-3.92657335525945	0.000342406548484624	0.00903518410117673
KIF12	ENSG00000136883.13	-2.88309632031053	-1.04616961255851	-2.83774754429923	0.00718587265415367	0.0327478981909673
SGPP2	ENSG00000163082.9	-2.88334507073044	1.15021175505909	-4.6811765467733	3.43195497094239e-05	0.00560512854471652
KRT8P45	ENSG00000224520.2	-2.88835362543686	-3.00700809076784	-3.18989977756734	0.00281414776290518	0.0196634387213114
UBE2C	ENSG00000175063.16	-2.88982575238708	-0.764376872184902	-3.46317498327532	0.00131489145125559	0.013620118915062
IGKV1D-8	ENSG00000239819.2	-2.89097808629516	-4.47491796237473	-2.89481733378867	0.00619529180823467	0.0303020757141312
ASF1B	ENSG00000105011.8	-2.89186027498965	-0.439651876706198	-4.33999901780803	9.84121545181254e-05	0.00659479510745007
IGKV2-40	ENSG00000273962.1	-2.8928231982194	-4.94308797605011	-2.98931888095063	0.00483085830913118	0.0263147275992174
PDX1	ENSG00000139515.5	-2.89834166717906	-5.31638415834211	-3.81567247870851	0.000475133914948936	0.00946618107503684
IGHG1	ENSG00000211896.7	-2.89924115620209	3.84097576715864	-3.65659101699166	0.000755683615061046	0.0111494498492353
GAL3ST2-AS1	ENSG00000215023.2	-2.90078664623877	-4.80395156088341	-3.14481668405781	0.0031820352883834	0.0207451520641814
HJURP	ENSG00000123485.11	-2.90297394763956	-1.21100548523316	-3.93818203350525	0.00033080311392507	0.00887669657368527
ATP6V0D2	ENSG00000147614.3	-2.91129835481758	-4.03155830336506	-2.76206865502465	0.0087279243190434	0.0369040690140192
LINC03057	ENSG00000272763.1	-2.91504020822583	-1.51509563370324	-2.6636913563267	0.0111923602448905	0.0430680004342417
ENSG00000225329	ENSG00000225329.3	-2.91921558606825	-2.39042570851888	-3.60204676905193	0.000884491690727856	0.0116252784711341
POU2AF1	ENSG00000110777.11	-2.91931461829585	1.012309846317	-3.70878568179091	0.000649483193090829	0.010488902263656
SLC52A3	ENSG00000101276.14	-2.92384460960679	0.803987362943605	-4.30011065245022	0.000111166085403847	0.00665025658162984
HNF1A	ENSG00000135100.17	-2.92501442206674	-1.50816982369291	-3.35997479746329	0.00175812449224728	0.0154196410289739
ANO9	ENSG00000185101.12	-2.92601658406188	2.00647846086124	-3.06738981322194	0.00392217106906522	0.0232312258023283
SKA1	ENSG00000154839.9	-2.92685361133128	-2.33139720949554	-4.87951976255823	1.84599514286468e-05	0.00476264593404656
TNFRSF17	ENSG00000048462.10	-2.92725114868704	-3.007953879126	-2.6112470697236	0.0127547260315835	0.0468255012363567
FUT2	ENSG00000176920.11	-2.92800907870895	0.862994007247026	-3.64767935137623	0.000775415947110699	0.0112070966688501
TBC1D27P	ENSG00000128438.10	-2.92947129124743	-2.5985305234877	-2.88275324001603	0.00639339937897455	0.0308320169395026
CYP2C19	ENSG00000165841.9	-2.94085454615991	-4.52305499082147	-3.11253086731472	0.00347298787322769	0.0217577245613617
PBK	ENSG00000168078.9	-2.94168499223195	-2.07072843017245	-3.50192973670759	0.00117789983472983	0.0128623922650556
GAU1	ENSG00000255474.1	-2.94428406924083	-1.09216930415953	-3.80815161303704	0.000485750324789918	0.00953385948270802
APOBEC1	ENSG00000111701.6	-2.94559911309267	-4.87094329248066	-3.40639499476969	0.00154347418558522	0.014627910386428
IGLV3-12	ENSG00000211667.2	-2.94750263604343	-5.00259564939994	-3.09598967602747	0.00363162542574358	0.0223861458826765
SNCAIP-AS3	ENSG00000250328.5	-2.95080180290792	-4.02395529591213	-3.6372403692021	0.000799162000634825	0.0113591138228644
ENSG00000224272	ENSG00000224272.2	-2.95213093838555	-1.69313022191925	-3.7568934356194	0.00056447053988946	0.0099999007104534
TERT	ENSG00000164362.18	-2.95348982891635	-3.81335579830178	-2.98436579088529	0.00489472526353851	0.0265165070377215
TTK	ENSG00000112742.9	-2.95478431842075	-1.5958179508167	-4.3280511750199	0.000102073905340692	0.00659479510745007
SAPCD2	ENSG00000186193.8	-2.96300905572543	-0.982161367876177	-4.24422489529577	0.000131794312031061	0.0068394050154713
IL22RA1	ENSG00000142677.3	-2.96536386219447	-0.500654724363395	-3.50118890452447	0.00118038523191129	0.0128779407236914
ESCO2	ENSG00000171320.14	-2.96586043530415	-2.36465509164178	-4.34704666791937	9.63129045114751e-05	0.00659479510745007
ADM2	ENSG00000128165.8	-2.96647498373633	-1.11587009664787	-4.47237893174196	6.55404115796604e-05	0.00628345661602394
IGKV3-7	ENSG00000243063.1	-2.96724220956338	-4.31182598462556	-2.71526273562841	0.00982992564903194	0.0396186418336451
CKMT1A	ENSG00000223572.9	-2.96839847838943	-0.917901440738794	-3.13880074822561	0.00323443908463758	0.0208975696207991
NUGGC	ENSG00000189233.11	-2.97137200593655	-2.56231236963729	-3.29714516599209	0.00209440687452314	0.0168107478279033
IGKV7-3	ENSG00000197794.2	-2.97389799486955	-5.08936417211794	-3.35744145267002	0.00177062400681412	0.0154822439925432
HKDC1	ENSG00000156510.12	-2.97729077679325	-1.01223974804409	-3.14018570050252	0.00322230312652315	0.0208766117013997
IGLV2-5	ENSG00000253234.1	-2.97784219609147	-4.89094955821332	-3.24612769356639	0.00241169112839614	0.0181621422508165
C5orf52	ENSG00000187658.6	-2.98690451515971	-4.74077622951958	-3.48289812502086	0.00124336842159903	0.0132236385585917
KRT8P3	ENSG00000254285.3	-2.98815240789287	-1.97372549853636	-3.9783070668225	0.000293565763933395	0.00837956258084654
HGD	ENSG00000113924.11	-2.98999164666349	-0.865329800032386	-3.2708645030685	0.00225253011019572	0.0174986166312672
MNX1-AS1	ENSG00000243479.3	-2.99398783680504	-5.15172096079717	-3.48468021777975	0.00123709293903726	0.013194253027256
IGKV1D-43	ENSG00000242580.1	-2.99965647454793	-5.28132424799693	-3.223077373864	0.00256957600017042	0.0187787649241285
TNS4	ENSG00000131746.12	-3.00260726583467	-0.327815757508973	-4.57315922890195	4.80013000973669e-05	0.00607673487727505
CNR2	ENSG00000188822.7	-3.00374005477146	-3.96557193772695	-3.78938587295786	0.000513251204662769	0.00973225276009709
SVOPL	ENSG00000157703.15	-3.00476378516809	-3.96002102275689	-3.83787832667264	0.000445083233447844	0.00928839254513045
KIF18B	ENSG00000186185.13	-3.00611812918369	-1.1752349820944	-3.57770019071124	0.000948584565271324	0.0118466518761049
EXO1	ENSG00000174371.16	-3.00876555808652	-2.21379850039132	-4.59921975809479	4.42757416317881e-05	0.00594195241120788
FLVCR2-AS1	ENSG00000224721.1	-3.01217755881923	-4.97425420833254	-3.13368265969307	0.00327966378413917	0.0210479113683833
SACK1F	ENSG00000133477.16	-3.01638979062272	0.337386027162865	-3.36669608920519	0.00172536863221378	0.0153504155661064
RNF223	ENSG00000237330.2	-3.02096379502644	-3.12247559443134	-4.21647436577587	0.000143385050633834	0.00706839375591779
GAL3ST2	ENSG00000154252.11	-3.02097049462561	-2.49696946592583	-3.14860666106875	0.00314943514365233	0.0206632337728105
UGT1A6	ENSG00000167165.18	-3.02128946936749	-5.38787574929311	-3.87804841749391	0.000395336044490389	0.00910829556438955
GLOD5	ENSG00000171433.11	-3.02257335463525	-4.45998869796064	-3.08080453653718	0.00378326138489483	0.0228620353507493
APOBR	ENSG00000184730.10	-3.02388325896728	2.32881904304306	-4.17081541019376	0.000164658795976033	0.00719214303726011
GALNT5	ENSG00000136542.8	-3.02729071145329	-0.231575597312409	-3.30979110134816	0.00202214238025965	0.0165053495370866
RETNLB	ENSG00000163515.6	-3.02851636088772	-1.87128342307666	-2.63019993120925	0.012168308317085	0.0454624317845732
CENPA	ENSG00000115163.14	-3.0298655450319	-2.54037759074895	-4.51439754406781	5.75707596468696e-05	0.00628345661602394
GOLT1A	ENSG00000174567.7	-3.03350352104876	-2.45080540488539	-3.61396608297653	0.000854654182390362	0.0115619240060832
FERMT1	ENSG00000101311.15	-3.03554984303102	0.97400734654364	-3.40911321993928	0.00153171464237522	0.0146022640998751
SDS	ENSG00000135094.10	-3.03798909463486	-0.415878299876175	-4.34957817697686	9.55696226492548e-05	0.00659479510745007
LINC02086	ENSG00000244649.4	-3.03929894007658	-0.992584832781511	-2.57444644550091	0.0139681714081142	0.0497534980821547
IGLC5	ENSG00000254030.1	-3.04045874993749	-5.18754138640084	-3.26459566123597	0.00229189226339954	0.0176729555452491
S100P	ENSG00000163993.6	-3.0427249272309	0.081237850602616	-3.83649605532514	0.000446898805390206	0.00931593048039829
SLC6A7	ENSG00000011083.8	-3.04284046336437	-0.594630065357358	-2.98189477439091	0.00492688324348748	0.0266216113576472
IGHV4-80	ENSG00000283906.1	-3.04379563161102	-5.17611013289586	-3.30957905885359	0.00202333425859998	0.0165053495370866
SPACA4	ENSG00000177202.2	-3.04435339394191	-3.48266634979622	-2.88560882945138	0.00634597917123796	0.0306953852161194
SERPINA1	ENSG00000197249.13	-3.04689098238331	3.06731985926156	-4.97821856885466	1.35358275007399e-05	0.00446017389682275
LAMB3	ENSG00000196878.14	-3.04726297381717	1.84671448331627	-3.67280112325436	0.000721025471463349	0.0109212100040521
PRSS3	ENSG00000010438.16	-3.05190082000226	1.00413011417456	-3.86889291740487	0.000406176443623404	0.0091451345006292
PLA2G12B	ENSG00000138308.5	-3.05247151075881	-4.60553320309379	-3.4930671387068	0.00120796475829681	0.0129942692384483
MARVELD3	ENSG00000140832.9	-3.05848254080791	-0.0311102296752586	-3.13239290001318	0.00329115443610597	0.0210650971911343
HOXB9	ENSG00000170689.9	-3.06498916224806	0.79821228323618	-3.13898890345929	0.00323278779661288	0.0208975696207991
ST6GALNAC1	ENSG00000070526.14	-3.06554993204384	2.6939783457322	-3.48256441170273	0.00124454695203835	0.0132286818637149
KRT8	ENSG00000170421.12	-3.06583630147443	6.51272597506689	-3.03071914521556	0.00432684727941228	0.0246188565894946
KLK3	ENSG00000142515.14	-3.06836113627929	-1.60214033532194	-3.70570583685876	0.000655327769160957	0.0105289701970754
UGT8	ENSG00000174607.10	-3.0685911311318	0.280344305477878	-3.38589093242448	0.0016350019207618	0.0149799208921497
CAPN9	ENSG00000135773.12	-3.070056921382	-0.611086461973022	-3.71103184230801	0.000645252463100827	0.0104295454061616
IL1R2	ENSG00000115590.13	-3.08019148727054	1.5546962548237	-4.12097673213728	0.000191401820403515	0.00747663360392473
LINC02535	ENSG00000234155.1	-3.0833845215212	-2.69154865231425	-3.29801717403244	0.00208934588506865	0.0167844715198287
CA2	ENSG00000104267.9	-3.08523875092521	3.35505539655297	-3.09566176594542	0.00363483836075419	0.0223887292036443
TM4SF5	ENSG00000142484.6	-3.08677055543085	-3.18741305645139	-3.02961087662327	0.00433966923001964	0.02466004981298
RNF128	ENSG00000133135.13	-3.0874936408376	-0.703739097015146	-3.08984232390544	0.00369230703265396	0.0225709961556519
DSC2	ENSG00000134755.14	-3.08806629259243	2.68919244588212	-4.05709476978949	0.000231939768114946	0.00783505885743691
CGN	ENSG00000143375.14	-3.0910891288914	2.51558562963913	-3.3973411092336	0.00158326884865009	0.0147394021486097
TRIM10	ENSG00000204613.10	-3.09148264640427	-1.5385427624096	-3.38502004561817	0.00163900209952974	0.0149799208921497
IGKV6D-21	ENSG00000225523.2	-3.09155778158992	-4.85465793989689	-2.6742774061068	0.0108992288667889	0.0423478106280572
CKMT1B	ENSG00000237289.9	-3.09780950000555	0.0932431636398911	-3.28280544200194	0.00217932558221684	0.017212822996298
TTC39A	ENSG00000085831.15	-3.10045129383958	1.04993835478295	-4.48200219606999	6.36245271511546e-05	0.00628345661602394
TGFA	ENSG00000163235.15	-3.10095717258544	0.995641168743525	-5.19694383292491	6.78370345167432e-06	0.00387285243006597
CRYBG2	ENSG00000176092.14	-3.10441167160385	-1.76308350097402	-3.05237319883458	0.00408337046234518	0.0237884193622107
OCLN	ENSG00000197822.10	-3.1054368496164	-0.123315181430283	-4.11365920234808	0.000195669369660431	0.00747663360392473
ENSG00000279693	ENSG00000279693.1	-3.10685789482631	-2.31985635024135	-4.30309666653008	0.000110157745895101	0.00665025658162984
FOXA3	ENSG00000170608.2	-3.10919325589184	-0.794373923385887	-3.0577111817271	0.00402536615924675	0.0236093699731744
IGHD	ENSG00000211898.7	-3.11113429588331	-2.06355015777621	-3.8132260351835	0.000478562397732231	0.00949140333073576
SMIM24	ENSG00000095932.6	-3.11190942319402	-2.08363166739312	-2.88693439280456	0.00632407863363202	0.0306382769975985
BCAS1	ENSG00000064787.13	-3.11365760054218	1.75250893621332	-3.71897836205569	0.000630497489119945	0.0103153343559676
RASEF	ENSG00000165105.9	-3.11394528161424	1.2134500858204	-4.35930197210092	9.27665233913251e-05	0.00659479510745007
HK2	ENSG00000159399.9	-3.11962626788164	4.08048761317279	-3.75414461154142	0.000569023596680361	0.0099999007104534
ENSG00000262714	ENSG00000262714.1	-3.12182344389538	-4.9855084415727	-3.6547881220511	0.00075963613561965	0.01116306760512
GPRIN2	ENSG00000204175.5	-3.12340968435032	-1.15888210875128	-4.17845646997173	0.00016089537262058	0.00719044783175699
R3HDML-AS1	ENSG00000226812.2	-3.12623154824695	-3.73973666403662	-2.88172184758001	0.00641060804068024	0.0308611063481631
IGLV1-41	ENSG00000253818.1	-3.1330596243062	-4.49913600423614	-2.97079499567767	0.00507379973189275	0.0270497038218591
CDCP1	ENSG00000163814.7	-3.13314784594496	2.08209322357233	-4.37542445883568	8.82954956416311e-05	0.00659479510745007
IGLV4-3	ENSG00000211672.2	-3.13816316115524	-4.84558184011128	-3.42961683217755	0.001445733185499	0.0141934419668553
NOX1	ENSG00000007952.17	-3.13861918229884	0.314947115649467	-3.22627608687604	0.00254709393292168	0.0186781002220322
ENSG00000275431	ENSG00000275431.1	-3.14227336038345	-4.75429210711833	-3.66901291761743	0.000728984902396102	0.0109491867566681
CYP2C9	ENSG00000138109.9	-3.14349217734948	-2.93466848225114	-3.19553075890573	0.00277113865041585	0.0194907757451757
ABCC3	ENSG00000108846.15	-3.14598223795767	3.78356141842668	-3.52086678883002	0.00111604687071466	0.0125443401111686
CWH43	ENSG00000109182.11	-3.15284199143455	-1.85167432913631	-2.84907682405899	0.00697817830379147	0.0323497966980365
CAMSAP3	ENSG00000076826.9	-3.15364075320947	0.963403258525355	-3.8728946547458	0.000401403249018369	0.00912582946776222
PPP1R14C	ENSG00000198729.4	-3.15689442878188	-0.169162495732275	-3.51551618186141	0.00113319983191377	0.0126626680480964
AURKB	ENSG00000178999.12	-3.15804818595391	-1.34613735019787	-3.77582871824715	0.000534050429466829	0.00983374183765457
ABCB11	ENSG00000073734.8	-3.16125319277466	-3.50734565081093	-2.64461096464578	0.0117391387800922	0.0443363170254759
IGHV1-58	ENSG00000211968.3	-3.16413404951202	-4.73976077301292	-3.13268389362143	0.00328855861055242	0.0210650971911343
LINC01843	ENSG00000251169.2	-3.16730130634012	-2.55156327273577	-3.65061881705875	0.000768853072901123	0.0111991689498299
BCL2L15	ENSG00000188761.11	-3.16796995463708	-0.804670751425615	-3.36370297492172	0.00173988279001421	0.0153853477222443
LRIT2	ENSG00000204033.9	-3.16862202433022	-3.5082323054964	-3.30292730697976	0.0020610650590171	0.0166641945494874
IGKV1OR2-108	ENSG00000231292.6	-3.17175262706851	-5.1861688654298	-3.41600461431014	0.00150228400134197	0.0144624389296336
TMEM125	ENSG00000179178.10	-3.17238581517006	-0.774610784237453	-3.0059949788322	0.00462154079553606	0.0256506439780609
ENSG00000273295	ENSG00000273295.1	-3.17434553633607	-0.884384409955479	-3.51933898667996	0.00112091910017183	0.0125615170282979
IGHV3-69-1	ENSG00000282600.2	-3.17912882466844	-4.38906435614751	-3.02244824632824	0.00442340286535566	0.0249436955450749
ALPI	ENSG00000163295.4	-3.17953718099927	-3.63337308849467	-2.68497958125355	0.01061009976989	0.041646581792701
SPINT1	ENSG00000166145.14	-3.17965979640211	2.47599370189346	-3.63325211078099	0.000808418029736225	0.0113591138228644
SIGLEC12	ENSG00000254521.6	-3.18214529054723	-1.93633350946027	-3.88936667447403	0.000382322380996424	0.00910829556438955
IGHV1-14	ENSG00000253709.1	-3.18810974287946	-5.34399132357492	-3.88299554672636	0.000389595838114002	0.00910829556438955
NEIL3	ENSG00000109674.3	-3.18830404669802	-4.13860054148712	-3.85061797321453	0.000428683207985482	0.00917730386727577
KCNV1	ENSG00000164794.8	-3.18981007583208	-3.81668636475103	-3.17983246644116	0.00289262330631641	0.0199163012784237
IGKV2-26	ENSG00000254098.1	-3.19128313866058	-5.04269383344911	-3.45289348958731	0.00135372266134798	0.013818271209477
DLGAP5	ENSG00000126787.12	-3.19328142160343	-1.99141458657121	-3.98313367262352	0.000289371076603613	0.00835187589041493
LINC02967	ENSG00000274173.1	-3.19632754137679	-3.1284610830743	-3.02372451454691	0.00440837235325323	0.0248941820621775
IGLJ2	ENSG00000211676.2	-3.19663047323432	-3.76276584685094	-3.1461368547528	0.00317064352653282	0.0207206077645579
ENSG00000248778	ENSG00000248778.1	-3.19676965220752	-4.1537796730143	-3.44786581788809	0.00137310883910697	0.0138431187418717
NR1I2	ENSG00000144852.17	-3.19751743404114	-0.113946120400981	-3.10044098052846	0.0035882750680217	0.0222425684249451
STYK1	ENSG00000060140.8	-3.19794427494194	-0.242157243190504	-3.82932347768698	0.000456435611914496	0.00940562460891892
CA12	ENSG00000074410.13	-3.19848846674551	3.92104443125762	-3.57058335292929	0.000968148552323982	0.0119534934426034
PADI2	ENSG00000117115.12	-3.19941798341599	2.7056089728047	-3.73732675234242	0.000597663058760917	0.0101377812708857
IGHV1-45	ENSG00000211961.3	-3.19959461912739	-5.25033471897449	-3.64084516747157	0.000790883848101711	0.0113284884300694
ENSG00000221972	ENSG00000221972.3	-3.20279872099737	-2.44565443712915	-4.45459610926037	6.92310543872349e-05	0.00628345661602394
DNAJC22	ENSG00000178401.14	-3.21317415212533	-0.696274535413122	-3.60876010105057	0.000867565096786715	0.0115752590647061
CXCL1	ENSG00000163739.4	-3.21499943014991	1.2307240051012	-4.35751289763082	9.32761409623286e-05	0.00659479510745007
ENSG00000257512	ENSG00000257512.1	-3.21598233556907	-3.88634815153411	-4.4560334332224	6.89253208035485e-05	0.00628345661602394
GJB2	ENSG00000165474.5	-3.22250727617895	0.211464400192907	-3.99380032134554	0.000280306692608766	0.00831709368179753
C1orf116	ENSG00000182795.12	-3.2236932010911	-0.373169457928209	-3.8620033963395	0.000414523402484917	0.00916087672715645
MGAM2	ENSG00000257743.8	-3.22581899688729	-1.65231714781385	-3.72189510331094	0.000625163928891287	0.0103026423561108
NIPAL1	ENSG00000163293.11	-3.22806860805357	-0.101626608978329	-3.58663142618797	0.000924570466620476	0.0117447901320236
SPIB	ENSG00000269404.6	-3.23029394348975	-0.111823038106925	-3.22085659250328	0.00258529540046571	0.0187965108367405
MACC1	ENSG00000183742.12	-3.23251150487519	-1.15295485805531	-3.85187875083669	0.000427092408830867	0.00917730386727577
IGKV3D-11	ENSG00000211632.4	-3.23255608998289	-4.48187513006898	-2.91727109383692	0.00584177225266367	0.0292743240260216
IGHG4	ENSG00000211892.3	-3.23259165061502	-0.492424762293749	-2.9859616661147	0.00487406134618003	0.026450338111515
INAVA	ENSG00000163362.10	-3.23577067177629	1.19557921326574	-3.84456061753131	0.000436406577850614	0.00922000938716562
ENSG00000274993	ENSG00000274993.1	-3.23596904867758	-1.03462488474511	-2.70935072236749	0.00997793480945605	0.0400492469552816
MZB1	ENSG00000170476.15	-3.23755001283057	-0.696601073564764	-2.84271662907414	0.00709407706675998	0.0325631399289604
MKI67	ENSG00000148773.13	-3.23765816294689	1.15276464026322	-3.62427898725421	0.000829622182429987	0.0114914772709599
SERPINA6	ENSG00000170099.5	-3.23950654143775	-4.06986853378024	-3.38358058518338	0.00164563437683166	0.0150186126655259
TMT1B	ENSG00000170439.6	-3.24080326358496	-0.767161929041663	-3.3181291035806	0.00197580184736681	0.0163503870048106
ROS1	ENSG00000047936.10	-3.24090313574397	-4.20165304963894	-3.72110071165496	0.000626612220905891	0.0103026423561108
SLAMF7	ENSG00000026751.16	-3.24256175665394	0.0425756572487355	-3.8190017649546	0.000470506397062452	0.00946618107503684
SLC39A5	ENSG00000139540.11	-3.24450483943902	1.04142744351762	-3.07038498651332	0.00389074502014758	0.0231544524287509
IGHV3-66	ENSG00000211972.2	-3.24811551493555	-4.32635813491763	-2.96638302795569	0.00513333094208265	0.0272086366177415
LHFPL3	ENSG00000187416.11	-3.25017273719314	-2.91781527366354	-5.05762696943513	1.0538295591511e-05	0.00412429879510429
MSLN	ENSG00000102854.15	-3.25352148040815	-2.01411062129303	-3.89709020632364	0.0003736815588214	0.00910829556438955
SLC7A11	ENSG00000151012.13	-3.25481369022641	0.0197386543476987	-4.6220698197399	4.12444160066177e-05	0.00594195241120788
RBM47	ENSG00000163694.14	-3.25508764579809	3.23481310635518	-4.2501798200953	0.000129429239838971	0.0068394050154713
NMRAL2P	ENSG00000171658.8	-3.26026880499246	-1.44641078773111	-3.14318161533614	0.00319619801414721	0.0207860033201411
PRSS22	ENSG00000005001.9	-3.2610747450304	-3.37158299158488	-3.85322131235352	0.000425404710256758	0.00917730386727577
SERINC2	ENSG00000168528.11	-3.26447233608654	2.5588616348688	-3.59248234934275	0.000909156904832021	0.0116942742126359
ARHGEF38	ENSG00000236699.8	-3.26764518333768	-3.09029309712704	-4.22943275568005	0.00013785363602006	0.00690240697875393
HPDL	ENSG00000186603.5	-3.27053002524749	-0.698599580026807	-5.03642681973543	1.12672874798327e-05	0.00412429879510429
PKP2	ENSG00000057294.14	-3.27067183425454	2.32941168564584	-4.3928920594649	8.36898843391468e-05	0.00659479510745007
APOBEC3B	ENSG00000179750.15	-3.27075582108994	-1.84048997816165	-4.81336575153619	2.27136323128144e-05	0.00476264593404656
NLRP2	ENSG00000022556.15	-3.27281137683493	-1.27374085418621	-4.83231113011663	2.14051618693598e-05	0.00476264593404656
MYO1A	ENSG00000166866.12	-3.28503261229604	1.62556121843499	-3.16312690008826	0.00302743978617273	0.0203003834572996
GRHL2	ENSG00000083307.10	-3.28794920972929	-0.776925447360558	-2.94247137700508	0.00546754105815588	0.0281793492751649
SERPINB5	ENSG00000206075.13	-3.28819365597183	-2.0614165823275	-4.55224419629431	5.12129799143383e-05	0.00616591146635322
SLC13A2	ENSG00000007216.14	-3.29313145430586	-2.7653216199639	-2.63436562407486	0.0120427903194649	0.045111226122894
IGKV3D-15	ENSG00000224041.3	-3.29538067193856	-4.31332538849111	-2.94965633629073	0.00536503226208066	0.0279130293480329
ENSG00000259087	ENSG00000259087.5	-3.30464855620391	-4.6623549973808	-4.13796377596173	0.000181842179455545	0.0073516534453861
KRT18	ENSG00000111057.10	-3.30752055627569	3.93823796016555	-3.62372774245514	0.000830942135237357	0.0114914772709599
ADGRF1	ENSG00000153292.15	-3.30801750595067	-4.72526773221586	-4.13071464372432	0.000185863311410313	0.00741164482995434
SPDEF	ENSG00000124664.10	-3.31277824094203	-0.0251398932739029	-3.49527770844634	0.00120039758146198	0.0129425185849707
IGHV3-41	ENSG00000278473.1	-3.32116641808828	-5.14852283304864	-3.67842982770968	0.000709353586647048	0.0108405850808827
MTND4P20	ENSG00000233377.1	-3.3226868145749	-4.77512786119508	-3.77957302967874	0.000528225816682765	0.00981129972715765
MAP7-AS1	ENSG00000272189.1	-3.32279033015406	-3.32932326973113	-4.32540637727486	0.000102902348447475	0.00659479510745007
TFCP2L1	ENSG00000115112.7	-3.32645748692857	1.67706554398794	-3.34008958214325	0.0018585463955596	0.0158597084967744
IGKV1-13	ENSG00000253497.1	-3.33022659945728	-4.52361340710157	-3.35025374787793	0.0018065515857349	0.0156214913024462
DSG2	ENSG00000046604.12	-3.33120248718518	3.4281157124993	-4.39370488145944	8.34814088928341e-05	0.00659479510745007
ENSG00000254290	ENSG00000254290.1	-3.33297194771191	-2.34797189319	-3.91146380120133	0.000358102764999495	0.00910829556438955
IGKV1-33	ENSG00000242076.2	-3.33344659285739	-2.19307850847544	-2.89606983946774	0.00617505632244436	0.0302456603425715
IGHV3-19	ENSG00000253883.1	-3.33855611019246	-5.28955860752723	-3.64966403997799	0.000770978886813444	0.0111991689498299
ENSG00000150526	ENSG00000150526.12	-3.3390773778785	-4.60291944835811	-3.74820573758696	0.000578982097456026	0.0100207713983889
ENSG00000267709	ENSG00000267709.1	-3.34183499076252	-4.70731009212251	-3.99431621477399	0.000279875368560805	0.00831709368179753
SACK1H	ENSG00000180921.6	-3.3425995273544	1.59345802808241	-4.32782441458086	0.000102144677734642	0.00659479510745007
CYP4F2	ENSG00000186115.12	-3.34475095068208	-3.71046057122013	-3.1448871891362	0.00318142592161526	0.0207451520641814
MNX1	ENSG00000130675.14	-3.34505143056169	-2.46420575434976	-3.39817777041235	0.00157955071496117	0.0147304476307848
REG1A	ENSG00000115386.5	-3.34558040064078	-0.507110594862606	-3.14932342600452	0.00314330542471809	0.0206497245495121
FAM30A	ENSG00000226777.7	-3.34752936451413	-1.49835148207323	-2.83526921732143	0.00723206837675363	0.0328813140286097
IGHJ2	ENSG00000211904.2	-3.34828306912179	-3.96360778530209	-3.06861789723499	0.00390925687817806	0.0231695981294662
TFF1	ENSG00000160182.2	-3.35216275809109	-2.36801547043817	-2.94238863349471	0.00546873219614398	0.0281793492751649
IQANK1	ENSG00000203499.11	-3.35384522741544	-2.00479109679216	-3.98741656021724	0.000285697782567051	0.00835187589041493
AGMAT	ENSG00000116771.5	-3.35614265336125	-0.835358474451758	-4.11297283722216	0.000196074383856003	0.00747663360392473
NHERF4	ENSG00000172367.15	-3.35640878309676	-0.502496233011395	-3.17095013268303	0.00296358029392848	0.0201000387959962
ZG16B	ENSG00000162078.11	-3.36146586560218	-1.10934087391447	-4.13367304335924	0.000184211897258968	0.00736142096663389
HOXB-AS4	ENSG00000242207.1	-3.36691733864485	-4.36123291193113	-3.45062994158705	0.00136241799673295	0.0138184644590631
SHD	ENSG00000105251.10	-3.36965414471574	-2.88119168689851	-3.5986534771853	0.000893167843912967	0.0116497433486764
IGLV3-16	ENSG00000211665.2	-3.37227259505569	-5.06119144267358	-3.88721492240958	0.000384764020547814	0.00910829556438955
PKIB	ENSG00000135549.14	-3.3740789945136	0.770597172399549	-3.72556327512521	0.000618518153178925	0.010298765915786
BLK	ENSG00000136573.12	-3.37717860153568	-2.09898476788814	-3.79573182199184	0.000503786804916942	0.00965840346081072
SCGB2A1	ENSG00000124939.5	-3.38222375784341	-4.80619850505843	-3.90150090886732	0.000368832363240454	0.00910829556438955
RAB25	ENSG00000132698.14	-3.38241901615129	0.538112991840301	-3.16661800890855	0.00299878313697357	0.0202237504052559
BIK	ENSG00000100290.2	-3.38254866899265	-2.53264262992486	-3.22940760495088	0.00252526521321826	0.0185925249841887
RAB19	ENSG00000146955.10	-3.38331935042118	-4.97270226958319	-3.65501494521018	0.000759137773013015	0.01116306760512
CD79A	ENSG00000105369.9	-3.38571230672864	-0.497586086969255	-3.66545743679633	0.000736532408086352	0.0110083615832026
BCL2L14	ENSG00000121380.12	-3.38856503810302	-1.21330822208751	-3.62056609944772	0.000838551834133346	0.0114914772709599
POF1B	ENSG00000124429.17	-3.39689021121654	0.858349529694226	-3.66396329462546	0.000739726585102358	0.0110132318634558
IGKV1D-12	ENSG00000278857.1	-3.40163482950537	-4.82946082919644	-3.68061044830031	0.000704880943521929	0.0108162368310693
SOWAHB	ENSG00000186212.3	-3.406933171653	-2.24289229049628	-2.84635191709595	0.0070276150319433	0.0324545526260042
LINC02894	ENSG00000261437.1	-3.40780567862584	-3.89946929461109	-3.27349666866164	0.00223619517523969	0.0174782429385567
PLEKHG6	ENSG00000008323.15	-3.40930966737697	1.04413436903732	-3.75246470382142	0.000571823598306799	0.0099999007104534
HSD17B2	ENSG00000086696.10	-3.41950262949301	-0.806504271246674	-2.6331014828681	0.0120807540665008	0.0452353913231696
PITX2	ENSG00000164093.15	-3.42178957036148	-3.05323946590513	-2.91300275540652	0.00590748605990377	0.0294934617695674
CD24	ENSG00000272398.5	-3.42577387852889	4.40978500884853	-3.33076497956328	0.00190749955477423	0.0160317390627669
IGKV1D-39	ENSG00000251546.1	-3.43047906604521	-3.96916100649764	-3.00183406638891	0.00467295487102032	0.0258063623603363
ESRP2	ENSG00000103067.13	-3.43265239459432	0.905863495717757	-3.56708873565787	0.000977896642231177	0.011988037588913
IGHV3OR16-13	ENSG00000271178.1	-3.44006498439789	-5.00491519690808	-3.42378893325787	0.00146969073530758	0.0142876456472811
IGSF9	ENSG00000085552.16	-3.44513954044557	0.598325139231237	-3.70233103553864	0.000661790390185497	0.0105956670625269
RPL7AP75	ENSG00000259674.1	-3.44924121624734	-3.98707892087056	-3.45131745070449	0.00135977131493827	0.0138184644590631
GBA3	ENSG00000249948.6	-3.46509151343631	-2.63783796468063	-3.1663539065078	0.00300094199593498	0.0202250531446364
LRRC31	ENSG00000114248.9	-3.46561461591893	-2.10312673927289	-2.77106200602753	0.00852977766128597	0.0364187960978116
BNIP5	ENSG00000189325.6	-3.47813775590265	-2.71726980860215	-3.02824947711358	0.00435546870747221	0.0247048331653553
CEACAM3	ENSG00000170956.16	-3.48507627846442	-2.43864263919291	-4.97999444718956	1.34603508471234e-05	0.00446017389682275
IGHV3-30	ENSG00000270550.1	-3.48822280229661	-1.29650719248673	-2.64157185286091	0.0118284680269477	0.0445398196517386
HNF1A-AS1	ENSG00000241388.4	-3.50121001684229	-3.53842361227444	-3.26572633429887	0.00228474471893872	0.01763751554094
IGLJ3	ENSG00000211678.2	-3.50897126575597	-3.66142471992868	-3.00672609731268	0.00461256190512743	0.0256360597337355
IGLC2	ENSG00000211677.2	-3.51634374203409	2.50176027380636	-3.16205338657174	0.00303630370674567	0.0203090656054477
C9orf152	ENSG00000188959.9	-3.51903216078093	-0.468012591325686	-3.10685912828918	0.0035266298051955	0.0219808497465244
IGLC3	ENSG00000211679.2	-3.52629939519572	1.45014306207811	-2.94394803855264	0.00544632456924063	0.0281643359194597
DDX3ILA1	ENSG00000232756.1	-3.52837639192607	-4.78375189584108	-4.16500420826423	0.000167578396798237	0.00725220610291358
SMIM22	ENSG00000267795.5	-3.54155928851638	-1.29336286868688	-3.51467703861368	0.00113591280867304	0.012663907490463
KLK1	ENSG00000167748.10	-3.5472163367254	-0.0915351623382321	-3.65427393785296	0.000760767039428897	0.01116306760512
S100A14	ENSG00000189334.8	-3.54751523749598	1.80680322120515	-3.64421006633254	0.000783231225286058	0.0112638965339378
IGHV5-10-1	ENSG00000282651.2	-3.55085258759483	-3.35190962215495	-2.86005564541092	0.00678226311992559	0.0318793221194135
HSD11B2	ENSG00000176387.6	-3.55729805417004	2.77997021737083	-3.39204171990192	0.00160701446828956	0.0148454724664537
HES2	ENSG00000069812.11	-3.56073799356403	-1.69655110771636	-3.22535484300169	0.00255354964287612	0.0186981557085767
HNF4G	ENSG00000164749.11	-3.56928232487065	-0.347825711175564	-3.57729514240914	0.00094968775123103	0.0118466518761049
IGHV1-24	ENSG00000211950.2	-3.57144181269437	-3.26467887469531	-3.06107748053016	0.0039891871834151	0.0234727173179519
C3orf85	ENSG00000241224.7	-3.57200485235912	-4.38549509745212	-3.203335414737	0.00271255715761585	0.0193421596561659
RASSF6	ENSG00000169435.13	-3.57452968697602	-0.0109243127728915	-3.88738269646305	0.000384573101074247	0.00910829556438955
CYP2B6	ENSG00000197408.8	-3.57648888117069	-3.34609826393192	-2.75105046860763	0.00897650534985414	0.0375638322868619
PLA2G4F	ENSG00000168907.13	-3.57788856453313	-0.477592450505143	-3.466672825013	0.00130192581454453	0.013584872582653
ELF3	ENSG00000163435.15	-3.58848168653524	2.83051814669623	-3.32213867369758	0.00195387978166992	0.016259534806967
ADGRG7	ENSG00000144820.7	-3.59314264450522	-3.70151620890771	-3.23328779354122	0.00249846423675409	0.0185040044537521
IGLV1-51	ENSG00000211644.3	-3.59468722493049	0.390187211937975	-3.65004094248214	0.000770139036282771	0.0111991689498299
AKR1B15	ENSG00000227471.8	-3.59753015559393	-4.22616209386381	-4.77570231801005	2.5553946651392e-05	0.0048458128707285
ITLN1	ENSG00000179914.4	-3.5979057242025	0.817055139721737	-3.24732389158106	0.00240375463047533	0.0181169018738314
IGLV5-37	ENSG00000211654.2	-3.60574235619485	-4.90367992075914	-3.88670362249158	0.000385346424716507	0.00910829556438955
ADTRP	ENSG00000111863.12	-3.60934037834744	0.464725736178414	-3.66681112588427	0.00073364998038389	0.0109796126944783
CCL24	ENSG00000106178.6	-3.61155578374264	-2.91065722161593	-3.69991667603559	0.000666451512580781	0.0106269694465222
CD177	ENSG00000204936.9	-3.61890835723298	0.162922225491526	-3.24051172522292	0.00244928591052798	0.0183053799358868
IGKV2D-24	ENSG00000241566.1	-3.61991304149054	-4.90425055914522	-3.72665939406172	0.00061654555077701	0.0102841550041686
E2F2	ENSG00000007968.6	-3.62080040499878	-0.75398860513406	-4.08747631672315	0.000211712816090748	0.0076163151131206
LINC02023	ENSG00000239205.1	-3.62086476804303	-4.92699454721252	-3.38525734557922	0.00163791120146294	0.0149799208921497
IGKJ1	ENSG00000211597.2	-3.62313021449783	0.608277802454736	-3.02376884920858	0.00440785109236208	0.0248941820621775
RNF186	ENSG00000178828.6	-3.62774716248426	-2.94114392477098	-2.83637887965555	0.0072113502818734	0.0328188953220611
FOXA2	ENSG00000125798.14	-3.62864328849481	-2.33269818565528	-3.21097771122853	0.00265633440359262	0.0191007935560017
AMN	ENSG00000166126.10	-3.62942540223417	0.169000468390603	-3.27601943968282	0.00222064497162572	0.0174091974973996
LINC02747	ENSG00000255774.1	-3.63044292060702	-4.30867129944867	-3.5226282415585	0.0011104547537715	0.0125188409713967
CLDN7	ENSG00000181885.18	-3.63790124621346	2.88674157083873	-3.48137726191361	0.00124874813829939	0.0132433582911006
TMEM82	ENSG00000162460.6	-3.64354715705502	-3.31514527462403	-3.09933586416541	0.00359899172875998	0.0222855824650298
TM4SF20	ENSG00000168955.3	-3.65165596035365	-3.39327512994185	-3.77549811143482	0.000534567693336456	0.00983374183765457
BARX2	ENSG00000043039.6	-3.65309650116892	-2.4623688875546	-3.81542960526722	0.000475473214966036	0.00946618107503684
E2F8	ENSG00000129173.12	-3.65483043466816	-1.93465305605012	-4.02709101056162	0.000253757960797558	0.00809242966105861
ENSG00000225421	ENSG00000225421.2	-3.66388366795858	-4.1404381207459	-3.40648886482184	0.00154306665096139	0.014627910386428
LRG1	ENSG00000171236.9	-3.6651384354485	1.59200670621727	-5.88091132873821	7.68706609603123e-07	0.00240630792359431
IGHJ1	ENSG00000211905.1	-3.66582675719429	-4.68160406867389	-3.66979309286745	0.000727338770541872	0.0109491867566681
SMIM32	ENSG00000271824.1	-3.67135754061863	-2.60816910151872	-3.63376379672112	0.000807224748071595	0.0113591138228644
C4BPB	ENSG00000123843.12	-3.67247449821397	-2.06780759414455	-4.0106969895298	0.000266510723201433	0.00823527771385864
TMEM45B	ENSG00000151715.7	-3.67824788960491	1.10584858835064	-3.54379390905609	0.00104532921572037	0.0122568656940424
TCL1A	ENSG00000100721.10	-3.68211824896796	-4.81668193603531	-4.57177553664323	4.82075123370239e-05	0.00607673487727505
MAL2	ENSG00000147676.13	-3.68541079715017	1.12107083322227	-3.72091469372128	0.000626951826824562	0.0103026423561108
PKP3	ENSG00000184363.9	-3.68702636339091	1.21146745259918	-3.82081642245653	0.000468002539899933	0.00946618107503684
CXCL5	ENSG00000163735.6	-3.69078428513196	-2.95297399233564	-3.10199242171312	0.0035732811109972	0.0221935733554066
IGHV4-59	ENSG00000224373.3	-3.69795704966012	-1.35734467949889	-2.62728592221951	0.0122568259441048	0.0456761319210667
IGHV1-69	ENSG00000211973.2	-3.69824850964608	-3.73266279793085	-3.02001837093787	0.00445215275007028	0.0250451131496492
COXFA4L3-AS1	ENSG00000259342.1	-3.69826623636842	-2.11905762941274	-4.28899993658877	0.000114998042393134	0.00672219379483097
KLHDC7A	ENSG00000179023.8	-3.70141860336566	-4.27935619822065	-4.62490981596105	4.08822396705219e-05	0.00594195241120788
IGHV2-26	ENSG00000211951.2	-3.70213382955462	-3.90989101828636	-3.1734425173278	0.00294350499745617	0.0200671182802983
CAPN13	ENSG00000162949.16	-3.70428507583265	-1.38838746176244	-3.66443035760988	0.000738726665258721	0.0110132318634558
IGKV1-5	ENSG00000243466.1	-3.70658525623439	0.610254565986069	-2.97415445296684	0.00502890549318816	0.0269373913083293
LGALS9C	ENSG00000171916.16	-3.71071426450227	-2.38660927126439	-3.68563096113424	0.000694686639581532	0.010793298575587
LAMP3	ENSG00000078081.7	-3.71252729936857	-2.16002357390615	-5.03453715351127	1.13346415044346e-05	0.00412429879510429
IGKJ3	ENSG00000211595.2	-3.71895179813567	-1.57786938902392	-2.81915177882497	0.00753931376480507	0.033653574759605
MIR142HG	ENSG00000265206.5	-3.72048971955293	-1.13559621859571	-7.57430736712943	3.62540640413399e-09	6.80923830824446e-05
IGKV1-8	ENSG00000240671.4	-3.72215296888435	-3.62477506116202	-3.69708975696614	0.000671949401726867	0.0106269694465222
HNF1B	ENSG00000275410.4	-3.723566598631	-1.32352144339471	-3.29163991555027	0.0021266289915163	0.0169534574357637
PLAC8	ENSG00000145287.10	-3.72514984945818	1.33098264250251	-4.01489159958829	0.000263189608435986	0.00821134090638653
TRPA1	ENSG00000104321.10	-3.72812100350482	0.0329646752709347	-4.5989433720098	4.43137184609518e-05	0.00594195241120788
ENSG00000219159	ENSG00000219159.4	-3.7405732063657	-2.73653205735056	-5.68184650035534	1.45102123295488e-06	0.00370411791440779
PLEK2	ENSG00000100558.8	-3.74219097204819	-0.37793850837387	-4.37145400637037	8.93765476201252e-05	0.00659479510745007
BICDL2	ENSG00000162069.14	-3.74521471771633	0.410529569484477	-3.41989298439735	0.00148591772921382	0.014363616464279
IYD	ENSG00000009765.14	-3.75240898497946	-1.45726077106442	-3.86744668936488	0.000407914982621024	0.0091451345006292
KDF1	ENSG00000175707.8	-3.75734498098002	-1.87158227304217	-3.5963686455194	0.00089905591179158	0.0116714722138413
FOXA1	ENSG00000129514.5	-3.76080245525495	-0.975729151522637	-3.21608903366015	0.00261935068652078	0.018914511570255
IGLJ1	ENSG00000211674.2	-3.76297120261346	-3.85289676153427	-3.40930344712063	0.00153089490075463	0.0146022640998751
BHLHA15	ENSG00000180535.3	-3.76816839553002	-4.14724163195806	-4.58752521906984	4.59109745925481e-05	0.00603006940417649
OVOL1	ENSG00000172818.9	-3.77075709442778	-1.68527832248802	-3.49952997290231	0.00118596899765001	0.0128807269850856
IGKV1D-17	ENSG00000242766.1	-3.77892260024143	-4.93787448138543	-4.13413819612421	0.000183953549628452	0.00736142096663389
IGHV1-69-2	ENSG00000281990.1	-3.78209331460121	-4.70282175171846	-3.98864110468514	0.000284655895452423	0.00835187589041493
SLC5A1	ENSG00000100170.9	-3.78426084904453	-0.579214912490871	-3.6210237928504	0.000837446080063868	0.0114914772709599
IGLV3-27	ENSG00000211658.2	-3.78487759940559	-4.16481269349674	-3.69398233580223	0.000678043334980746	0.0106480016033515
GPR39	ENSG00000183840.6	-3.78527327877769	-2.65245764221648	-4.27879431481301	0.000118631620070292	0.00675193663078855
IGLV1-36	ENSG00000211655.3	-3.78732619493249	-3.58873804537054	-3.19578894704598	0.00276918165055437	0.0194907757451757
IGKV1D-13	ENSG00000276566.1	-3.79232279426906	-4.35550532768922	-4.3211843967168	0.000104238491672464	0.00659479510745007
IGHM	ENSG00000211899.9	-3.79985370785449	2.70446251880787	-3.40320743941905	0.0015573741355946	0.0146390070686648
SULT1B1	ENSG00000173597.8	-3.80097365322483	1.94797322574478	-3.93780867600636	0.000331170284874404	0.00887669657368527
NR1H4	ENSG00000012504.13	-3.80279759549011	-1.98292938109753	-3.7935081714014	0.000507083786673622	0.00968875654252693
ST14	ENSG00000149418.10	-3.80784325693187	3.0791351811125	-3.94238670772413	0.000326695324449158	0.00882876486878285
IGLV9-49	ENSG00000223350.2	-3.81403288170746	-4.34995848621055	-4.00819939997489	0.000268507545656159	0.00825233479907057
FER1L6	ENSG00000214814.7	-3.81485076132676	-2.85801769881565	-3.25295276906968	0.0023667404748131	0.0180029281293391
LINC02441	ENSG00000256643.1	-3.82564610043958	-4.38992686529867	-3.38775807508027	0.00162645713639019	0.0149463410280138
C1orf210	ENSG00000253313.5	-3.82776383242884	-1.36116230631996	-3.37396981782261	0.0016905773763594	0.0152325576190993
IGKV3D-20	ENSG00000211625.2	-3.8297937255073	-3.7491513150085	-2.95375864806491	0.00530731518012442	0.0277279537449504
SMPDL3B	ENSG00000130768.14	-3.83589513362102	-1.69304374042958	-3.66379166776919	0.000740094343264495	0.0110132318634558
NAT2	ENSG00000156006.4	-3.83855452577779	-3.13501420091858	-3.31552443758487	0.0019901681032352	0.016372957370251
IGKV2D-28	ENSG00000242534.2	-3.84146056049995	-4.94036545531124	-3.97959533466028	0.000292440410883616	0.00836014581007013
IGKV1-39	ENSG00000242371.1	-3.84785315726889	-1.40461548000339	-3.30741134605239	0.0020355573089385	0.0165577468066188
JCHAIN	ENSG00000132465.10	-3.85108098738748	3.31296382898887	-2.74542447299462	0.00910595106285762	0.0379092206273793
REG1B	ENSG00000172023.7	-3.85172409902862	-2.19407222913702	-3.65439750780116	0.000760495109897379	0.01116306760512
IGLV2-11	ENSG00000211668.2	-3.86156726701035	-0.454351139799826	-2.75875148984525	0.00880208238544591	0.0370767007404407
TINAG	ENSG00000137251.15	-3.86170174089307	-2.90442309159883	-2.89123075447913	0.00625358013779314	0.0304602547064395
CDHR5	ENSG00000099834.18	-3.864364372632	2.12522661765841	-3.46060829134306	0.00132448415918148	0.0136433680064594
SFN	ENSG00000175793.11	-3.86556164503734	1.70846537970214	-3.97476718320008	0.000296679721890263	0.00843611294017949
MMP12	ENSG00000262406.2	-3.86714914471656	-0.996828772870662	-4.24694820443075	0.000130707515654661	0.0068394050154713
IGHV3-64D	ENSG00000282639.1	-3.86780407920815	-3.36486793781202	-3.31728375862329	0.00198045354899145	0.0163641168949957
GDA	ENSG00000119125.16	-3.87376405420199	-0.720073246001411	-3.59507947893748	0.000902394593413563	0.0116817087313703
CFTR	ENSG00000001626.14	-3.87376558599611	0.0463641818656311	-3.151336880639	0.00312614688412758	0.0206235654294641
PRR15L	ENSG00000167183.2	-3.87568200423348	0.544655448068663	-3.55681772807041	0.0010070965490825	0.0121006690866237
IGKV2-28	ENSG00000244116.3	-3.87705109443601	-1.92423883902774	-2.84013556974875	0.00714162050307346	0.0326439319271661
GUCY2C	ENSG00000070019.4	-3.87727287444025	0.108578729618415	-3.68118225768535	0.000703712623222931	0.0108162368310693
IGHV4-31	ENSG00000231475.3	-3.87790618546069	-2.9607217175995	-3.1751278161319	0.00293000360561809	0.0200462450786966
IGHJ5	ENSG00000242472.1	-3.88100937577984	-2.93193299104922	-3.26585104132691	0.00228395768368425	0.01763751554094
SHH	ENSG00000164690.7	-3.88368280062768	-2.99559690354342	-3.47876841911013	0.00125802836075815	0.0133203446674304
CEACAM1	ENSG00000079385.21	-3.88786647996595	3.14820814891158	-3.77659556040994	0.000532852500055892	0.00983374183765457
IGKV2-29	ENSG00000253998.3	-3.88913730463778	-4.46617486362774	-3.30458358308534	0.00205160795773809	0.0166306865180133
MYBL2	ENSG00000101057.15	-3.90249088471279	-1.16250389902139	-4.49173085235193	6.17436239033091e-05	0.00628345661602394
CTSE	ENSG00000196188.10	-3.90413935524724	-2.23060810349921	-3.96127789366029	0.00030884303885128	0.00858090230133837
CR2	ENSG00000117322.17	-3.90633679437218	-3.03572273839414	-3.9166163628451	0.000352673208581964	0.00909877500492644
ARL14	ENSG00000179674.3	-3.90988553005788	-1.87045394412712	-3.39344616264304	0.00160068846542265	0.0148245220698068
CHP2	ENSG00000166869.2	-3.91157664273922	0.55013901193636	-3.21518361902313	0.00262586611904227	0.0189324443177934
IGLV1-47	ENSG00000211648.2	-3.91618133768107	-0.957456157177453	-3.73418465095354	0.00060316610141951	0.0101968188270578
LGALS4	ENSG00000171747.8	-3.91945476344726	4.52368201399862	-3.19584071721492	0.00276878940377864	0.0194907757451757
IGHV3-53	ENSG00000211967.3	-3.91958215848054	-3.13078287307658	-3.08408253399628	0.0037500306050667	0.0227872722750352
BEST2	ENSG00000039987.6	-3.92077233806127	-1.18225898938961	-3.39308723950055	0.00160230288747762	0.0148321600949259
UGT1A1	ENSG00000241635.7	-3.92141909843428	-4.3131819457252	-3.33547947468629	0.00188259724057023	0.0159490037764502
ENSG00000249007	ENSG00000249007.1	-3.92298787413833	-2.61134546701304	-3.446548752959	0.00137823108944142	0.0138649899956554
TNFRSF13B	ENSG00000240505.8	-3.92365064281687	-3.7369628962224	-3.89213614282459	0.00037920192696543	0.00910829556438955
IGKV1-6	ENSG00000239855.1	-3.92594409805225	-2.72389401116415	-2.83132064126799	0.00730624158142689	0.0330346243096677
IGKV3-20	ENSG00000239951.1	-3.9280965750408	1.2960872324512	-3.31590001932927	0.00198809042425162	0.016372957370251
IGKV2D-30	ENSG00000239571.1	-3.93901256377449	-5.05519389331881	-4.39896397756198	8.21447975847828e-05	0.00659479510745007
IGLV1-44	ENSG00000211651.3	-3.94215113275685	-0.862990953716664	-3.31799700967704	0.0019765280367064	0.0163503870048106
CDH1	ENSG00000039068.18	-3.94534789869965	2.26987664205226	-3.7501699468784	0.000575669941504133	0.0100067510827995
IGKV1-27	ENSG00000244575.3	-3.94762844112035	-2.54399824410674	-2.96890180018626	0.00509926501898343	0.0271195322180694
TMPRSS4	ENSG00000137648.17	-3.95314848190905	0.549042361326851	-3.20467181739574	0.00270264473960902	0.0193154769784386
IGHJ6	ENSG00000211900.2	-3.9563377715422	-2.3581153707339	-3.39423339476898	0.00159715297012554	0.0148063805947176
ENTPD8	ENSG00000188833.9	-3.96782450231006	-0.769009882804124	-3.75846902803853	0.000561876687871865	0.0099999007104534
FCRL1	ENSG00000163534.14	-3.97016005186784	-2.60070568471329	-4.29798897938107	0.000111888035342084	0.00665025658162984
IGKV2D-29	ENSG00000243264.2	-3.97132568477196	-3.16693342018654	-3.31632456405964	0.00198574437646532	0.016372957370251
IGHJ4	ENSG00000240041.1	-3.97246130971485	-1.39446226568249	-3.2204760816483	0.00258799792481157	0.0187965108367405
IGHV3-43	ENSG00000232216.1	-3.97658746665032	-3.04442132198102	-3.31187891212691	0.00201044259024325	0.0164557608064232
IGKV3D-7	ENSG00000228325.5	-3.97755748305968	-4.69923054431593	-3.93031767885754	0.000338621378007894	0.00898303209285913
RRM2	ENSG00000171848.13	-3.98045676227955	-0.234787870078219	-4.95337083838499	1.46368854198359e-05	0.00450672101566161
CDX1	ENSG00000113722.16	-3.98054932571247	0.850581960200458	-3.41526324738214	0.00150542395149974	0.0144701838269666
ESRP1	ENSG00000104413.15	-3.98187333998173	0.563204372348361	-3.63560864871517	0.000802936519409496	0.0113591138228644
IGLV4-69	ENSG00000211637.2	-3.9934392942264	-2.15850405680345	-2.79323483756409	0.00805896264939982	0.0352499852075052
IGKV1-12	ENSG00000243290.3	-3.99468177013092	-2.33068115852899	-3.33829036782565	0.00186789777909883	0.0159033799125268
IGHV3-74	ENSG00000224650.2	-3.99486906986923	-1.70331255920097	-2.99984042057247	0.00469777937778528	0.0258977670306907
LAD1	ENSG00000159166.13	-4.00009578192253	1.07159318881651	-3.73710226530491	0.000598054608036489	0.0101377812708857
FUT3	ENSG00000171124.12	-4.00453474470425	0.654642364023044	-3.37388599314276	0.00169097447746896	0.0152325576190993
ISX	ENSG00000175329.12	-4.00993210255238	-0.736576099497147	-2.9724798684373	0.00505123704070486	0.0269983876205232
AP1M2	ENSG00000129354.11	-4.01202878783631	-0.530722727946569	-3.26669186743331	0.00227865789607602	0.0176194862622608
MS4A12	ENSG00000071203.9	-4.01385768216327	-0.472172378215703	-2.9022278786628	0.00607646299725527	0.0299391731412509
PLS1	ENSG00000120756.12	-4.01470302354632	1.66310883290191	-3.78872495027659	0.0005142467479687	0.00973225276009709
IGKV1-9	ENSG00000241755.1	-4.01577057066232	-1.68225649089222	-3.18137502057726	0.00288046583207743	0.0198948835933934
SLC17A4	ENSG00000146039.10	-4.02285241245727	-2.09678378149646	-2.91745001559055	0.00583903263942563	0.0292684694690052
IL1B	ENSG00000125538.11	-4.02450916546087	-0.434909164400223	-6.08401323421663	4.01943067651837e-07	0.00150985893932736
SMIM33	ENSG00000283288.1	-4.02731925437719	-4.22446643312395	-4.33724654612034	9.92441412423515e-05	0.00659479510745007
IGKJ2	ENSG00000211596.3	-4.02756706801057	0.180725502869892	-3.18488308940241	0.00285299746908849	0.0198116677855158
IGHV3-20	ENSG00000211946.3	-4.02885704887492	-3.09987247043502	-3.38533793634021	0.00163754087336182	0.0149799208921497
LYPD8	ENSG00000259823.5	-4.03205161024876	-0.484032728751476	-3.20838544615803	0.0026752800266273	0.0191709688897802
BTNL8	ENSG00000113303.11	-4.03255583741043	-1.47006752112441	-3.58902172707419	0.000918243364493505	0.011716336190161
IGLC1	ENSG00000211675.2	-4.0333116504755	2.1363153064477	-3.2673615232385	0.00227444537861915	0.0175941651981981
IGHV3-13	ENSG00000211942.3	-4.03487965728233	-3.73632695918132	-3.59801189302808	0.000894817463818562	0.0116562366571574
LCN2	ENSG00000148346.11	-4.04160152631731	-0.215921386515248	-3.40463897104644	0.00155111692165475	0.0146390070686648
SLC9A2	ENSG00000115616.2	-4.04468042028149	-0.353287726333698	-3.53135558155068	0.00108314248286319	0.0123970640543184
IGLV7-43	ENSG00000211652.2	-4.04482122942357	-3.13999167537704	-2.91829528863598	0.00582610624933264	0.0292498642418651
IHH	ENSG00000163501.6	-4.04571622845591	-0.564134774649105	-3.78621267101603	0.000518048058751836	0.00975980817364914
CDHR2	ENSG00000074276.10	-4.04611339331823	0.120041691500939	-3.79755062995302	0.000501105515714336	0.009643200610806
IGHV3-21	ENSG00000211947.2	-4.04618254274063	-1.16507369629932	-3.01602450736772	0.00449978986767532	0.025205801758031
IGHV4-55	ENSG00000254395.1	-4.05464092430984	-4.05827422037	-4.01066926982391	0.000266532805583434	0.00823527771385864
DHRS9	ENSG00000073737.16	-4.05806995491355	0.65673585319618	-3.65019721760633	0.000769791067686038	0.0111991689498299
SALL1	ENSG00000103449.11	-4.06955353035353	-1.88139997872097	-4.17251192527868	0.000163815861641507	0.00719044783175699
IGHV3-33	ENSG00000211955.2	-4.07103686980383	-1.99414356083116	-2.80325725015897	0.00785417794124736	0.0346203168487463
MUC12	ENSG00000205277.9	-4.07664293925102	2.27992393359017	-3.65259269694713	0.000764476125926985	0.0111800294019765
CLDN4	ENSG00000189143.9	-4.08828811787014	2.72645486377258	-3.80336098777703	0.000492632120949036	0.0095995858691515
IGKJ5	ENSG00000211593.2	-4.09123467216421	-1.41517627855887	-3.10275975542274	0.00356588708363025	0.0221623068182473
PYY	ENSG00000131096.10	-4.09305570071154	-1.38106353187119	-3.61272043457859	0.000857726465569661	0.0115619240060832
SPINK4	ENSG00000122711.8	-4.09415332821877	-3.03981259677484	-3.09400774931209	0.00365108574294361	0.0224467078310857
SMIM31	ENSG00000248771.5	-4.0964109155825	-2.21226052645535	-3.83246545880284	0.000452233942893099	0.00934417812477249
FCRL2	ENSG00000132704.15	-4.09689486880786	-2.72234899194641	-3.84718378310047	0.000433045520196352	0.00920171769497826
TJP3	ENSG00000105289.14	-4.09819623369908	0.802850242550427	-3.63630044448459	0.000801334154709883	0.0113591138228644
CYP2C18	ENSG00000108242.12	-4.10051983698141	-3.22425074060477	-3.42622174178077	0.00145964401387633	0.0142267949499871
IGHV3-72	ENSG00000225698.3	-4.10336266511362	-2.8621768561492	-2.64828498477569	0.0116319775372968	0.0441000811678458
LRRC19	ENSG00000184434.7	-4.10899289718205	-0.612139431288326	-3.68303589083019	0.000699938114421521	0.010793298575587
ENSG00000278912	ENSG00000278912.1	-4.11175012922351	-4.40790016243316	-4.01082027978009	0.000266412527915123	0.00823527771385864
PAX5	ENSG00000196092.12	-4.11315888143707	-3.67015111264542	-3.91342223738797	0.00035602955099018	0.00910829556438955
PHGR1	ENSG00000233041.8	-4.11510532033295	2.35787547802648	-3.15461842194986	0.00309837169368549	0.0205413403285566
CAPN8	ENSG00000203697.11	-4.11824836690556	-0.380127345843062	-3.86524017823681	0.000410581386233256	0.00914773380336064
C11orf86	ENSG00000173237.4	-4.12141628404114	-3.32515519436176	-3.3362161831896	0.0018787340160734	0.0159439156796043
LRRC26	ENSG00000184709.7	-4.12944983842462	-2.55811138881001	-4.10174153896481	0.000202819161029459	0.00755823310010974
ANKS4B	ENSG00000175311.6	-4.13085726195697	-1.15912046218862	-3.41386836050961	0.00151134881624196	0.0144842338570641
EHF	ENSG00000135373.12	-4.13452670638109	0.455580415809523	-3.60347022274901	0.000880876331772769	0.0116009770229244
AGR3	ENSG00000173467.8	-4.13503627740868	-1.30779530051799	-3.22789986270969	0.00253575288281971	0.0186462323035517
SACK1B	ENSG00000168143.8	-4.13598209461271	-2.03277210967728	-4.22948750465174	0.000137830714470878	0.00690240697875393
TNIP3	ENSG00000050730.15	-4.14579049668232	-2.892942833695	-5.24985774794059	5.73641545873465e-06	0.00387285243006597
IGHV3-48	ENSG00000211964.3	-4.15405423324261	-1.54939469470845	-3.00032112137195	0.00469178246208033	0.0258723012926579
ANKRD40CL	ENSG00000167117.8	-4.16170032996079	-2.91633756402405	-3.23010123213537	0.00252045427765858	0.0185703519334456
ILDR1	ENSG00000145103.12	-4.16362561890645	-3.03251942851791	-3.42808160217845	0.00145200775087104	0.0141934419668553
URAD	ENSG00000183463.5	-4.16513741487066	-2.3749274623224	-3.19737406744094	0.00275719554657053	0.0194682882540179
IGHV2-70D	ENSG00000211974.3	-4.17551383479593	-4.60716286760475	-3.60862930170702	0.000867891887338803	0.0115752590647061
SATB2-AS1	ENSG00000225953.2	-4.17668076920757	-0.73703447709054	-3.49381390125858	0.00120540335247829	0.0129815858751418
IGHV3-15	ENSG00000211943.2	-4.18639923282035	-1.18558735688277	-3.40828412800924	0.00153529233410603	0.0146226473728091
GUCA2A	ENSG00000197273.3	-4.18656576732437	-0.756832779582948	-2.94791735749107	0.00538967587609459	0.0279816913859546
TMEM171	ENSG00000157111.12	-4.19119144333237	-1.96213126168676	-3.08033703075478	0.00378802332081417	0.0228620353507493
ENSG00000261116	ENSG00000261116.1	-4.19497141524893	-2.77308055437476	-3.48733081767589	0.0012278152395175	0.0131251143020021
AKR1B10	ENSG00000198074.9	-4.20133063992445	0.189743078123008	-3.41692436619836	0.00149839723574246	0.0144396597648614
COXFA4L3	ENSG00000166920.12	-4.20267095431766	0.742930857224375	-3.71965176406054	0.000629262215699529	0.010313091566552
COL17A1	ENSG00000065618.18	-4.20491655923155	1.16170280171983	-4.10190221486879	0.000202721092725877	0.00755823310010974
GPX2	ENSG00000176153.11	-4.20920942507893	1.44056705956939	-3.56591601471517	0.000981188997409555	0.011988037588913
IGLV4-60	ENSG00000211639.2	-4.21184151300781	-4.21764140323353	-3.50740156598257	0.00115969744062571	0.0127755329501164
SLC6A19	ENSG00000174358.15	-4.21611027427213	-3.13490342223766	-3.4184232757121	0.00149208362407557	0.0144009838784108
PDZK1IP1	ENSG00000162366.7	-4.21954620153638	-0.32857605624943	-4.44978885812037	7.02633148864063e-05	0.00628345661602394
LINC00543	ENSG00000260704.1	-4.22225468077925	-3.66982045803803	-4.08027363099262	0.000216346669519494	0.00767114616927914
IGLC7	ENSG00000211685.3	-4.22387400816957	-3.49616984290498	-3.58370212943558	0.000932381497954325	0.0117846495925829
CDH17	ENSG00000079112.9	-4.23413579444646	2.4436624580158	-3.67317783207092	0.000720238563928963	0.0109180958092928
IGHV4-28	ENSG00000211952.3	-4.24744385961006	-3.78486001638717	-4.09066961651025	0.000209689499872513	0.00761380349526909
LIPH	ENSG00000163898.9	-4.24999008439351	-0.326776929875163	-3.86073440136256	0.000416078882064641	0.00916087672715645
GCG	ENSG00000115263.14	-4.25076579538668	-2.77393148399345	-3.78229567140739	0.000524029150244662	0.00979787306391797
TSPAN8	ENSG00000127324.8	-4.25124963108964	3.27999138178585	-3.77799131965332	0.0005306787713266	0.00981587524995508
IGKV2-30	ENSG00000243238.1	-4.2561304707065	-2.22881070592777	-3.04536606814569	0.00416070869948525	0.0240007465582715
NXPE4	ENSG00000137634.9	-4.25829257355838	0.235309928158207	-3.46072210689769	0.00132405736985713	0.0136433680064594
ABCC13	ENSG00000243064.8	-4.25884565114113	-3.50348274858915	-3.90925521691006	0.000360454851831896	0.00910829556438955
CBLC	ENSG00000142273.10	-4.26118571667425	-1.07427177726523	-3.60559547292241	0.000875504978085634	0.0115882554604682
IGKV6-21	ENSG00000211611.2	-4.26176671239563	-4.04550561055219	-3.42812756196836	0.00145181953293188	0.0141934419668553
UGT2B7	ENSG00000171234.13	-4.26356022050852	-4.48595012183559	-4.63328055350771	3.98328706218746e-05	0.00594195241120788
IGKJ4	ENSG00000211594.2	-4.26764975199164	-0.462041204554071	-3.21900853242439	0.00259844613015164	0.0188480467484235
HMGCS2	ENSG00000134240.11	-4.26887067947026	1.73953027688934	-3.29185126847201	0.00212538328078681	0.0169507213502072
IGKV1D-16	ENSG00000241244.1	-4.27301929412979	-4.46976522991299	-3.89403053183516	0.000377081705309027	0.00910829556438955
IGLV3-10	ENSG00000211669.2	-4.29891964138961	-2.21910146176748	-3.24052291736213	0.00244921043647386	0.0183053799358868
IGHV2-70	ENSG00000274576.2	-4.30291397114315	-4.23895458567515	-3.96807490895807	0.00030265476775246	0.00849414557930803
IGKV3-15	ENSG00000244437.1	-4.30811937653062	-0.653099276700453	-3.69214890444344	0.00068166384622962	0.0106763574805676
IGLV3-1	ENSG00000211673.2	-4.31392305155261	-0.725409250826172	-3.13479572078463	0.00326977788568917	0.0210390435933587
MUC4	ENSG00000145113.21	-4.31435359755069	2.80473861938613	-4.28124982051372	0.000117747233912722	0.00672219379483097
HEPACAM2	ENSG00000188175.9	-4.31816015232805	-0.881985849990086	-3.85614286251275	0.000421754421457578	0.00917730386727577
CCL15	ENSG00000275718.1	-4.32611021569708	-2.06558660484572	-3.81876001526331	0.000470840940214827	0.00946618107503684
CASP5	ENSG00000137757.10	-4.32900971914284	-1.63559724616122	-4.500565526044	6.00829724537706e-05	0.00628345661602394
IGLV8-61	ENSG00000211638.2	-4.33664387270621	-2.83991001178847	-3.27099456758609	0.00225172028436052	0.0174986166312672
CLDN8	ENSG00000156284.5	-4.33831335786299	-3.1355979561724	-3.55569408465727	0.00101034140190781	0.0121006690866237
TMEM238L	ENSG00000263429.3	-4.33859031359144	-1.03560226961663	-3.68733001501283	0.000691268993456352	0.0107835666404462
F2RL1	ENSG00000164251.4	-4.34413110779336	0.35923811211259	-3.87075458584337	0.000403949072765535	0.00913019845808645
ATOH1	ENSG00000172238.4	-4.34516843058697	-1.18761933941495	-3.81816319155485	0.000471667836229321	0.00946618107503684
IGLV6-57	ENSG00000211640.4	-4.345383270541	-2.30481777869806	-3.28285164699392	0.00217904676870425	0.017212822996298
A1CF	ENSG00000148584.14	-4.34577132591018	-1.34369181127858	-3.62211012809725	0.000834827192570094	0.0114914772709599
B4GALNT2	ENSG00000167080.8	-4.35287958496333	-2.09531600518245	-2.87838726468432	0.00646654181471109	0.0309359623952888
TMC5	ENSG00000103534.16	-4.3685842109436	0.175082352071385	-4.24315343763734	0.000132224319656731	0.0068394050154713
LGALS9B	ENSG00000170298.15	-4.37045222503775	-2.88576875800826	-4.20471941845482	0.000148590086698071	0.00712410585546397
VIL1	ENSG00000127831.10	-4.3742423064333	0.99428855922824	-3.56780828982722	0.000975881791281166	0.0119875812974773
PPP1R14D	ENSG00000166143.9	-4.37603131314996	-1.54170265632064	-3.65215990994393	0.000765433741308873	0.0111800294019765
FABP1	ENSG00000163586.9	-4.39023140574874	2.96804787143454	-3.39725545718736	0.00158364995931713	0.0147394021486097
FCGBP	ENSG00000275395.4	-4.39616961158673	4.99590928668231	-3.78685694284248	0.000517070631225727	0.00975980817364914
HNF4A	ENSG00000101076.16	-4.39795548796806	0.842839218436576	-3.66535864890761	0.000736743185501314	0.0110083615832026
MEP1A	ENSG00000112818.9	-4.39825339387068	-1.08500916869691	-3.06467311943441	0.00395088217287917	0.0233488633176029
MUC17	ENSG00000169876.13	-4.39909036190444	-2.19918589689631	-3.61560872206834	0.000850618953897328	0.011537209492917
B3GNT3	ENSG00000179913.10	-4.41284400219491	-0.287023874009189	-3.95737522710868	0.000312451588252345	0.00862339213706812
EPS8L3	ENSG00000198758.10	-4.41741074214872	1.19929203637395	-3.58675407233022	0.00092424480512557	0.0117447901320236
UGT1A8	ENSG00000242366.3	-4.42945615443294	-4.2714376641135	-3.70846656766565	0.000650086425847022	0.0104896247854457
IGLV2-8	ENSG00000278196.3	-4.42956296620634	-0.242018740555636	-3.62235753699684	0.000834231854286186	0.0114914772709599
IGLV1-40	ENSG00000211653.2	-4.43137426227279	-0.277228401584593	-3.59360209649268	0.000906235389001834	0.0116942742126359
CA7	ENSG00000168748.13	-4.43369768496806	-0.584008451317485	-4.06978306820996	0.000223273109984012	0.00780915372759724
CCL22	ENSG00000102962.4	-4.43784617727161	-2.94166746207843	-7.12000488686052	1.50051939995889e-08	0.00014091377685014
IGKV1-17	ENSG00000240382.3	-4.44170244688326	-2.25536741136541	-3.34899609909642	0.00181290901487833	0.0156408163148575
BTNL3	ENSG00000168903.8	-4.44496635819236	-1.11292873300298	-3.78818588379709	0.000515060123710814	0.00973225276009709
TUBAL3	ENSG00000178462.11	-4.46138283379312	-2.41068638517465	-3.89424575904455	0.000376841549654713	0.00910829556438955
IGLV2-14	ENSG00000211666.2	-4.46693581494066	0.274607486117059	-3.42224881543404	0.00147608510006027	0.0143209900304773
ERN2	ENSG00000134398.14	-4.47062704835984	0.362721279883865	-3.78974628275282	0.000512709108071549	0.00973225276009709
FFAR4	ENSG00000186188.10	-4.47075083028887	-1.61458952369947	-4.28123895828147	0.000117751131854935	0.00672219379483097
LINC00261	ENSG00000259974.2	-4.47623420318935	-1.02662333721405	-4.47763079939424	6.44879038187969e-05	0.00628345661602394
ANKRD22	ENSG00000152766.5	-4.47643934818459	-1.66140095059207	-4.3308600191547	0.000101201233212713	0.00659479510745007
IGLV5-45	ENSG00000211650.2	-4.47947579663552	-3.74409472250993	-3.35748990782059	0.00177038413542413	0.0154822439925432
TSPAN1	ENSG00000117472.9	-4.48066859400512	2.65878245198477	-3.99029457261204	0.00028325492775934	0.00835049797068905
HHLA2	ENSG00000114455.13	-4.49737143802521	-0.86430436787995	-3.43990075433159	0.00140436662713331	0.014012383101634
ADAMDEC1	ENSG00000134028.14	-4.51899995555299	1.01309121615466	-3.17968191159165	0.00289381249008722	0.0199163012784237
IGKV1-16	ENSG00000240864.3	-4.52315733887159	-2.12935368580878	-3.61984625682038	0.00084029376729024	0.0114948270482486
FGFBP1	ENSG00000137440.4	-4.53248190402154	-1.02017325381026	-4.19142220767787	0.000154700809085013	0.00712410585546397
GJB1	ENSG00000169562.9	-4.53345308624877	-1.68530658102121	-3.51247719467889	0.00114305460237161	0.0126884465376735
ENSG00000272141	ENSG00000272141.1	-4.53715386543384	-1.05482770355493	-4.1733921789899	0.000163380159204863	0.00719044783175699
NXPE1	ENSG00000095110.7	-4.53923407463203	0.411290423856058	-3.84459613373779	0.000436360902586249	0.00922000938716562
IGKV3-11	ENSG00000241351.3	-4.54525233332937	-0.372099974795022	-3.63487737824466	0.000804633673625348	0.0113591138228644
CDX2	ENSG00000165556.9	-4.5458454622694	0.595844289452725	-3.61801360417297	0.000844744313135228	0.0115221406603528
SLC44A4	ENSG00000204385.10	-4.54864086259061	1.96962446462247	-3.91192530006875	0.000357613165994077	0.00910829556438955
MIR194-2HG	ENSG00000229719.5	-4.55237497611072	-0.825256961190938	-3.78280226851406	0.00052325185220462	0.00979787306391797
GGT6	ENSG00000167741.10	-4.55504719595161	-0.169073414989975	-3.74995279820195	0.000576035206749741	0.0100067510827995
CCL20	ENSG00000115009.11	-4.56074298813273	-1.90693438234401	-4.02649903086777	0.000254207938453018	0.00809242966105861
IGLV3-19	ENSG00000211663.2	-4.57916776358956	-1.19597136327581	-3.84737964579465	0.000432795570857642	0.00920171769497826
MUC5B	ENSG00000117983.17	-4.58351817766697	1.70879361011155	-3.83254821303822	0.00045212378646255	0.00934417812477249
IGLV3-9	ENSG00000211670.2	-4.58670875298058	-3.21794245993354	-3.43066324572154	0.00144147132049274	0.0141934419668553
MMP1	ENSG00000196611.4	-4.59168828674647	-2.41453299719955	-3.7077144167384	0.00065151038468463	0.0104945695069869
ZG16	ENSG00000174992.7	-4.59653343799761	1.81664510791646	-3.90769524115082	0.000362125218487317	0.00910829556438955
IGHV3-73	ENSG00000211976.2	-4.60463803439027	-3.44157236162142	-3.40940409298434	0.00153046135959693	0.0146022640998751
DDC	ENSG00000132437.17	-4.60793931875906	-1.48686839351239	-3.68379666219207	0.000698394634846378	0.010793298575587
TMPRSS2	ENSG00000184012.11	-4.62010820617131	1.77848633870151	-3.769214739673	0.000544491233529591	0.00990952940712479
KRT19	ENSG00000171345.13	-4.6319632267572	2.89776104156647	-3.87569568571431	0.000398094651492676	0.00910829556438955
SPINK1	ENSG00000164266.10	-4.64059154412814	0.0180357216227052	-4.4916603014767	6.17570652348064e-05	0.00628345661602394
EPCAM	ENSG00000119888.10	-4.64409971907688	2.60028554740264	-3.87213089961742	0.000402310020195246	0.00912582946776222
IGKV4-1	ENSG00000211598.2	-4.64808234055696	-0.057180972820901	-3.47261274332349	0.00128018824000885	0.0134590306158524
SACK1E	ENSG00000105523.3	-4.65185425686057	-0.0629854937273863	-4.22151201547951	0.000141209364669491	0.00699787410876619
AOC1	ENSG00000002726.20	-4.65221479887597	0.358382531521644	-3.59876632586772	0.000892877993988191	0.0116497433486764
IGHV3-64	ENSG00000223648.4	-4.65276166740776	-4.45601194409724	-4.35476257996425	9.40649260677217e-05	0.00659479510745007
TRIM31	ENSG00000204616.10	-4.65412871508317	-1.25865433281902	-3.66904529336604	0.000728916519729171	0.0109491867566681
IGHV3-49	ENSG00000211965.4	-4.66314832694816	-2.91924680529864	-3.31516438146624	0.00199216183897709	0.016372957370251
MOGAT2	ENSG00000166391.14	-4.66816464094273	-0.717905902364291	-3.88269653038245	0.000389940481675426	0.00910829556438955
PRSS8	ENSG00000052344.15	-4.67202848858666	0.665625854129753	-4.09691696628972	0.000205785480628712	0.00759871129739897
IGHJ3	ENSG00000242887.1	-4.68013550903839	-3.05350634145316	-4.15310578027895	0.000173714872820856	0.0073357367832588
IGHV3-11	ENSG00000211941.3	-4.68087077324288	-2.25838107836335	-3.53174249317614	0.00108194669847568	0.0123970640543184
IGLV2-23	ENSG00000211660.3	-4.68795808270934	-0.795838205371751	-3.51398744865484	0.00113814694089562	0.012663907490463
IGLC6	ENSG00000222037.5	-4.69284950302908	-2.53144897209206	-3.37122649789746	0.00170361961187556	0.0152586473773232
CLRN3	ENSG00000180745.4	-4.69312247544618	-1.64260504684096	-3.60680341311372	0.000872466100783064	0.0115779431520743
MISP	ENSG00000099812.8	-4.70735331484979	1.03438388903125	-3.69838238179336	0.000669430049176723	0.0106269694465222
IGHV3-23	ENSG00000211949.3	-4.71037273958361	-0.095282331571995	-3.7470834440074	0.000580882832329952	0.0100253202578296
IGLV2-18	ENSG00000211664.2	-4.72286673260723	-3.61186411897508	-3.08696672721966	0.00372102007292811	0.0226836088963764
TRIM15	ENSG00000204610.12	-4.73025418931475	-1.07820008345477	-3.76992520333559	0.000543360300764806	0.00990952940712479
MOGAT3	ENSG00000106384.10	-4.74222413699421	-1.79653241380703	-3.97198065226878	0.000299153544287514	0.00847466345219922
IGLV3-21	ENSG00000211662.2	-4.74597497893499	-0.989776748517974	-3.74673419536993	0.000581475555270825	0.0100253202578296
IGHV4-4	ENSG00000276775.1	-4.74993784697409	-2.85095884963921	-3.44046031112208	0.00140214865621315	0.014012383101634
IGKV5-2	ENSG00000211599.2	-4.75963032683958	-4.85911865041566	-4.82908156300096	2.16228246863821e-05	0.00476264593404656
IGKV2-24	ENSG00000241294.1	-4.79084005127223	-2.95635879087827	-3.43882654215194	0.00140863400717216	0.0140429744812672
IGHV1-18	ENSG00000211945.2	-4.79106014672895	-1.40476562010685	-3.76842968427997	0.000545743551286387	0.00991310965208986
IGHV6-1	ENSG00000211933.2	-4.80964562697175	-3.28254456930054	-3.33575571913894	0.00188114775561725	0.0159439156796043
IGHV1-3	ENSG00000211935.3	-4.83802604771624	-1.96481286272667	-3.82345121881624	0.000464390020876437	0.00945139485446645
IGHV4-61	ENSG00000211970.3	-4.85654160155242	-3.64802018684732	-3.69511267462323	0.000675820490606009	0.0106332955132125
CEACAM6	ENSG00000086548.8	-4.87456365747843	0.886447860390393	-3.63862754016932	0.00079596662915423	0.0113480418589152
SLC27A2	ENSG00000140284.10	-4.88207866008203	-1.70038728868424	-4.2858224773808	0.000116117493693379	0.00672219379483097
UGT2A3	ENSG00000135220.10	-4.88252613567735	-1.74072259238306	-3.19760283099304	0.00275546978911358	0.019467897174883
LINC00668	ENSG00000265933.5	-4.88304373888361	-2.60326664726664	-3.87538652923722	0.000398458526449262	0.00910829556438955
IGHV4-39	ENSG00000211959.2	-4.90693824175812	-1.38196401998435	-3.53367316756632	0.00107599870428886	0.0123835711048346
FAM3D	ENSG00000198643.6	-4.91024457802579	0.318585887982432	-4.18760975240733	0.000156497663208197	0.00712410585546397
EFNA2	ENSG00000099617.3	-4.92459797663244	-3.02841899875968	-4.43515701311468	7.34991131880403e-05	0.00628345661602394
IGHV3-7	ENSG00000211938.2	-4.97157011980976	-1.16678628538456	-3.86695744007435	0.00040850475084781	0.0091451345006292
FUT6	ENSG00000156413.13	-5.02325013952726	-1.92106080557808	-4.11863967707645	0.000192754813568411	0.00747663360392473
IGHV1-2	ENSG00000211934.3	-5.03560776395556	-1.56148256107403	-3.44344896284601	0.00139035892565519	0.0139273180488831
OLFM4	ENSG00000102837.6	-5.05309454314491	1.91711313869186	-4.16594620801794	0.000167101717443501	0.00724933580380179
IGLV7-46	ENSG00000211649.3	-5.05699827978949	-2.77372895963474	-3.8892548282446	0.000382448924027599	0.00910829556438955
IGHV1-69D	ENSG00000280411.1	-5.10755813944486	-2.78225378466561	-4.14270797395488	0.000179256652754534	0.0073516534453861
SLC26A3	ENSG00000091138.12	-5.13531351933715	2.56657803732134	-4.07957719958785	0.000216799926328108	0.00767114616927914
AGR2	ENSG00000106541.11	-5.13917665625848	1.63506911875028	-4.19805735800353	0.00015162154563982	0.00712410585546397
CLDN3	ENSG00000165215.6	-5.15303297649897	0.761997454694014	-3.99906636890055	0.000275934124840024	0.00829077355757936
IGLV3-25	ENSG00000211659.2	-5.15367507134001	-1.96151082856638	-3.67125516944198	0.000724263510846385	0.01094377897081
GCNT3	ENSG00000140297.12	-5.16028593108643	-0.0430198958421308	-3.74223404490031	0.000589165426925673	0.0100879331403887
IGHV5-51	ENSG00000211966.2	-5.17820940165113	-1.50213109570457	-3.76346194318336	0.000553732911786519	0.00997143964446252
IGHV2-5	ENSG00000211937.3	-5.19084567706303	-1.85154821926487	-3.88764429547559	0.000384275596335808	0.00910829556438955
IGLV10-54	ENSG00000211642.3	-5.21016835047265	-3.75713770540541	-3.55244485805698	0.00101978114768671	0.012130164354561
GPR15LG	ENSG00000188373.4	-5.23857960829705	-0.0716964330468219	-3.83831307069192	0.000444513689333437	0.00928682548727543
ATP10B	ENSG00000118322.12	-5.24947899853522	0.694445418845351	-4.49605829993588	6.09246338262597e-05	0.00628345661602394
SI	ENSG00000090402.7	-5.3077526453217	-2.5601794549237	-4.1532706286871	0.000173628373815672	0.0073357367832588
IGHA2	ENSG00000211890.3	-5.31109955017275	3.74364865871813	-3.20277631817283	0.00271671433722997	0.0193602157828115
IGHV4-34	ENSG00000211956.2	-5.31745835883413	-2.0555776844802	-4.60995516368311	4.2825182497348e-05	0.00594195241120788
CLCA4	ENSG00000016602.9	-5.38895858627655	0.788733886863209	-3.70151095504199	0.000663370083108965	0.0106037590646405
IGHV1-46	ENSG00000211962.2	-5.39217402790881	-1.99231959282336	-4.47043663908537	6.59339192099035e-05	0.00628345661602394
GPA33	ENSG00000143167.11	-5.39705250610009	0.846491267869037	-3.96602953145685	0.000304504167637817	0.00851071023299624
KRT20	ENSG00000171431.3	-5.40358941693486	1.60443433361688	-4.0158272769233	0.00026245429263172	0.00820202416673703
UGT1A10	ENSG00000242515.5	-5.48095178902029	-3.52283811492993	-3.80431124012747	0.000491259608107475	0.0095995858691515
TRIM40	ENSG00000204614.8	-5.49857283922102	-3.68445388416175	-3.95513632704705	0.00031454022349316	0.00862339213706812
REG4	ENSG00000134193.14	-5.51180618883324	-2.44961333886786	-4.14384413093769	0.000178642808212928	0.0073516534453861
XDH	ENSG00000158125.9	-5.58178368874949	-1.72962295117397	-3.69693622134464	0.000672249253285537	0.0106269694465222
PI3	ENSG00000124102.4	-5.5869982217598	-1.53273345719166	-4.07244067896826	0.000221498239307374	0.00777603725359084
B3GNT6	ENSG00000198488.10	-5.76856877251699	-2.57641578581244	-4.41299663734169	7.86802838183119e-05	0.00653881898528998
MUC13	ENSG00000173702.7	-5.83013728753025	1.68001771665258	-4.5469834229876	5.20535380814973e-05	0.00622719460029734
CEACAM7	ENSG00000007306.14	-5.9090191835874	0.799846120342515	-3.34993241612736	0.00180817389476722	0.0156214913024462
PIGR	ENSG00000162896.5	-6.02073889530273	3.98045544355526	-4.09262902555872	0.000208457340006619	0.00760502482164142
MUC2	ENSG00000198788.8	-6.05198724249926	3.16645740060369	-5.124427642879	8.53350590595487e-06	0.00407790271566884
CEACAM5	ENSG00000105388.15	-6.2412773355566	2.36581640151516	-4.51684823693357	5.71365561932342e-05	0.00628345661602394
DMBT1	ENSG00000187908.16	-6.40495002704498	0.181946156213393	-4.37271225209675	8.90325622431496e-05	0.00659479510745007
CLCA1	ENSG00000016490.15	-6.44144165876132	1.31348358203626	-5.02615760388879	1.16381554754833e-05	0.00412429879510429
