task_id	model_id	partition_id	enabled	dig_identifier	output_relative_path
gtex_ab1_adipose_tissue	AB1	adipose_tissue	true	gtex_age_binned	genesets/adipose_tissue/models/AB1/extractor/genesets.gmt
gtex_ab2_adipose_tissue	AB2	adipose_tissue	true	gtex_age_binned	genesets/adipose_tissue/models/AB2/extractor/genesets.gmt
gtex_ab3_adipose_tissue	AB3	adipose_tissue	true	gtex_age_binned	genesets/adipose_tissue/models/AB3/extractor/genesets.gmt
gtex_ab4_adipose_tissue	AB4	adipose_tissue	true	gtex_age_binned	genesets/adipose_tissue/models/AB4/extractor/genesets.gmt
gtex_ab5_adipose_tissue	AB5	adipose_tissue	true	gtex_age_binned	genesets/adipose_tissue/models/AB5/extractor/genesets.gmt
gtex_ab6_adipose_tissue	AB6	adipose_tissue	true	gtex_age_binned	genesets/adipose_tissue/models/AB6/extractor/genesets.gmt
gtex_ab7_adipose_tissue	AB7	adipose_tissue	true	gtex_age_binned	genesets/adipose_tissue/models/AB7/extractor/genesets.gmt
gtex_ab8_adipose_tissue	AB8	adipose_tissue	true	gtex_age_binned	genesets/adipose_tissue/models/AB8/extractor/genesets.gmt
gtex_ab9_adipose_tissue	AB9	adipose_tissue	true	gtex_age_binned	genesets/adipose_tissue/models/AB9/extractor/genesets.gmt
gtex_ab10_adipose_tissue	AB10	adipose_tissue	true	gtex_age_binned	genesets/adipose_tissue/models/AB10/extractor/genesets.gmt
gtex_ab11_adipose_tissue	AB11	adipose_tissue	true	gtex_age_binned	genesets/adipose_tissue/models/AB11/extractor/genesets.gmt
gtex_ab12_adipose_tissue	AB12	adipose_tissue	true	gtex_age_binned	genesets/adipose_tissue/models/AB12/extractor/genesets.gmt
gtex_ab13_adipose_tissue	AB13	adipose_tissue	true	gtex_age_binned	genesets/adipose_tissue/models/AB13/extractor/genesets.gmt
gtex_ab14_adipose_tissue	AB14	adipose_tissue	true	gtex_age_binned	genesets/adipose_tissue/models/AB14/extractor/genesets.gmt
gtex_ab15_adipose_tissue	AB15	adipose_tissue	true	gtex_age_binned	genesets/adipose_tissue/models/AB15/extractor/genesets.gmt
gtex_ab16_adipose_tissue	AB16	adipose_tissue	true	gtex_age_binned	genesets/adipose_tissue/models/AB16/extractor/genesets.gmt
gtex_ab17_adipose_tissue	AB17	adipose_tissue	true	gtex_age_binned	genesets/adipose_tissue/models/AB17/extractor/genesets.gmt
gtex_ab18_adipose_tissue	AB18	adipose_tissue	true	gtex_age_binned	genesets/adipose_tissue/models/AB18/extractor/genesets.gmt
gtex_ab19_adipose_tissue	AB19	adipose_tissue	true	gtex_age_binned	genesets/adipose_tissue/models/AB19/extractor/genesets.gmt
gtex_ab20_adipose_tissue	AB20	adipose_tissue	true	gtex_age_binned	genesets/adipose_tissue/models/AB20/extractor/genesets.gmt
gtex_ab21_adipose_tissue	AB21	adipose_tissue	true	gtex_age_binned	genesets/adipose_tissue/models/AB21/extractor/genesets.gmt
gtex_ab22_adipose_tissue	AB22	adipose_tissue	true	gtex_age_binned	genesets/adipose_tissue/models/AB22/extractor/genesets.gmt
gtex_ac1_adipose_tissue	AC1	adipose_tissue	true	gtex_continuous_age	genesets/adipose_tissue/models/AC1/extractor/genesets.gmt
gtex_ac2_adipose_tissue	AC2	adipose_tissue	true	gtex_continuous_age	genesets/adipose_tissue/models/AC2/extractor/genesets.gmt
gtex_ac3_adipose_tissue	AC3	adipose_tissue	true	gtex_continuous_age	genesets/adipose_tissue/models/AC3/extractor/genesets.gmt
gtex_ac4_adipose_tissue	AC4	adipose_tissue	true	gtex_continuous_age	genesets/adipose_tissue/models/AC4/extractor/genesets.gmt
gtex_ac5_adipose_tissue	AC5	adipose_tissue	true	gtex_continuous_age	genesets/adipose_tissue/models/AC5/extractor/genesets.gmt
gtex_ac6_adipose_tissue	AC6	adipose_tissue	true	gtex_continuous_age	genesets/adipose_tissue/models/AC6/extractor/genesets.gmt
gtex_ac7_adipose_tissue	AC7	adipose_tissue	true	gtex_continuous_age	genesets/adipose_tissue/models/AC7/extractor/genesets.gmt
gtex_ac8_adipose_tissue	AC8	adipose_tissue	true	gtex_continuous_age	genesets/adipose_tissue/models/AC8/extractor/genesets.gmt
gtex_ac9_adipose_tissue	AC9	adipose_tissue	true	gtex_continuous_age	genesets/adipose_tissue/models/AC9/extractor/genesets.gmt
gtex_ac10_adipose_tissue	AC10	adipose_tissue	true	gtex_continuous_age	genesets/adipose_tissue/models/AC10/extractor/genesets.gmt
gtex_hz1_adipose_tissue	HZ1	adipose_tissue	true	gtex_aging_signatures	genesets/adipose_tissue/models/HZ1/extractor/genesets.gmt
gtex_ab1_adrenal_gland	AB1	adrenal_gland	true	gtex_age_binned	genesets/adrenal_gland/models/AB1/extractor/genesets.gmt
gtex_ab2_adrenal_gland	AB2	adrenal_gland	true	gtex_age_binned	genesets/adrenal_gland/models/AB2/extractor/genesets.gmt
gtex_ab3_adrenal_gland	AB3	adrenal_gland	true	gtex_age_binned	genesets/adrenal_gland/models/AB3/extractor/genesets.gmt
gtex_ab4_adrenal_gland	AB4	adrenal_gland	true	gtex_age_binned	genesets/adrenal_gland/models/AB4/extractor/genesets.gmt
gtex_ab5_adrenal_gland	AB5	adrenal_gland	true	gtex_age_binned	genesets/adrenal_gland/models/AB5/extractor/genesets.gmt
gtex_ab6_adrenal_gland	AB6	adrenal_gland	true	gtex_age_binned	genesets/adrenal_gland/models/AB6/extractor/genesets.gmt
gtex_ab7_adrenal_gland	AB7	adrenal_gland	true	gtex_age_binned	genesets/adrenal_gland/models/AB7/extractor/genesets.gmt
gtex_ab8_adrenal_gland	AB8	adrenal_gland	true	gtex_age_binned	genesets/adrenal_gland/models/AB8/extractor/genesets.gmt
gtex_ab9_adrenal_gland	AB9	adrenal_gland	true	gtex_age_binned	genesets/adrenal_gland/models/AB9/extractor/genesets.gmt
gtex_ab10_adrenal_gland	AB10	adrenal_gland	true	gtex_age_binned	genesets/adrenal_gland/models/AB10/extractor/genesets.gmt
gtex_ab11_adrenal_gland	AB11	adrenal_gland	true	gtex_age_binned	genesets/adrenal_gland/models/AB11/extractor/genesets.gmt
gtex_ab12_adrenal_gland	AB12	adrenal_gland	true	gtex_age_binned	genesets/adrenal_gland/models/AB12/extractor/genesets.gmt
gtex_ab13_adrenal_gland	AB13	adrenal_gland	true	gtex_age_binned	genesets/adrenal_gland/models/AB13/extractor/genesets.gmt
gtex_ab14_adrenal_gland	AB14	adrenal_gland	true	gtex_age_binned	genesets/adrenal_gland/models/AB14/extractor/genesets.gmt
gtex_ab15_adrenal_gland	AB15	adrenal_gland	true	gtex_age_binned	genesets/adrenal_gland/models/AB15/extractor/genesets.gmt
gtex_ab16_adrenal_gland	AB16	adrenal_gland	true	gtex_age_binned	genesets/adrenal_gland/models/AB16/extractor/genesets.gmt
gtex_ab17_adrenal_gland	AB17	adrenal_gland	true	gtex_age_binned	genesets/adrenal_gland/models/AB17/extractor/genesets.gmt
gtex_ab18_adrenal_gland	AB18	adrenal_gland	true	gtex_age_binned	genesets/adrenal_gland/models/AB18/extractor/genesets.gmt
gtex_ab19_adrenal_gland	AB19	adrenal_gland	true	gtex_age_binned	genesets/adrenal_gland/models/AB19/extractor/genesets.gmt
gtex_ab20_adrenal_gland	AB20	adrenal_gland	true	gtex_age_binned	genesets/adrenal_gland/models/AB20/extractor/genesets.gmt
gtex_ab21_adrenal_gland	AB21	adrenal_gland	true	gtex_age_binned	genesets/adrenal_gland/models/AB21/extractor/genesets.gmt
gtex_ab22_adrenal_gland	AB22	adrenal_gland	true	gtex_age_binned	genesets/adrenal_gland/models/AB22/extractor/genesets.gmt
gtex_ac1_adrenal_gland	AC1	adrenal_gland	true	gtex_continuous_age	genesets/adrenal_gland/models/AC1/extractor/genesets.gmt
gtex_ac2_adrenal_gland	AC2	adrenal_gland	true	gtex_continuous_age	genesets/adrenal_gland/models/AC2/extractor/genesets.gmt
gtex_ac3_adrenal_gland	AC3	adrenal_gland	true	gtex_continuous_age	genesets/adrenal_gland/models/AC3/extractor/genesets.gmt
gtex_ac4_adrenal_gland	AC4	adrenal_gland	true	gtex_continuous_age	genesets/adrenal_gland/models/AC4/extractor/genesets.gmt
gtex_ac5_adrenal_gland	AC5	adrenal_gland	true	gtex_continuous_age	genesets/adrenal_gland/models/AC5/extractor/genesets.gmt
gtex_ac6_adrenal_gland	AC6	adrenal_gland	true	gtex_continuous_age	genesets/adrenal_gland/models/AC6/extractor/genesets.gmt
gtex_ac7_adrenal_gland	AC7	adrenal_gland	true	gtex_continuous_age	genesets/adrenal_gland/models/AC7/extractor/genesets.gmt
gtex_ac8_adrenal_gland	AC8	adrenal_gland	true	gtex_continuous_age	genesets/adrenal_gland/models/AC8/extractor/genesets.gmt
gtex_ac9_adrenal_gland	AC9	adrenal_gland	true	gtex_continuous_age	genesets/adrenal_gland/models/AC9/extractor/genesets.gmt
gtex_ac10_adrenal_gland	AC10	adrenal_gland	true	gtex_continuous_age	genesets/adrenal_gland/models/AC10/extractor/genesets.gmt
gtex_hz1_adrenal_gland	HZ1	adrenal_gland	true	gtex_aging_signatures	genesets/adrenal_gland/models/HZ1/extractor/genesets.gmt
gtex_ab1_blood_vessel	AB1	blood_vessel	true	gtex_age_binned	genesets/blood_vessel/models/AB1/extractor/genesets.gmt
gtex_ab2_blood_vessel	AB2	blood_vessel	true	gtex_age_binned	genesets/blood_vessel/models/AB2/extractor/genesets.gmt
gtex_ab3_blood_vessel	AB3	blood_vessel	true	gtex_age_binned	genesets/blood_vessel/models/AB3/extractor/genesets.gmt
gtex_ab4_blood_vessel	AB4	blood_vessel	true	gtex_age_binned	genesets/blood_vessel/models/AB4/extractor/genesets.gmt
gtex_ab5_blood_vessel	AB5	blood_vessel	true	gtex_age_binned	genesets/blood_vessel/models/AB5/extractor/genesets.gmt
gtex_ab6_blood_vessel	AB6	blood_vessel	true	gtex_age_binned	genesets/blood_vessel/models/AB6/extractor/genesets.gmt
gtex_ab7_blood_vessel	AB7	blood_vessel	true	gtex_age_binned	genesets/blood_vessel/models/AB7/extractor/genesets.gmt
gtex_ab8_blood_vessel	AB8	blood_vessel	true	gtex_age_binned	genesets/blood_vessel/models/AB8/extractor/genesets.gmt
gtex_ab9_blood_vessel	AB9	blood_vessel	true	gtex_age_binned	genesets/blood_vessel/models/AB9/extractor/genesets.gmt
gtex_ab10_blood_vessel	AB10	blood_vessel	true	gtex_age_binned	genesets/blood_vessel/models/AB10/extractor/genesets.gmt
gtex_ab11_blood_vessel	AB11	blood_vessel	true	gtex_age_binned	genesets/blood_vessel/models/AB11/extractor/genesets.gmt
gtex_ab12_blood_vessel	AB12	blood_vessel	true	gtex_age_binned	genesets/blood_vessel/models/AB12/extractor/genesets.gmt
gtex_ab13_blood_vessel	AB13	blood_vessel	true	gtex_age_binned	genesets/blood_vessel/models/AB13/extractor/genesets.gmt
gtex_ab14_blood_vessel	AB14	blood_vessel	true	gtex_age_binned	genesets/blood_vessel/models/AB14/extractor/genesets.gmt
gtex_ab15_blood_vessel	AB15	blood_vessel	true	gtex_age_binned	genesets/blood_vessel/models/AB15/extractor/genesets.gmt
gtex_ab16_blood_vessel	AB16	blood_vessel	true	gtex_age_binned	genesets/blood_vessel/models/AB16/extractor/genesets.gmt
gtex_ab17_blood_vessel	AB17	blood_vessel	true	gtex_age_binned	genesets/blood_vessel/models/AB17/extractor/genesets.gmt
gtex_ab18_blood_vessel	AB18	blood_vessel	true	gtex_age_binned	genesets/blood_vessel/models/AB18/extractor/genesets.gmt
gtex_ab19_blood_vessel	AB19	blood_vessel	true	gtex_age_binned	genesets/blood_vessel/models/AB19/extractor/genesets.gmt
gtex_ab20_blood_vessel	AB20	blood_vessel	true	gtex_age_binned	genesets/blood_vessel/models/AB20/extractor/genesets.gmt
gtex_ab21_blood_vessel	AB21	blood_vessel	true	gtex_age_binned	genesets/blood_vessel/models/AB21/extractor/genesets.gmt
gtex_ab22_blood_vessel	AB22	blood_vessel	true	gtex_age_binned	genesets/blood_vessel/models/AB22/extractor/genesets.gmt
gtex_ac1_blood_vessel	AC1	blood_vessel	true	gtex_continuous_age	genesets/blood_vessel/models/AC1/extractor/genesets.gmt
gtex_ac2_blood_vessel	AC2	blood_vessel	true	gtex_continuous_age	genesets/blood_vessel/models/AC2/extractor/genesets.gmt
gtex_ac3_blood_vessel	AC3	blood_vessel	true	gtex_continuous_age	genesets/blood_vessel/models/AC3/extractor/genesets.gmt
gtex_ac4_blood_vessel	AC4	blood_vessel	true	gtex_continuous_age	genesets/blood_vessel/models/AC4/extractor/genesets.gmt
gtex_ac5_blood_vessel	AC5	blood_vessel	true	gtex_continuous_age	genesets/blood_vessel/models/AC5/extractor/genesets.gmt
gtex_ac6_blood_vessel	AC6	blood_vessel	true	gtex_continuous_age	genesets/blood_vessel/models/AC6/extractor/genesets.gmt
gtex_ac7_blood_vessel	AC7	blood_vessel	true	gtex_continuous_age	genesets/blood_vessel/models/AC7/extractor/genesets.gmt
gtex_ac8_blood_vessel	AC8	blood_vessel	true	gtex_continuous_age	genesets/blood_vessel/models/AC8/extractor/genesets.gmt
gtex_ac9_blood_vessel	AC9	blood_vessel	true	gtex_continuous_age	genesets/blood_vessel/models/AC9/extractor/genesets.gmt
gtex_ac10_blood_vessel	AC10	blood_vessel	true	gtex_continuous_age	genesets/blood_vessel/models/AC10/extractor/genesets.gmt
gtex_hz1_blood_vessel	HZ1	blood_vessel	true	gtex_aging_signatures	genesets/blood_vessel/models/HZ1/extractor/genesets.gmt
gtex_ab1_bladder	AB1	bladder	true	gtex_age_binned	genesets/bladder/models/AB1/extractor/genesets.gmt
gtex_ab2_bladder	AB2	bladder	true	gtex_age_binned	genesets/bladder/models/AB2/extractor/genesets.gmt
gtex_ab3_bladder	AB3	bladder	true	gtex_age_binned	genesets/bladder/models/AB3/extractor/genesets.gmt
gtex_ab4_bladder	AB4	bladder	true	gtex_age_binned	genesets/bladder/models/AB4/extractor/genesets.gmt
gtex_ab5_bladder	AB5	bladder	true	gtex_age_binned	genesets/bladder/models/AB5/extractor/genesets.gmt
gtex_ab6_bladder	AB6	bladder	true	gtex_age_binned	genesets/bladder/models/AB6/extractor/genesets.gmt
gtex_ab7_bladder	AB7	bladder	true	gtex_age_binned	genesets/bladder/models/AB7/extractor/genesets.gmt
gtex_ab8_bladder	AB8	bladder	true	gtex_age_binned	genesets/bladder/models/AB8/extractor/genesets.gmt
gtex_ab9_bladder	AB9	bladder	true	gtex_age_binned	genesets/bladder/models/AB9/extractor/genesets.gmt
gtex_ab10_bladder	AB10	bladder	true	gtex_age_binned	genesets/bladder/models/AB10/extractor/genesets.gmt
gtex_ab11_bladder	AB11	bladder	true	gtex_age_binned	genesets/bladder/models/AB11/extractor/genesets.gmt
gtex_ab12_bladder	AB12	bladder	true	gtex_age_binned	genesets/bladder/models/AB12/extractor/genesets.gmt
gtex_ab13_bladder	AB13	bladder	true	gtex_age_binned	genesets/bladder/models/AB13/extractor/genesets.gmt
gtex_ab14_bladder	AB14	bladder	true	gtex_age_binned	genesets/bladder/models/AB14/extractor/genesets.gmt
gtex_ab15_bladder	AB15	bladder	true	gtex_age_binned	genesets/bladder/models/AB15/extractor/genesets.gmt
gtex_ab16_bladder	AB16	bladder	true	gtex_age_binned	genesets/bladder/models/AB16/extractor/genesets.gmt
gtex_ab17_bladder	AB17	bladder	true	gtex_age_binned	genesets/bladder/models/AB17/extractor/genesets.gmt
gtex_ab18_bladder	AB18	bladder	true	gtex_age_binned	genesets/bladder/models/AB18/extractor/genesets.gmt
gtex_ab19_bladder	AB19	bladder	true	gtex_age_binned	genesets/bladder/models/AB19/extractor/genesets.gmt
gtex_ab20_bladder	AB20	bladder	true	gtex_age_binned	genesets/bladder/models/AB20/extractor/genesets.gmt
gtex_ab21_bladder	AB21	bladder	true	gtex_age_binned	genesets/bladder/models/AB21/extractor/genesets.gmt
gtex_ab22_bladder	AB22	bladder	true	gtex_age_binned	genesets/bladder/models/AB22/extractor/genesets.gmt
gtex_ac1_bladder	AC1	bladder	true	gtex_continuous_age	genesets/bladder/models/AC1/extractor/genesets.gmt
gtex_ac2_bladder	AC2	bladder	true	gtex_continuous_age	genesets/bladder/models/AC2/extractor/genesets.gmt
gtex_ac3_bladder	AC3	bladder	true	gtex_continuous_age	genesets/bladder/models/AC3/extractor/genesets.gmt
gtex_ac4_bladder	AC4	bladder	true	gtex_continuous_age	genesets/bladder/models/AC4/extractor/genesets.gmt
gtex_ac5_bladder	AC5	bladder	true	gtex_continuous_age	genesets/bladder/models/AC5/extractor/genesets.gmt
gtex_ac6_bladder	AC6	bladder	true	gtex_continuous_age	genesets/bladder/models/AC6/extractor/genesets.gmt
gtex_ac7_bladder	AC7	bladder	true	gtex_continuous_age	genesets/bladder/models/AC7/extractor/genesets.gmt
gtex_ac8_bladder	AC8	bladder	true	gtex_continuous_age	genesets/bladder/models/AC8/extractor/genesets.gmt
gtex_ac9_bladder	AC9	bladder	true	gtex_continuous_age	genesets/bladder/models/AC9/extractor/genesets.gmt
gtex_ac10_bladder	AC10	bladder	true	gtex_continuous_age	genesets/bladder/models/AC10/extractor/genesets.gmt
gtex_hz1_bladder	HZ1	bladder	true	gtex_aging_signatures	genesets/bladder/models/HZ1/extractor/genesets.gmt
gtex_ab1_brain	AB1	brain	true	gtex_age_binned	genesets/brain/models/AB1/extractor/genesets.gmt
gtex_ab2_brain	AB2	brain	true	gtex_age_binned	genesets/brain/models/AB2/extractor/genesets.gmt
gtex_ab3_brain	AB3	brain	true	gtex_age_binned	genesets/brain/models/AB3/extractor/genesets.gmt
gtex_ab4_brain	AB4	brain	true	gtex_age_binned	genesets/brain/models/AB4/extractor/genesets.gmt
gtex_ab5_brain	AB5	brain	true	gtex_age_binned	genesets/brain/models/AB5/extractor/genesets.gmt
gtex_ab6_brain	AB6	brain	true	gtex_age_binned	genesets/brain/models/AB6/extractor/genesets.gmt
gtex_ab7_brain	AB7	brain	true	gtex_age_binned	genesets/brain/models/AB7/extractor/genesets.gmt
gtex_ab8_brain	AB8	brain	true	gtex_age_binned	genesets/brain/models/AB8/extractor/genesets.gmt
gtex_ab9_brain	AB9	brain	true	gtex_age_binned	genesets/brain/models/AB9/extractor/genesets.gmt
gtex_ab10_brain	AB10	brain	true	gtex_age_binned	genesets/brain/models/AB10/extractor/genesets.gmt
gtex_ab11_brain	AB11	brain	true	gtex_age_binned	genesets/brain/models/AB11/extractor/genesets.gmt
gtex_ab12_brain	AB12	brain	true	gtex_age_binned	genesets/brain/models/AB12/extractor/genesets.gmt
gtex_ab13_brain	AB13	brain	true	gtex_age_binned	genesets/brain/models/AB13/extractor/genesets.gmt
gtex_ab14_brain	AB14	brain	true	gtex_age_binned	genesets/brain/models/AB14/extractor/genesets.gmt
gtex_ab15_brain	AB15	brain	true	gtex_age_binned	genesets/brain/models/AB15/extractor/genesets.gmt
gtex_ab16_brain	AB16	brain	true	gtex_age_binned	genesets/brain/models/AB16/extractor/genesets.gmt
gtex_ab17_brain	AB17	brain	true	gtex_age_binned	genesets/brain/models/AB17/extractor/genesets.gmt
gtex_ab18_brain	AB18	brain	true	gtex_age_binned	genesets/brain/models/AB18/extractor/genesets.gmt
gtex_ab19_brain	AB19	brain	true	gtex_age_binned	genesets/brain/models/AB19/extractor/genesets.gmt
gtex_ab20_brain	AB20	brain	true	gtex_age_binned	genesets/brain/models/AB20/extractor/genesets.gmt
gtex_ab21_brain	AB21	brain	true	gtex_age_binned	genesets/brain/models/AB21/extractor/genesets.gmt
gtex_ab22_brain	AB22	brain	true	gtex_age_binned	genesets/brain/models/AB22/extractor/genesets.gmt
gtex_ac1_brain	AC1	brain	true	gtex_continuous_age	genesets/brain/models/AC1/extractor/genesets.gmt
gtex_ac2_brain	AC2	brain	true	gtex_continuous_age	genesets/brain/models/AC2/extractor/genesets.gmt
gtex_ac3_brain	AC3	brain	true	gtex_continuous_age	genesets/brain/models/AC3/extractor/genesets.gmt
gtex_ac4_brain	AC4	brain	true	gtex_continuous_age	genesets/brain/models/AC4/extractor/genesets.gmt
gtex_ac5_brain	AC5	brain	true	gtex_continuous_age	genesets/brain/models/AC5/extractor/genesets.gmt
gtex_ac6_brain	AC6	brain	true	gtex_continuous_age	genesets/brain/models/AC6/extractor/genesets.gmt
gtex_ac7_brain	AC7	brain	true	gtex_continuous_age	genesets/brain/models/AC7/extractor/genesets.gmt
gtex_ac8_brain	AC8	brain	true	gtex_continuous_age	genesets/brain/models/AC8/extractor/genesets.gmt
gtex_ac9_brain	AC9	brain	true	gtex_continuous_age	genesets/brain/models/AC9/extractor/genesets.gmt
gtex_ac10_brain	AC10	brain	true	gtex_continuous_age	genesets/brain/models/AC10/extractor/genesets.gmt
gtex_hz1_brain	HZ1	brain	true	gtex_aging_signatures	genesets/brain/models/HZ1/extractor/genesets.gmt
gtex_ab1_breast	AB1	breast	true	gtex_age_binned	genesets/breast/models/AB1/extractor/genesets.gmt
gtex_ab2_breast	AB2	breast	true	gtex_age_binned	genesets/breast/models/AB2/extractor/genesets.gmt
gtex_ab3_breast	AB3	breast	true	gtex_age_binned	genesets/breast/models/AB3/extractor/genesets.gmt
gtex_ab4_breast	AB4	breast	true	gtex_age_binned	genesets/breast/models/AB4/extractor/genesets.gmt
gtex_ab5_breast	AB5	breast	true	gtex_age_binned	genesets/breast/models/AB5/extractor/genesets.gmt
gtex_ab6_breast	AB6	breast	true	gtex_age_binned	genesets/breast/models/AB6/extractor/genesets.gmt
gtex_ab7_breast	AB7	breast	true	gtex_age_binned	genesets/breast/models/AB7/extractor/genesets.gmt
gtex_ab8_breast	AB8	breast	true	gtex_age_binned	genesets/breast/models/AB8/extractor/genesets.gmt
gtex_ab9_breast	AB9	breast	true	gtex_age_binned	genesets/breast/models/AB9/extractor/genesets.gmt
gtex_ab10_breast	AB10	breast	true	gtex_age_binned	genesets/breast/models/AB10/extractor/genesets.gmt
gtex_ab11_breast	AB11	breast	true	gtex_age_binned	genesets/breast/models/AB11/extractor/genesets.gmt
gtex_ab12_breast	AB12	breast	true	gtex_age_binned	genesets/breast/models/AB12/extractor/genesets.gmt
gtex_ab13_breast	AB13	breast	true	gtex_age_binned	genesets/breast/models/AB13/extractor/genesets.gmt
gtex_ab14_breast	AB14	breast	true	gtex_age_binned	genesets/breast/models/AB14/extractor/genesets.gmt
gtex_ab15_breast	AB15	breast	true	gtex_age_binned	genesets/breast/models/AB15/extractor/genesets.gmt
gtex_ab16_breast	AB16	breast	true	gtex_age_binned	genesets/breast/models/AB16/extractor/genesets.gmt
gtex_ab17_breast	AB17	breast	true	gtex_age_binned	genesets/breast/models/AB17/extractor/genesets.gmt
gtex_ab18_breast	AB18	breast	true	gtex_age_binned	genesets/breast/models/AB18/extractor/genesets.gmt
gtex_ab19_breast	AB19	breast	true	gtex_age_binned	genesets/breast/models/AB19/extractor/genesets.gmt
gtex_ab20_breast	AB20	breast	true	gtex_age_binned	genesets/breast/models/AB20/extractor/genesets.gmt
gtex_ab21_breast	AB21	breast	true	gtex_age_binned	genesets/breast/models/AB21/extractor/genesets.gmt
gtex_ab22_breast	AB22	breast	true	gtex_age_binned	genesets/breast/models/AB22/extractor/genesets.gmt
gtex_ac1_breast	AC1	breast	true	gtex_continuous_age	genesets/breast/models/AC1/extractor/genesets.gmt
gtex_ac2_breast	AC2	breast	true	gtex_continuous_age	genesets/breast/models/AC2/extractor/genesets.gmt
gtex_ac3_breast	AC3	breast	true	gtex_continuous_age	genesets/breast/models/AC3/extractor/genesets.gmt
gtex_ac4_breast	AC4	breast	true	gtex_continuous_age	genesets/breast/models/AC4/extractor/genesets.gmt
gtex_ac5_breast	AC5	breast	true	gtex_continuous_age	genesets/breast/models/AC5/extractor/genesets.gmt
gtex_ac6_breast	AC6	breast	true	gtex_continuous_age	genesets/breast/models/AC6/extractor/genesets.gmt
gtex_ac7_breast	AC7	breast	true	gtex_continuous_age	genesets/breast/models/AC7/extractor/genesets.gmt
gtex_ac8_breast	AC8	breast	true	gtex_continuous_age	genesets/breast/models/AC8/extractor/genesets.gmt
gtex_ac9_breast	AC9	breast	true	gtex_continuous_age	genesets/breast/models/AC9/extractor/genesets.gmt
gtex_ac10_breast	AC10	breast	true	gtex_continuous_age	genesets/breast/models/AC10/extractor/genesets.gmt
gtex_hz1_breast	HZ1	breast	true	gtex_aging_signatures	genesets/breast/models/HZ1/extractor/genesets.gmt
gtex_ab1_skin	AB1	skin	true	gtex_age_binned	genesets/skin/models/AB1/extractor/genesets.gmt
gtex_ab2_skin	AB2	skin	true	gtex_age_binned	genesets/skin/models/AB2/extractor/genesets.gmt
gtex_ab3_skin	AB3	skin	true	gtex_age_binned	genesets/skin/models/AB3/extractor/genesets.gmt
gtex_ab4_skin	AB4	skin	true	gtex_age_binned	genesets/skin/models/AB4/extractor/genesets.gmt
gtex_ab5_skin	AB5	skin	true	gtex_age_binned	genesets/skin/models/AB5/extractor/genesets.gmt
gtex_ab6_skin	AB6	skin	true	gtex_age_binned	genesets/skin/models/AB6/extractor/genesets.gmt
gtex_ab7_skin	AB7	skin	true	gtex_age_binned	genesets/skin/models/AB7/extractor/genesets.gmt
gtex_ab8_skin	AB8	skin	true	gtex_age_binned	genesets/skin/models/AB8/extractor/genesets.gmt
gtex_ab9_skin	AB9	skin	true	gtex_age_binned	genesets/skin/models/AB9/extractor/genesets.gmt
gtex_ab10_skin	AB10	skin	true	gtex_age_binned	genesets/skin/models/AB10/extractor/genesets.gmt
gtex_ab11_skin	AB11	skin	true	gtex_age_binned	genesets/skin/models/AB11/extractor/genesets.gmt
gtex_ab12_skin	AB12	skin	true	gtex_age_binned	genesets/skin/models/AB12/extractor/genesets.gmt
gtex_ab13_skin	AB13	skin	true	gtex_age_binned	genesets/skin/models/AB13/extractor/genesets.gmt
gtex_ab14_skin	AB14	skin	true	gtex_age_binned	genesets/skin/models/AB14/extractor/genesets.gmt
gtex_ab15_skin	AB15	skin	true	gtex_age_binned	genesets/skin/models/AB15/extractor/genesets.gmt
gtex_ab16_skin	AB16	skin	true	gtex_age_binned	genesets/skin/models/AB16/extractor/genesets.gmt
gtex_ab17_skin	AB17	skin	true	gtex_age_binned	genesets/skin/models/AB17/extractor/genesets.gmt
gtex_ab18_skin	AB18	skin	true	gtex_age_binned	genesets/skin/models/AB18/extractor/genesets.gmt
gtex_ab19_skin	AB19	skin	true	gtex_age_binned	genesets/skin/models/AB19/extractor/genesets.gmt
gtex_ab20_skin	AB20	skin	true	gtex_age_binned	genesets/skin/models/AB20/extractor/genesets.gmt
gtex_ab21_skin	AB21	skin	true	gtex_age_binned	genesets/skin/models/AB21/extractor/genesets.gmt
gtex_ab22_skin	AB22	skin	true	gtex_age_binned	genesets/skin/models/AB22/extractor/genesets.gmt
gtex_ac1_skin	AC1	skin	true	gtex_continuous_age	genesets/skin/models/AC1/extractor/genesets.gmt
gtex_ac2_skin	AC2	skin	true	gtex_continuous_age	genesets/skin/models/AC2/extractor/genesets.gmt
gtex_ac3_skin	AC3	skin	true	gtex_continuous_age	genesets/skin/models/AC3/extractor/genesets.gmt
gtex_ac4_skin	AC4	skin	true	gtex_continuous_age	genesets/skin/models/AC4/extractor/genesets.gmt
gtex_ac5_skin	AC5	skin	true	gtex_continuous_age	genesets/skin/models/AC5/extractor/genesets.gmt
gtex_ac6_skin	AC6	skin	true	gtex_continuous_age	genesets/skin/models/AC6/extractor/genesets.gmt
gtex_ac7_skin	AC7	skin	true	gtex_continuous_age	genesets/skin/models/AC7/extractor/genesets.gmt
gtex_ac8_skin	AC8	skin	true	gtex_continuous_age	genesets/skin/models/AC8/extractor/genesets.gmt
gtex_ac9_skin	AC9	skin	true	gtex_continuous_age	genesets/skin/models/AC9/extractor/genesets.gmt
gtex_ac10_skin	AC10	skin	true	gtex_continuous_age	genesets/skin/models/AC10/extractor/genesets.gmt
gtex_hz1_skin	HZ1	skin	true	gtex_aging_signatures	genesets/skin/models/HZ1/extractor/genesets.gmt
gtex_ab1_blood	AB1	blood	true	gtex_age_binned	genesets/blood/models/AB1/extractor/genesets.gmt
gtex_ab2_blood	AB2	blood	true	gtex_age_binned	genesets/blood/models/AB2/extractor/genesets.gmt
gtex_ab3_blood	AB3	blood	true	gtex_age_binned	genesets/blood/models/AB3/extractor/genesets.gmt
gtex_ab4_blood	AB4	blood	true	gtex_age_binned	genesets/blood/models/AB4/extractor/genesets.gmt
gtex_ab5_blood	AB5	blood	true	gtex_age_binned	genesets/blood/models/AB5/extractor/genesets.gmt
gtex_ab6_blood	AB6	blood	true	gtex_age_binned	genesets/blood/models/AB6/extractor/genesets.gmt
gtex_ab7_blood	AB7	blood	true	gtex_age_binned	genesets/blood/models/AB7/extractor/genesets.gmt
gtex_ab8_blood	AB8	blood	true	gtex_age_binned	genesets/blood/models/AB8/extractor/genesets.gmt
gtex_ab9_blood	AB9	blood	true	gtex_age_binned	genesets/blood/models/AB9/extractor/genesets.gmt
gtex_ab10_blood	AB10	blood	true	gtex_age_binned	genesets/blood/models/AB10/extractor/genesets.gmt
gtex_ab11_blood	AB11	blood	true	gtex_age_binned	genesets/blood/models/AB11/extractor/genesets.gmt
gtex_ab12_blood	AB12	blood	true	gtex_age_binned	genesets/blood/models/AB12/extractor/genesets.gmt
gtex_ab13_blood	AB13	blood	true	gtex_age_binned	genesets/blood/models/AB13/extractor/genesets.gmt
gtex_ab14_blood	AB14	blood	true	gtex_age_binned	genesets/blood/models/AB14/extractor/genesets.gmt
gtex_ab15_blood	AB15	blood	true	gtex_age_binned	genesets/blood/models/AB15/extractor/genesets.gmt
gtex_ab16_blood	AB16	blood	true	gtex_age_binned	genesets/blood/models/AB16/extractor/genesets.gmt
gtex_ab17_blood	AB17	blood	true	gtex_age_binned	genesets/blood/models/AB17/extractor/genesets.gmt
gtex_ab18_blood	AB18	blood	true	gtex_age_binned	genesets/blood/models/AB18/extractor/genesets.gmt
gtex_ab19_blood	AB19	blood	true	gtex_age_binned	genesets/blood/models/AB19/extractor/genesets.gmt
gtex_ab20_blood	AB20	blood	true	gtex_age_binned	genesets/blood/models/AB20/extractor/genesets.gmt
gtex_ab21_blood	AB21	blood	true	gtex_age_binned	genesets/blood/models/AB21/extractor/genesets.gmt
gtex_ab22_blood	AB22	blood	true	gtex_age_binned	genesets/blood/models/AB22/extractor/genesets.gmt
gtex_ac1_blood	AC1	blood	true	gtex_continuous_age	genesets/blood/models/AC1/extractor/genesets.gmt
gtex_ac2_blood	AC2	blood	true	gtex_continuous_age	genesets/blood/models/AC2/extractor/genesets.gmt
gtex_ac3_blood	AC3	blood	true	gtex_continuous_age	genesets/blood/models/AC3/extractor/genesets.gmt
gtex_ac4_blood	AC4	blood	true	gtex_continuous_age	genesets/blood/models/AC4/extractor/genesets.gmt
gtex_ac5_blood	AC5	blood	true	gtex_continuous_age	genesets/blood/models/AC5/extractor/genesets.gmt
gtex_ac6_blood	AC6	blood	true	gtex_continuous_age	genesets/blood/models/AC6/extractor/genesets.gmt
gtex_ac7_blood	AC7	blood	true	gtex_continuous_age	genesets/blood/models/AC7/extractor/genesets.gmt
gtex_ac8_blood	AC8	blood	true	gtex_continuous_age	genesets/blood/models/AC8/extractor/genesets.gmt
gtex_ac9_blood	AC9	blood	true	gtex_continuous_age	genesets/blood/models/AC9/extractor/genesets.gmt
gtex_ac10_blood	AC10	blood	true	gtex_continuous_age	genesets/blood/models/AC10/extractor/genesets.gmt
gtex_hz1_blood	HZ1	blood	true	gtex_aging_signatures	genesets/blood/models/HZ1/extractor/genesets.gmt
gtex_ab1_cervix_uteri	AB1	cervix_uteri	true	gtex_age_binned	genesets/cervix_uteri/models/AB1/extractor/genesets.gmt
gtex_ab2_cervix_uteri	AB2	cervix_uteri	true	gtex_age_binned	genesets/cervix_uteri/models/AB2/extractor/genesets.gmt
gtex_ab3_cervix_uteri	AB3	cervix_uteri	true	gtex_age_binned	genesets/cervix_uteri/models/AB3/extractor/genesets.gmt
gtex_ab4_cervix_uteri	AB4	cervix_uteri	true	gtex_age_binned	genesets/cervix_uteri/models/AB4/extractor/genesets.gmt
gtex_ab5_cervix_uteri	AB5	cervix_uteri	true	gtex_age_binned	genesets/cervix_uteri/models/AB5/extractor/genesets.gmt
gtex_ab6_cervix_uteri	AB6	cervix_uteri	true	gtex_age_binned	genesets/cervix_uteri/models/AB6/extractor/genesets.gmt
gtex_ab7_cervix_uteri	AB7	cervix_uteri	true	gtex_age_binned	genesets/cervix_uteri/models/AB7/extractor/genesets.gmt
gtex_ab8_cervix_uteri	AB8	cervix_uteri	true	gtex_age_binned	genesets/cervix_uteri/models/AB8/extractor/genesets.gmt
gtex_ab9_cervix_uteri	AB9	cervix_uteri	true	gtex_age_binned	genesets/cervix_uteri/models/AB9/extractor/genesets.gmt
gtex_ab10_cervix_uteri	AB10	cervix_uteri	true	gtex_age_binned	genesets/cervix_uteri/models/AB10/extractor/genesets.gmt
gtex_ab11_cervix_uteri	AB11	cervix_uteri	true	gtex_age_binned	genesets/cervix_uteri/models/AB11/extractor/genesets.gmt
gtex_ab12_cervix_uteri	AB12	cervix_uteri	true	gtex_age_binned	genesets/cervix_uteri/models/AB12/extractor/genesets.gmt
gtex_ab13_cervix_uteri	AB13	cervix_uteri	true	gtex_age_binned	genesets/cervix_uteri/models/AB13/extractor/genesets.gmt
gtex_ab14_cervix_uteri	AB14	cervix_uteri	true	gtex_age_binned	genesets/cervix_uteri/models/AB14/extractor/genesets.gmt
gtex_ab15_cervix_uteri	AB15	cervix_uteri	true	gtex_age_binned	genesets/cervix_uteri/models/AB15/extractor/genesets.gmt
gtex_ab16_cervix_uteri	AB16	cervix_uteri	true	gtex_age_binned	genesets/cervix_uteri/models/AB16/extractor/genesets.gmt
gtex_ab17_cervix_uteri	AB17	cervix_uteri	true	gtex_age_binned	genesets/cervix_uteri/models/AB17/extractor/genesets.gmt
gtex_ab18_cervix_uteri	AB18	cervix_uteri	true	gtex_age_binned	genesets/cervix_uteri/models/AB18/extractor/genesets.gmt
gtex_ab19_cervix_uteri	AB19	cervix_uteri	true	gtex_age_binned	genesets/cervix_uteri/models/AB19/extractor/genesets.gmt
gtex_ab20_cervix_uteri	AB20	cervix_uteri	true	gtex_age_binned	genesets/cervix_uteri/models/AB20/extractor/genesets.gmt
gtex_ab21_cervix_uteri	AB21	cervix_uteri	true	gtex_age_binned	genesets/cervix_uteri/models/AB21/extractor/genesets.gmt
gtex_ab22_cervix_uteri	AB22	cervix_uteri	true	gtex_age_binned	genesets/cervix_uteri/models/AB22/extractor/genesets.gmt
gtex_ac1_cervix_uteri	AC1	cervix_uteri	true	gtex_continuous_age	genesets/cervix_uteri/models/AC1/extractor/genesets.gmt
gtex_ac2_cervix_uteri	AC2	cervix_uteri	true	gtex_continuous_age	genesets/cervix_uteri/models/AC2/extractor/genesets.gmt
gtex_ac3_cervix_uteri	AC3	cervix_uteri	true	gtex_continuous_age	genesets/cervix_uteri/models/AC3/extractor/genesets.gmt
gtex_ac4_cervix_uteri	AC4	cervix_uteri	true	gtex_continuous_age	genesets/cervix_uteri/models/AC4/extractor/genesets.gmt
gtex_ac5_cervix_uteri	AC5	cervix_uteri	true	gtex_continuous_age	genesets/cervix_uteri/models/AC5/extractor/genesets.gmt
gtex_ac6_cervix_uteri	AC6	cervix_uteri	true	gtex_continuous_age	genesets/cervix_uteri/models/AC6/extractor/genesets.gmt
gtex_ac7_cervix_uteri	AC7	cervix_uteri	true	gtex_continuous_age	genesets/cervix_uteri/models/AC7/extractor/genesets.gmt
gtex_ac8_cervix_uteri	AC8	cervix_uteri	true	gtex_continuous_age	genesets/cervix_uteri/models/AC8/extractor/genesets.gmt
gtex_ac9_cervix_uteri	AC9	cervix_uteri	true	gtex_continuous_age	genesets/cervix_uteri/models/AC9/extractor/genesets.gmt
gtex_ac10_cervix_uteri	AC10	cervix_uteri	true	gtex_continuous_age	genesets/cervix_uteri/models/AC10/extractor/genesets.gmt
gtex_hz1_cervix_uteri	HZ1	cervix_uteri	true	gtex_aging_signatures	genesets/cervix_uteri/models/HZ1/extractor/genesets.gmt
gtex_ab1_colon	AB1	colon	true	gtex_age_binned	genesets/colon/models/AB1/extractor/genesets.gmt
gtex_ab2_colon	AB2	colon	true	gtex_age_binned	genesets/colon/models/AB2/extractor/genesets.gmt
gtex_ab3_colon	AB3	colon	true	gtex_age_binned	genesets/colon/models/AB3/extractor/genesets.gmt
gtex_ab4_colon	AB4	colon	true	gtex_age_binned	genesets/colon/models/AB4/extractor/genesets.gmt
gtex_ab5_colon	AB5	colon	true	gtex_age_binned	genesets/colon/models/AB5/extractor/genesets.gmt
gtex_ab6_colon	AB6	colon	true	gtex_age_binned	genesets/colon/models/AB6/extractor/genesets.gmt
gtex_ab7_colon	AB7	colon	true	gtex_age_binned	genesets/colon/models/AB7/extractor/genesets.gmt
gtex_ab8_colon	AB8	colon	true	gtex_age_binned	genesets/colon/models/AB8/extractor/genesets.gmt
gtex_ab9_colon	AB9	colon	true	gtex_age_binned	genesets/colon/models/AB9/extractor/genesets.gmt
gtex_ab10_colon	AB10	colon	true	gtex_age_binned	genesets/colon/models/AB10/extractor/genesets.gmt
gtex_ab11_colon	AB11	colon	true	gtex_age_binned	genesets/colon/models/AB11/extractor/genesets.gmt
gtex_ab12_colon	AB12	colon	true	gtex_age_binned	genesets/colon/models/AB12/extractor/genesets.gmt
gtex_ab13_colon	AB13	colon	true	gtex_age_binned	genesets/colon/models/AB13/extractor/genesets.gmt
gtex_ab14_colon	AB14	colon	true	gtex_age_binned	genesets/colon/models/AB14/extractor/genesets.gmt
gtex_ab15_colon	AB15	colon	true	gtex_age_binned	genesets/colon/models/AB15/extractor/genesets.gmt
gtex_ab16_colon	AB16	colon	true	gtex_age_binned	genesets/colon/models/AB16/extractor/genesets.gmt
gtex_ab17_colon	AB17	colon	true	gtex_age_binned	genesets/colon/models/AB17/extractor/genesets.gmt
gtex_ab18_colon	AB18	colon	true	gtex_age_binned	genesets/colon/models/AB18/extractor/genesets.gmt
gtex_ab19_colon	AB19	colon	true	gtex_age_binned	genesets/colon/models/AB19/extractor/genesets.gmt
gtex_ab20_colon	AB20	colon	true	gtex_age_binned	genesets/colon/models/AB20/extractor/genesets.gmt
gtex_ab21_colon	AB21	colon	true	gtex_age_binned	genesets/colon/models/AB21/extractor/genesets.gmt
gtex_ab22_colon	AB22	colon	true	gtex_age_binned	genesets/colon/models/AB22/extractor/genesets.gmt
gtex_ac1_colon	AC1	colon	true	gtex_continuous_age	genesets/colon/models/AC1/extractor/genesets.gmt
gtex_ac2_colon	AC2	colon	true	gtex_continuous_age	genesets/colon/models/AC2/extractor/genesets.gmt
gtex_ac3_colon	AC3	colon	true	gtex_continuous_age	genesets/colon/models/AC3/extractor/genesets.gmt
gtex_ac4_colon	AC4	colon	true	gtex_continuous_age	genesets/colon/models/AC4/extractor/genesets.gmt
gtex_ac5_colon	AC5	colon	true	gtex_continuous_age	genesets/colon/models/AC5/extractor/genesets.gmt
gtex_ac6_colon	AC6	colon	true	gtex_continuous_age	genesets/colon/models/AC6/extractor/genesets.gmt
gtex_ac7_colon	AC7	colon	true	gtex_continuous_age	genesets/colon/models/AC7/extractor/genesets.gmt
gtex_ac8_colon	AC8	colon	true	gtex_continuous_age	genesets/colon/models/AC8/extractor/genesets.gmt
gtex_ac9_colon	AC9	colon	true	gtex_continuous_age	genesets/colon/models/AC9/extractor/genesets.gmt
gtex_ac10_colon	AC10	colon	true	gtex_continuous_age	genesets/colon/models/AC10/extractor/genesets.gmt
gtex_hz1_colon	HZ1	colon	true	gtex_aging_signatures	genesets/colon/models/HZ1/extractor/genesets.gmt
gtex_ab1_esophagus	AB1	esophagus	true	gtex_age_binned	genesets/esophagus/models/AB1/extractor/genesets.gmt
gtex_ab2_esophagus	AB2	esophagus	true	gtex_age_binned	genesets/esophagus/models/AB2/extractor/genesets.gmt
gtex_ab3_esophagus	AB3	esophagus	true	gtex_age_binned	genesets/esophagus/models/AB3/extractor/genesets.gmt
gtex_ab4_esophagus	AB4	esophagus	true	gtex_age_binned	genesets/esophagus/models/AB4/extractor/genesets.gmt
gtex_ab5_esophagus	AB5	esophagus	true	gtex_age_binned	genesets/esophagus/models/AB5/extractor/genesets.gmt
gtex_ab6_esophagus	AB6	esophagus	true	gtex_age_binned	genesets/esophagus/models/AB6/extractor/genesets.gmt
gtex_ab7_esophagus	AB7	esophagus	true	gtex_age_binned	genesets/esophagus/models/AB7/extractor/genesets.gmt
gtex_ab8_esophagus	AB8	esophagus	true	gtex_age_binned	genesets/esophagus/models/AB8/extractor/genesets.gmt
gtex_ab9_esophagus	AB9	esophagus	true	gtex_age_binned	genesets/esophagus/models/AB9/extractor/genesets.gmt
gtex_ab10_esophagus	AB10	esophagus	true	gtex_age_binned	genesets/esophagus/models/AB10/extractor/genesets.gmt
gtex_ab11_esophagus	AB11	esophagus	true	gtex_age_binned	genesets/esophagus/models/AB11/extractor/genesets.gmt
gtex_ab12_esophagus	AB12	esophagus	true	gtex_age_binned	genesets/esophagus/models/AB12/extractor/genesets.gmt
gtex_ab13_esophagus	AB13	esophagus	true	gtex_age_binned	genesets/esophagus/models/AB13/extractor/genesets.gmt
gtex_ab14_esophagus	AB14	esophagus	true	gtex_age_binned	genesets/esophagus/models/AB14/extractor/genesets.gmt
gtex_ab15_esophagus	AB15	esophagus	true	gtex_age_binned	genesets/esophagus/models/AB15/extractor/genesets.gmt
gtex_ab16_esophagus	AB16	esophagus	true	gtex_age_binned	genesets/esophagus/models/AB16/extractor/genesets.gmt
gtex_ab17_esophagus	AB17	esophagus	true	gtex_age_binned	genesets/esophagus/models/AB17/extractor/genesets.gmt
gtex_ab18_esophagus	AB18	esophagus	true	gtex_age_binned	genesets/esophagus/models/AB18/extractor/genesets.gmt
gtex_ab19_esophagus	AB19	esophagus	true	gtex_age_binned	genesets/esophagus/models/AB19/extractor/genesets.gmt
gtex_ab20_esophagus	AB20	esophagus	true	gtex_age_binned	genesets/esophagus/models/AB20/extractor/genesets.gmt
gtex_ab21_esophagus	AB21	esophagus	true	gtex_age_binned	genesets/esophagus/models/AB21/extractor/genesets.gmt
gtex_ab22_esophagus	AB22	esophagus	true	gtex_age_binned	genesets/esophagus/models/AB22/extractor/genesets.gmt
gtex_ac1_esophagus	AC1	esophagus	true	gtex_continuous_age	genesets/esophagus/models/AC1/extractor/genesets.gmt
gtex_ac2_esophagus	AC2	esophagus	true	gtex_continuous_age	genesets/esophagus/models/AC2/extractor/genesets.gmt
gtex_ac3_esophagus	AC3	esophagus	true	gtex_continuous_age	genesets/esophagus/models/AC3/extractor/genesets.gmt
gtex_ac4_esophagus	AC4	esophagus	true	gtex_continuous_age	genesets/esophagus/models/AC4/extractor/genesets.gmt
gtex_ac5_esophagus	AC5	esophagus	true	gtex_continuous_age	genesets/esophagus/models/AC5/extractor/genesets.gmt
gtex_ac6_esophagus	AC6	esophagus	true	gtex_continuous_age	genesets/esophagus/models/AC6/extractor/genesets.gmt
gtex_ac7_esophagus	AC7	esophagus	true	gtex_continuous_age	genesets/esophagus/models/AC7/extractor/genesets.gmt
gtex_ac8_esophagus	AC8	esophagus	true	gtex_continuous_age	genesets/esophagus/models/AC8/extractor/genesets.gmt
gtex_ac9_esophagus	AC9	esophagus	true	gtex_continuous_age	genesets/esophagus/models/AC9/extractor/genesets.gmt
gtex_ac10_esophagus	AC10	esophagus	true	gtex_continuous_age	genesets/esophagus/models/AC10/extractor/genesets.gmt
gtex_hz1_esophagus	HZ1	esophagus	true	gtex_aging_signatures	genesets/esophagus/models/HZ1/extractor/genesets.gmt
gtex_ab1_fallopian_tube	AB1	fallopian_tube	true	gtex_age_binned	genesets/fallopian_tube/models/AB1/extractor/genesets.gmt
gtex_ab2_fallopian_tube	AB2	fallopian_tube	true	gtex_age_binned	genesets/fallopian_tube/models/AB2/extractor/genesets.gmt
gtex_ab3_fallopian_tube	AB3	fallopian_tube	true	gtex_age_binned	genesets/fallopian_tube/models/AB3/extractor/genesets.gmt
gtex_ab4_fallopian_tube	AB4	fallopian_tube	true	gtex_age_binned	genesets/fallopian_tube/models/AB4/extractor/genesets.gmt
gtex_ab5_fallopian_tube	AB5	fallopian_tube	true	gtex_age_binned	genesets/fallopian_tube/models/AB5/extractor/genesets.gmt
gtex_ab6_fallopian_tube	AB6	fallopian_tube	true	gtex_age_binned	genesets/fallopian_tube/models/AB6/extractor/genesets.gmt
gtex_ab7_fallopian_tube	AB7	fallopian_tube	true	gtex_age_binned	genesets/fallopian_tube/models/AB7/extractor/genesets.gmt
gtex_ab8_fallopian_tube	AB8	fallopian_tube	true	gtex_age_binned	genesets/fallopian_tube/models/AB8/extractor/genesets.gmt
gtex_ab9_fallopian_tube	AB9	fallopian_tube	true	gtex_age_binned	genesets/fallopian_tube/models/AB9/extractor/genesets.gmt
gtex_ab10_fallopian_tube	AB10	fallopian_tube	true	gtex_age_binned	genesets/fallopian_tube/models/AB10/extractor/genesets.gmt
gtex_ab11_fallopian_tube	AB11	fallopian_tube	true	gtex_age_binned	genesets/fallopian_tube/models/AB11/extractor/genesets.gmt
gtex_ab12_fallopian_tube	AB12	fallopian_tube	true	gtex_age_binned	genesets/fallopian_tube/models/AB12/extractor/genesets.gmt
gtex_ab13_fallopian_tube	AB13	fallopian_tube	true	gtex_age_binned	genesets/fallopian_tube/models/AB13/extractor/genesets.gmt
gtex_ab14_fallopian_tube	AB14	fallopian_tube	true	gtex_age_binned	genesets/fallopian_tube/models/AB14/extractor/genesets.gmt
gtex_ab15_fallopian_tube	AB15	fallopian_tube	true	gtex_age_binned	genesets/fallopian_tube/models/AB15/extractor/genesets.gmt
gtex_ab16_fallopian_tube	AB16	fallopian_tube	true	gtex_age_binned	genesets/fallopian_tube/models/AB16/extractor/genesets.gmt
gtex_ab17_fallopian_tube	AB17	fallopian_tube	true	gtex_age_binned	genesets/fallopian_tube/models/AB17/extractor/genesets.gmt
gtex_ab18_fallopian_tube	AB18	fallopian_tube	true	gtex_age_binned	genesets/fallopian_tube/models/AB18/extractor/genesets.gmt
gtex_ab19_fallopian_tube	AB19	fallopian_tube	true	gtex_age_binned	genesets/fallopian_tube/models/AB19/extractor/genesets.gmt
gtex_ab20_fallopian_tube	AB20	fallopian_tube	true	gtex_age_binned	genesets/fallopian_tube/models/AB20/extractor/genesets.gmt
gtex_ab21_fallopian_tube	AB21	fallopian_tube	true	gtex_age_binned	genesets/fallopian_tube/models/AB21/extractor/genesets.gmt
gtex_ab22_fallopian_tube	AB22	fallopian_tube	true	gtex_age_binned	genesets/fallopian_tube/models/AB22/extractor/genesets.gmt
gtex_ac1_fallopian_tube	AC1	fallopian_tube	true	gtex_continuous_age	genesets/fallopian_tube/models/AC1/extractor/genesets.gmt
gtex_ac2_fallopian_tube	AC2	fallopian_tube	true	gtex_continuous_age	genesets/fallopian_tube/models/AC2/extractor/genesets.gmt
gtex_ac3_fallopian_tube	AC3	fallopian_tube	true	gtex_continuous_age	genesets/fallopian_tube/models/AC3/extractor/genesets.gmt
gtex_ac4_fallopian_tube	AC4	fallopian_tube	true	gtex_continuous_age	genesets/fallopian_tube/models/AC4/extractor/genesets.gmt
gtex_ac5_fallopian_tube	AC5	fallopian_tube	true	gtex_continuous_age	genesets/fallopian_tube/models/AC5/extractor/genesets.gmt
gtex_ac6_fallopian_tube	AC6	fallopian_tube	true	gtex_continuous_age	genesets/fallopian_tube/models/AC6/extractor/genesets.gmt
gtex_ac7_fallopian_tube	AC7	fallopian_tube	true	gtex_continuous_age	genesets/fallopian_tube/models/AC7/extractor/genesets.gmt
gtex_ac8_fallopian_tube	AC8	fallopian_tube	true	gtex_continuous_age	genesets/fallopian_tube/models/AC8/extractor/genesets.gmt
gtex_ac9_fallopian_tube	AC9	fallopian_tube	true	gtex_continuous_age	genesets/fallopian_tube/models/AC9/extractor/genesets.gmt
gtex_ac10_fallopian_tube	AC10	fallopian_tube	true	gtex_continuous_age	genesets/fallopian_tube/models/AC10/extractor/genesets.gmt
gtex_hz1_fallopian_tube	HZ1	fallopian_tube	true	gtex_aging_signatures	genesets/fallopian_tube/models/HZ1/extractor/genesets.gmt
gtex_ab1_heart	AB1	heart	true	gtex_age_binned	genesets/heart/models/AB1/extractor/genesets.gmt
gtex_ab2_heart	AB2	heart	true	gtex_age_binned	genesets/heart/models/AB2/extractor/genesets.gmt
gtex_ab3_heart	AB3	heart	true	gtex_age_binned	genesets/heart/models/AB3/extractor/genesets.gmt
gtex_ab4_heart	AB4	heart	true	gtex_age_binned	genesets/heart/models/AB4/extractor/genesets.gmt
gtex_ab5_heart	AB5	heart	true	gtex_age_binned	genesets/heart/models/AB5/extractor/genesets.gmt
gtex_ab6_heart	AB6	heart	true	gtex_age_binned	genesets/heart/models/AB6/extractor/genesets.gmt
gtex_ab7_heart	AB7	heart	true	gtex_age_binned	genesets/heart/models/AB7/extractor/genesets.gmt
gtex_ab8_heart	AB8	heart	true	gtex_age_binned	genesets/heart/models/AB8/extractor/genesets.gmt
gtex_ab9_heart	AB9	heart	true	gtex_age_binned	genesets/heart/models/AB9/extractor/genesets.gmt
gtex_ab10_heart	AB10	heart	true	gtex_age_binned	genesets/heart/models/AB10/extractor/genesets.gmt
gtex_ab11_heart	AB11	heart	true	gtex_age_binned	genesets/heart/models/AB11/extractor/genesets.gmt
gtex_ab12_heart	AB12	heart	true	gtex_age_binned	genesets/heart/models/AB12/extractor/genesets.gmt
gtex_ab13_heart	AB13	heart	true	gtex_age_binned	genesets/heart/models/AB13/extractor/genesets.gmt
gtex_ab14_heart	AB14	heart	true	gtex_age_binned	genesets/heart/models/AB14/extractor/genesets.gmt
gtex_ab15_heart	AB15	heart	true	gtex_age_binned	genesets/heart/models/AB15/extractor/genesets.gmt
gtex_ab16_heart	AB16	heart	true	gtex_age_binned	genesets/heart/models/AB16/extractor/genesets.gmt
gtex_ab17_heart	AB17	heart	true	gtex_age_binned	genesets/heart/models/AB17/extractor/genesets.gmt
gtex_ab18_heart	AB18	heart	true	gtex_age_binned	genesets/heart/models/AB18/extractor/genesets.gmt
gtex_ab19_heart	AB19	heart	true	gtex_age_binned	genesets/heart/models/AB19/extractor/genesets.gmt
gtex_ab20_heart	AB20	heart	true	gtex_age_binned	genesets/heart/models/AB20/extractor/genesets.gmt
gtex_ab21_heart	AB21	heart	true	gtex_age_binned	genesets/heart/models/AB21/extractor/genesets.gmt
gtex_ab22_heart	AB22	heart	true	gtex_age_binned	genesets/heart/models/AB22/extractor/genesets.gmt
gtex_ac1_heart	AC1	heart	true	gtex_continuous_age	genesets/heart/models/AC1/extractor/genesets.gmt
gtex_ac2_heart	AC2	heart	true	gtex_continuous_age	genesets/heart/models/AC2/extractor/genesets.gmt
gtex_ac3_heart	AC3	heart	true	gtex_continuous_age	genesets/heart/models/AC3/extractor/genesets.gmt
gtex_ac4_heart	AC4	heart	true	gtex_continuous_age	genesets/heart/models/AC4/extractor/genesets.gmt
gtex_ac5_heart	AC5	heart	true	gtex_continuous_age	genesets/heart/models/AC5/extractor/genesets.gmt
gtex_ac6_heart	AC6	heart	true	gtex_continuous_age	genesets/heart/models/AC6/extractor/genesets.gmt
gtex_ac7_heart	AC7	heart	true	gtex_continuous_age	genesets/heart/models/AC7/extractor/genesets.gmt
gtex_ac8_heart	AC8	heart	true	gtex_continuous_age	genesets/heart/models/AC8/extractor/genesets.gmt
gtex_ac9_heart	AC9	heart	true	gtex_continuous_age	genesets/heart/models/AC9/extractor/genesets.gmt
gtex_ac10_heart	AC10	heart	true	gtex_continuous_age	genesets/heart/models/AC10/extractor/genesets.gmt
gtex_hz1_heart	HZ1	heart	true	gtex_aging_signatures	genesets/heart/models/HZ1/extractor/genesets.gmt
gtex_ab1_kidney	AB1	kidney	true	gtex_age_binned	genesets/kidney/models/AB1/extractor/genesets.gmt
gtex_ab2_kidney	AB2	kidney	true	gtex_age_binned	genesets/kidney/models/AB2/extractor/genesets.gmt
gtex_ab3_kidney	AB3	kidney	true	gtex_age_binned	genesets/kidney/models/AB3/extractor/genesets.gmt
gtex_ab4_kidney	AB4	kidney	true	gtex_age_binned	genesets/kidney/models/AB4/extractor/genesets.gmt
gtex_ab5_kidney	AB5	kidney	true	gtex_age_binned	genesets/kidney/models/AB5/extractor/genesets.gmt
gtex_ab6_kidney	AB6	kidney	true	gtex_age_binned	genesets/kidney/models/AB6/extractor/genesets.gmt
gtex_ab7_kidney	AB7	kidney	true	gtex_age_binned	genesets/kidney/models/AB7/extractor/genesets.gmt
gtex_ab8_kidney	AB8	kidney	true	gtex_age_binned	genesets/kidney/models/AB8/extractor/genesets.gmt
gtex_ab9_kidney	AB9	kidney	true	gtex_age_binned	genesets/kidney/models/AB9/extractor/genesets.gmt
gtex_ab10_kidney	AB10	kidney	true	gtex_age_binned	genesets/kidney/models/AB10/extractor/genesets.gmt
gtex_ab11_kidney	AB11	kidney	true	gtex_age_binned	genesets/kidney/models/AB11/extractor/genesets.gmt
gtex_ab12_kidney	AB12	kidney	true	gtex_age_binned	genesets/kidney/models/AB12/extractor/genesets.gmt
gtex_ab13_kidney	AB13	kidney	true	gtex_age_binned	genesets/kidney/models/AB13/extractor/genesets.gmt
gtex_ab14_kidney	AB14	kidney	true	gtex_age_binned	genesets/kidney/models/AB14/extractor/genesets.gmt
gtex_ab15_kidney	AB15	kidney	true	gtex_age_binned	genesets/kidney/models/AB15/extractor/genesets.gmt
gtex_ab16_kidney	AB16	kidney	true	gtex_age_binned	genesets/kidney/models/AB16/extractor/genesets.gmt
gtex_ab17_kidney	AB17	kidney	true	gtex_age_binned	genesets/kidney/models/AB17/extractor/genesets.gmt
gtex_ab18_kidney	AB18	kidney	true	gtex_age_binned	genesets/kidney/models/AB18/extractor/genesets.gmt
gtex_ab19_kidney	AB19	kidney	true	gtex_age_binned	genesets/kidney/models/AB19/extractor/genesets.gmt
gtex_ab20_kidney	AB20	kidney	true	gtex_age_binned	genesets/kidney/models/AB20/extractor/genesets.gmt
gtex_ab21_kidney	AB21	kidney	true	gtex_age_binned	genesets/kidney/models/AB21/extractor/genesets.gmt
gtex_ab22_kidney	AB22	kidney	true	gtex_age_binned	genesets/kidney/models/AB22/extractor/genesets.gmt
gtex_ac1_kidney	AC1	kidney	true	gtex_continuous_age	genesets/kidney/models/AC1/extractor/genesets.gmt
gtex_ac2_kidney	AC2	kidney	true	gtex_continuous_age	genesets/kidney/models/AC2/extractor/genesets.gmt
gtex_ac3_kidney	AC3	kidney	true	gtex_continuous_age	genesets/kidney/models/AC3/extractor/genesets.gmt
gtex_ac4_kidney	AC4	kidney	true	gtex_continuous_age	genesets/kidney/models/AC4/extractor/genesets.gmt
gtex_ac5_kidney	AC5	kidney	true	gtex_continuous_age	genesets/kidney/models/AC5/extractor/genesets.gmt
gtex_ac6_kidney	AC6	kidney	true	gtex_continuous_age	genesets/kidney/models/AC6/extractor/genesets.gmt
gtex_ac7_kidney	AC7	kidney	true	gtex_continuous_age	genesets/kidney/models/AC7/extractor/genesets.gmt
gtex_ac8_kidney	AC8	kidney	true	gtex_continuous_age	genesets/kidney/models/AC8/extractor/genesets.gmt
gtex_ac9_kidney	AC9	kidney	true	gtex_continuous_age	genesets/kidney/models/AC9/extractor/genesets.gmt
gtex_ac10_kidney	AC10	kidney	true	gtex_continuous_age	genesets/kidney/models/AC10/extractor/genesets.gmt
gtex_hz1_kidney	HZ1	kidney	true	gtex_aging_signatures	genesets/kidney/models/HZ1/extractor/genesets.gmt
gtex_ab1_liver	AB1	liver	true	gtex_age_binned	genesets/liver/models/AB1/extractor/genesets.gmt
gtex_ab2_liver	AB2	liver	true	gtex_age_binned	genesets/liver/models/AB2/extractor/genesets.gmt
gtex_ab3_liver	AB3	liver	true	gtex_age_binned	genesets/liver/models/AB3/extractor/genesets.gmt
gtex_ab4_liver	AB4	liver	true	gtex_age_binned	genesets/liver/models/AB4/extractor/genesets.gmt
gtex_ab5_liver	AB5	liver	true	gtex_age_binned	genesets/liver/models/AB5/extractor/genesets.gmt
gtex_ab6_liver	AB6	liver	true	gtex_age_binned	genesets/liver/models/AB6/extractor/genesets.gmt
gtex_ab7_liver	AB7	liver	true	gtex_age_binned	genesets/liver/models/AB7/extractor/genesets.gmt
gtex_ab8_liver	AB8	liver	true	gtex_age_binned	genesets/liver/models/AB8/extractor/genesets.gmt
gtex_ab9_liver	AB9	liver	true	gtex_age_binned	genesets/liver/models/AB9/extractor/genesets.gmt
gtex_ab10_liver	AB10	liver	true	gtex_age_binned	genesets/liver/models/AB10/extractor/genesets.gmt
gtex_ab11_liver	AB11	liver	true	gtex_age_binned	genesets/liver/models/AB11/extractor/genesets.gmt
gtex_ab12_liver	AB12	liver	true	gtex_age_binned	genesets/liver/models/AB12/extractor/genesets.gmt
gtex_ab13_liver	AB13	liver	true	gtex_age_binned	genesets/liver/models/AB13/extractor/genesets.gmt
gtex_ab14_liver	AB14	liver	true	gtex_age_binned	genesets/liver/models/AB14/extractor/genesets.gmt
gtex_ab15_liver	AB15	liver	true	gtex_age_binned	genesets/liver/models/AB15/extractor/genesets.gmt
gtex_ab16_liver	AB16	liver	true	gtex_age_binned	genesets/liver/models/AB16/extractor/genesets.gmt
gtex_ab17_liver	AB17	liver	true	gtex_age_binned	genesets/liver/models/AB17/extractor/genesets.gmt
gtex_ab18_liver	AB18	liver	true	gtex_age_binned	genesets/liver/models/AB18/extractor/genesets.gmt
gtex_ab19_liver	AB19	liver	true	gtex_age_binned	genesets/liver/models/AB19/extractor/genesets.gmt
gtex_ab20_liver	AB20	liver	true	gtex_age_binned	genesets/liver/models/AB20/extractor/genesets.gmt
gtex_ab21_liver	AB21	liver	true	gtex_age_binned	genesets/liver/models/AB21/extractor/genesets.gmt
gtex_ab22_liver	AB22	liver	true	gtex_age_binned	genesets/liver/models/AB22/extractor/genesets.gmt
gtex_ac1_liver	AC1	liver	true	gtex_continuous_age	genesets/liver/models/AC1/extractor/genesets.gmt
gtex_ac2_liver	AC2	liver	true	gtex_continuous_age	genesets/liver/models/AC2/extractor/genesets.gmt
gtex_ac3_liver	AC3	liver	true	gtex_continuous_age	genesets/liver/models/AC3/extractor/genesets.gmt
gtex_ac4_liver	AC4	liver	true	gtex_continuous_age	genesets/liver/models/AC4/extractor/genesets.gmt
gtex_ac5_liver	AC5	liver	true	gtex_continuous_age	genesets/liver/models/AC5/extractor/genesets.gmt
gtex_ac6_liver	AC6	liver	true	gtex_continuous_age	genesets/liver/models/AC6/extractor/genesets.gmt
gtex_ac7_liver	AC7	liver	true	gtex_continuous_age	genesets/liver/models/AC7/extractor/genesets.gmt
gtex_ac8_liver	AC8	liver	true	gtex_continuous_age	genesets/liver/models/AC8/extractor/genesets.gmt
gtex_ac9_liver	AC9	liver	true	gtex_continuous_age	genesets/liver/models/AC9/extractor/genesets.gmt
gtex_ac10_liver	AC10	liver	true	gtex_continuous_age	genesets/liver/models/AC10/extractor/genesets.gmt
gtex_hz1_liver	HZ1	liver	true	gtex_aging_signatures	genesets/liver/models/HZ1/extractor/genesets.gmt
gtex_ab1_lung	AB1	lung	true	gtex_age_binned	genesets/lung/models/AB1/extractor/genesets.gmt
gtex_ab2_lung	AB2	lung	true	gtex_age_binned	genesets/lung/models/AB2/extractor/genesets.gmt
gtex_ab3_lung	AB3	lung	true	gtex_age_binned	genesets/lung/models/AB3/extractor/genesets.gmt
gtex_ab4_lung	AB4	lung	true	gtex_age_binned	genesets/lung/models/AB4/extractor/genesets.gmt
gtex_ab5_lung	AB5	lung	true	gtex_age_binned	genesets/lung/models/AB5/extractor/genesets.gmt
gtex_ab6_lung	AB6	lung	true	gtex_age_binned	genesets/lung/models/AB6/extractor/genesets.gmt
gtex_ab7_lung	AB7	lung	true	gtex_age_binned	genesets/lung/models/AB7/extractor/genesets.gmt
gtex_ab8_lung	AB8	lung	true	gtex_age_binned	genesets/lung/models/AB8/extractor/genesets.gmt
gtex_ab9_lung	AB9	lung	true	gtex_age_binned	genesets/lung/models/AB9/extractor/genesets.gmt
gtex_ab10_lung	AB10	lung	true	gtex_age_binned	genesets/lung/models/AB10/extractor/genesets.gmt
gtex_ab11_lung	AB11	lung	true	gtex_age_binned	genesets/lung/models/AB11/extractor/genesets.gmt
gtex_ab12_lung	AB12	lung	true	gtex_age_binned	genesets/lung/models/AB12/extractor/genesets.gmt
gtex_ab13_lung	AB13	lung	true	gtex_age_binned	genesets/lung/models/AB13/extractor/genesets.gmt
gtex_ab14_lung	AB14	lung	true	gtex_age_binned	genesets/lung/models/AB14/extractor/genesets.gmt
gtex_ab15_lung	AB15	lung	true	gtex_age_binned	genesets/lung/models/AB15/extractor/genesets.gmt
gtex_ab16_lung	AB16	lung	true	gtex_age_binned	genesets/lung/models/AB16/extractor/genesets.gmt
gtex_ab17_lung	AB17	lung	true	gtex_age_binned	genesets/lung/models/AB17/extractor/genesets.gmt
gtex_ab18_lung	AB18	lung	true	gtex_age_binned	genesets/lung/models/AB18/extractor/genesets.gmt
gtex_ab19_lung	AB19	lung	true	gtex_age_binned	genesets/lung/models/AB19/extractor/genesets.gmt
gtex_ab20_lung	AB20	lung	true	gtex_age_binned	genesets/lung/models/AB20/extractor/genesets.gmt
gtex_ab21_lung	AB21	lung	true	gtex_age_binned	genesets/lung/models/AB21/extractor/genesets.gmt
gtex_ab22_lung	AB22	lung	true	gtex_age_binned	genesets/lung/models/AB22/extractor/genesets.gmt
gtex_ac1_lung	AC1	lung	true	gtex_continuous_age	genesets/lung/models/AC1/extractor/genesets.gmt
gtex_ac2_lung	AC2	lung	true	gtex_continuous_age	genesets/lung/models/AC2/extractor/genesets.gmt
gtex_ac3_lung	AC3	lung	true	gtex_continuous_age	genesets/lung/models/AC3/extractor/genesets.gmt
gtex_ac4_lung	AC4	lung	true	gtex_continuous_age	genesets/lung/models/AC4/extractor/genesets.gmt
gtex_ac5_lung	AC5	lung	true	gtex_continuous_age	genesets/lung/models/AC5/extractor/genesets.gmt
gtex_ac6_lung	AC6	lung	true	gtex_continuous_age	genesets/lung/models/AC6/extractor/genesets.gmt
gtex_ac7_lung	AC7	lung	true	gtex_continuous_age	genesets/lung/models/AC7/extractor/genesets.gmt
gtex_ac8_lung	AC8	lung	true	gtex_continuous_age	genesets/lung/models/AC8/extractor/genesets.gmt
gtex_ac9_lung	AC9	lung	true	gtex_continuous_age	genesets/lung/models/AC9/extractor/genesets.gmt
gtex_ac10_lung	AC10	lung	true	gtex_continuous_age	genesets/lung/models/AC10/extractor/genesets.gmt
gtex_hz1_lung	HZ1	lung	true	gtex_aging_signatures	genesets/lung/models/HZ1/extractor/genesets.gmt
gtex_ab1_salivary_gland	AB1	salivary_gland	true	gtex_age_binned	genesets/salivary_gland/models/AB1/extractor/genesets.gmt
gtex_ab2_salivary_gland	AB2	salivary_gland	true	gtex_age_binned	genesets/salivary_gland/models/AB2/extractor/genesets.gmt
gtex_ab3_salivary_gland	AB3	salivary_gland	true	gtex_age_binned	genesets/salivary_gland/models/AB3/extractor/genesets.gmt
gtex_ab4_salivary_gland	AB4	salivary_gland	true	gtex_age_binned	genesets/salivary_gland/models/AB4/extractor/genesets.gmt
gtex_ab5_salivary_gland	AB5	salivary_gland	true	gtex_age_binned	genesets/salivary_gland/models/AB5/extractor/genesets.gmt
gtex_ab6_salivary_gland	AB6	salivary_gland	true	gtex_age_binned	genesets/salivary_gland/models/AB6/extractor/genesets.gmt
gtex_ab7_salivary_gland	AB7	salivary_gland	true	gtex_age_binned	genesets/salivary_gland/models/AB7/extractor/genesets.gmt
gtex_ab8_salivary_gland	AB8	salivary_gland	true	gtex_age_binned	genesets/salivary_gland/models/AB8/extractor/genesets.gmt
gtex_ab9_salivary_gland	AB9	salivary_gland	true	gtex_age_binned	genesets/salivary_gland/models/AB9/extractor/genesets.gmt
gtex_ab10_salivary_gland	AB10	salivary_gland	true	gtex_age_binned	genesets/salivary_gland/models/AB10/extractor/genesets.gmt
gtex_ab11_salivary_gland	AB11	salivary_gland	true	gtex_age_binned	genesets/salivary_gland/models/AB11/extractor/genesets.gmt
gtex_ab12_salivary_gland	AB12	salivary_gland	true	gtex_age_binned	genesets/salivary_gland/models/AB12/extractor/genesets.gmt
gtex_ab13_salivary_gland	AB13	salivary_gland	true	gtex_age_binned	genesets/salivary_gland/models/AB13/extractor/genesets.gmt
gtex_ab14_salivary_gland	AB14	salivary_gland	true	gtex_age_binned	genesets/salivary_gland/models/AB14/extractor/genesets.gmt
gtex_ab15_salivary_gland	AB15	salivary_gland	true	gtex_age_binned	genesets/salivary_gland/models/AB15/extractor/genesets.gmt
gtex_ab16_salivary_gland	AB16	salivary_gland	true	gtex_age_binned	genesets/salivary_gland/models/AB16/extractor/genesets.gmt
gtex_ab17_salivary_gland	AB17	salivary_gland	true	gtex_age_binned	genesets/salivary_gland/models/AB17/extractor/genesets.gmt
gtex_ab18_salivary_gland	AB18	salivary_gland	true	gtex_age_binned	genesets/salivary_gland/models/AB18/extractor/genesets.gmt
gtex_ab19_salivary_gland	AB19	salivary_gland	true	gtex_age_binned	genesets/salivary_gland/models/AB19/extractor/genesets.gmt
gtex_ab20_salivary_gland	AB20	salivary_gland	true	gtex_age_binned	genesets/salivary_gland/models/AB20/extractor/genesets.gmt
gtex_ab21_salivary_gland	AB21	salivary_gland	true	gtex_age_binned	genesets/salivary_gland/models/AB21/extractor/genesets.gmt
gtex_ab22_salivary_gland	AB22	salivary_gland	true	gtex_age_binned	genesets/salivary_gland/models/AB22/extractor/genesets.gmt
gtex_ac1_salivary_gland	AC1	salivary_gland	true	gtex_continuous_age	genesets/salivary_gland/models/AC1/extractor/genesets.gmt
gtex_ac2_salivary_gland	AC2	salivary_gland	true	gtex_continuous_age	genesets/salivary_gland/models/AC2/extractor/genesets.gmt
gtex_ac3_salivary_gland	AC3	salivary_gland	true	gtex_continuous_age	genesets/salivary_gland/models/AC3/extractor/genesets.gmt
gtex_ac4_salivary_gland	AC4	salivary_gland	true	gtex_continuous_age	genesets/salivary_gland/models/AC4/extractor/genesets.gmt
gtex_ac5_salivary_gland	AC5	salivary_gland	true	gtex_continuous_age	genesets/salivary_gland/models/AC5/extractor/genesets.gmt
gtex_ac6_salivary_gland	AC6	salivary_gland	true	gtex_continuous_age	genesets/salivary_gland/models/AC6/extractor/genesets.gmt
gtex_ac7_salivary_gland	AC7	salivary_gland	true	gtex_continuous_age	genesets/salivary_gland/models/AC7/extractor/genesets.gmt
gtex_ac8_salivary_gland	AC8	salivary_gland	true	gtex_continuous_age	genesets/salivary_gland/models/AC8/extractor/genesets.gmt
gtex_ac9_salivary_gland	AC9	salivary_gland	true	gtex_continuous_age	genesets/salivary_gland/models/AC9/extractor/genesets.gmt
gtex_ac10_salivary_gland	AC10	salivary_gland	true	gtex_continuous_age	genesets/salivary_gland/models/AC10/extractor/genesets.gmt
gtex_hz1_salivary_gland	HZ1	salivary_gland	true	gtex_aging_signatures	genesets/salivary_gland/models/HZ1/extractor/genesets.gmt
gtex_ab1_muscle	AB1	muscle	true	gtex_age_binned	genesets/muscle/models/AB1/extractor/genesets.gmt
gtex_ab2_muscle	AB2	muscle	true	gtex_age_binned	genesets/muscle/models/AB2/extractor/genesets.gmt
gtex_ab3_muscle	AB3	muscle	true	gtex_age_binned	genesets/muscle/models/AB3/extractor/genesets.gmt
gtex_ab4_muscle	AB4	muscle	true	gtex_age_binned	genesets/muscle/models/AB4/extractor/genesets.gmt
gtex_ab5_muscle	AB5	muscle	true	gtex_age_binned	genesets/muscle/models/AB5/extractor/genesets.gmt
gtex_ab6_muscle	AB6	muscle	true	gtex_age_binned	genesets/muscle/models/AB6/extractor/genesets.gmt
gtex_ab7_muscle	AB7	muscle	true	gtex_age_binned	genesets/muscle/models/AB7/extractor/genesets.gmt
gtex_ab8_muscle	AB8	muscle	true	gtex_age_binned	genesets/muscle/models/AB8/extractor/genesets.gmt
gtex_ab9_muscle	AB9	muscle	true	gtex_age_binned	genesets/muscle/models/AB9/extractor/genesets.gmt
gtex_ab10_muscle	AB10	muscle	true	gtex_age_binned	genesets/muscle/models/AB10/extractor/genesets.gmt
gtex_ab11_muscle	AB11	muscle	true	gtex_age_binned	genesets/muscle/models/AB11/extractor/genesets.gmt
gtex_ab12_muscle	AB12	muscle	true	gtex_age_binned	genesets/muscle/models/AB12/extractor/genesets.gmt
gtex_ab13_muscle	AB13	muscle	true	gtex_age_binned	genesets/muscle/models/AB13/extractor/genesets.gmt
gtex_ab14_muscle	AB14	muscle	true	gtex_age_binned	genesets/muscle/models/AB14/extractor/genesets.gmt
gtex_ab15_muscle	AB15	muscle	true	gtex_age_binned	genesets/muscle/models/AB15/extractor/genesets.gmt
gtex_ab16_muscle	AB16	muscle	true	gtex_age_binned	genesets/muscle/models/AB16/extractor/genesets.gmt
gtex_ab17_muscle	AB17	muscle	true	gtex_age_binned	genesets/muscle/models/AB17/extractor/genesets.gmt
gtex_ab18_muscle	AB18	muscle	true	gtex_age_binned	genesets/muscle/models/AB18/extractor/genesets.gmt
gtex_ab19_muscle	AB19	muscle	true	gtex_age_binned	genesets/muscle/models/AB19/extractor/genesets.gmt
gtex_ab20_muscle	AB20	muscle	true	gtex_age_binned	genesets/muscle/models/AB20/extractor/genesets.gmt
gtex_ab21_muscle	AB21	muscle	true	gtex_age_binned	genesets/muscle/models/AB21/extractor/genesets.gmt
gtex_ab22_muscle	AB22	muscle	true	gtex_age_binned	genesets/muscle/models/AB22/extractor/genesets.gmt
gtex_ac1_muscle	AC1	muscle	true	gtex_continuous_age	genesets/muscle/models/AC1/extractor/genesets.gmt
gtex_ac2_muscle	AC2	muscle	true	gtex_continuous_age	genesets/muscle/models/AC2/extractor/genesets.gmt
gtex_ac3_muscle	AC3	muscle	true	gtex_continuous_age	genesets/muscle/models/AC3/extractor/genesets.gmt
gtex_ac4_muscle	AC4	muscle	true	gtex_continuous_age	genesets/muscle/models/AC4/extractor/genesets.gmt
gtex_ac5_muscle	AC5	muscle	true	gtex_continuous_age	genesets/muscle/models/AC5/extractor/genesets.gmt
gtex_ac6_muscle	AC6	muscle	true	gtex_continuous_age	genesets/muscle/models/AC6/extractor/genesets.gmt
gtex_ac7_muscle	AC7	muscle	true	gtex_continuous_age	genesets/muscle/models/AC7/extractor/genesets.gmt
gtex_ac8_muscle	AC8	muscle	true	gtex_continuous_age	genesets/muscle/models/AC8/extractor/genesets.gmt
gtex_ac9_muscle	AC9	muscle	true	gtex_continuous_age	genesets/muscle/models/AC9/extractor/genesets.gmt
gtex_ac10_muscle	AC10	muscle	true	gtex_continuous_age	genesets/muscle/models/AC10/extractor/genesets.gmt
gtex_hz1_muscle	HZ1	muscle	true	gtex_aging_signatures	genesets/muscle/models/HZ1/extractor/genesets.gmt
gtex_ab1_nerve	AB1	nerve	true	gtex_age_binned	genesets/nerve/models/AB1/extractor/genesets.gmt
gtex_ab2_nerve	AB2	nerve	true	gtex_age_binned	genesets/nerve/models/AB2/extractor/genesets.gmt
gtex_ab3_nerve	AB3	nerve	true	gtex_age_binned	genesets/nerve/models/AB3/extractor/genesets.gmt
gtex_ab4_nerve	AB4	nerve	true	gtex_age_binned	genesets/nerve/models/AB4/extractor/genesets.gmt
gtex_ab5_nerve	AB5	nerve	true	gtex_age_binned	genesets/nerve/models/AB5/extractor/genesets.gmt
gtex_ab6_nerve	AB6	nerve	true	gtex_age_binned	genesets/nerve/models/AB6/extractor/genesets.gmt
gtex_ab7_nerve	AB7	nerve	true	gtex_age_binned	genesets/nerve/models/AB7/extractor/genesets.gmt
gtex_ab8_nerve	AB8	nerve	true	gtex_age_binned	genesets/nerve/models/AB8/extractor/genesets.gmt
gtex_ab9_nerve	AB9	nerve	true	gtex_age_binned	genesets/nerve/models/AB9/extractor/genesets.gmt
gtex_ab10_nerve	AB10	nerve	true	gtex_age_binned	genesets/nerve/models/AB10/extractor/genesets.gmt
gtex_ab11_nerve	AB11	nerve	true	gtex_age_binned	genesets/nerve/models/AB11/extractor/genesets.gmt
gtex_ab12_nerve	AB12	nerve	true	gtex_age_binned	genesets/nerve/models/AB12/extractor/genesets.gmt
gtex_ab13_nerve	AB13	nerve	true	gtex_age_binned	genesets/nerve/models/AB13/extractor/genesets.gmt
gtex_ab14_nerve	AB14	nerve	true	gtex_age_binned	genesets/nerve/models/AB14/extractor/genesets.gmt
gtex_ab15_nerve	AB15	nerve	true	gtex_age_binned	genesets/nerve/models/AB15/extractor/genesets.gmt
gtex_ab16_nerve	AB16	nerve	true	gtex_age_binned	genesets/nerve/models/AB16/extractor/genesets.gmt
gtex_ab17_nerve	AB17	nerve	true	gtex_age_binned	genesets/nerve/models/AB17/extractor/genesets.gmt
gtex_ab18_nerve	AB18	nerve	true	gtex_age_binned	genesets/nerve/models/AB18/extractor/genesets.gmt
gtex_ab19_nerve	AB19	nerve	true	gtex_age_binned	genesets/nerve/models/AB19/extractor/genesets.gmt
gtex_ab20_nerve	AB20	nerve	true	gtex_age_binned	genesets/nerve/models/AB20/extractor/genesets.gmt
gtex_ab21_nerve	AB21	nerve	true	gtex_age_binned	genesets/nerve/models/AB21/extractor/genesets.gmt
gtex_ab22_nerve	AB22	nerve	true	gtex_age_binned	genesets/nerve/models/AB22/extractor/genesets.gmt
gtex_ac1_nerve	AC1	nerve	true	gtex_continuous_age	genesets/nerve/models/AC1/extractor/genesets.gmt
gtex_ac2_nerve	AC2	nerve	true	gtex_continuous_age	genesets/nerve/models/AC2/extractor/genesets.gmt
gtex_ac3_nerve	AC3	nerve	true	gtex_continuous_age	genesets/nerve/models/AC3/extractor/genesets.gmt
gtex_ac4_nerve	AC4	nerve	true	gtex_continuous_age	genesets/nerve/models/AC4/extractor/genesets.gmt
gtex_ac5_nerve	AC5	nerve	true	gtex_continuous_age	genesets/nerve/models/AC5/extractor/genesets.gmt
gtex_ac6_nerve	AC6	nerve	true	gtex_continuous_age	genesets/nerve/models/AC6/extractor/genesets.gmt
gtex_ac7_nerve	AC7	nerve	true	gtex_continuous_age	genesets/nerve/models/AC7/extractor/genesets.gmt
gtex_ac8_nerve	AC8	nerve	true	gtex_continuous_age	genesets/nerve/models/AC8/extractor/genesets.gmt
gtex_ac9_nerve	AC9	nerve	true	gtex_continuous_age	genesets/nerve/models/AC9/extractor/genesets.gmt
gtex_ac10_nerve	AC10	nerve	true	gtex_continuous_age	genesets/nerve/models/AC10/extractor/genesets.gmt
gtex_hz1_nerve	HZ1	nerve	true	gtex_aging_signatures	genesets/nerve/models/HZ1/extractor/genesets.gmt
gtex_ab1_ovary	AB1	ovary	true	gtex_age_binned	genesets/ovary/models/AB1/extractor/genesets.gmt
gtex_ab2_ovary	AB2	ovary	true	gtex_age_binned	genesets/ovary/models/AB2/extractor/genesets.gmt
gtex_ab3_ovary	AB3	ovary	true	gtex_age_binned	genesets/ovary/models/AB3/extractor/genesets.gmt
gtex_ab4_ovary	AB4	ovary	true	gtex_age_binned	genesets/ovary/models/AB4/extractor/genesets.gmt
gtex_ab5_ovary	AB5	ovary	true	gtex_age_binned	genesets/ovary/models/AB5/extractor/genesets.gmt
gtex_ab6_ovary	AB6	ovary	true	gtex_age_binned	genesets/ovary/models/AB6/extractor/genesets.gmt
gtex_ab7_ovary	AB7	ovary	true	gtex_age_binned	genesets/ovary/models/AB7/extractor/genesets.gmt
gtex_ab8_ovary	AB8	ovary	true	gtex_age_binned	genesets/ovary/models/AB8/extractor/genesets.gmt
gtex_ab9_ovary	AB9	ovary	true	gtex_age_binned	genesets/ovary/models/AB9/extractor/genesets.gmt
gtex_ab10_ovary	AB10	ovary	true	gtex_age_binned	genesets/ovary/models/AB10/extractor/genesets.gmt
gtex_ab11_ovary	AB11	ovary	true	gtex_age_binned	genesets/ovary/models/AB11/extractor/genesets.gmt
gtex_ab12_ovary	AB12	ovary	true	gtex_age_binned	genesets/ovary/models/AB12/extractor/genesets.gmt
gtex_ab13_ovary	AB13	ovary	true	gtex_age_binned	genesets/ovary/models/AB13/extractor/genesets.gmt
gtex_ab14_ovary	AB14	ovary	true	gtex_age_binned	genesets/ovary/models/AB14/extractor/genesets.gmt
gtex_ab15_ovary	AB15	ovary	true	gtex_age_binned	genesets/ovary/models/AB15/extractor/genesets.gmt
gtex_ab16_ovary	AB16	ovary	true	gtex_age_binned	genesets/ovary/models/AB16/extractor/genesets.gmt
gtex_ab17_ovary	AB17	ovary	true	gtex_age_binned	genesets/ovary/models/AB17/extractor/genesets.gmt
gtex_ab18_ovary	AB18	ovary	true	gtex_age_binned	genesets/ovary/models/AB18/extractor/genesets.gmt
gtex_ab19_ovary	AB19	ovary	true	gtex_age_binned	genesets/ovary/models/AB19/extractor/genesets.gmt
gtex_ab20_ovary	AB20	ovary	true	gtex_age_binned	genesets/ovary/models/AB20/extractor/genesets.gmt
gtex_ab21_ovary	AB21	ovary	true	gtex_age_binned	genesets/ovary/models/AB21/extractor/genesets.gmt
gtex_ab22_ovary	AB22	ovary	true	gtex_age_binned	genesets/ovary/models/AB22/extractor/genesets.gmt
gtex_ac1_ovary	AC1	ovary	true	gtex_continuous_age	genesets/ovary/models/AC1/extractor/genesets.gmt
gtex_ac2_ovary	AC2	ovary	true	gtex_continuous_age	genesets/ovary/models/AC2/extractor/genesets.gmt
gtex_ac3_ovary	AC3	ovary	true	gtex_continuous_age	genesets/ovary/models/AC3/extractor/genesets.gmt
gtex_ac4_ovary	AC4	ovary	true	gtex_continuous_age	genesets/ovary/models/AC4/extractor/genesets.gmt
gtex_ac5_ovary	AC5	ovary	true	gtex_continuous_age	genesets/ovary/models/AC5/extractor/genesets.gmt
gtex_ac6_ovary	AC6	ovary	true	gtex_continuous_age	genesets/ovary/models/AC6/extractor/genesets.gmt
gtex_ac7_ovary	AC7	ovary	true	gtex_continuous_age	genesets/ovary/models/AC7/extractor/genesets.gmt
gtex_ac8_ovary	AC8	ovary	true	gtex_continuous_age	genesets/ovary/models/AC8/extractor/genesets.gmt
gtex_ac9_ovary	AC9	ovary	true	gtex_continuous_age	genesets/ovary/models/AC9/extractor/genesets.gmt
gtex_ac10_ovary	AC10	ovary	true	gtex_continuous_age	genesets/ovary/models/AC10/extractor/genesets.gmt
gtex_hz1_ovary	HZ1	ovary	true	gtex_aging_signatures	genesets/ovary/models/HZ1/extractor/genesets.gmt
gtex_ab1_pancreas	AB1	pancreas	true	gtex_age_binned	genesets/pancreas/models/AB1/extractor/genesets.gmt
gtex_ab2_pancreas	AB2	pancreas	true	gtex_age_binned	genesets/pancreas/models/AB2/extractor/genesets.gmt
gtex_ab3_pancreas	AB3	pancreas	true	gtex_age_binned	genesets/pancreas/models/AB3/extractor/genesets.gmt
gtex_ab4_pancreas	AB4	pancreas	true	gtex_age_binned	genesets/pancreas/models/AB4/extractor/genesets.gmt
gtex_ab5_pancreas	AB5	pancreas	true	gtex_age_binned	genesets/pancreas/models/AB5/extractor/genesets.gmt
gtex_ab6_pancreas	AB6	pancreas	true	gtex_age_binned	genesets/pancreas/models/AB6/extractor/genesets.gmt
gtex_ab7_pancreas	AB7	pancreas	true	gtex_age_binned	genesets/pancreas/models/AB7/extractor/genesets.gmt
gtex_ab8_pancreas	AB8	pancreas	true	gtex_age_binned	genesets/pancreas/models/AB8/extractor/genesets.gmt
gtex_ab9_pancreas	AB9	pancreas	true	gtex_age_binned	genesets/pancreas/models/AB9/extractor/genesets.gmt
gtex_ab10_pancreas	AB10	pancreas	true	gtex_age_binned	genesets/pancreas/models/AB10/extractor/genesets.gmt
gtex_ab11_pancreas	AB11	pancreas	true	gtex_age_binned	genesets/pancreas/models/AB11/extractor/genesets.gmt
gtex_ab12_pancreas	AB12	pancreas	true	gtex_age_binned	genesets/pancreas/models/AB12/extractor/genesets.gmt
gtex_ab13_pancreas	AB13	pancreas	true	gtex_age_binned	genesets/pancreas/models/AB13/extractor/genesets.gmt
gtex_ab14_pancreas	AB14	pancreas	true	gtex_age_binned	genesets/pancreas/models/AB14/extractor/genesets.gmt
gtex_ab15_pancreas	AB15	pancreas	true	gtex_age_binned	genesets/pancreas/models/AB15/extractor/genesets.gmt
gtex_ab16_pancreas	AB16	pancreas	true	gtex_age_binned	genesets/pancreas/models/AB16/extractor/genesets.gmt
gtex_ab17_pancreas	AB17	pancreas	true	gtex_age_binned	genesets/pancreas/models/AB17/extractor/genesets.gmt
gtex_ab18_pancreas	AB18	pancreas	true	gtex_age_binned	genesets/pancreas/models/AB18/extractor/genesets.gmt
gtex_ab19_pancreas	AB19	pancreas	true	gtex_age_binned	genesets/pancreas/models/AB19/extractor/genesets.gmt
gtex_ab20_pancreas	AB20	pancreas	true	gtex_age_binned	genesets/pancreas/models/AB20/extractor/genesets.gmt
gtex_ab21_pancreas	AB21	pancreas	true	gtex_age_binned	genesets/pancreas/models/AB21/extractor/genesets.gmt
gtex_ab22_pancreas	AB22	pancreas	true	gtex_age_binned	genesets/pancreas/models/AB22/extractor/genesets.gmt
gtex_ac1_pancreas	AC1	pancreas	true	gtex_continuous_age	genesets/pancreas/models/AC1/extractor/genesets.gmt
gtex_ac2_pancreas	AC2	pancreas	true	gtex_continuous_age	genesets/pancreas/models/AC2/extractor/genesets.gmt
gtex_ac3_pancreas	AC3	pancreas	true	gtex_continuous_age	genesets/pancreas/models/AC3/extractor/genesets.gmt
gtex_ac4_pancreas	AC4	pancreas	true	gtex_continuous_age	genesets/pancreas/models/AC4/extractor/genesets.gmt
gtex_ac5_pancreas	AC5	pancreas	true	gtex_continuous_age	genesets/pancreas/models/AC5/extractor/genesets.gmt
gtex_ac6_pancreas	AC6	pancreas	true	gtex_continuous_age	genesets/pancreas/models/AC6/extractor/genesets.gmt
gtex_ac7_pancreas	AC7	pancreas	true	gtex_continuous_age	genesets/pancreas/models/AC7/extractor/genesets.gmt
gtex_ac8_pancreas	AC8	pancreas	true	gtex_continuous_age	genesets/pancreas/models/AC8/extractor/genesets.gmt
gtex_ac9_pancreas	AC9	pancreas	true	gtex_continuous_age	genesets/pancreas/models/AC9/extractor/genesets.gmt
gtex_ac10_pancreas	AC10	pancreas	true	gtex_continuous_age	genesets/pancreas/models/AC10/extractor/genesets.gmt
gtex_hz1_pancreas	HZ1	pancreas	true	gtex_aging_signatures	genesets/pancreas/models/HZ1/extractor/genesets.gmt
gtex_ab1_pituitary	AB1	pituitary	true	gtex_age_binned	genesets/pituitary/models/AB1/extractor/genesets.gmt
gtex_ab2_pituitary	AB2	pituitary	true	gtex_age_binned	genesets/pituitary/models/AB2/extractor/genesets.gmt
gtex_ab3_pituitary	AB3	pituitary	true	gtex_age_binned	genesets/pituitary/models/AB3/extractor/genesets.gmt
gtex_ab4_pituitary	AB4	pituitary	true	gtex_age_binned	genesets/pituitary/models/AB4/extractor/genesets.gmt
gtex_ab5_pituitary	AB5	pituitary	true	gtex_age_binned	genesets/pituitary/models/AB5/extractor/genesets.gmt
gtex_ab6_pituitary	AB6	pituitary	true	gtex_age_binned	genesets/pituitary/models/AB6/extractor/genesets.gmt
gtex_ab7_pituitary	AB7	pituitary	true	gtex_age_binned	genesets/pituitary/models/AB7/extractor/genesets.gmt
gtex_ab8_pituitary	AB8	pituitary	true	gtex_age_binned	genesets/pituitary/models/AB8/extractor/genesets.gmt
gtex_ab9_pituitary	AB9	pituitary	true	gtex_age_binned	genesets/pituitary/models/AB9/extractor/genesets.gmt
gtex_ab10_pituitary	AB10	pituitary	true	gtex_age_binned	genesets/pituitary/models/AB10/extractor/genesets.gmt
gtex_ab11_pituitary	AB11	pituitary	true	gtex_age_binned	genesets/pituitary/models/AB11/extractor/genesets.gmt
gtex_ab12_pituitary	AB12	pituitary	true	gtex_age_binned	genesets/pituitary/models/AB12/extractor/genesets.gmt
gtex_ab13_pituitary	AB13	pituitary	true	gtex_age_binned	genesets/pituitary/models/AB13/extractor/genesets.gmt
gtex_ab14_pituitary	AB14	pituitary	true	gtex_age_binned	genesets/pituitary/models/AB14/extractor/genesets.gmt
gtex_ab15_pituitary	AB15	pituitary	true	gtex_age_binned	genesets/pituitary/models/AB15/extractor/genesets.gmt
gtex_ab16_pituitary	AB16	pituitary	true	gtex_age_binned	genesets/pituitary/models/AB16/extractor/genesets.gmt
gtex_ab17_pituitary	AB17	pituitary	true	gtex_age_binned	genesets/pituitary/models/AB17/extractor/genesets.gmt
gtex_ab18_pituitary	AB18	pituitary	true	gtex_age_binned	genesets/pituitary/models/AB18/extractor/genesets.gmt
gtex_ab19_pituitary	AB19	pituitary	true	gtex_age_binned	genesets/pituitary/models/AB19/extractor/genesets.gmt
gtex_ab20_pituitary	AB20	pituitary	true	gtex_age_binned	genesets/pituitary/models/AB20/extractor/genesets.gmt
gtex_ab21_pituitary	AB21	pituitary	true	gtex_age_binned	genesets/pituitary/models/AB21/extractor/genesets.gmt
gtex_ab22_pituitary	AB22	pituitary	true	gtex_age_binned	genesets/pituitary/models/AB22/extractor/genesets.gmt
gtex_ac1_pituitary	AC1	pituitary	true	gtex_continuous_age	genesets/pituitary/models/AC1/extractor/genesets.gmt
gtex_ac2_pituitary	AC2	pituitary	true	gtex_continuous_age	genesets/pituitary/models/AC2/extractor/genesets.gmt
gtex_ac3_pituitary	AC3	pituitary	true	gtex_continuous_age	genesets/pituitary/models/AC3/extractor/genesets.gmt
gtex_ac4_pituitary	AC4	pituitary	true	gtex_continuous_age	genesets/pituitary/models/AC4/extractor/genesets.gmt
gtex_ac5_pituitary	AC5	pituitary	true	gtex_continuous_age	genesets/pituitary/models/AC5/extractor/genesets.gmt
gtex_ac6_pituitary	AC6	pituitary	true	gtex_continuous_age	genesets/pituitary/models/AC6/extractor/genesets.gmt
gtex_ac7_pituitary	AC7	pituitary	true	gtex_continuous_age	genesets/pituitary/models/AC7/extractor/genesets.gmt
gtex_ac8_pituitary	AC8	pituitary	true	gtex_continuous_age	genesets/pituitary/models/AC8/extractor/genesets.gmt
gtex_ac9_pituitary	AC9	pituitary	true	gtex_continuous_age	genesets/pituitary/models/AC9/extractor/genesets.gmt
gtex_ac10_pituitary	AC10	pituitary	true	gtex_continuous_age	genesets/pituitary/models/AC10/extractor/genesets.gmt
gtex_hz1_pituitary	HZ1	pituitary	true	gtex_aging_signatures	genesets/pituitary/models/HZ1/extractor/genesets.gmt
gtex_ab1_prostate	AB1	prostate	true	gtex_age_binned	genesets/prostate/models/AB1/extractor/genesets.gmt
gtex_ab2_prostate	AB2	prostate	true	gtex_age_binned	genesets/prostate/models/AB2/extractor/genesets.gmt
gtex_ab3_prostate	AB3	prostate	true	gtex_age_binned	genesets/prostate/models/AB3/extractor/genesets.gmt
gtex_ab4_prostate	AB4	prostate	true	gtex_age_binned	genesets/prostate/models/AB4/extractor/genesets.gmt
gtex_ab5_prostate	AB5	prostate	true	gtex_age_binned	genesets/prostate/models/AB5/extractor/genesets.gmt
gtex_ab6_prostate	AB6	prostate	true	gtex_age_binned	genesets/prostate/models/AB6/extractor/genesets.gmt
gtex_ab7_prostate	AB7	prostate	true	gtex_age_binned	genesets/prostate/models/AB7/extractor/genesets.gmt
gtex_ab8_prostate	AB8	prostate	true	gtex_age_binned	genesets/prostate/models/AB8/extractor/genesets.gmt
gtex_ab9_prostate	AB9	prostate	true	gtex_age_binned	genesets/prostate/models/AB9/extractor/genesets.gmt
gtex_ab10_prostate	AB10	prostate	true	gtex_age_binned	genesets/prostate/models/AB10/extractor/genesets.gmt
gtex_ab11_prostate	AB11	prostate	true	gtex_age_binned	genesets/prostate/models/AB11/extractor/genesets.gmt
gtex_ab12_prostate	AB12	prostate	true	gtex_age_binned	genesets/prostate/models/AB12/extractor/genesets.gmt
gtex_ab13_prostate	AB13	prostate	true	gtex_age_binned	genesets/prostate/models/AB13/extractor/genesets.gmt
gtex_ab14_prostate	AB14	prostate	true	gtex_age_binned	genesets/prostate/models/AB14/extractor/genesets.gmt
gtex_ab15_prostate	AB15	prostate	true	gtex_age_binned	genesets/prostate/models/AB15/extractor/genesets.gmt
gtex_ab16_prostate	AB16	prostate	true	gtex_age_binned	genesets/prostate/models/AB16/extractor/genesets.gmt
gtex_ab17_prostate	AB17	prostate	true	gtex_age_binned	genesets/prostate/models/AB17/extractor/genesets.gmt
gtex_ab18_prostate	AB18	prostate	true	gtex_age_binned	genesets/prostate/models/AB18/extractor/genesets.gmt
gtex_ab19_prostate	AB19	prostate	true	gtex_age_binned	genesets/prostate/models/AB19/extractor/genesets.gmt
gtex_ab20_prostate	AB20	prostate	true	gtex_age_binned	genesets/prostate/models/AB20/extractor/genesets.gmt
gtex_ab21_prostate	AB21	prostate	true	gtex_age_binned	genesets/prostate/models/AB21/extractor/genesets.gmt
gtex_ab22_prostate	AB22	prostate	true	gtex_age_binned	genesets/prostate/models/AB22/extractor/genesets.gmt
gtex_ac1_prostate	AC1	prostate	true	gtex_continuous_age	genesets/prostate/models/AC1/extractor/genesets.gmt
gtex_ac2_prostate	AC2	prostate	true	gtex_continuous_age	genesets/prostate/models/AC2/extractor/genesets.gmt
gtex_ac3_prostate	AC3	prostate	true	gtex_continuous_age	genesets/prostate/models/AC3/extractor/genesets.gmt
gtex_ac4_prostate	AC4	prostate	true	gtex_continuous_age	genesets/prostate/models/AC4/extractor/genesets.gmt
gtex_ac5_prostate	AC5	prostate	true	gtex_continuous_age	genesets/prostate/models/AC5/extractor/genesets.gmt
gtex_ac6_prostate	AC6	prostate	true	gtex_continuous_age	genesets/prostate/models/AC6/extractor/genesets.gmt
gtex_ac7_prostate	AC7	prostate	true	gtex_continuous_age	genesets/prostate/models/AC7/extractor/genesets.gmt
gtex_ac8_prostate	AC8	prostate	true	gtex_continuous_age	genesets/prostate/models/AC8/extractor/genesets.gmt
gtex_ac9_prostate	AC9	prostate	true	gtex_continuous_age	genesets/prostate/models/AC9/extractor/genesets.gmt
gtex_ac10_prostate	AC10	prostate	true	gtex_continuous_age	genesets/prostate/models/AC10/extractor/genesets.gmt
gtex_hz1_prostate	HZ1	prostate	true	gtex_aging_signatures	genesets/prostate/models/HZ1/extractor/genesets.gmt
gtex_ab1_small_intestine	AB1	small_intestine	true	gtex_age_binned	genesets/small_intestine/models/AB1/extractor/genesets.gmt
gtex_ab2_small_intestine	AB2	small_intestine	true	gtex_age_binned	genesets/small_intestine/models/AB2/extractor/genesets.gmt
gtex_ab3_small_intestine	AB3	small_intestine	true	gtex_age_binned	genesets/small_intestine/models/AB3/extractor/genesets.gmt
gtex_ab4_small_intestine	AB4	small_intestine	true	gtex_age_binned	genesets/small_intestine/models/AB4/extractor/genesets.gmt
gtex_ab5_small_intestine	AB5	small_intestine	true	gtex_age_binned	genesets/small_intestine/models/AB5/extractor/genesets.gmt
gtex_ab6_small_intestine	AB6	small_intestine	true	gtex_age_binned	genesets/small_intestine/models/AB6/extractor/genesets.gmt
gtex_ab7_small_intestine	AB7	small_intestine	true	gtex_age_binned	genesets/small_intestine/models/AB7/extractor/genesets.gmt
gtex_ab8_small_intestine	AB8	small_intestine	true	gtex_age_binned	genesets/small_intestine/models/AB8/extractor/genesets.gmt
gtex_ab9_small_intestine	AB9	small_intestine	true	gtex_age_binned	genesets/small_intestine/models/AB9/extractor/genesets.gmt
gtex_ab10_small_intestine	AB10	small_intestine	true	gtex_age_binned	genesets/small_intestine/models/AB10/extractor/genesets.gmt
gtex_ab11_small_intestine	AB11	small_intestine	true	gtex_age_binned	genesets/small_intestine/models/AB11/extractor/genesets.gmt
gtex_ab12_small_intestine	AB12	small_intestine	true	gtex_age_binned	genesets/small_intestine/models/AB12/extractor/genesets.gmt
gtex_ab13_small_intestine	AB13	small_intestine	true	gtex_age_binned	genesets/small_intestine/models/AB13/extractor/genesets.gmt
gtex_ab14_small_intestine	AB14	small_intestine	true	gtex_age_binned	genesets/small_intestine/models/AB14/extractor/genesets.gmt
gtex_ab15_small_intestine	AB15	small_intestine	true	gtex_age_binned	genesets/small_intestine/models/AB15/extractor/genesets.gmt
gtex_ab16_small_intestine	AB16	small_intestine	true	gtex_age_binned	genesets/small_intestine/models/AB16/extractor/genesets.gmt
gtex_ab17_small_intestine	AB17	small_intestine	true	gtex_age_binned	genesets/small_intestine/models/AB17/extractor/genesets.gmt
gtex_ab18_small_intestine	AB18	small_intestine	true	gtex_age_binned	genesets/small_intestine/models/AB18/extractor/genesets.gmt
gtex_ab19_small_intestine	AB19	small_intestine	true	gtex_age_binned	genesets/small_intestine/models/AB19/extractor/genesets.gmt
gtex_ab20_small_intestine	AB20	small_intestine	true	gtex_age_binned	genesets/small_intestine/models/AB20/extractor/genesets.gmt
gtex_ab21_small_intestine	AB21	small_intestine	true	gtex_age_binned	genesets/small_intestine/models/AB21/extractor/genesets.gmt
gtex_ab22_small_intestine	AB22	small_intestine	true	gtex_age_binned	genesets/small_intestine/models/AB22/extractor/genesets.gmt
gtex_ac1_small_intestine	AC1	small_intestine	true	gtex_continuous_age	genesets/small_intestine/models/AC1/extractor/genesets.gmt
gtex_ac2_small_intestine	AC2	small_intestine	true	gtex_continuous_age	genesets/small_intestine/models/AC2/extractor/genesets.gmt
gtex_ac3_small_intestine	AC3	small_intestine	true	gtex_continuous_age	genesets/small_intestine/models/AC3/extractor/genesets.gmt
gtex_ac4_small_intestine	AC4	small_intestine	true	gtex_continuous_age	genesets/small_intestine/models/AC4/extractor/genesets.gmt
gtex_ac5_small_intestine	AC5	small_intestine	true	gtex_continuous_age	genesets/small_intestine/models/AC5/extractor/genesets.gmt
gtex_ac6_small_intestine	AC6	small_intestine	true	gtex_continuous_age	genesets/small_intestine/models/AC6/extractor/genesets.gmt
gtex_ac7_small_intestine	AC7	small_intestine	true	gtex_continuous_age	genesets/small_intestine/models/AC7/extractor/genesets.gmt
gtex_ac8_small_intestine	AC8	small_intestine	true	gtex_continuous_age	genesets/small_intestine/models/AC8/extractor/genesets.gmt
gtex_ac9_small_intestine	AC9	small_intestine	true	gtex_continuous_age	genesets/small_intestine/models/AC9/extractor/genesets.gmt
gtex_ac10_small_intestine	AC10	small_intestine	true	gtex_continuous_age	genesets/small_intestine/models/AC10/extractor/genesets.gmt
gtex_hz1_small_intestine	HZ1	small_intestine	true	gtex_aging_signatures	genesets/small_intestine/models/HZ1/extractor/genesets.gmt
gtex_ab1_spleen	AB1	spleen	true	gtex_age_binned	genesets/spleen/models/AB1/extractor/genesets.gmt
gtex_ab2_spleen	AB2	spleen	true	gtex_age_binned	genesets/spleen/models/AB2/extractor/genesets.gmt
gtex_ab3_spleen	AB3	spleen	true	gtex_age_binned	genesets/spleen/models/AB3/extractor/genesets.gmt
gtex_ab4_spleen	AB4	spleen	true	gtex_age_binned	genesets/spleen/models/AB4/extractor/genesets.gmt
gtex_ab5_spleen	AB5	spleen	true	gtex_age_binned	genesets/spleen/models/AB5/extractor/genesets.gmt
gtex_ab6_spleen	AB6	spleen	true	gtex_age_binned	genesets/spleen/models/AB6/extractor/genesets.gmt
gtex_ab7_spleen	AB7	spleen	true	gtex_age_binned	genesets/spleen/models/AB7/extractor/genesets.gmt
gtex_ab8_spleen	AB8	spleen	true	gtex_age_binned	genesets/spleen/models/AB8/extractor/genesets.gmt
gtex_ab9_spleen	AB9	spleen	true	gtex_age_binned	genesets/spleen/models/AB9/extractor/genesets.gmt
gtex_ab10_spleen	AB10	spleen	true	gtex_age_binned	genesets/spleen/models/AB10/extractor/genesets.gmt
gtex_ab11_spleen	AB11	spleen	true	gtex_age_binned	genesets/spleen/models/AB11/extractor/genesets.gmt
gtex_ab12_spleen	AB12	spleen	true	gtex_age_binned	genesets/spleen/models/AB12/extractor/genesets.gmt
gtex_ab13_spleen	AB13	spleen	true	gtex_age_binned	genesets/spleen/models/AB13/extractor/genesets.gmt
gtex_ab14_spleen	AB14	spleen	true	gtex_age_binned	genesets/spleen/models/AB14/extractor/genesets.gmt
gtex_ab15_spleen	AB15	spleen	true	gtex_age_binned	genesets/spleen/models/AB15/extractor/genesets.gmt
gtex_ab16_spleen	AB16	spleen	true	gtex_age_binned	genesets/spleen/models/AB16/extractor/genesets.gmt
gtex_ab17_spleen	AB17	spleen	true	gtex_age_binned	genesets/spleen/models/AB17/extractor/genesets.gmt
gtex_ab18_spleen	AB18	spleen	true	gtex_age_binned	genesets/spleen/models/AB18/extractor/genesets.gmt
gtex_ab19_spleen	AB19	spleen	true	gtex_age_binned	genesets/spleen/models/AB19/extractor/genesets.gmt
gtex_ab20_spleen	AB20	spleen	true	gtex_age_binned	genesets/spleen/models/AB20/extractor/genesets.gmt
gtex_ab21_spleen	AB21	spleen	true	gtex_age_binned	genesets/spleen/models/AB21/extractor/genesets.gmt
gtex_ab22_spleen	AB22	spleen	true	gtex_age_binned	genesets/spleen/models/AB22/extractor/genesets.gmt
gtex_ac1_spleen	AC1	spleen	true	gtex_continuous_age	genesets/spleen/models/AC1/extractor/genesets.gmt
gtex_ac2_spleen	AC2	spleen	true	gtex_continuous_age	genesets/spleen/models/AC2/extractor/genesets.gmt
gtex_ac3_spleen	AC3	spleen	true	gtex_continuous_age	genesets/spleen/models/AC3/extractor/genesets.gmt
gtex_ac4_spleen	AC4	spleen	true	gtex_continuous_age	genesets/spleen/models/AC4/extractor/genesets.gmt
gtex_ac5_spleen	AC5	spleen	true	gtex_continuous_age	genesets/spleen/models/AC5/extractor/genesets.gmt
gtex_ac6_spleen	AC6	spleen	true	gtex_continuous_age	genesets/spleen/models/AC6/extractor/genesets.gmt
gtex_ac7_spleen	AC7	spleen	true	gtex_continuous_age	genesets/spleen/models/AC7/extractor/genesets.gmt
gtex_ac8_spleen	AC8	spleen	true	gtex_continuous_age	genesets/spleen/models/AC8/extractor/genesets.gmt
gtex_ac9_spleen	AC9	spleen	true	gtex_continuous_age	genesets/spleen/models/AC9/extractor/genesets.gmt
gtex_ac10_spleen	AC10	spleen	true	gtex_continuous_age	genesets/spleen/models/AC10/extractor/genesets.gmt
gtex_hz1_spleen	HZ1	spleen	true	gtex_aging_signatures	genesets/spleen/models/HZ1/extractor/genesets.gmt
gtex_ab1_stomach	AB1	stomach	true	gtex_age_binned	genesets/stomach/models/AB1/extractor/genesets.gmt
gtex_ab2_stomach	AB2	stomach	true	gtex_age_binned	genesets/stomach/models/AB2/extractor/genesets.gmt
gtex_ab3_stomach	AB3	stomach	true	gtex_age_binned	genesets/stomach/models/AB3/extractor/genesets.gmt
gtex_ab4_stomach	AB4	stomach	true	gtex_age_binned	genesets/stomach/models/AB4/extractor/genesets.gmt
gtex_ab5_stomach	AB5	stomach	true	gtex_age_binned	genesets/stomach/models/AB5/extractor/genesets.gmt
gtex_ab6_stomach	AB6	stomach	true	gtex_age_binned	genesets/stomach/models/AB6/extractor/genesets.gmt
gtex_ab7_stomach	AB7	stomach	true	gtex_age_binned	genesets/stomach/models/AB7/extractor/genesets.gmt
gtex_ab8_stomach	AB8	stomach	true	gtex_age_binned	genesets/stomach/models/AB8/extractor/genesets.gmt
gtex_ab9_stomach	AB9	stomach	true	gtex_age_binned	genesets/stomach/models/AB9/extractor/genesets.gmt
gtex_ab10_stomach	AB10	stomach	true	gtex_age_binned	genesets/stomach/models/AB10/extractor/genesets.gmt
gtex_ab11_stomach	AB11	stomach	true	gtex_age_binned	genesets/stomach/models/AB11/extractor/genesets.gmt
gtex_ab12_stomach	AB12	stomach	true	gtex_age_binned	genesets/stomach/models/AB12/extractor/genesets.gmt
gtex_ab13_stomach	AB13	stomach	true	gtex_age_binned	genesets/stomach/models/AB13/extractor/genesets.gmt
gtex_ab14_stomach	AB14	stomach	true	gtex_age_binned	genesets/stomach/models/AB14/extractor/genesets.gmt
gtex_ab15_stomach	AB15	stomach	true	gtex_age_binned	genesets/stomach/models/AB15/extractor/genesets.gmt
gtex_ab16_stomach	AB16	stomach	true	gtex_age_binned	genesets/stomach/models/AB16/extractor/genesets.gmt
gtex_ab17_stomach	AB17	stomach	true	gtex_age_binned	genesets/stomach/models/AB17/extractor/genesets.gmt
gtex_ab18_stomach	AB18	stomach	true	gtex_age_binned	genesets/stomach/models/AB18/extractor/genesets.gmt
gtex_ab19_stomach	AB19	stomach	true	gtex_age_binned	genesets/stomach/models/AB19/extractor/genesets.gmt
gtex_ab20_stomach	AB20	stomach	true	gtex_age_binned	genesets/stomach/models/AB20/extractor/genesets.gmt
gtex_ab21_stomach	AB21	stomach	true	gtex_age_binned	genesets/stomach/models/AB21/extractor/genesets.gmt
gtex_ab22_stomach	AB22	stomach	true	gtex_age_binned	genesets/stomach/models/AB22/extractor/genesets.gmt
gtex_ac1_stomach	AC1	stomach	true	gtex_continuous_age	genesets/stomach/models/AC1/extractor/genesets.gmt
gtex_ac2_stomach	AC2	stomach	true	gtex_continuous_age	genesets/stomach/models/AC2/extractor/genesets.gmt
gtex_ac3_stomach	AC3	stomach	true	gtex_continuous_age	genesets/stomach/models/AC3/extractor/genesets.gmt
gtex_ac4_stomach	AC4	stomach	true	gtex_continuous_age	genesets/stomach/models/AC4/extractor/genesets.gmt
gtex_ac5_stomach	AC5	stomach	true	gtex_continuous_age	genesets/stomach/models/AC5/extractor/genesets.gmt
gtex_ac6_stomach	AC6	stomach	true	gtex_continuous_age	genesets/stomach/models/AC6/extractor/genesets.gmt
gtex_ac7_stomach	AC7	stomach	true	gtex_continuous_age	genesets/stomach/models/AC7/extractor/genesets.gmt
gtex_ac8_stomach	AC8	stomach	true	gtex_continuous_age	genesets/stomach/models/AC8/extractor/genesets.gmt
gtex_ac9_stomach	AC9	stomach	true	gtex_continuous_age	genesets/stomach/models/AC9/extractor/genesets.gmt
gtex_ac10_stomach	AC10	stomach	true	gtex_continuous_age	genesets/stomach/models/AC10/extractor/genesets.gmt
gtex_hz1_stomach	HZ1	stomach	true	gtex_aging_signatures	genesets/stomach/models/HZ1/extractor/genesets.gmt
gtex_ab1_testis	AB1	testis	true	gtex_age_binned	genesets/testis/models/AB1/extractor/genesets.gmt
gtex_ab2_testis	AB2	testis	true	gtex_age_binned	genesets/testis/models/AB2/extractor/genesets.gmt
gtex_ab3_testis	AB3	testis	true	gtex_age_binned	genesets/testis/models/AB3/extractor/genesets.gmt
gtex_ab4_testis	AB4	testis	true	gtex_age_binned	genesets/testis/models/AB4/extractor/genesets.gmt
gtex_ab5_testis	AB5	testis	true	gtex_age_binned	genesets/testis/models/AB5/extractor/genesets.gmt
gtex_ab6_testis	AB6	testis	true	gtex_age_binned	genesets/testis/models/AB6/extractor/genesets.gmt
gtex_ab7_testis	AB7	testis	true	gtex_age_binned	genesets/testis/models/AB7/extractor/genesets.gmt
gtex_ab8_testis	AB8	testis	true	gtex_age_binned	genesets/testis/models/AB8/extractor/genesets.gmt
gtex_ab9_testis	AB9	testis	true	gtex_age_binned	genesets/testis/models/AB9/extractor/genesets.gmt
gtex_ab10_testis	AB10	testis	true	gtex_age_binned	genesets/testis/models/AB10/extractor/genesets.gmt
gtex_ab11_testis	AB11	testis	true	gtex_age_binned	genesets/testis/models/AB11/extractor/genesets.gmt
gtex_ab12_testis	AB12	testis	true	gtex_age_binned	genesets/testis/models/AB12/extractor/genesets.gmt
gtex_ab13_testis	AB13	testis	true	gtex_age_binned	genesets/testis/models/AB13/extractor/genesets.gmt
gtex_ab14_testis	AB14	testis	true	gtex_age_binned	genesets/testis/models/AB14/extractor/genesets.gmt
gtex_ab15_testis	AB15	testis	true	gtex_age_binned	genesets/testis/models/AB15/extractor/genesets.gmt
gtex_ab16_testis	AB16	testis	true	gtex_age_binned	genesets/testis/models/AB16/extractor/genesets.gmt
gtex_ab17_testis	AB17	testis	true	gtex_age_binned	genesets/testis/models/AB17/extractor/genesets.gmt
gtex_ab18_testis	AB18	testis	true	gtex_age_binned	genesets/testis/models/AB18/extractor/genesets.gmt
gtex_ab19_testis	AB19	testis	true	gtex_age_binned	genesets/testis/models/AB19/extractor/genesets.gmt
gtex_ab20_testis	AB20	testis	true	gtex_age_binned	genesets/testis/models/AB20/extractor/genesets.gmt
gtex_ab21_testis	AB21	testis	true	gtex_age_binned	genesets/testis/models/AB21/extractor/genesets.gmt
gtex_ab22_testis	AB22	testis	true	gtex_age_binned	genesets/testis/models/AB22/extractor/genesets.gmt
gtex_ac1_testis	AC1	testis	true	gtex_continuous_age	genesets/testis/models/AC1/extractor/genesets.gmt
gtex_ac2_testis	AC2	testis	true	gtex_continuous_age	genesets/testis/models/AC2/extractor/genesets.gmt
gtex_ac3_testis	AC3	testis	true	gtex_continuous_age	genesets/testis/models/AC3/extractor/genesets.gmt
gtex_ac4_testis	AC4	testis	true	gtex_continuous_age	genesets/testis/models/AC4/extractor/genesets.gmt
gtex_ac5_testis	AC5	testis	true	gtex_continuous_age	genesets/testis/models/AC5/extractor/genesets.gmt
gtex_ac6_testis	AC6	testis	true	gtex_continuous_age	genesets/testis/models/AC6/extractor/genesets.gmt
gtex_ac7_testis	AC7	testis	true	gtex_continuous_age	genesets/testis/models/AC7/extractor/genesets.gmt
gtex_ac8_testis	AC8	testis	true	gtex_continuous_age	genesets/testis/models/AC8/extractor/genesets.gmt
gtex_ac9_testis	AC9	testis	true	gtex_continuous_age	genesets/testis/models/AC9/extractor/genesets.gmt
gtex_ac10_testis	AC10	testis	true	gtex_continuous_age	genesets/testis/models/AC10/extractor/genesets.gmt
gtex_hz1_testis	HZ1	testis	true	gtex_aging_signatures	genesets/testis/models/HZ1/extractor/genesets.gmt
gtex_ab1_thyroid	AB1	thyroid	true	gtex_age_binned	genesets/thyroid/models/AB1/extractor/genesets.gmt
gtex_ab2_thyroid	AB2	thyroid	true	gtex_age_binned	genesets/thyroid/models/AB2/extractor/genesets.gmt
gtex_ab3_thyroid	AB3	thyroid	true	gtex_age_binned	genesets/thyroid/models/AB3/extractor/genesets.gmt
gtex_ab4_thyroid	AB4	thyroid	true	gtex_age_binned	genesets/thyroid/models/AB4/extractor/genesets.gmt
gtex_ab5_thyroid	AB5	thyroid	true	gtex_age_binned	genesets/thyroid/models/AB5/extractor/genesets.gmt
gtex_ab6_thyroid	AB6	thyroid	true	gtex_age_binned	genesets/thyroid/models/AB6/extractor/genesets.gmt
gtex_ab7_thyroid	AB7	thyroid	true	gtex_age_binned	genesets/thyroid/models/AB7/extractor/genesets.gmt
gtex_ab8_thyroid	AB8	thyroid	true	gtex_age_binned	genesets/thyroid/models/AB8/extractor/genesets.gmt
gtex_ab9_thyroid	AB9	thyroid	true	gtex_age_binned	genesets/thyroid/models/AB9/extractor/genesets.gmt
gtex_ab10_thyroid	AB10	thyroid	true	gtex_age_binned	genesets/thyroid/models/AB10/extractor/genesets.gmt
gtex_ab11_thyroid	AB11	thyroid	true	gtex_age_binned	genesets/thyroid/models/AB11/extractor/genesets.gmt
gtex_ab12_thyroid	AB12	thyroid	true	gtex_age_binned	genesets/thyroid/models/AB12/extractor/genesets.gmt
gtex_ab13_thyroid	AB13	thyroid	true	gtex_age_binned	genesets/thyroid/models/AB13/extractor/genesets.gmt
gtex_ab14_thyroid	AB14	thyroid	true	gtex_age_binned	genesets/thyroid/models/AB14/extractor/genesets.gmt
gtex_ab15_thyroid	AB15	thyroid	true	gtex_age_binned	genesets/thyroid/models/AB15/extractor/genesets.gmt
gtex_ab16_thyroid	AB16	thyroid	true	gtex_age_binned	genesets/thyroid/models/AB16/extractor/genesets.gmt
gtex_ab17_thyroid	AB17	thyroid	true	gtex_age_binned	genesets/thyroid/models/AB17/extractor/genesets.gmt
gtex_ab18_thyroid	AB18	thyroid	true	gtex_age_binned	genesets/thyroid/models/AB18/extractor/genesets.gmt
gtex_ab19_thyroid	AB19	thyroid	true	gtex_age_binned	genesets/thyroid/models/AB19/extractor/genesets.gmt
gtex_ab20_thyroid	AB20	thyroid	true	gtex_age_binned	genesets/thyroid/models/AB20/extractor/genesets.gmt
gtex_ab21_thyroid	AB21	thyroid	true	gtex_age_binned	genesets/thyroid/models/AB21/extractor/genesets.gmt
gtex_ab22_thyroid	AB22	thyroid	true	gtex_age_binned	genesets/thyroid/models/AB22/extractor/genesets.gmt
gtex_ac1_thyroid	AC1	thyroid	true	gtex_continuous_age	genesets/thyroid/models/AC1/extractor/genesets.gmt
gtex_ac2_thyroid	AC2	thyroid	true	gtex_continuous_age	genesets/thyroid/models/AC2/extractor/genesets.gmt
gtex_ac3_thyroid	AC3	thyroid	true	gtex_continuous_age	genesets/thyroid/models/AC3/extractor/genesets.gmt
gtex_ac4_thyroid	AC4	thyroid	true	gtex_continuous_age	genesets/thyroid/models/AC4/extractor/genesets.gmt
gtex_ac5_thyroid	AC5	thyroid	true	gtex_continuous_age	genesets/thyroid/models/AC5/extractor/genesets.gmt
gtex_ac6_thyroid	AC6	thyroid	true	gtex_continuous_age	genesets/thyroid/models/AC6/extractor/genesets.gmt
gtex_ac7_thyroid	AC7	thyroid	true	gtex_continuous_age	genesets/thyroid/models/AC7/extractor/genesets.gmt
gtex_ac8_thyroid	AC8	thyroid	true	gtex_continuous_age	genesets/thyroid/models/AC8/extractor/genesets.gmt
gtex_ac9_thyroid	AC9	thyroid	true	gtex_continuous_age	genesets/thyroid/models/AC9/extractor/genesets.gmt
gtex_ac10_thyroid	AC10	thyroid	true	gtex_continuous_age	genesets/thyroid/models/AC10/extractor/genesets.gmt
gtex_hz1_thyroid	HZ1	thyroid	true	gtex_aging_signatures	genesets/thyroid/models/HZ1/extractor/genesets.gmt
gtex_ab1_uterus	AB1	uterus	true	gtex_age_binned	genesets/uterus/models/AB1/extractor/genesets.gmt
gtex_ab2_uterus	AB2	uterus	true	gtex_age_binned	genesets/uterus/models/AB2/extractor/genesets.gmt
gtex_ab3_uterus	AB3	uterus	true	gtex_age_binned	genesets/uterus/models/AB3/extractor/genesets.gmt
gtex_ab4_uterus	AB4	uterus	true	gtex_age_binned	genesets/uterus/models/AB4/extractor/genesets.gmt
gtex_ab5_uterus	AB5	uterus	true	gtex_age_binned	genesets/uterus/models/AB5/extractor/genesets.gmt
gtex_ab6_uterus	AB6	uterus	true	gtex_age_binned	genesets/uterus/models/AB6/extractor/genesets.gmt
gtex_ab7_uterus	AB7	uterus	true	gtex_age_binned	genesets/uterus/models/AB7/extractor/genesets.gmt
gtex_ab8_uterus	AB8	uterus	true	gtex_age_binned	genesets/uterus/models/AB8/extractor/genesets.gmt
gtex_ab9_uterus	AB9	uterus	true	gtex_age_binned	genesets/uterus/models/AB9/extractor/genesets.gmt
gtex_ab10_uterus	AB10	uterus	true	gtex_age_binned	genesets/uterus/models/AB10/extractor/genesets.gmt
gtex_ab11_uterus	AB11	uterus	true	gtex_age_binned	genesets/uterus/models/AB11/extractor/genesets.gmt
gtex_ab12_uterus	AB12	uterus	true	gtex_age_binned	genesets/uterus/models/AB12/extractor/genesets.gmt
gtex_ab13_uterus	AB13	uterus	true	gtex_age_binned	genesets/uterus/models/AB13/extractor/genesets.gmt
gtex_ab14_uterus	AB14	uterus	true	gtex_age_binned	genesets/uterus/models/AB14/extractor/genesets.gmt
gtex_ab15_uterus	AB15	uterus	true	gtex_age_binned	genesets/uterus/models/AB15/extractor/genesets.gmt
gtex_ab16_uterus	AB16	uterus	true	gtex_age_binned	genesets/uterus/models/AB16/extractor/genesets.gmt
gtex_ab17_uterus	AB17	uterus	true	gtex_age_binned	genesets/uterus/models/AB17/extractor/genesets.gmt
gtex_ab18_uterus	AB18	uterus	true	gtex_age_binned	genesets/uterus/models/AB18/extractor/genesets.gmt
gtex_ab19_uterus	AB19	uterus	true	gtex_age_binned	genesets/uterus/models/AB19/extractor/genesets.gmt
gtex_ab20_uterus	AB20	uterus	true	gtex_age_binned	genesets/uterus/models/AB20/extractor/genesets.gmt
gtex_ab21_uterus	AB21	uterus	true	gtex_age_binned	genesets/uterus/models/AB21/extractor/genesets.gmt
gtex_ab22_uterus	AB22	uterus	true	gtex_age_binned	genesets/uterus/models/AB22/extractor/genesets.gmt
gtex_ac1_uterus	AC1	uterus	true	gtex_continuous_age	genesets/uterus/models/AC1/extractor/genesets.gmt
gtex_ac2_uterus	AC2	uterus	true	gtex_continuous_age	genesets/uterus/models/AC2/extractor/genesets.gmt
gtex_ac3_uterus	AC3	uterus	true	gtex_continuous_age	genesets/uterus/models/AC3/extractor/genesets.gmt
gtex_ac4_uterus	AC4	uterus	true	gtex_continuous_age	genesets/uterus/models/AC4/extractor/genesets.gmt
gtex_ac5_uterus	AC5	uterus	true	gtex_continuous_age	genesets/uterus/models/AC5/extractor/genesets.gmt
gtex_ac6_uterus	AC6	uterus	true	gtex_continuous_age	genesets/uterus/models/AC6/extractor/genesets.gmt
gtex_ac7_uterus	AC7	uterus	true	gtex_continuous_age	genesets/uterus/models/AC7/extractor/genesets.gmt
gtex_ac8_uterus	AC8	uterus	true	gtex_continuous_age	genesets/uterus/models/AC8/extractor/genesets.gmt
gtex_ac9_uterus	AC9	uterus	true	gtex_continuous_age	genesets/uterus/models/AC9/extractor/genesets.gmt
gtex_ac10_uterus	AC10	uterus	true	gtex_continuous_age	genesets/uterus/models/AC10/extractor/genesets.gmt
gtex_hz1_uterus	HZ1	uterus	true	gtex_aging_signatures	genesets/uterus/models/HZ1/extractor/genesets.gmt
gtex_ab1_vagina	AB1	vagina	true	gtex_age_binned	genesets/vagina/models/AB1/extractor/genesets.gmt
gtex_ab2_vagina	AB2	vagina	true	gtex_age_binned	genesets/vagina/models/AB2/extractor/genesets.gmt
gtex_ab3_vagina	AB3	vagina	true	gtex_age_binned	genesets/vagina/models/AB3/extractor/genesets.gmt
gtex_ab4_vagina	AB4	vagina	true	gtex_age_binned	genesets/vagina/models/AB4/extractor/genesets.gmt
gtex_ab5_vagina	AB5	vagina	true	gtex_age_binned	genesets/vagina/models/AB5/extractor/genesets.gmt
gtex_ab6_vagina	AB6	vagina	true	gtex_age_binned	genesets/vagina/models/AB6/extractor/genesets.gmt
gtex_ab7_vagina	AB7	vagina	true	gtex_age_binned	genesets/vagina/models/AB7/extractor/genesets.gmt
gtex_ab8_vagina	AB8	vagina	true	gtex_age_binned	genesets/vagina/models/AB8/extractor/genesets.gmt
gtex_ab9_vagina	AB9	vagina	true	gtex_age_binned	genesets/vagina/models/AB9/extractor/genesets.gmt
gtex_ab10_vagina	AB10	vagina	true	gtex_age_binned	genesets/vagina/models/AB10/extractor/genesets.gmt
gtex_ab11_vagina	AB11	vagina	true	gtex_age_binned	genesets/vagina/models/AB11/extractor/genesets.gmt
gtex_ab12_vagina	AB12	vagina	true	gtex_age_binned	genesets/vagina/models/AB12/extractor/genesets.gmt
gtex_ab13_vagina	AB13	vagina	true	gtex_age_binned	genesets/vagina/models/AB13/extractor/genesets.gmt
gtex_ab14_vagina	AB14	vagina	true	gtex_age_binned	genesets/vagina/models/AB14/extractor/genesets.gmt
gtex_ab15_vagina	AB15	vagina	true	gtex_age_binned	genesets/vagina/models/AB15/extractor/genesets.gmt
gtex_ab16_vagina	AB16	vagina	true	gtex_age_binned	genesets/vagina/models/AB16/extractor/genesets.gmt
gtex_ab17_vagina	AB17	vagina	true	gtex_age_binned	genesets/vagina/models/AB17/extractor/genesets.gmt
gtex_ab18_vagina	AB18	vagina	true	gtex_age_binned	genesets/vagina/models/AB18/extractor/genesets.gmt
gtex_ab19_vagina	AB19	vagina	true	gtex_age_binned	genesets/vagina/models/AB19/extractor/genesets.gmt
gtex_ab20_vagina	AB20	vagina	true	gtex_age_binned	genesets/vagina/models/AB20/extractor/genesets.gmt
gtex_ab21_vagina	AB21	vagina	true	gtex_age_binned	genesets/vagina/models/AB21/extractor/genesets.gmt
gtex_ab22_vagina	AB22	vagina	true	gtex_age_binned	genesets/vagina/models/AB22/extractor/genesets.gmt
gtex_ac1_vagina	AC1	vagina	true	gtex_continuous_age	genesets/vagina/models/AC1/extractor/genesets.gmt
gtex_ac2_vagina	AC2	vagina	true	gtex_continuous_age	genesets/vagina/models/AC2/extractor/genesets.gmt
gtex_ac3_vagina	AC3	vagina	true	gtex_continuous_age	genesets/vagina/models/AC3/extractor/genesets.gmt
gtex_ac4_vagina	AC4	vagina	true	gtex_continuous_age	genesets/vagina/models/AC4/extractor/genesets.gmt
gtex_ac5_vagina	AC5	vagina	true	gtex_continuous_age	genesets/vagina/models/AC5/extractor/genesets.gmt
gtex_ac6_vagina	AC6	vagina	true	gtex_continuous_age	genesets/vagina/models/AC6/extractor/genesets.gmt
gtex_ac7_vagina	AC7	vagina	true	gtex_continuous_age	genesets/vagina/models/AC7/extractor/genesets.gmt
gtex_ac8_vagina	AC8	vagina	true	gtex_continuous_age	genesets/vagina/models/AC8/extractor/genesets.gmt
gtex_ac9_vagina	AC9	vagina	true	gtex_continuous_age	genesets/vagina/models/AC9/extractor/genesets.gmt
gtex_ac10_vagina	AC10	vagina	true	gtex_continuous_age	genesets/vagina/models/AC10/extractor/genesets.gmt
gtex_hz1_vagina	HZ1	vagina	true	gtex_aging_signatures	genesets/vagina/models/HZ1/extractor/genesets.gmt
gtex_hz2_all_detailed_tissues	HZ2	all_detailed_tissues	true	gtex_hz_consensus	genesets/all_detailed_tissues/models/HZ2/extractor/genesets.gmt
gtex_smoke_ab4_adipose_subcutaneous	AB4	adipose_subcutaneous	true	gtex_age_binned	genesets/adipose_subcutaneous/models/AB4/extractor/genesets.gmt
gtex_smoke_hz2_all_detailed_tissues	HZ2	all_detailed_tissues	true	gtex_hz_consensus	genesets/all_detailed_tissues/models/HZ2/extractor/genesets.gmt
