gene_symbol	gene_id	logFC	AveExpr	t	P.Value	adj.P.Val
EDN2	ENSG00000127129.9	6.15716309722414	-1.491155020988	3.61320173090742	0.00269005771441232	0.0450952657813017
SULT2A1	ENSG00000105398.3	5.00554544622211	7.72708789755183	4.28272593398684	0.000706005907807018	0.0267691382571104
ADH4	ENSG00000198099.8	4.85516465090623	8.43034621201024	4.28190730412366	0.000707147315629758	0.0267691382571104
ADH1C	ENSG00000248144.5	4.44386584467825	7.48695518380994	5.25417555428565	0.000109255549830904	0.0151088802603758
ACSM2A	ENSG00000183747.11	4.35437394647264	7.65995520559179	6.64697228025179	9.31744182739152e-06	0.00767420692173916
BDH1	ENSG00000161267.11	4.27693561690337	7.25332196576114	5.62258374303756	5.55185016455909e-05	0.0126552537597547
BCO2	ENSG00000197580.11	4.21948647750811	4.85533924570537	4.45112372419659	0.000507082235225337	0.0242376552659967
LIME1	ENSG00000203896.9	4.18596968911443	6.35773590068615	3.92106466502899	0.00144906307732194	0.0356260233185853
ASPN	ENSG00000106819.11	4.13383828728976	3.21621122355006	3.73732113369768	0.00209513611562899	0.0410461211637472
PTH1R	ENSG00000160801.13	4.1180873418728	4.74482089557376	3.74430213732479	0.00206592678614784	0.0409902766991259
HISLA	ENSG00000258867.5	4.07647584838432	3.99288535017449	4.42494207851453	0.000533759793348384	0.0247273617432054
ETNK2	ENSG00000143845.14	4.04086680738667	5.88759345765853	3.61775488841508	0.00266548004315287	0.0449828906513011
ADH1B	ENSG00000196616.13	4.00720211623786	10.0234458795374	4.6896901714178	0.000318874471518892	0.0220085583199986
TSKU	ENSG00000182704.7	3.93039085601177	6.69019927182218	4.20451688779904	0.000824044443264966	0.0283770967109299
CYP2C8	ENSG00000138115.13	3.86298795171643	8.47592755678874	3.83065363812551	0.00173691287660439	0.0380057104510626
HSPA1B	ENSG00000204388.6	3.82083312022821	6.61675778215548	3.70819261519507	0.00222158786504455	0.0419184187403165
BAAT	ENSG00000136881.11	3.79177684848544	7.30163213764363	5.96022782805066	3.03390877198838e-05	0.0103182067965811
CYP2C9	ENSG00000138109.9	3.77223954098948	8.66523433581473	4.65723355766538	0.000339523294744047	0.022270427489957
PIPOX	ENSG00000179761.11	3.70918782464988	7.34682679675531	6.58770359472281	1.02904249637011e-05	0.00767420692173916
ACOX2	ENSG00000168306.12	3.70642324233107	6.21291663421704	3.7572327310229	0.00201290686331556	0.0405194529387982
EXOC3L4	ENSG00000205436.7	3.70599706155581	5.66754208653489	4.82811026881359	0.000244339704352552	0.0196236108198221
GLYATL1	ENSG00000166840.13	3.69183622781003	6.58504136414361	4.34402872589584	0.000625674748366895	0.0259255934584453
ACBD4	ENSG00000181513.14	3.61331923844287	5.82114365417428	4.34865207067538	0.00062000962102524	0.0258344581988751
FMO3	ENSG00000007933.12	3.58602313564691	7.480290919202	4.55554153264466	0.00041359538894965	0.0232997858502036
SLC22A7	ENSG00000137204.14	3.56781054702869	7.94345744404105	4.48833738742862	0.000471498459949923	0.0236671069912684
NFASC	ENSG00000163531.15	3.5606661558655	3.43387582406488	4.6749268306458	0.000328101588615203	0.0221293481948048
SLC25A27	ENSG00000153291.15	3.53970921526604	3.93383156291942	3.93544558300884	0.00140796015828148	0.035221208527428
COLEC10	ENSG00000184374.2	3.51277615159681	3.40928240888763	4.33368837427284	0.000638537849485632	0.0261037089788859
SEPTIN4	ENSG00000108387.14	3.49935934676015	4.69111596897941	4.30075359378341	0.000681342488023279	0.0267144670198746
ACSM2B	ENSG00000066813.14	3.49543020154159	7.58318777470191	4.89945534734258	0.000213196690336024	0.0186529238399579
CAT	ENSG00000121691.4	3.48599819517745	7.77293226750447	4.54413559425031	0.000422881790060726	0.0232997858502036
LINC00924	ENSG00000259134.5	3.41526344511466	-0.0476896390527175	3.54619409828496	0.00307931314393097	0.0476846072773553
SLC38A3	ENSG00000188338.14	3.39912199502274	7.53287585814968	3.66093012164711	0.00244338105910893	0.0434451812453893
NR1I3	ENSG00000143257.11	3.37991466125016	5.68529981489049	4.23155096547392	0.000781115793502186	0.0278657276584003
TAT	ENSG00000198650.10	3.35398097959179	8.53781189158413	3.89078889410794	0.00153962520362062	0.036366945186892
EHHADH	ENSG00000113790.10	3.35232741434264	6.96493939495899	4.14281490240068	0.000931286310923427	0.0301964283962149
TP53I13	ENSG00000167543.15	3.34331279813067	5.354445204287	4.67886586827758	0.000325613097623377	0.0220754403544576
UPB1	ENSG00000100024.14	3.3411633327789	6.81447944629522	4.03526025846592	0.00115349804155423	0.0330308846912817
SLC2A4RG	ENSG00000125520.13	3.33198116604325	6.56183505477365	3.87670569782582	0.00158368904351513	0.0367984482351491
HSPA1A	ENSG00000204389.9	3.31677380272826	7.46888749473306	3.86164177149333	0.00163223919661785	0.0372631167029623
FAM13A	ENSG00000138640.14	3.31378290997437	4.98800249901207	3.7865125841846	0.00189787924946241	0.0397905099782153
SMLR1	ENSG00000256162.2	3.26995105081766	4.67244286003923	4.27132442454861	0.000722074081876417	0.0268608128177353
GLYCTK	ENSG00000168237.17	3.26022682409754	7.10336031935487	4.63889646367721	0.000351793343532321	0.0223677665402182
RIPOR3	ENSG00000042062.11	3.25364039949192	4.17318780118821	3.67397686622463	0.00238001145830671	0.0429867545155676
PDK4	ENSG00000004799.7	3.21951226081012	6.14676839730316	3.62953294123901	0.00260294731940845	0.0445516480538314
KLKB1	ENSG00000164344.15	3.2060199631759	6.06404674722832	4.28163573418987	0.000707526380022625	0.0267691382571104
SAMD11	ENSG00000187634.11	3.14473104192961	1.39987665817241	3.5263768097558	0.00320494728150924	0.0482158303321001
AGXT	ENSG00000172482.4	3.1245784655043	10.1730831708607	4.08457414376283	0.00104558344630884	0.0317958880633838
GADD45A	ENSG00000116717.11	3.12089914844919	5.32741038604271	4.45238761731191	0.000505829573386581	0.0242376552659967
GALT	ENSG00000213930.11	3.11792044886249	6.01316837796884	4.32286565223936	0.000652291393848474	0.0263942588093434
SLC38A4	ENSG00000139209.15	3.11214576008194	7.81797495422118	4.943969228732	0.000195871386649385	0.0183931479888126
EPHX2	ENSG00000120915.13	3.08828503140705	6.86349211862066	6.4397574505529	1.32136695257136e-05	0.00804043367886284
AKR1C4	ENSG00000198610.10	3.0848879769105	6.00673541164886	3.74547493203573	0.00206106022786098	0.0409902766991259
ALDOB	ENSG00000136872.17	3.06608789646184	11.1239232770942	4.93700458304386	0.000198482983852202	0.0183931479888126
HSF4	ENSG00000102878.16	3.04889763639099	4.06690921368211	6.36640141666977	1.4974437609597e-05	0.00808671266909998
ISLR	ENSG00000129009.12	3.02701950790132	2.27148201587116	3.81323343778853	0.00179871772666122	0.0386946680181887
NUPR1	ENSG00000176046.8	3.02022173289746	7.14786020637616	8.10496195979032	9.37182169525166e-07	0.00218696298469416
SARDH	ENSG00000123453.17	3.00874546839409	6.25856116706882	3.53830790801218	0.0031287045341624	0.0480532937388324
HNMT	ENSG00000150540.13	3.00430339514984	5.36237794499771	4.42061357826339	0.000538307113903258	0.0247273617432054
RGN	ENSG00000130988.12	2.99691924752069	6.31252824562004	3.70614764940021	0.00223074989906784	0.0419397048851158
SULT1A1	ENSG00000196502.11	2.98710098712781	5.89032368304153	4.04745338675196	0.00112580216779991	0.032744642284515
HAND2-AS1	ENSG00000237125.8	2.96486767594294	2.75903444295661	3.84656351691969	0.00168234786853233	0.0378552442084552
PDLIM2	ENSG00000120913.23	2.96320223217021	4.61695073176326	3.99647418559131	0.00124629916466274	0.0338853944093908
OSGIN1	ENSG00000140961.12	2.96175166177681	6.12121193636947	4.75110367994011	0.000283269968663481	0.0212262726279368
PRODH2	ENSG00000250799.9	2.96116178113986	6.26932891846394	4.4212887760348	0.000537595174553451	0.0247273617432054
OLFML3	ENSG00000116774.11	2.93674630596144	3.29491296930036	4.30904198573498	0.000670300943114931	0.0267114073031118
BDH2	ENSG00000164039.14	2.92424235443602	4.1653920313128	3.57169025079981	0.0029249315864249	0.0470691377501339
GPM6A	ENSG00000150625.16	2.9086757033146	1.75841173972347	3.56986060603915	0.00293574619228811	0.0470691377501339
LINC02967	ENSG00000274173.1	2.90198641343537	1.07155920298911	3.55777211042808	0.0030082165318175	0.0471268259132762
TMT1A	ENSG00000185432.11	2.88291480531985	7.72731414937536	5.04711191386094	0.000161096990961907	0.0178931913152796
PHLDA3	ENSG00000174307.6	2.87657885305986	2.37720773127526	3.57073528196093	0.00293057117542381	0.0470691377501339
C3P1	ENSG00000167798.17	2.8744962014959	8.10743072483026	4.18807340775148	0.000851327807330974	0.0289173421302167
SLCO2B1	ENSG00000137491.14	2.87007355980063	7.53034653543289	5.85484503245386	3.65747677083757e-05	0.0108074988128466
CYP3A5	ENSG00000106258.13	2.86631952951772	7.61230863483848	3.95247852807766	0.00136080625476909	0.0347721168124502
TRANK1	ENSG00000168016.13	2.84413792462201	4.33127453824818	5.25433374473676	0.000109223373530455	0.0151088802603758
GCGR	ENSG00000215644.9	2.83703492641583	6.71448809648607	3.63054905909045	0.00259762226277167	0.0445310733248817
RDH16	ENSG00000139547.7	2.81506313101917	8.13291006167049	3.84277375399395	0.00169518563549826	0.0379118565486636
HAAO	ENSG00000162882.14	2.79816347469384	6.42537685674399	4.23458998750856	0.000776435124470623	0.0277619874071562
HHIP	ENSG00000164161.9	2.76022374375207	2.89195775137676	4.53657575575459	0.000429154686370013	0.0232997858502036
MEGF6	ENSG00000162591.15	2.75085641681323	2.75818724890134	3.74028168745205	0.0020826981637843	0.0410074882999294
PPP1R3C	ENSG00000119938.8	2.73784044299614	6.71065955273343	5.71258469332339	4.71868198305136e-05	0.0125253014468758
GATM	ENSG00000171766.15	2.73720945440428	9.10476782663489	3.73990339282732	0.00208428329523937	0.0410074882999294
TDO2	ENSG00000151790.8	2.73456227343503	7.45364473769405	3.55978823007982	0.00299600606824994	0.0471268259132762
ALDH1L1	ENSG00000144908.13	2.70792538284681	7.21904544155496	4.63482255866357	0.000354580793231732	0.0223914911403313
IL17RC	ENSG00000163702.18	2.70751034736663	6.21618475977707	4.98302964589351	0.000181868698139429	0.0183757785907199
AKR7L	ENSG00000211454.13	2.67180851330602	5.01037795950543	4.55692145860385	0.000412486197959442	0.0232997858502036
ANKS4B	ENSG00000175311.6	2.6667166838996	4.24596077132649	4.22828738273489	0.000786174463966186	0.0279824506367601
SLC25A42	ENSG00000181035.13	2.65543964720462	6.37519208942894	4.17628666728602	0.000871451002791178	0.0291939761618088
RORC	ENSG00000143365.17	2.65502169186486	6.10884288498836	4.03741523152935	0.0011485531597045	0.0330177195656673
A1CF	ENSG00000148584.14	2.64601421442124	7.08543703859828	4.8694381891678	0.000225767379603114	0.0191270365229015
APOA5	ENSG00000110243.11	2.63280326070655	7.6247850336188	3.89077907518039	0.00153965548787535	0.036366945186892
PLIN2	ENSG00000147872.9	2.62061820335225	7.98965034774753	5.76080829920042	4.32694132524312e-05	0.0118884610692338
ADHFE1	ENSG00000147576.15	2.61287060427006	5.6169893838044	4.0084199345587	0.00121693450147502	0.0337415724735199
MAOB	ENSG00000069535.13	2.57027524380216	6.70486624357765	4.48951153084375	0.000470418420895618	0.0236671069912684
PPP1R3E	ENSG00000235194.8	2.57007419915634	3.86039858680921	3.51396512738781	0.00328624315948283	0.0490618247098767
PNPLA7	ENSG00000130653.15	2.56039818503588	4.91702036092397	3.55765193133676	0.00300894596539942	0.0471268259132762
NDRG2	ENSG00000165795.23	2.55774557154823	7.82462705730573	4.21126895814308	0.000813101567235307	0.0283770967109299
ABCG5	ENSG00000138075.11	2.54536437992603	6.390768650371	3.91992071621351	0.00145238454280438	0.0356290451401137
TCEA3	ENSG00000204219.9	2.53573587222934	6.02155141390671	3.99063032974065	0.00126092596229221	0.0338867791219196
ACACB	ENSG00000076555.15	2.50190809982702	7.06673603306702	4.64860104841321	0.00034524378178252	0.0223448491977255
RAB17	ENSG00000124839.12	2.49708514405945	6.45586895151965	4.05593597731239	0.00110693487603152	0.032744642284515
FTCD	ENSG00000160282.13	2.48278508385792	8.57483642833876	4.19679464447519	0.000836744310128576	0.0285495700237988
GSDMB	ENSG00000073605.18	2.43514647999695	5.35371516774947	3.63242354471418	0.00258782764837763	0.0444385622820637
SMAD9	ENSG00000120693.13	2.43048761686712	1.40862902427347	4.14819304421577	0.000921396497366992	0.0301964283962149
HAO1	ENSG00000101323.4	2.43004359036763	6.73728548309556	3.81247321247927	0.00180146509905122	0.0387006103103446
PLA2R1	ENSG00000153246.12	2.42569750380012	1.32061589623211	3.80316238587354	0.0018354602744422	0.0390559013016838
COBLL1	ENSG00000082438.15	2.38787184506238	5.87652307415254	4.24711300857513	0.000757447892469748	0.0275121568633554
QRICH2	ENSG00000129646.14	2.37117119590872	2.58216239880924	3.68332784361782	0.00233561535156102	0.0425935771454562
FGFR2	ENSG00000066468.22	2.37017613072631	4.58383637822717	5.07928700593874	0.000151609469009464	0.0174816176857559
IKZF2	ENSG00000030419.16	2.35620509837148	1.48331426465443	3.74304618552103	0.00207115129325038	0.0409902766991259
ALDH5A1	ENSG00000112294.12	2.34848088964881	6.07625520767762	3.55778047470436	0.00300816577100465	0.0471268259132762
ADAMTS13	ENSG00000160323.18	2.34327359409407	5.51150722207875	4.62223902432805	0.000363335160325929	0.0226637113568592
ACAD11	ENSG00000240303.7	2.33794454671174	6.64831373208029	4.2471665260758	0.000757367777103682	0.0275121568633554
MLXIPL	ENSG00000009950.15	2.33332766316074	9.26329450892284	3.94132824676714	0.00139148977628422	0.034992074253412
C2orf72	ENSG00000204128.5	2.32139501253787	7.19327270191284	4.4621301326584	0.000496279627274487	0.0242376552659967
PRELP	ENSG00000188783.5	2.31652569794654	4.57896069673213	4.00695678665569	0.00122049299576652	0.0337556695771141
BOK	ENSG00000176720.4	2.3114995677094	6.48022591209712	4.39982769125829	0.000560703903134926	0.02500606332778
ENSG00000262580	ENSG00000262580.5	2.30103239662036	2.67325691602324	3.91945601232006	0.00145373602225482	0.0356290451401137
NR1H3	ENSG00000025434.18	2.2850415985607	5.92257186689313	5.36720122296424	8.859492198176e-05	0.0149191943350144
STARD10	ENSG00000214530.8	2.27901757689734	8.32038013797014	4.29042796765058	0.000695358920919884	0.0267691382571104
RCN3	ENSG00000142552.7	2.27146376406025	4.94791135521347	4.36630547151393	0.000598857486255177	0.0256612105325295
MVB12B	ENSG00000196814.14	2.26485863917683	3.16685146964501	3.72139998318497	0.00216332371164928	0.0413672926106707
NEIL1	ENSG00000140398.13	2.2559182233397	4.32727606609294	3.71443372103431	0.00219386028186916	0.041701894916833
TDRD10	ENSG00000163239.12	2.23692352233945	1.7613268812118	4.80414841456808	0.000255823562534506	0.0200322640642645
ADAMTS10	ENSG00000142303.13	2.23246521268679	3.21738362952184	4.38673711511263	0.000575297381547435	0.025237345356903
CAPN5	ENSG00000149260.15	2.23178222477392	6.16998775912665	3.74787366791319	0.00205114264855596	0.0409902766991259
CYBRD1	ENSG00000071967.11	2.19264996552185	3.78892182864117	4.06391382283231	0.00108948421268282	0.0326866135149916
PAPLN	ENSG00000100767.15	2.19161441151127	1.77048181883071	3.58237868012335	0.00286255109673197	0.0465528688742673
OGDHL	ENSG00000197444.9	2.18493207748874	6.56250776985475	3.84510741806695	0.001687268681904	0.0378571845663302
QDPR	ENSG00000151552.11	2.18442291350751	6.59994668268194	4.573385838445	0.000399485595800788	0.0232997858502036
YPEL3	ENSG00000090238.11	2.18373398469792	4.66101599049028	4.6818547995097	0.000323737816993568	0.0220443611037309
CYP2D7	ENSG00000205702.10	2.18235566974708	6.09421617009429	3.70221305639492	0.00224848551127241	0.041987478847423
CSRP1-AS1	ENSG00000224536.2	2.18233957209366	2.16318308745373	4.04819325223797	0.00112414357029155	0.032744642284515
DEPDC7	ENSG00000121690.10	2.18199642497356	5.00691503664862	5.19990199203469	0.00012089693910985	0.015778058028328
LCN12	ENSG00000184925.11	2.18101354423977	3.88428801174412	3.72829136694921	0.00213353794909597	0.0411889880734548
ARHGEF40	ENSG00000165801.9	2.17858004766097	5.85788425682671	4.47643066291743	0.00048259583069358	0.0240349909851093
AMT	ENSG00000145020.15	2.16487291174309	5.36881091622739	3.85364487556933	0.00165862341021112	0.0375371405019021
CNKSR3	ENSG00000153721.18	2.16202061001072	4.86567032001976	4.47554536318009	0.000483431591872131	0.0240349909851093
PAH	ENSG00000171759.9	2.13035288941875	9.1771657246025	4.2447755019163	0.000760955595340394	0.0275121568633554
KLC4	ENSG00000137171.14	2.12989349927649	5.93186524871349	3.74140909713439	0.0020779813130723	0.0409989709164683
RBP1	ENSG00000114115.9	2.11547432728784	4.70551011757908	4.33436355022975	0.000637689741279528	0.0261037089788859
CD27-AS1	ENSG00000215039.6	2.11265454935204	2.81743450706237	4.40168227161588	0.000558667320988826	0.02500606332778
ACAA1	ENSG00000060971.17	2.11115593435627	7.82807021010572	4.15032942395664	0.000917497738588827	0.0301868321093269
HADH	ENSG00000138796.16	2.10868819039205	6.44199308024419	3.90586520461208	0.00149383161132664	0.0361634594286865
FBLN5	ENSG00000140092.14	2.09942921961122	4.1757556466828	4.4278219382074	0.000530756198195003	0.0247273617432054
C7	ENSG00000112936.18	2.09821162546753	6.86675327214484	4.05484933144462	0.00110933373251602	0.032744642284515
CLIP3	ENSG00000105270.14	2.09606261300197	1.64596810623648	4.56989993355591	0.000402202521833735	0.0232997858502036
ITGAL	ENSG00000005844.17	2.08708796736528	4.24502242657966	3.92902271600796	0.00142616932707135	0.0353405661887094
MPLKIP	ENSG00000168303.6	2.0702426209304	4.66228214639695	4.11289993947841	0.000988308039873091	0.0309579725266928
PCYT2	ENSG00000185813.10	2.03763653022806	6.65590626923859	3.73621222867335	0.00209981418342328	0.0410461211637472
IGFBP3	ENSG00000146674.14	2.02706065783966	8.46677412092044	4.18923393738898	0.000849372308625288	0.0289173421302167
COLEC11	ENSG00000118004.17	2.02274199933673	5.97309711705615	5.11155888995642	0.000142673408156259	0.016927335190418
CXCL12	ENSG00000107562.16	2.01972380597693	6.96883690319221	5.07218434151674	0.000153652868940875	0.0174816176857559
DGLUCY	ENSG00000133943.20	2.01660489440674	4.92118760014098	4.56240149225754	0.000408111427516671	0.0232997858502036
ZGLP1	ENSG00000220201.7	2.01209384279607	2.42324768794855	4.91218617057529	0.000208085767614535	0.0186308664996946
LIMS2	ENSG00000072163.19	2.00806955412248	5.07731806042742	3.94116174683881	0.0013919532428082	0.034992074253412
PBXIP1	ENSG00000163346.16	2.00519110088031	4.98841859516114	5.62432059250923	5.53439847905252e-05	0.0126552537597547
CDK18	ENSG00000117266.15	2.00333680873691	4.22204774010659	4.00177242291719	0.00123318724488607	0.0338853944093908
SH3BGRL2	ENSG00000198478.7	1.99566535437887	5.32071913482957	3.71233644947904	0.00220313868380104	0.0417716161343923
TLCD4	ENSG00000152078.9	1.98707325439843	6.45496869435304	3.5360701406161	0.00314286422876618	0.048116440159958
ATP5IF1	ENSG00000130770.17	1.98619729829877	5.92992035865124	4.56397452208069	0.000406864495145533	0.0232997858502036
MAFB	ENSG00000204103.3	1.98351009804791	5.13828135986936	3.67275571447591	0.00238587172047814	0.0429978561730819
KIFC2	ENSG00000167702.11	1.97350164332264	4.21809684094129	4.85483498556202	0.00023215741995191	0.0194609678852351
ANGPTL3	ENSG00000132855.4	1.97101263215399	7.63211029662216	3.9947527046264	0.00125058989629145	0.0338853944093908
SLC25A30	ENSG00000174032.16	1.95452372532727	4.86084832561747	4.08648308081769	0.00104161927403879	0.0317616759538408
ABCC2	ENSG00000023839.10	1.95213714184027	6.94256868062861	3.90219944924143	0.00150483736359664	0.0361634594286865
ORAI3	ENSG00000175938.6	1.95091303996899	5.41458736170899	3.90846193559773	0.00148608488643486	0.0361390922460502
KLF15	ENSG00000163884.3	1.94910071915314	6.15357275991425	4.79708412013619	0.000259314419677587	0.0201045699335183
SFXN5	ENSG00000144040.12	1.93980794260268	6.37333894909499	3.95399871985804	0.00135667656689796	0.0347721168124502
CCNB1IP1	ENSG00000100814.17	1.93638346909389	4.59762550523473	3.60344958726845	0.00274347015225075	0.0455142860745753
SUOX	ENSG00000139531.12	1.93236408502553	5.72222418775032	3.80758656491613	0.00181922668069873	0.0388348120113338
RTN4	ENSG00000115310.17	1.90426588780468	7.00430356105931	4.01713609496447	0.00119595380865762	0.0336204698958055
XDH	ENSG00000158125.9	1.89778983411942	6.08595811382171	3.6766699377554	0.00236713879996591	0.0429071304933636
BCAT2	ENSG00000105552.14	1.89623968376153	3.85942080782484	3.92259455277945	0.00144463308920685	0.035605873894848
LEAP2	ENSG00000164406.7	1.89355024834629	6.33468255318756	5.27299832635904	0.000105495136272333	0.0151088802603758
SLC46A3	ENSG00000139508.14	1.88880487594731	5.85197815309097	4.00629335776914	0.00122210999618311	0.0337556695771141
MAF	ENSG00000178573.6	1.87586131554527	5.84649591783808	5.67664790095151	5.03454332635445e-05	0.0126552537597547
ADAMTSL2	ENSG00000197859.9	1.85536740472544	5.68870250507931	7.45766057752354	2.51124891203046e-06	0.00491608365141363
NICN1	ENSG00000145029.13	1.85169102719498	3.8881428804752	3.71437130509426	0.00219413584135562	0.041701894916833
BGN	ENSG00000182492.15	1.85139042061779	8.17052825019056	5.6134745630831	5.64432135809235e-05	0.0126552537597547
TMEM91	ENSG00000142046.14	1.83588049432233	1.92342777149991	4.6068129714525	0.000374371408360514	0.0229567980435295
HOXB3	ENSG00000120093.11	1.82348138065751	1.85447390453195	4.27765773838991	0.000713102863822407	0.0267691382571104
NUMBL	ENSG00000105245.9	1.8222343650752	3.76786922765073	3.68434041480391	0.00233085835404875	0.0425935771454562
ECM1	ENSG00000143369.14	1.80990327697857	4.8650259170863	4.41918604986639	0.000539815508898318	0.0247273617432054
SEC16B	ENSG00000120341.18	1.78744445255912	6.25754931993941	4.27177186211315	0.000721436506342402	0.0268608128177353
ECI2	ENSG00000198721.12	1.78444281641752	5.92028166680436	3.61972865068187	0.0026548962091904	0.0449495454401414
MGST2	ENSG00000085871.8	1.76325254925153	5.52615217674776	3.79989139227526	0.00184755676014498	0.039107793745578
ENSG00000273373	ENSG00000273373.1	1.76312360735449	2.98438607636656	3.83880188643581	0.00170874688459568	0.0379584183824864
SLC25A20	ENSG00000178537.9	1.76143727802694	6.05548760612458	3.62731781722625	0.00261459404443773	0.0446533885822676
MGMT	ENSG00000170430.9	1.75881726373033	5.25948290167342	3.68914659944442	0.00230841223936106	0.0424319766204619
FAH	ENSG00000103876.11	1.75414248080019	6.8388797648479	3.73216899982617	0.00211696072061923	0.0411336499325283
PLEKHA6	ENSG00000143850.13	1.74762653117202	5.96410098662826	4.09513673006843	0.0010238400368681	0.0314258228542273
TMC8	ENSG00000167895.14	1.74739817122066	3.36986814931649	3.86879494336898	0.00160899947909631	0.037111253081189
SEMA4D	ENSG00000187764.11	1.73845548306675	3.0762519398589	3.7350486745388	0.00210473414965854	0.0410488686398535
LINC00847	ENSG00000245060.6	1.72267546814723	2.73374901079612	5.30498728100768	9.94094632997729e-05	0.0151088802603758
FAAH	ENSG00000117480.15	1.71223197671765	5.03939844174108	3.61278885553735	0.00269229765056619	0.0450952657813017
SORBS3	ENSG00000120896.13	1.69544879753991	6.33938226110175	4.71020344661983	0.00030649538200715	0.0220085583199986
DTX3	ENSG00000178498.15	1.6951498702662	2.69501842012993	4.49969300199486	0.000461158865629917	0.0236671069912684
BNIP3	ENSG00000176171.11	1.69229371129284	6.57942656317299	6.49593058682431	1.20126679105037e-05	0.00804043367886284
RAI2	ENSG00000131831.17	1.69225660145481	1.46352701520093	4.12528951039912	0.000964271787182449	0.0305561956483139
ZSCAN26	ENSG00000197062.11	1.67921349165155	2.69444207446978	3.63933740748783	0.00255202192892264	0.0442154337941552
ATG16L2	ENSG00000168010.10	1.66435805402116	4.93499829558872	5.15059956940008	0.000132587635120113	0.0163500390048511
ROGDI	ENSG00000067836.12	1.6568637558113	4.19479087841965	3.80666659234504	0.00182259030894134	0.0388348120113338
EPOR	ENSG00000187266.13	1.65255380110671	4.04341835308376	4.50347991721453	0.000457762803782777	0.0236671069912684
CSF1	ENSG00000184371.13	1.65017708824138	4.48173120869276	4.55294270634818	0.000415692672111351	0.0232997858502036
GALK1	ENSG00000108479.11	1.6408425941118	5.57914219679162	3.78517947776627	0.00190296895927136	0.0397905099782153
RIDA	ENSG00000132541.10	1.63912756269961	7.81556426735515	3.64874115302443	0.00250412180080398	0.0439160711336967
PTMS	ENSG00000159335.15	1.62961860734477	8.71263560032459	3.70755871715416	0.00222442383781243	0.0419214220505181
FAM111A	ENSG00000166801.15	1.62076427669246	4.75073703715076	4.61077740749003	0.000371502604214489	0.0229059145063115
UBA7	ENSG00000182179.12	1.61538317867516	5.00507568991169	3.74271607961251	0.00207252668322102	0.0409902766991259
KAT2B	ENSG00000114166.7	1.61523302178093	4.66426095812056	3.65288093765211	0.00248332326734881	0.0437040141764256
MICAL3	ENSG00000243156.7	1.60219418997156	6.16953438704496	3.95157597230153	0.00136326414167961	0.0347721168124502
ZNF444	ENSG00000167685.14	1.59825101951521	5.63298380696278	4.82834169326974	0.000244231425287534	0.0196236108198221
CCDC159	ENSG00000183401.11	1.59456238175736	3.93536428204129	4.05026234921167	0.00111951836178942	0.032744642284515
SMAD7	ENSG00000101665.8	1.57319608752501	4.11156637555539	4.47923764085598	0.000479955719452932	0.0240146534260459
RNASEL	ENSG00000135828.11	1.56735986131624	1.79479437538894	3.9560753302141	0.0013510559130612	0.0347721168124502
KCNQ1OT1	ENSG00000269821.1	1.56576896466582	3.10923897259907	3.55532623130454	0.00302309701342321	0.047182969370141
KAT2A	ENSG00000108773.10	1.53977014112897	6.65505916636135	6.06467865882048	2.52463355854318e-05	0.0103182067965811
POLR1HASP	ENSG00000204623.9	1.53291520923776	2.83325418776535	4.24380219517083	0.000762421050935204	0.0275121568633554
ALDH3A2	ENSG00000072210.18	1.53261847991741	7.08286301305485	3.70299090512718	0.00224496801270347	0.041987478847423
HFE	ENSG00000010704.18	1.53201553170286	3.31070850875746	3.82283659223131	0.00176437620734219	0.0383776330322029
PARP10	ENSG00000178685.13	1.5305490459404	6.18694221519026	3.97427012538992	0.00130281018996467	0.0342476476267722
TMEM219	ENSG00000149932.16	1.5260949122598	6.02274776769002	5.01314624753876	0.000171781666358759	0.0182757073981657
SAT2	ENSG00000141504.11	1.52221256461601	6.8240619852951	3.78516786842733	0.00190301334357214	0.0397905099782153
KANSL1L	ENSG00000144445.16	1.51757679754713	2.9930752730064	3.72882875230129	0.00213123276971055	0.0411889880734548
THBS3	ENSG00000169231.13	1.51297327156651	3.91952681027206	3.74611126710815	0.00205842458294312	0.0409902766991259
ZFTRAF1	ENSG00000187954.12	1.51125473504109	4.60367657404649	3.73608866228435	0.00210033611863719	0.0410461211637472
NBR1	ENSG00000188554.13	1.50882493218145	6.04722181062239	4.27657425285438	0.000714629508591095	0.0267691382571104
IFFO1	ENSG00000010295.19	1.49906120390616	4.35570434469018	4.7636902593269	0.000276493885230424	0.0210971486685954
AHSA2P	ENSG00000173209.22	1.49853145200894	6.14587538194603	6.43378666884258	1.33485266362578e-05	0.00804043367886284
GIMAP2	ENSG00000106560.10	1.49624125302787	1.73011635032735	3.83520638189165	0.00172111792422578	0.0380057104510626
ABTB1	ENSG00000114626.17	1.4956737635324	4.27913421007007	4.35868237147568	0.000607899183166366	0.0256612105325295
TSC22D4	ENSG00000166925.8	1.48571923421305	4.55022126265091	3.86773551867609	0.00161242012299098	0.0371354581561202
MPST	ENSG00000128309.16	1.4637120087724	7.46086779797954	3.74640350805212	0.00205721528847682	0.0409902766991259
DENND2B	ENSG00000166444.18	1.45470459451797	4.28416459887189	4.81445563637713	0.000250816971408395	0.0199393126356694
NOL3	ENSG00000140939.14	1.45201782365438	4.52227596786834	3.69054925616637	0.00230190270343498	0.0424274201123706
DCP1B	ENSG00000151065.13	1.45106418334447	3.10721526276129	3.83470663523993	0.00172284457183319	0.0380057104510626
LRRC45	ENSG00000169683.7	1.44449476873306	4.36446622233494	3.70619026702841	0.00223055857096774	0.0419397048851158
NR2F2	ENSG00000185551.14	1.44306109497348	5.35271327014174	4.98992407657668	0.000179506685809546	0.0183742104997602
SPATS2L	ENSG00000196141.13	1.43184163979072	5.93538009149918	4.33248677182245	0.00064005007648887	0.0261037089788859
GSTK1	ENSG00000197448.13	1.4206890405418	7.27386833326541	3.81892656761329	0.00177827782188354	0.0385195144792782
MRNIP	ENSG00000161010.14	1.42032579766172	4.92946354052242	5.01149071678104	0.000172320829352193	0.0182757073981657
DCN	ENSG00000011465.16	1.41515152069257	7.06577914420187	4.35274702544562	0.000615035844434695	0.0258232610179404
CARINH	ENSG00000197536.11	1.41490486117746	2.83199038434466	3.61310041633379	0.00269060719350175	0.0450952657813017
CLK1	ENSG00000013441.15	1.38163483345796	6.34275361271237	4.35693639897926	0.000609989686517785	0.0256802378509544
RGS14	ENSG00000169220.17	1.37615192881565	5.30477230873054	3.81641938962284	0.00178725012783785	0.0385538901543645
IGFBP7	ENSG00000163453.11	1.37031127658973	6.45978626883403	4.66767628828883	0.000332733471967187	0.0222248907749837
PWWP3A	ENSG00000160953.15	1.36696112564762	5.4071686906963	4.1817215967979	0.00086211240883633	0.0290355751285715
DMRTA1	ENSG00000176399.3	1.36505682945656	3.9041222729032	3.97651531108765	0.00129697948188918	0.0342476476267722
MYO15B	ENSG00000266714.6	1.36095417682276	5.99923088884887	4.31535300121834	0.00066201658045379	0.0265474328621488
MAP4K2	ENSG00000168067.11	1.35680463021872	2.94694657781961	4.21190238126202	0.000812082646898935	0.0283770967109299
MEGF9	ENSG00000106780.8	1.34072763877273	5.22066603000807	4.4564161967368	0.000501857950447836	0.0242376552659967
SESN2	ENSG00000130766.4	1.32811677110332	5.12631160903712	3.66603707312324	0.00241837566934902	0.0431860676826396
CAMK2D	ENSG00000145349.16	1.32722372221357	4.64020686150908	3.8270150518765	0.00174964188141461	0.0382163758784298
LTBP4	ENSG00000090006.17	1.32305229553878	5.52564598816826	3.61391493037915	0.00268619287828434	0.0450952657813017
HEXD	ENSG00000169660.15	1.3229543385314	5.13259957426259	4.49075403664963	0.000469278265578802	0.0236671069912684
TIA1	ENSG00000116001.15	1.32184182282408	5.5095407198072	3.71102807048233	0.00220894706850131	0.0418043869829373
SLC40A1	ENSG00000138449.10	1.31423245853016	6.48043723004475	3.56455454687986	0.00296733713341139	0.0471268259132762
DUT	ENSG00000128951.13	1.31411590834979	4.4272396534554	5.47019777517681	7.32979979541907e-05	0.0139990237312266
TIMP2	ENSG00000035862.12	1.31073014551172	5.404461443735	4.325387669652	0.00064905952682284	0.0263339928745401
FBXL20	ENSG00000108306.11	1.3104545992037	3.57598923337159	3.51044738817688	0.00330965867786471	0.0492086383573176
RNASET2	ENSG00000026297.15	1.30684780887118	3.85546512669622	3.81101071538969	0.00180676236638314	0.038761240301269
ACOT13	ENSG00000112304.10	1.30451740844073	4.56760042122065	3.55188772096498	0.0030441418405796	0.0472959378624178
MYLK	ENSG00000065534.18	1.30253806469609	5.79763880822951	3.77835265293574	0.00192925067458039	0.0399128068885119
MXD4	ENSG00000123933.16	1.30035653520557	5.27930189809651	4.01985919562088	0.001189474794745	0.0335042531663694
HEXIM1	ENSG00000186834.3	1.29209492844162	5.13911239472033	3.53076724884283	0.00317667650753007	0.048116440159958
ATF7IP	ENSG00000171681.12	1.27987973187974	4.71768235525954	3.83434223459279	0.00172410469949918	0.0380057104510626
RESF1	ENSG00000174718.11	1.27798137875095	5.3225034648152	4.00827331193429	0.00121729062304698	0.0337415724735199
DNAJC4	ENSG00000110011.13	1.26324145217631	4.62122023872773	3.78157576665204	0.00191679695035927	0.0399128068885119
MSRB2	ENSG00000148450.12	1.26293335703682	4.75305980305942	3.58136581063788	0.00286840459082501	0.0465996725071685
HIBADH	ENSG00000106049.8	1.26289473604442	6.05601676835509	3.68971669466876	0.00230576426728958	0.0424319766204619
ZBED11	ENSG00000237765.6	1.26146928811438	3.70771258195712	3.57645690697767	0.00289694486698469	0.0469173252966362
RGL3	ENSG00000205517.12	1.25986433487603	4.69252571914564	3.5314055210624	0.00317258748199713	0.048116440159958
PTK2B	ENSG00000120899.17	1.25508299093891	4.35228629017022	3.55842149304712	0.00300427814427456	0.0471268259132762
NME3	ENSG00000103024.7	1.23968776018653	4.59140551627705	3.51020809929656	0.00331125755665302	0.0492086383573176
JDP2	ENSG00000140044.12	1.23622251779558	3.65581471384534	3.89645030440252	0.00152226414948472	0.036366945186892
PAN2	ENSG00000135473.14	1.23540277206086	6.49279352732604	3.95285755584875	0.00135977540995897	0.0347721168124502
ISYNA1	ENSG00000105655.18	1.21719744158926	3.77182802851822	3.52889244604749	0.00318871789103745	0.0481373700988725
SH3BGRL	ENSG00000131171.12	1.20647198745498	3.81483704001276	3.61558860064392	0.0026771451931122	0.0450825493218604
NOP53	ENSG00000105373.18	1.19734792312005	6.81864454388822	4.60559192994152	0.000375259581070401	0.0229567980435295
EPS8L2	ENSG00000177106.14	1.18148172318983	7.52450512384519	3.74483025362318	0.00206373391014353	0.0409902766991259
ARHGAP45	ENSG00000180448.10	1.17349992495499	4.44207010957463	4.02361088907015	0.00118060694924109	0.033434874199032
BTBD2	ENSG00000133243.8	1.14858137167395	5.43043235635386	4.68884736947133	0.00031939395856416	0.0220085583199986
PEX6	ENSG00000124587.13	1.13963567558867	5.38750517944783	3.58552208159806	0.00284446145009592	0.0464059427850206
EZH1	ENSG00000108799.12	1.13425944781939	4.63344360605845	3.64476718442148	0.00252425251697384	0.0441179776626946
AMZ2	ENSG00000196704.11	1.12786994309589	4.27795456343293	4.12621091269876	0.000962508232002756	0.0305561956483139
ZNHIT1	ENSG00000106400.11	1.12081054645564	6.3221394546012	3.80682181652484	0.00182202233274074	0.0388348120113338
TAFAZZIN	ENSG00000102125.15	1.12048270182551	4.56675208708129	4.53579162427515	0.000429810783958373	0.0232997858502036
EHMT2	ENSG00000204371.11	1.10596598203518	4.15599000890058	3.63030470942237	0.0025989017954755	0.0445310733248817
BAZ2B	ENSG00000123636.17	1.09161052664884	3.91027571621785	3.77572906754643	0.00193944833190337	0.0400323631488063
MTMR4	ENSG00000108389.9	1.090490433442	6.2802752011965	4.65564426221826	0.000340569091324885	0.022270427489957
EIF2AK4	ENSG00000128829.11	1.08721073234987	4.41070925435655	3.56773194049602	0.00294837888407847	0.0470691377501339
POGZ	ENSG00000143442.21	1.06909903492468	5.94212117803252	3.67928459833983	0.00235470817102421	0.0428803310074537
CAMK1	ENSG00000134072.10	1.06501586913907	4.01892080256189	3.83357978655777	0.00172674433094959	0.0380057104510626
RNF146	ENSG00000118518.15	1.06336278378099	4.410728967347	4.05141047079436	0.00111696024615946	0.032744642284515
SH3GLB2	ENSG00000148341.17	1.06020992050371	5.0699872965292	4.14553473990822	0.00092627135852982	0.0301964283962149
PNISR	ENSG00000132424.14	1.05681779538834	6.82294048393635	4.03199167117834	0.00116103967697603	0.0331202957761777
CCNG1	ENSG00000113328.18	1.05661799084704	5.62900540046891	3.77950445023775	0.00192479089213223	0.0399128068885119
RERE	ENSG00000142599.17	1.05380681881328	5.8057281477279	3.6566674817221	0.00246445202980178	0.0436110545070346
ZNF768	ENSG00000169957.9	1.04483541803318	5.07135960967983	3.95191505412821	0.00136234020765598	0.0347721168124502
RSRP1	ENSG00000117616.17	1.03508805507103	6.47943535604934	4.29977837840885	0.00068265382738937	0.0267144670198746
TMEM175	ENSG00000127419.16	1.02746764259567	5.03890083722887	3.84831374925536	0.00167645229622203	0.0378189651023329
IRF2BP2	ENSG00000168264.10	1.01961183858701	5.95392313739318	3.92979242951994	0.00142397459067627	0.0353405661887094
SLC26A6	ENSG00000225697.12	1.01851332014859	3.58594598863075	3.56921136096068	0.00293959339301474	0.0470691377501339
LETMD1	ENSG00000050426.15	0.993978772475208	5.37150251129449	3.90399183557073	0.00149944580760009	0.0361634594286865
N4BP2L2	ENSG00000244754.8	0.989751094250489	5.54613846562044	4.10948945853771	0.000995031167724846	0.0309804833354648
PCBD1	ENSG00000166228.8	0.987005618055153	6.92793484048323	3.62304986935251	0.00263718244815163	0.0447576514150443
COMMD3	ENSG00000148444.15	0.948097970475573	4.20090102362104	3.71074499949545	0.00221020576092664	0.0418043869829373
SHTN1	ENSG00000187164.19	0.922362739976905	5.48729493400718	4.16153092757751	0.000897329601963955	0.0296478457729061
PABPN1	ENSG00000100836.10	0.916700576297931	7.39080925516538	3.84082978852277	0.00170180928125346	0.0379118565486636
ELMOD3	ENSG00000115459.17	0.885664774411364	4.33137198637505	3.52907694441515	0.00318753087273947	0.0481373700988725
ANAPC16	ENSG00000166295.8	0.860745323057849	6.04252341171791	4.50462625075549	0.000456739859255048	0.0236671069912684
ZNF280D	ENSG00000137871.19	0.854100405811724	4.64373460852412	3.8695440080263	0.00160658536097425	0.0371102261625631
ST13	ENSG00000100380.13	0.841245367049296	7.20284335971104	3.51200201270609	0.00329928986430448	0.0491628720883658
BRI3	ENSG00000164713.9	0.825698132862259	6.01806616840495	3.65976677907672	0.00244911356670336	0.0434451812453893
NISCH	ENSG00000010322.15	0.723635553347751	6.25802359937623	3.50918957956559	0.0033180717773659	0.0492086383573176
CRTAP	ENSG00000170275.14	0.688561503866395	5.30675552836365	3.53028952157801	0.00317974048348739	0.048116440159958
PPP2R2A	ENSG00000221914.9	-0.685593532692149	4.40783111140842	-3.49980484037515	0.00338152508782445	0.0499505709723462
VPS4A	ENSG00000132612.15	-0.695597049039633	5.30849741717894	-3.80865701911581	0.0018153207705655	0.0388348120113338
SEC22C	ENSG00000093183.13	-0.716038787465437	3.89762835980524	-3.69607887544898	0.00227642055330223	0.0421905589174748
NUP133	ENSG00000069248.11	-0.735204256680205	3.79973024690173	-4.14333952323272	0.000930316840101662	0.0301964283962149
ARFGEF1	ENSG00000066777.8	-0.73608824048848	4.72503772132864	-3.61722013268936	0.00266835485697329	0.0449828906513011
BFAR	ENSG00000103429.10	-0.737964034276919	4.52184053218135	-3.70231751013589	0.0022480128391394	0.041987478847423
CSNK2A1	ENSG00000101266.17	-0.746246639880184	5.03480321059054	-3.52789024682047	0.00319517356500479	0.0481431176043488
TINF2	ENSG00000092330.15	-0.748417432781259	4.28000294501621	-3.66179040521286	0.00243915061831085	0.0434451812453893
NSUN4	ENSG00000117481.10	-0.750082315395904	3.68091569214179	-3.51343105169015	0.00328978744456505	0.0490679630184127
UBAP2	ENSG00000137073.21	-0.75428929443614	3.95527825192686	-3.6528139755764	0.00248365829876884	0.0437040141764256
AP1G1	ENSG00000166747.12	-0.761802179397018	6.15905464956212	-3.88689032086969	0.00155169712875262	0.0365430507269095
INO80	ENSG00000128908.15	-0.764026400329442	4.32958963058867	-3.57220414489432	0.00292190129447903	0.0470691377501339
DCAF1	ENSG00000145041.15	-0.765885360605325	4.12653035480723	-3.92213236001849	0.00144596997619075	0.035605873894848
AQR	ENSG00000021776.10	-0.777339484683071	4.03705640095617	-3.72508269973153	0.00214735445568709	0.0412634578288534
RAB3GAP2	ENSG00000118873.15	-0.777885462833122	4.24089873648417	-3.95631429102536	0.00135041065059829	0.0347721168124502
CSNK2A2	ENSG00000070770.8	-0.779391399973058	5.14640777288904	-3.67532437968437	0.00237356164852023	0.0429738138467922
ADIPOR1	ENSG00000159346.12	-0.780379145927071	5.95611239078179	-3.57292173127055	0.00291767516985629	0.0470691377501339
DCTN6	ENSG00000104671.7	-0.785042780638123	3.28282295195032	-3.76746911634895	0.00197191168099047	0.0402635056531834
XPO7	ENSG00000130227.16	-0.788699871759169	4.82500787672105	-3.98146762521479	0.00128421205512025	0.0340882118563359
UBR1	ENSG00000159459.11	-0.796237580772743	3.80716706457159	-3.60455229090033	0.0027373774730996	0.0455096269705019
BCAP29	ENSG00000075790.10	-0.798840092032532	4.33672089998605	-3.59500251827135	0.00279059735023306	0.0460037316863157
BAG5	ENSG00000166170.9	-0.803239751223514	4.06916839596342	-4.28438513877519	0.000703698274361121	0.0267691382571104
EOLA2	ENSG00000197021.8	-0.804986076369898	3.59283422361209	-3.97832076023817	0.00129231001678298	0.0342143591596856
PSMD12	ENSG00000197170.9	-0.809267041545993	5.26437460249473	-3.58621516657499	0.0028404883929897	0.0464059427850206
RALGAPB	ENSG00000170471.14	-0.810140718068242	4.60290769689324	-3.75813100497064	0.00200927515734205	0.0405194529387982
IPO5	ENSG00000065150.18	-0.812015723327917	5.95840163748907	-3.70355568022851	0.00224241753452127	0.041987478847423
FTO	ENSG00000140718.20	-0.812235584797808	3.9712239035535	-4.1701510026628	0.000882117879778095	0.0294318141530748
DPY19L3	ENSG00000178904.18	-0.81371033441353	3.51952883204491	-3.69036729191589	0.00230274612703627	0.0424274201123706
PIGG	ENSG00000174227.15	-0.814541066301472	3.98176595882523	-3.78208583646369	0.00191483357232508	0.0399128068885119
NECAP1	ENSG00000089818.17	-0.817166893139551	4.51840330700201	-3.6060430048476	0.00272916261062212	0.0454695911116521
ACTR8	ENSG00000113812.13	-0.81960552500629	2.92161178299254	-3.53167274682028	0.00317087709884569	0.048116440159958
CWF19L1	ENSG00000095485.16	-0.826415047300587	3.08301121936247	-3.51789676519437	0.00326026941609546	0.0488136513627829
TTI1	ENSG00000101407.12	-0.826649743924176	4.06010768778662	-3.51979519117097	0.00324780169233429	0.0487067168139667
SMC5	ENSG00000198887.8	-0.833331120048167	4.52874081539018	-3.55711733510102	0.00301219288290591	0.0471268259132762
RBM8A	ENSG00000265241.6	-0.833734820380196	4.70098471431762	-3.56180532271683	0.00298383959950583	0.0471268259132762
GTF2H3	ENSG00000111358.13	-0.84075929650683	3.74572193323084	-3.56711210649792	0.00295206759659766	0.0470691377501339
CNOT9	ENSG00000144580.13	-0.844565822939269	4.83279173881324	-3.60621369759868	0.0027282235615852	0.0454695911116521
ATXN1L	ENSG00000224470.7	-0.849672529527407	4.24843284792032	-4.24405609380881	0.000762038491394594	0.0275121568633554
RNF41	ENSG00000181852.17	-0.859161826969745	3.96562852829487	-3.63896804956088	0.00255392208105152	0.0442154337941552
PRRC2C	ENSG00000117523.15	-0.85947466998994	6.0933814306931	-3.60835389152419	0.00271647708501978	0.0453547416082033
TRIM37	ENSG00000108395.13	-0.863439755448302	3.42809463094626	-3.98618539815292	0.00127216818315062	0.0339411003685211
POC1B	ENSG00000139323.13	-0.863860000072773	2.81065462132861	-3.50310965416356	0.00335904235044298	0.0497691222803099
RAP1B	ENSG00000127314.17	-0.867130475031577	4.57908688672043	-3.56520612617871	0.00296343944750109	0.0471171829312838
UTP6	ENSG00000108651.9	-0.870864605651634	4.38899385303398	-4.01058640664508	0.00121168484758479	0.0337415724735199
ODR4	ENSG00000157181.15	-0.871379685713363	4.69925641486694	-3.97406686139441	0.00130333937715064	0.0342476476267722
PRPF40A	ENSG00000196504.15	-0.872560938940193	5.25741274605953	-3.96590242586479	0.00132477676144154	0.0344640014301262
NKIRAS1	ENSG00000197885.10	-0.874311249529219	2.96872841104146	-3.53026365122615	0.00317990649163888	0.048116440159958
CGRRF1	ENSG00000100532.11	-0.875966544005061	2.23399759262996	-3.76933382176008	0.0019645352671956	0.0402635056531834
TXNL4A	ENSG00000141759.14	-0.878590732058989	4.89328396458276	-3.99124358986502	0.0012593828443749	0.0338867791219196
SYNCRIP	ENSG00000135316.17	-0.880051894051157	6.05725343461656	-3.6775270333237	0.00236305671277395	0.0429071304933636
SHQ1	ENSG00000144736.13	-0.888371011803635	2.71728050096713	-3.9157298049388	0.0014646190839495	0.0358396866777079
CDYL	ENSG00000153046.17	-0.895829615355556	2.47845386633943	-3.84775839230445	0.00167832071682021	0.0378189651023329
RALBP1	ENSG00000017797.12	-0.89693901785593	4.4551741749319	-3.70201608861344	0.00224937709935431	0.041987478847423
ACTR3B	ENSG00000133627.17	-0.900337099084535	2.82266295521845	-3.6831946542364	0.0023362417960505	0.0425935771454562
ABCF3	ENSG00000161204.11	-0.906403225734804	5.3629604592242	-3.83678394541342	0.00171567886827804	0.0380057104510626
POLR1F	ENSG00000105849.5	-0.908863513055098	2.93844239534118	-3.57805978858976	0.00288759445552645	0.0468143030724635
MRTFA	ENSG00000196588.14	-0.912766365262345	4.09460613572276	-3.54387271484789	0.00309377005284972	0.0477825767235498
NUP107	ENSG00000111581.9	-0.913047106597322	3.63261556662349	-3.5616009820629	0.00298506985244145	0.0471268259132762
MCAT	ENSG00000100294.12	-0.915702652436525	3.52207474823242	-3.71717962319121	0.00218177196986379	0.0416184297442592
USP14	ENSG00000101557.14	-0.918863020013227	5.0090421229098	-3.83192732143986	0.0017324793109485	0.0380057104510626
IWS1	ENSG00000163166.14	-0.920261648126004	5.12125465210812	-4.20712476165381	0.000819800211705186	0.0283770967109299
UBE2D2	ENSG00000131508.15	-0.921302191469128	4.94476822763137	-3.56703384829992	0.00295253365127723	0.0470691377501339
CHMP4A	ENSG00000254505.9	-0.921525538277381	4.30645072083689	-3.5286138996497	0.00319051083344803	0.0481373700988725
PHTF1	ENSG00000116793.15	-0.92563040245829	2.84924654526451	-4.03347151655297	0.00115761901849185	0.0330829770959869
SLC15A4	ENSG00000139370.11	-0.930937374808764	4.34801039247453	-3.57274384312664	0.00291872224348264	0.0470691377501339
DIMT1	ENSG00000086189.9	-0.931399893909056	3.15996003934088	-4.36119205226286	0.000604907124201756	0.0256612105325295
FBL	ENSG00000105202.8	-0.933087630768894	4.98052911505907	-3.54704433640385	0.0030740351163044	0.0476658058974684
YIPF5	ENSG00000145817.16	-0.935068805805265	4.11722027133352	-3.62406173393981	0.00263180936252197	0.0447576514150443
UBA2	ENSG00000126261.12	-0.935758745315502	4.86066166892427	-3.58251083149717	0.00286178826530667	0.0465528688742673
PHF5A	ENSG00000100410.7	-0.936743831556086	3.42383297270223	-3.72684221470128	0.00213976683150706	0.0411889880734548
RBM28	ENSG00000106344.8	-0.936830637856784	4.27522947968283	-3.72771766377514	0.00213600169955175	0.0411889880734548
BOD1L1	ENSG00000038219.12	-0.936897468937858	4.44552052843501	-4.1757331033158	0.000872407946090705	0.0291939761618088
ILF3	ENSG00000129351.17	-0.937245429270596	6.63509041723785	-3.60166194022519	0.00275337632573578	0.0455820577561819
SLC25A32	ENSG00000164933.11	-0.938444297445232	3.99409631298873	-3.53500390045969	0.003149633608318	0.048116440159958
RNGTT	ENSG00000111880.15	-0.943173700639116	3.23391891870834	-3.61772703013947	0.00266562973044314	0.0449828906513011
TOP2B	ENSG00000077097.15	-0.944369284625785	5.4548590703663	-3.99015772771488	0.00126211646099669	0.0338867791219196
PRELID3B	ENSG00000101166.15	-0.948898467945991	4.60407137058726	-3.57085291844708	0.0029298758801792	0.0470691377501339
ZNRD2	ENSG00000173465.7	-0.94908605413773	3.25977901138271	-3.77981602168016	0.00192358627521798	0.0399128068885119
INTS5	ENSG00000185085.2	-0.949555951905476	3.92595480394124	-3.6351130692984	0.00257383925954898	0.0442954908173588
USP36	ENSG00000055483.19	-0.951048023646436	5.20938873827106	-3.56906557828548	0.00294045794764074	0.0470691377501339
TACC2	ENSG00000138162.18	-0.95248051532635	4.01294999421348	-3.83405721345969	0.00172509097726553	0.0380057104510626
PSMD9	ENSG00000110801.13	-0.954602602040588	4.49772324344505	-3.90195970104962	0.00150556002474322	0.0361634594286865
CCNT1	ENSG00000129315.10	-0.958730631086502	4.42688655591386	-4.71716395386949	0.000302408382828886	0.0219260077939036
CDK16	ENSG00000102225.15	-0.960129496888218	5.16970550599402	-3.77124458239289	0.00195700562820168	0.0402635056531834
TOPBP1	ENSG00000163781.12	-0.960808785342066	3.54830787650743	-4.539177711888	0.00042698494703478	0.0232997858502036
GTF2E1	ENSG00000153767.9	-0.961452255784123	2.35161249579657	-3.72659088097317	0.00214084900656358	0.0411889880734548
SUPT16H	ENSG00000092201.9	-0.961896833868289	5.13767135056653	-3.74125758544961	0.0020786145781033	0.0409989709164683
KXD1	ENSG00000105700.10	-0.963200758655742	4.95416768822287	-4.05982288360945	0.00109839739929734	0.032744642284515
INO80B	ENSG00000115274.14	-0.963683621073924	4.11848221552549	-4.78137523056829	0.000267254345574709	0.0206180803253474
SEC23IP	ENSG00000107651.12	-0.965886691341523	4.77858003280012	-3.55791291285423	0.0030073621500252	0.0471268259132762
AAGAB	ENSG00000103591.12	-0.970435480657038	4.07419342495434	-3.57186424244041	0.00292390525172117	0.0470691377501339
ATAD3B	ENSG00000160072.19	-0.972364621194784	4.38953057739242	-4.6404538311162	0.000350733730120937	0.0223677665402182
BIN3	ENSG00000147439.12	-0.974161826845491	2.26491321642639	-3.7651994994741	0.00198092766964876	0.0403736465423401
POLR3A	ENSG00000148606.12	-0.974810157685342	3.9467338042941	-4.54448337192788	0.000422595494106897	0.0232997858502036
EMC8	ENSG00000131148.8	-0.976494339575654	3.50646175585945	-3.69820690524496	0.00226669002542701	0.0421598960667606
MTOR	ENSG00000198793.12	-0.977354415850248	5.52611165914827	-3.55758954025659	0.00300932472162836	0.0471268259132762
SNRNP200	ENSG00000144028.14	-0.978380411433026	6.44281443946216	-4.04641563122467	0.00112813276293652	0.032744642284515
DCTN5	ENSG00000166847.9	-0.980462927545865	4.65370930327206	-4.56364619613741	0.00040712443344654	0.0232997858502036
KAT5	ENSG00000172977.12	-0.980823583910178	2.89656456948381	-3.59867968956561	0.00276998259029951	0.045808550524478
DCAF7	ENSG00000136485.14	-0.98083982592493	5.144766625875	-4.10966111005012	0.000994691676530115	0.0309804833354648
SMU1	ENSG00000122692.8	-0.981944323565396	4.7842563487152	-3.84922283788969	0.00167339834538621	0.0378168708327467
EP400	ENSG00000183495.13	-0.982297304122477	4.93140997670656	-3.79629555077046	0.00186094774871791	0.0392780359739505
RBM15B	ENSG00000259956.1	-0.983696066298501	4.55263662641424	-3.78551589959621	0.00190168322156754	0.0397905099782153
TTC27	ENSG00000018699.11	-0.985830491652708	2.63333599437617	-3.71521133465125	0.00219043013354897	0.041701894916833
PRDM4	ENSG00000110851.11	-0.990157902887725	3.30356877519605	-4.73481219373271	0.000292295737931133	0.021592658262922
HSPA14	ENSG00000187522.14	-0.992948392014094	2.84715682456013	-4.12581120799149	0.000963272858501661	0.0305561956483139
DHX36	ENSG00000174953.13	-0.993392085122107	4.18657578072625	-4.07767954230046	0.00106002957012201	0.03211048955064
AKT1	ENSG00000142208.15	-0.994000193380447	6.10231249348381	-4.04523403726261	0.00113079237490475	0.032744642284515
ZDHHC5	ENSG00000156599.10	-0.994196161736012	5.78808071143075	-4.14579028538712	0.000925801591662823	0.0301964283962149
MTMR9	ENSG00000104643.9	-0.994467321230286	2.98291504794919	-3.59403310293355	0.00279605772003458	0.046045278605112
ZW10	ENSG00000086827.8	-0.995219836545115	3.30266456726825	-4.29186793656754	0.000693386671522762	0.0267691382571104
EMD	ENSG00000102119.10	-0.996186710041932	4.78838036290425	-3.54022978759792	0.00311659484670685	0.0479459645326876
ANAPC1	ENSG00000153107.11	-1.00201136184192	2.96370418533048	-4.42476119854229	0.000533949026077426	0.0247273617432054
UBA6	ENSG00000033178.12	-1.00248746799271	4.79303268612471	-3.96804229238691	0.00131912367341148	0.0344313264154953
RMC1	ENSG00000141452.9	-1.00386860391236	3.91326455852061	-4.25825612284689	0.000740952275938766	0.0272122085230318
PDAP1	ENSG00000106244.12	-1.00638653469594	5.4951364870149	-3.55257381436616	0.00303993098768865	0.0472774172772512
SENP3	ENSG00000161956.12	-1.00763982026959	4.29414367676993	-3.68747064022418	0.00231621451017973	0.042525481176934
PIGM	ENSG00000143315.6	-1.00864881895479	3.15320580475404	-4.39313733880263	0.000568114316410003	0.0250626431247804
MFN1	ENSG00000171109.18	-1.00929436850418	4.29436851525236	-4.73752640418711	0.000290771678031846	0.021581873221122
SLC39A6	ENSG00000141424.12	-1.01010636049025	3.56969213227901	-3.87594083228681	0.00158611848835698	0.03680029873505
KPNB1	ENSG00000108424.9	-1.01095591100387	6.21438146313832	-3.56621541519011	0.0029574121413787	0.0470691377501339
RRP36	ENSG00000124541.6	-1.0113493309104	4.22873754709003	-4.23479522661642	0.000776120053062409	0.0277619874071562
ZZEF1	ENSG00000074755.14	-1.01505405023206	5.31098991581222	-3.6466393156433	0.00251474871218251	0.0440531091515551
NUDT3	ENSG00000272325.1	-1.0164372272808	4.59294317954846	-4.90305211412132	0.000211739717379651	0.0186308664996946
SNX19	ENSG00000120451.10	-1.01972243394599	5.72306741640858	-3.69393224829819	0.00228627885787694	0.042273215104145
TRIP12	ENSG00000153827.13	-1.01983865506052	5.99173584367492	-4.04347040570692	0.00113477396165018	0.032744642284515
CLCC1	ENSG00000121940.15	-1.02426817425165	3.2500320239178	-4.64854462602409	0.00034528149580803	0.0223448491977255
CENPBD1P	ENSG00000177946.5	-1.02434004488773	0.831776711626977	-3.59679179110777	0.00278054719872591	0.045886353718911
TPR	ENSG00000047410.13	-1.02587353739168	5.38221882222934	-3.75983046010657	0.00200242241098604	0.040517919796072
GNL1	ENSG00000204590.12	-1.03036922048689	4.84452713068113	-5.56041562204393	6.21578322153991e-05	0.0128137321443221
IRGQ	ENSG00000167378.8	-1.03283992788119	4.61183083455821	-4.14416440355723	0.000928794588616083	0.0301964283962149
TTLL4	ENSG00000135912.10	-1.03316646828262	3.66001351836158	-3.99936502727407	0.00123912750782369	0.0338853944093908
CHCHD7	ENSG00000170791.17	-1.03492331169024	3.46161593018147	-4.83538695075203	0.000240958683701277	0.0195760095687312
RINT1	ENSG00000135249.7	-1.03699210457355	2.99914246466365	-4.11286438051871	0.00098837789817677	0.0309579725266928
EAF1	ENSG00000144597.13	-1.03899086903415	4.32086866188979	-3.8651689584372	0.00162073758208616	0.0372175531862923
ICE1	ENSG00000164151.11	-1.04147405609277	4.1993682381451	-4.83476225340061	0.000241247037019674	0.0195760095687312
NUP160	ENSG00000030066.13	-1.04259559791365	4.3573994102877	-4.84917662089343	0.000234683344718915	0.0194609678852351
EOLA1	ENSG00000197620.10	-1.04613495973117	2.99731279452332	-3.91303992681463	0.00147252675054996	0.0359019589672077
SAMD4B	ENSG00000179134.15	-1.0477290324626	5.01641197552008	-3.77882267336201	0.00192742948425768	0.0399128068885119
LSG1	ENSG00000041802.10	-1.0495485082611	4.86730922748281	-3.72173098570236	0.00216188349954777	0.0413672926106707
SRRD	ENSG00000100104.13	-1.04979982763681	2.75995215746256	-4.37102944871095	0.000593323703000302	0.0256612105325295
RAB35	ENSG00000111737.11	-1.05348263919839	4.37693046383594	-3.70038794597135	0.00225676068603627	0.0420751536952548
KLHL18	ENSG00000114648.11	-1.05664688448162	2.97193721265535	-3.92799004519486	0.0014291192503308	0.0353577197147404
ENSG00000280347	ENSG00000280347.1	-1.05855147528395	0.720275078526857	-3.5229277299444	0.00322733369197757	0.0484595138543248
POM121	ENSG00000196313.11	-1.05877663282912	4.68821675119392	-4.53657673153891	0.000429153870554543	0.0232997858502036
RLIM	ENSG00000131263.12	-1.06044097114074	4.35697932380454	-3.77555111647221	0.00194014198518255	0.0400323631488063
TCF7	ENSG00000081059.19	-1.0665249265689	2.66793938009295	-4.02494416344417	0.00117747173412014	0.0334064942537237
BTBD1	ENSG00000064726.9	-1.06838312203195	4.72878151007603	-3.83968147093387	0.00170573424709085	0.0379453182438775
SMC1A	ENSG00000072501.17	-1.07253653828193	5.24915736629626	-3.76348955578861	0.00198774791088693	0.0404287273148055
DDX52	ENSG00000278053.4	-1.07381515604113	3.77884283555724	-4.20549556124036	0.00082244905748274	0.0283770967109299
POLR1C	ENSG00000171453.17	-1.07490064357081	3.31832031757254	-4.0464965679883	0.00112795081829707	0.032744642284515
MROH1	ENSG00000179832.17	-1.07490249476996	4.67664097920353	-4.09437741516689	0.00102538761755381	0.0314258228542273
PTPN1	ENSG00000196396.9	-1.07781103222378	4.85645655823254	-3.7984331312252	0.00185297555370944	0.039162550805187
EOGT	ENSG00000163378.13	-1.07926068003512	2.5839172608285	-3.59785223871614	0.0027746079892511	0.0458366410544953
DDB1	ENSG00000167986.13	-1.07930536235641	6.46747837612298	-4.18664400792046	0.000853742676124795	0.0289173421302167
GNAI3	ENSG00000065135.10	-1.0793330849391	5.22646102640865	-4.10693527235842	0.00100009680510037	0.0310764207632478
HNRNPA1	ENSG00000135486.17	-1.07973115042897	7.59433839878361	-3.53409964327605	0.00315538606834152	0.048116440159958
VPS53	ENSG00000141252.19	-1.08317027297072	4.53307620447177	-4.94074852708689	0.000197074638513556	0.0183931479888126
USP11	ENSG00000102226.9	-1.08324952076398	4.29125423697942	-4.16856094807612	0.000884903887829435	0.0294318141530748
ATP11B	ENSG00000058063.15	-1.08347501447521	4.27420472593212	-3.67192645319356	0.00238985961484254	0.0430202200322403
PRPF19	ENSG00000110107.8	-1.0839336172093	5.6456080745215	-3.5302681264184	0.00317987777403527	0.048116440159958
ZNG1B	ENSG00000136682.14	-1.08459022921597	2.66097017832644	-5.37931657578884	8.66351583017111e-05	0.0149191943350144
CUL3	ENSG00000036257.12	-1.08472394348063	4.480460741765	-4.36439268353093	0.000601113194664845	0.0256612105325295
NAA35	ENSG00000135040.15	-1.08625996616437	3.1683600363556	-4.95397917930205	0.000192179935062438	0.0183931479888126
GRWD1	ENSG00000105447.12	-1.08692512082207	4.56481755826991	-4.41457775079325	0.000544714518572337	0.0247987618469807
CCDC32	ENSG00000128891.15	-1.08709148232063	2.40329424133037	-3.97792434762814	0.0012933337987698	0.0342143591596856
PIKFYVE	ENSG00000115020.16	-1.09094986691535	4.69227789199356	-4.12449501722964	0.000965795086259842	0.0305561956483139
MED10	ENSG00000133398.3	-1.09232447967582	3.36898851205778	-4.44934838399998	0.000508847179389696	0.0242376552659967
ALG9	ENSG00000086848.14	-1.0953500561395	3.9256315288636	-4.5385386545934	0.000427516802234603	0.0232997858502036
PREP	ENSG00000085377.13	-1.09546144101637	4.18214051203471	-3.97272410362426	0.00130684067250967	0.0342821302716481
MED22	ENSG00000148297.15	-1.09686898281807	3.97003331411645	-3.90671863336317	0.00149128109817523	0.0361634594286865
STX12	ENSG00000117758.13	-1.09960608683756	4.39868047510465	-4.5728377624733	0.000399911514237803	0.0232997858502036
PABPC4	ENSG00000090621.13	-1.09979744119816	6.03487106640321	-4.09844446221088	0.00101712619127606	0.0312951145021109
MAPK1IP1L	ENSG00000168175.14	-1.09984596479856	5.14450800659515	-4.57933793741287	0.000394890061331392	0.0232997858502036
PWP1	ENSG00000136045.11	-1.10088429015673	4.20695107506366	-5.11625474477654	0.000141419342774402	0.016927335190418
RBBP7	ENSG00000102054.17	-1.10184300942172	5.01783522564683	-4.38711154783976	0.000574874596602599	0.025237345356903
NTAQ1	ENSG00000156795.6	-1.10191320129819	1.76006334039457	-3.62239524128561	0.00264066446600124	0.0447576514150443
POLR3H	ENSG00000100413.16	-1.10230602267999	4.313586440109	-3.58021950559298	0.00287504375915803	0.0466591298571751
PYCR3	ENSG00000104524.13	-1.10535995583268	3.83594326489159	-4.46989023485587	0.000488805464048839	0.024213690420294
FRMD8	ENSG00000126391.13	-1.10608049233866	4.24422218648719	-3.55470050981887	0.00302691571733052	0.047182969370141
GDPGP1	ENSG00000183208.12	-1.10632976863758	2.27182194993628	-3.81323506354709	0.00179871185589511	0.0386946680181887
ZNF618	ENSG00000157657.14	-1.10891862547514	4.1764549227302	-3.87379346894745	0.00159295939419085	0.0369043447816907
SDE2	ENSG00000143751.9	-1.11264322158767	3.59365601005199	-4.20990320487664	0.000815302957221359	0.0283770967109299
TEAD1	ENSG00000187079.16	-1.11550730983918	4.95676707187939	-4.1572799091744	0.000904929663033201	0.0298360072689746
XPO4	ENSG00000132953.16	-1.11600991494335	3.68641856952003	-4.63975890622632	0.000351206141779303	0.0223677665402182
COPS3	ENSG00000141030.12	-1.11627011900311	4.17989463373123	-3.64424636377142	0.00252690287743037	0.0441179776626946
ARPC5L	ENSG00000136950.13	-1.11690592742865	5.16120350857929	-3.893820603386	0.00153030343595233	0.036366945186892
ABCF1	ENSG00000204574.12	-1.11743483668045	5.50032924341099	-3.6372870712267	0.00256258786384815	0.0442154337941552
IDE	ENSG00000119912.15	-1.1220049689869	4.46587430904298	-3.58549320508352	0.00284462710386436	0.0464059427850206
PPP2R5C	ENSG00000078304.19	-1.12204490625235	5.61377314687196	-5.38780082614726	8.5289612848393e-05	0.0149191943350144
SF3B3	ENSG00000189091.12	-1.126805000289	5.56585883723023	-3.60388681562487	0.00274105273736264	0.0455142860745753
RCE1	ENSG00000173653.7	-1.1271690506847	2.89901025206378	-4.50199018727221	0.000459095700282222	0.0236671069912684
DPY19L1	ENSG00000173852.14	-1.12884641428776	4.47385301387189	-4.3975206782468	0.000563247949272446	0.02500606332778
NUP98	ENSG00000110713.15	-1.12987017182865	5.58142561874416	-4.90301438340023	0.000211754947764871	0.0186308664996946
ASCC3	ENSG00000112249.13	-1.13024990213073	4.45912897520543	-3.74562344323084	0.00206044480219776	0.0409902766991259
BAK1	ENSG00000030110.12	-1.13342623778752	2.93343540060153	-3.70230891031357	0.0022480517511045	0.041987478847423
KPNA6	ENSG00000025800.13	-1.13364398595418	5.3607358617823	-5.38200294888271	8.62067474717683e-05	0.0149191943350144
STAG1	ENSG00000118007.12	-1.13368323576641	2.8915828010151	-4.71855633240428	0.000301597585393186	0.0219260077939036
HUWE1	ENSG00000086758.15	-1.13463674014119	6.65050635336027	-3.80985200973683	0.00181097048016659	0.0387983703008056
MRTO4	ENSG00000053372.4	-1.13542099480669	4.39566461340262	-4.13612054547138	0.000943748028397046	0.0304116005611649
UGGT2	ENSG00000102595.19	-1.13563142775516	3.19458030184403	-3.97550784308948	0.00129959256930694	0.0342476476267722
AIDA	ENSG00000186063.12	-1.13641388987618	3.26465565075961	-4.2885238556805	0.000697975702455103	0.0267691382571104
PTPRF	ENSG00000142949.16	-1.13752044134415	7.97438588305101	-3.5351171112971	0.00314891415688796	0.048116440159958
AKIRIN1	ENSG00000174574.15	-1.13943582739365	5.38434063687852	-3.6847634130217	0.00232887403176334	0.0425935771454562
METTL13	ENSG00000010165.19	-1.13971284940228	3.93388298556125	-4.04845574463215	0.00112355572487571	0.032744642284515
CYFIP1	ENSG00000273749.4	-1.14374660167725	5.27104072386593	-3.63655633923352	0.00256636417335337	0.0442154337941552
FARP1	ENSG00000152767.16	-1.1445074487363	5.76868357194165	-3.85531757521893	0.00165306911933385	0.0375198775041847
TRAF4	ENSG00000076604.14	-1.14545979395255	5.76301330213142	-4.51203673590704	0.000450183443521835	0.0236671069912684
BMP2K	ENSG00000138756.17	-1.14720989506236	2.08966274191331	-3.61072395237125	0.00270352841669625	0.0451867220212166
SUPT6H	ENSG00000109111.14	-1.14781129225416	6.5095572787536	-4.49049450057279	0.000469516187813524	0.0236671069912684
POLR2B	ENSG00000047315.15	-1.15067568564866	4.90737628190647	-4.43854075533568	0.000519728407558835	0.0245164656348762
DENND5A	ENSG00000184014.7	-1.15150421655717	4.50648205713588	-3.5678517342691	0.00294766651069482	0.0470691377501339
WRN	ENSG00000165392.9	-1.15194392230251	2.21481812821999	-3.94114609325099	0.00139199682394966	0.034992074253412
PPP6R1	ENSG00000105063.18	-1.15236156219243	5.63470040570043	-4.10193919072609	0.00101008155011959	0.0311572690765121
NUP155	ENSG00000113569.15	-1.1550916701408	3.35170783588724	-4.4208710227625	0.000538035546271158	0.0247273617432054
NOC3L	ENSG00000173145.11	-1.15671270614578	3.2172930057536	-5.30656444754415	9.91190148122011e-05	0.0151088802603758
UBE3C	ENSG00000009335.17	-1.15767296109002	5.62178965656611	-3.7187298441111	0.0021749771625042	0.0415394113926565
GAN	ENSG00000261609.5	-1.15858141512436	2.74391854433326	-4.45127796964183	0.000506929190004882	0.0242376552659967
TIMM23B	ENSG00000204152.10	-1.16064003695907	2.22334332992208	-3.89005280789129	0.00154189717157885	0.036366945186892
XRN2	ENSG00000088930.7	-1.16446575497253	5.07285712787999	-4.10165299812815	0.00101065657945649	0.0311572690765121
RNF4	ENSG00000063978.15	-1.16447386751053	4.83605176024177	-3.694270937648	0.00228472058013898	0.042273215104145
ISG20L2	ENSG00000143319.16	-1.16520135212569	4.2783059064042	-4.23613476696514	0.00077406687539699	0.0277619874071562
TRIM39	ENSG00000204599.14	-1.16739209081357	3.68129265727419	-4.86902991863788	0.000225943538518408	0.0191270365229015
MMGT1	ENSG00000169446.5	-1.1678157628587	2.9698047320283	-4.74090034663354	0.000288888586812671	0.0215442102765392
GEMIN5	ENSG00000082516.8	-1.17009577409949	3.2307500228851	-4.93991355050091	0.000197387830849662	0.0183931479888126
MTMR6	ENSG00000139505.11	-1.17300976539078	4.052194223933	-4.51015119791962	0.000451842443397893	0.0236671069912684
STAT5A	ENSG00000126561.16	-1.17348556692394	3.70922611420275	-4.37511318974281	0.000588582159094201	0.0256612105325295
SLC67A2	ENSG00000135953.10	-1.17549296240375	3.95758722101363	-3.51945731051699	0.00325001718093322	0.0487067168139667
YAP1	ENSG00000137693.13	-1.17552909910555	5.46137200507225	-3.54128326568583	0.00310997692607986	0.0478911982687677
BPNT2	ENSG00000104331.8	-1.17590864395127	5.7753832686573	-3.81688676261809	0.00178557409375102	0.0385538901543645
TASOR2	ENSG00000108021.19	-1.17806920649439	4.71342112210434	-3.63891869754472	0.0025541760792047	0.0442154337941552
CLBA1	ENSG00000140104.13	-1.17848160620975	2.75701412012478	-3.9686877085228	0.00131742343561344	0.0344313264154953
CORO1C	ENSG00000110880.10	-1.18150356096785	5.58277268751687	-3.51633336451828	0.00327057298766758	0.0488744690456699
GCN1	ENSG00000089154.10	-1.18493602019725	5.9622919194604	-3.61140747822371	0.00269980558373229	0.0451727085970421
RPL7L1	ENSG00000146223.14	-1.18623918848738	5.88000633302219	-4.29876138987235	0.000684024090094485	0.0267144670198746
DDX19A	ENSG00000168872.16	-1.18856616786814	4.47456559741962	-4.25704122948078	0.000742732743030256	0.0272122085230318
UCHL3	ENSG00000118939.17	-1.18873631687039	3.60672932796501	-4.0802722285809	0.00105457344689559	0.0320071216120772
PRPS1	ENSG00000147224.10	-1.19154212153342	4.65297285081656	-4.82273046227715	0.000246870828006615	0.0197257348847531
HAUS2	ENSG00000137814.10	-1.1916599267503	2.61912662423657	-4.52828135478834	0.000436147239088973	0.0234725151593554
METAP2	ENSG00000111142.13	-1.19284994871142	5.46843842649325	-4.27546840776238	0.000716191107191703	0.0267691382571104
RABGGTB	ENSG00000137955.15	-1.19293269620323	5.48662214815491	-3.96159446865546	0.00133623232419599	0.0346469113066778
SDAD1	ENSG00000198301.11	-1.19592720488041	4.13198002571952	-4.41753332578187	0.000541567273987577	0.0247273617432054
MIEF1	ENSG00000100335.13	-1.19836102992868	5.21139335319836	-4.50597124821163	0.00045554262834505	0.0236671069912684
KCTD20	ENSG00000112078.13	-1.20051164051432	5.67387562633644	-4.45650890339194	0.000501766932238817	0.0242376552659967
PLXNA2	ENSG00000076356.6	-1.20052212785303	3.93682273233325	-3.5592983100094	0.00299896863619167	0.0471268259132762
SEPTIN9	ENSG00000184640.17	-1.20173089107107	6.91468166987594	-3.49896885597718	0.00338723621560767	0.0499505709723462
NOL10	ENSG00000115761.15	-1.20305705399085	3.78701966461664	-4.57921142240064	0.000394987174062323	0.0232997858502036
SNHG1	ENSG00000255717.6	-1.20718894038597	4.50400658383877	-3.67450839926363	0.00237746519057239	0.0429867545155676
DLGAP4	ENSG00000080845.17	-1.20803628945967	5.23515043148984	-3.67108044774185	0.00239393496338705	0.0430404609963686
ZNF697	ENSG00000143067.4	-1.20840120058937	2.76559997208552	-3.98955324891177	0.00126364082799317	0.0338867791219196
OTUD6B	ENSG00000155100.10	-1.20926898537002	2.44252348633999	-3.63364055152899	0.00258148845003201	0.0443783651108138
SMIM12	ENSG00000163866.8	-1.21344744802613	5.31184661913518	-4.5304871008199	0.000434276342735408	0.0234524200123421
DHX32	ENSG00000089876.11	-1.21428943847267	3.70959925579501	-4.70813116081463	0.000307723130790063	0.0220085583199986
SNX25	ENSG00000109762.15	-1.21675124150318	3.06134905229764	-4.3014464005307	0.000680412461077972	0.0267144670198746
TAF2	ENSG00000064313.11	-1.22176514679534	3.64224944500517	-5.55956782673101	6.22538828926837e-05	0.0128137321443221
EPAS1	ENSG00000116016.13	-1.22251329337408	7.59492806506426	-3.59236783095341	0.00280546272610725	0.0461343322803488
FUS	ENSG00000089280.18	-1.2236162959431	6.09698116781204	-3.83046504888303	0.00173757031370671	0.0380057104510626
MRPL36	ENSG00000171421.12	-1.2249773653212	3.71153146933346	-3.85838827357853	0.0016429217422651	0.0373979613453687
LSM12	ENSG00000161654.9	-1.22713801166139	2.34110139984911	-4.54483197221512	0.00042230872093489	0.0232997858502036
NOC2L	ENSG00000188976.10	-1.22824726717792	5.38310193611606	-4.1285750310022	0.000957998370482907	0.0305561956483139
EIF5B	ENSG00000158417.10	-1.22914907398649	6.37091695038582	-3.69659573435699	0.00227405331712877	0.0421905589174748
AGFG1	ENSG00000173744.17	-1.22965502362406	4.98039258462551	-3.63756448407138	0.00256115570483082	0.0442154337941552
PRPF8	ENSG00000174231.16	-1.22976748878635	6.7650590849129	-4.04420938172215	0.00113310390916904	0.032744642284515
NGLY1	ENSG00000151092.16	-1.23429262000597	4.3301242347346	-4.67314406492083	0.000329234284489466	0.0221293481948048
UTP15	ENSG00000164338.9	-1.23479055146406	2.80737904607599	-4.30124002102958	0.000680689369872117	0.0267144670198746
TBL2	ENSG00000106638.15	-1.23546032803308	4.13450292217885	-4.36859984615554	0.000596163222080737	0.0256612105325295
HNRNPR	ENSG00000125944.18	-1.2356916771494	5.46594104079898	-4.19895051694364	0.000833178807009869	0.0284899853637152
FARSB	ENSG00000116120.9	-1.2376120678987	4.12338140979623	-3.6768074083872	0.00236648358998233	0.0429071304933636
RFT1	ENSG00000163933.9	-1.24018592623644	3.53092439316286	-3.93061332209052	0.00142163770460754	0.0353401080823154
ZFP91	ENSG00000186660.14	-1.24039803055949	5.13206570684676	-4.25661567584457	0.000743357440675434	0.0272122085230318
QTRT2	ENSG00000151576.10	-1.24071228313742	3.02343032463432	-4.30067768240167	0.00068144447088964	0.0267144670198746
RRP9	ENSG00000114767.6	-1.24494489691568	3.42977653114645	-3.76246473864869	0.00199184685291387	0.0404595506659976
ADAM17	ENSG00000151694.12	-1.24718391618902	2.06976892479886	-3.76774797140252	0.00197080680486651	0.0402635056531834
EFTUD2	ENSG00000108883.12	-1.25155532173422	5.04429229916648	-4.01018674489365	0.0012126515452519	0.0337415724735199
FKBPL	ENSG00000204315.3	-1.25466639660909	1.55289959891677	-3.78358430054547	0.00190907739937247	0.0398640815354297
WARS2	ENSG00000116874.11	-1.25733105685315	2.44203466286089	-4.04479206263068	0.00113178884183493	0.032744642284515
SALL1	ENSG00000103449.11	-1.25928629287406	5.82629757088306	-4.1313003157293	0.000952826281083693	0.0304871747749726
CARD10	ENSG00000100065.14	-1.26010779443018	5.13511767183171	-3.9517148425841	0.00136288566937186	0.0347721168124502
RHBDD1	ENSG00000144468.16	-1.26083980683233	3.80796184220962	-5.17671858369298	0.000126255050017848	0.0159611245278905
TRAPPC10	ENSG00000160218.12	-1.26612029347381	3.75041840515481	-3.89149264361459	0.00153745622165291	0.036366945186892
RIOK1	ENSG00000124784.8	-1.26613337066751	3.09702658946939	-4.44901939855522	0.000509174930241551	0.0242376552659967
TULP3	ENSG00000078246.16	-1.26682868182289	3.30976880796592	-4.07137829929483	0.00107341034064078	0.032328229509183
CSGALNACT2	ENSG00000169826.7	-1.26846328169965	3.83260412689839	-4.06585753503122	0.00108527518475432	0.0326228304576534
PCNX3	ENSG00000197136.4	-1.26923834136545	5.30239572443859	-3.53425866360255	0.00315437369096314	0.048116440159958
UBIAD1	ENSG00000120942.13	-1.269703018311	3.78940655293646	-4.3638136880109	0.0006017977068041	0.0256612105325295
NUDCD1	ENSG00000120526.10	-1.27014731981654	2.68820105511352	-3.81732170511994	0.0017840157882096	0.0385538901543645
STARD7	ENSG00000084090.13	-1.27099688873922	6.08191142373966	-4.49291426649147	0.000467302735849394	0.0236671069912684
ADSS2	ENSG00000035687.9	-1.27473470233935	4.02868419087941	-5.0251185047474	0.000167934210845794	0.0182757073981657
NOB1	ENSG00000141101.12	-1.27925025088711	3.14857245091128	-3.99983649794373	0.00123796186284779	0.0338853944093908
SH3BP4	ENSG00000130147.15	-1.28235323507165	4.87900081903242	-3.66966430884764	0.00240077244032142	0.0430681525634294
HDAC4	ENSG00000068024.16	-1.28282307579225	3.15564059561908	-4.27739439535134	0.000713473610211551	0.0267691382571104
ATP6V0A2	ENSG00000185344.13	-1.2829674901459	3.36605510936716	-5.50633419002643	6.86052483674944e-05	0.0134303349335416
TNIP2	ENSG00000168884.14	-1.28708986623378	4.60777319753486	-3.56116751534393	0.00298768127075733	0.0471268259132762
ZNF778	ENSG00000170100.13	-1.28754507204517	2.58685042462035	-4.9167192886831	0.000206296614823183	0.0186308664996946
TWNK	ENSG00000107815.7	-1.28910276993348	2.99810989565046	-3.77224529137391	0.00195307384279154	0.0402461703315241
RRP1	ENSG00000160214.12	-1.28943668110777	4.36637811537079	-3.93880243241713	0.00139853747707735	0.035100152930302
DNM1L	ENSG00000087470.17	-1.29072948178695	4.2483546959291	-3.86684963860378	0.00161528609282472	0.0371468362697914
KIF16B	ENSG00000089177.18	-1.29138923206596	3.42060248169324	-4.98464411106121	0.000181312719366708	0.0183757785907199
UGGT1	ENSG00000136731.12	-1.29183793738701	5.6037589236393	-3.72335509218876	0.00215483094141976	0.0413541986947959
DDX50	ENSG00000107625.12	-1.29363704205883	3.59673211105365	-4.34396741611298	0.000625750228420429	0.0259255934584453
HDX	ENSG00000165259.13	-1.29826024009254	0.693116223772645	-3.54537892693741	0.00308438204277894	0.0476846072773553
AFG3L2	ENSG00000141385.9	-1.29845831554434	4.62426189873672	-3.76850276961719	0.00196781929376551	0.0402635056531834
POP1	ENSG00000104356.10	-1.29853647791326	1.90667809357542	-3.72941097400948	0.00212873810043107	0.0411889880734548
GTF2F1	ENSG00000125651.13	-1.30258750103251	4.95062124777683	-4.0860919156623	0.00104243033269103	0.0317616759538408
SRPRA	ENSG00000182934.11	-1.30265255893948	7.47234111220364	-3.53539710020771	0.00314713554520021	0.048116440159958
SLC52A2	ENSG00000185803.8	-1.30270574060321	3.58914741594679	-4.85069334021652	0.000234003501444604	0.0194609678852351
RRP15	ENSG00000067533.5	-1.30758873451395	3.20485991585457	-4.4685185797253	0.000490118119100517	0.024213690420294
HMGXB3	ENSG00000113716.12	-1.30789391892557	4.85741616870006	-3.73570228610122	0.00210196898918676	0.0410461211637472
SLC10A7	ENSG00000120519.14	-1.30833799787474	2.80039262446145	-3.95613473764698	0.00135089546675245	0.0347721168124502
ARHGAP39	ENSG00000147799.11	-1.30998560997323	1.75796297294732	-4.16276594491476	0.000895133851722279	0.0296378250567074
AGAP1	ENSG00000157985.18	-1.31012934862049	3.12708945765092	-4.49795710069382	0.000462724243141421	0.0236671069912684
MICALL1	ENSG00000100139.13	-1.31137687556262	3.76311487361384	-3.85426531463732	0.00165656100379238	0.0375371405019021
BTBD3	ENSG00000132640.14	-1.31692910114192	3.22285018332494	-6.17841511816551	2.07035418257346e-05	0.00982539904644939
UMPS	ENSG00000114491.13	-1.32066242055841	4.45015764140044	-3.61761271166557	0.00266624407189698	0.0449828906513011
BAG1	ENSG00000107262.18	-1.32359746474002	4.96897353921764	-4.87929094096508	0.000221558902724144	0.0191270365229015
NACC2	ENSG00000148411.7	-1.32472617008565	4.90807237225808	-3.86356793292832	0.00162594805743549	0.0372603363924622
YWHAQ	ENSG00000134308.13	-1.32708367053201	5.85987900413347	-3.760264399393	0.00200067642129069	0.040517919796072
DHX38	ENSG00000140829.11	-1.3275911981276	4.76690937811575	-3.90476216783213	0.00149713465267087	0.0361634594286865
TLNRD1	ENSG00000140406.3	-1.32861028220685	3.56858370697759	-3.68363752085706	0.00233415946742063	0.0425935771454562
ZFHX3	ENSG00000140836.14	-1.32948294519265	4.11203141805637	-6.54728563593614	1.10146294368252e-05	0.00784091416409635
NIP7	ENSG00000132603.13	-1.33026925171681	3.39826043770834	-4.49192082305208	0.000468210176555885	0.0236671069912684
DNAJC2	ENSG00000105821.14	-1.33218626410323	3.76207210888671	-4.22364599552102	0.000793426532196877	0.0281541257568063
ACVR1B	ENSG00000135503.12	-1.33233538788987	5.71906568386622	-4.55334463381581	0.000415367598507319	0.0232997858502036
TAF13	ENSG00000197780.9	-1.33249308574954	3.94770042543816	-3.89557917675671	0.00152492252355275	0.036366945186892
ATP2B1	ENSG00000070961.15	-1.33431163691352	4.27351425875797	-3.55331482512866	0.00303538966239594	0.0472537152115138
ERLIN1	ENSG00000107566.13	-1.33780723263431	6.32864201409073	-3.72277257746578	0.00215735778900761	0.0413541986947959
LETM1	ENSG00000168924.14	-1.33857632797495	5.23485747416789	-3.94266889117888	0.00138776368995016	0.034992074253412
HCCS	ENSG00000004961.14	-1.33919271204223	3.238678490649	-3.62859804142754	0.00260785646408653	0.0445869433232086
ATF6	ENSG00000118217.5	-1.34050463721184	5.05021767710671	-3.93149645887065	0.00141912797409182	0.0353338047730556
NAF1	ENSG00000145414.8	-1.34081984692314	1.84316710264664	-5.05108489641997	0.000159892942195834	0.0178863097694926
PCNT	ENSG00000160299.16	-1.34371679221661	4.43639900606185	-4.34845391740267	0.00062025134300345	0.0258344581988751
WDR46	ENSG00000227057.9	-1.34469836230231	4.45686317617554	-4.44082590098677	0.000517407958983458	0.0245095635291935
SYS1	ENSG00000204070.9	-1.34630174033224	4.50722351863568	-3.56178563200988	0.00298395812712793	0.0471268259132762
KIF21A	ENSG00000139116.18	-1.35149138959629	4.80671306439565	-4.30936618687404	0.000669872794325918	0.0267114073031118
PCSK7	ENSG00000160613.12	-1.3517185597469	3.24868685039569	-3.66681990663558	0.0024145655350634	0.0431672498226347
ASB1	ENSG00000065802.11	-1.35474553265409	4.17322691511663	-3.86313527163909	0.0016273590506637	0.0372603363924622
CREB3	ENSG00000107175.11	-1.35550943739222	4.60475959820428	-3.89303631578377	0.00153270942265611	0.036366945186892
PLBD2	ENSG00000151176.7	-1.35552503117639	5.60679625495055	-3.8315184362515	0.00173390134850723	0.0380057104510626
APEX2	ENSG00000169188.4	-1.35838614962154	3.9037887856247	-3.78791830703329	0.00189252722042968	0.0397905099782153
PBDC1	ENSG00000102390.10	-1.35864185803239	3.4060074508911	-4.11800369390204	0.000978333379606371	0.030828328084538
SRPK1	ENSG00000096063.15	-1.3600025506212	4.50211059759151	-5.24664053117971	0.000110799639094202	0.0151088802603758
G3BP2	ENSG00000138757.14	-1.36142700243184	5.36239725705097	-4.1042116709357	0.00100552742052489	0.0311572690765121
SLC35E1	ENSG00000127526.14	-1.36215496970696	4.79834547100599	-4.90443773662239	0.000211181180313874	0.0186308664996946
TTC22	ENSG00000006555.10	-1.36270067757809	2.97371783281052	-4.09280818366144	0.00102859347397036	0.0314625046793942
MBD4	ENSG00000129071.9	-1.36564145057505	4.87009757481312	-4.04449192156846	0.00113246604356804	0.032744642284515
PES1	ENSG00000100029.17	-1.36832550190047	5.04859992542061	-3.90259024324627	0.00150366016724967	0.0361634594286865
WDR55	ENSG00000120314.18	-1.36839066699224	4.3007843054799	-4.76179123154817	0.000277505435523316	0.0210971486685954
ATP11A	ENSG00000068650.18	-1.37376591896639	5.1803094869348	-3.86187697912503	0.00163146965096356	0.0372631167029623
XPR1	ENSG00000143324.13	-1.3738698670336	3.14385627758947	-4.21912301731158	0.000800559388760011	0.0282808366950845
MTRF1L	ENSG00000112031.15	-1.37410196038344	2.21648287847188	-3.54305537539957	0.0030988764345174	0.0478142894984996
USB1	ENSG00000103005.11	-1.37452090713971	5.01014231965543	-3.49980555730688	0.00338152019417054	0.0499505709723462
ZNF562	ENSG00000171466.9	-1.37469561871325	3.83873257627566	-4.4294587230126	0.000529056822539925	0.0247273617432054
MAPKAPK2	ENSG00000162889.10	-1.37473294993752	6.30340946244073	-3.59099348205889	0.00281324866405294	0.0461343322803488
ARHGDIA	ENSG00000141522.11	-1.37512936723037	5.92479551179439	-3.49916404787042	0.00338590187279117	0.0499505709723462
TSN	ENSG00000211460.11	-1.37579201721837	5.00364630854237	-5.82578732679375	3.85196497494665e-05	0.0111714117541925
PINX1	ENSG00000254093.8	-1.37657715878216	2.62854443063327	-4.34946744448027	0.00061901598326284	0.0258344581988751
VRK2	ENSG00000028116.16	-1.37688631354789	1.69078660375664	-4.6818399883309	0.000323747082169601	0.0220443611037309
FLII	ENSG00000177731.15	-1.38275748893365	6.13395732505959	-3.65328931884221	0.00248128099981478	0.0437040141764256
CNOT1	ENSG00000125107.17	-1.38285416978048	5.5189234076709	-4.04513316375145	0.00113101972352515	0.032744642284515
FAM98A	ENSG00000119812.18	-1.38716664063282	4.36791297190734	-3.75842517146388	0.0020080872885278	0.0405194529387982
FKBP14	ENSG00000106080.10	-1.3889706588191	2.60593188951553	-4.55339458768169	0.000415327214748705	0.0232997858502036
BLTP3A	ENSG00000065060.16	-1.39090801457145	3.97261707102468	-6.59289459981703	1.02010970467299e-05	0.00767420692173916
UTP25	ENSG00000117597.17	-1.39142239522569	3.55174950718864	-3.62509391364392	0.00262633976850201	0.0447576514150443
PRMT1	ENSG00000126457.21	-1.39150611075341	5.29771119980763	-3.79980224102595	0.001847887578809	0.039107793745578
HSD17B1-AS1	ENSG00000266962.2	-1.39293324662937	1.38069012137803	-4.69700231463692	0.000314403785845193	0.0220085583199986
C1GALT1C1	ENSG00000171155.7	-1.39515470072374	3.66706396769942	-3.65968230218005	0.00244953036457945	0.0434451812453893
GART	ENSG00000159131.16	-1.39523880244767	4.63166112523758	-4.33507621614879	0.000636795792592283	0.0261037089788859
DHX15	ENSG00000109606.12	-1.39677577851132	5.64632342705788	-4.30771095928932	0.000672061671307482	0.0267135985643311
OGFOD1	ENSG00000087263.16	-1.39696091708982	4.04096596967048	-3.94928798563763	0.00136951514328251	0.0348747587950364
KRAS	ENSG00000133703.11	-1.40105994515488	4.62581287920136	-3.69094256946736	0.00230008072013285	0.0424274201123706
CDK9	ENSG00000136807.13	-1.40326472448787	5.94103355557293	-4.65688490284139	0.000339752434906333	0.022270427489957
ENSG00000130723	ENSG00000130723.18	-1.40432153241015	5.53462078265062	-4.37171555956265	0.000592524346214766	0.0256612105325295
NME7	ENSG00000143156.13	-1.40927979858898	1.45314911837034	-4.68828839650359	0.000319738979710784	0.0220085583199986
BMS1	ENSG00000165733.7	-1.4094273233336	4.69697250391864	-5.35566473413359	9.05038767174647e-05	0.0150537246675089
RBM3	ENSG00000102317.17	-1.41232030439689	5.79049524126753	-4.0372154233305	0.00114901073771079	0.0330177195656673
HAT1	ENSG00000128708.12	-1.41286820290084	3.49239082102391	-3.87685139776471	0.00158322668459667	0.0367984482351491
ENOX2	ENSG00000165675.16	-1.41505992182232	2.85835956583113	-3.73570148814521	0.002101972362769	0.0410461211637472
ABCA1	ENSG00000165029.15	-1.4169680288965	6.47799557760425	-3.5333601534075	0.00316009820379117	0.048116440159958
RELL1	ENSG00000181826.9	-1.41875443471188	-0.193988293185862	-3.67345566978874	0.0023825108817772	0.0429867545155676
ENSG00000272140	ENSG00000272140.2	-1.4202732487657	-0.113946343504277	-3.571812668801	0.00292420943438281	0.0470691377501339
NLE1	ENSG00000073536.17	-1.42203922650684	2.98179273700452	-6.2342780917377	1.87937645797553e-05	0.00925394284477331
STAM	ENSG00000136738.14	-1.42599155035184	2.95929437810901	-4.1829093065326	0.000860085266878396	0.0290297313891865
WDR3	ENSG00000065183.15	-1.42926588526301	3.9953103971041	-4.50022129326124	0.000460683550843233	0.0236671069912684
RRP1B	ENSG00000160208.12	-1.43216644325285	4.32356060118826	-5.25066358654235	0.000109972430880037	0.0151088802603758
CCZ1	ENSG00000122674.11	-1.43356301870506	1.68655692358356	-3.77847459479279	0.00192877801866247	0.0399128068885119
ATR	ENSG00000175054.14	-1.43384046757606	4.20321055850699	-3.66420446596074	0.00242731890442251	0.0432964024625979
NEDD4L	ENSG00000049759.17	-1.43582710216616	4.49640970193657	-3.88036872451474	0.00157210639229848	0.036692635185971
CCDC86	ENSG00000110104.11	-1.43714575378807	2.76124590422049	-3.66717050248558	0.00241286111191937	0.0431672498226347
YME1L1	ENSG00000136758.18	-1.43766492242196	5.90386044029017	-4.77879164928498	0.000268584021894682	0.0206190900337874
NCOR2	ENSG00000196498.13	-1.43947467133422	5.87956481627577	-5.07809890904518	0.000151949308377035	0.0174816176857559
TTL	ENSG00000114999.7	-1.44033665188447	4.23797504084417	-3.88138148272604	0.00156891919978119	0.0366729008772733
SEH1L	ENSG00000085415.15	-1.44057147986847	4.31142508186865	-5.93120587080186	3.19368816276642e-05	0.0103182067965811
FAM177A1	ENSG00000151327.12	-1.44375595448417	5.12055311507306	-4.99970391630305	0.000176210447425006	0.0182757073981657
CCNH	ENSG00000134480.13	-1.44389269936362	4.160711604657	-4.23499161180796	0.000775818696073807	0.0277619874071562
ECE2	ENSG00000145194.17	-1.4490737399829	3.04689777439096	-3.96710868948908	0.00132158703834564	0.0344382273003844
PIGW	ENSG00000277161.1	-1.45047517541266	2.29743754851706	-4.06034240497022	0.00109726137939545	0.032744642284515
SLC8B1	ENSG00000089060.11	-1.45580906730275	4.93329807660445	-4.26065944841111	0.000737442971810416	0.0272122085230318
LTV1	ENSG00000135521.8	-1.45641030148849	4.12433692383813	-3.64165970108697	0.00254010756158199	0.0442006939132616
MCMBP	ENSG00000197771.12	-1.45751462932874	4.40561610047246	-4.52078449726042	0.000442568170189328	0.0236671069912684
CCDC47	ENSG00000108588.13	-1.46460452865161	5.96028770573228	-3.98170628082897	0.00128360002189233	0.0340882118563359
NTMT1	ENSG00000148335.14	-1.46495053324096	3.12123277657478	-3.88386986462714	0.00156111597449138	0.0366354072882699
AACS	ENSG00000081760.16	-1.46733055327239	2.88025906460203	-3.79472295547482	0.0018668349743169	0.0393492631665908
STRAP	ENSG00000023734.10	-1.46783107645386	5.76482228157923	-3.88263739568173	0.0015649758939948	0.0366354072882699
SQOR	ENSG00000137767.13	-1.46869055325193	5.5446416515279	-3.92610320210451	0.00143452521742331	0.0354354880600417
HBS1L	ENSG00000112339.14	-1.46926477356148	4.67412265655304	-5.2292986173173	0.000114440005382155	0.0151885163075418
HS3ST3B1	ENSG00000125430.8	-1.47507262163438	5.42512412780437	-4.20856009549014	0.000817473789403741	0.0283770967109299
UTP20	ENSG00000120800.4	-1.47528398959353	3.28233938574743	-4.5560846411022	0.000413158470270978	0.0232997858502036
ZNF710	ENSG00000140548.9	-1.47530032489082	2.54750637172433	-5.01006701504469	0.000172785892081935	0.0182757073981657
SPAG5	ENSG00000076382.16	-1.47544289965644	4.09923951459556	-3.69752950268023	0.00226978291838499	0.0421673431611238
ZNG1A	ENSG00000172785.18	-1.47797256040478	2.65196506656378	-6.2603704374428	1.79657892649651e-05	0.00925394284477331
CHD7	ENSG00000171316.11	-1.47860318064801	3.53295401482583	-5.45820497984485	7.49282019706217e-05	0.0141379586874928
DDX18	ENSG00000088205.12	-1.48166092963385	4.86258957183977	-4.64544485685024	0.000347359985067621	0.0223677665402182
HEATR5A	ENSG00000129493.14	-1.48488968773762	3.91993392610756	-5.05136317414675	0.000159808957480848	0.0178863097694926
ZNF584	ENSG00000171574.17	-1.48634867895806	2.51572398364614	-5.90329776767276	3.35563422672419e-05	0.0103182067965811
GLIS3	ENSG00000107249.21	-1.48793946879285	2.80296872447701	-4.33382264422522	0.000638369097088328	0.0261037089788859
FOXK1	ENSG00000164916.10	-1.48795220049816	3.9945972672188	-5.90462356249351	3.34775014056692e-05	0.0103182067965811
DHX37	ENSG00000150990.7	-1.48989947526985	3.76098589644592	-3.9444868040451	0.0013827273092635	0.034992074253412
GMFB	ENSG00000197045.12	-1.491010290413	4.55633874609415	-4.39606343308774	0.000564861015970183	0.02500606332778
MAP3K21	ENSG00000143674.10	-1.49132182322569	3.21595049097422	-3.99477677156993	0.00125052980679984	0.0338853944093908
BLOC1S6	ENSG00000104164.10	-1.49460684616312	4.93977933464614	-3.94355695880694	0.00138530104560741	0.034992074253412
B4GALT1	ENSG00000086062.12	-1.49538052836933	7.06160158214935	-3.54584529032548	0.00308148107578607	0.0476846072773553
GSPT1	ENSG00000103342.12	-1.4996544380669	5.97508441497925	-3.75105821322768	0.00203805065762772	0.0408680042882302
EXT2	ENSG00000151348.13	-1.50117458680349	4.86001266302007	-3.80075056384573	0.00184437165523793	0.039107793745578
TMEM87B	ENSG00000153214.9	-1.50182882854175	3.61352918614974	-3.65442427384194	0.00247561411159781	0.0437040141764256
CIB1	ENSG00000185043.10	-1.50485005301289	6.34971098775381	-5.91227358331149	3.30263396111354e-05	0.0103182067965811
YRDC	ENSG00000196449.3	-1.50721574600089	3.11593350626397	-4.58880638198394	0.000387691356486752	0.0232997858502036
GNL2	ENSG00000134697.12	-1.51604882922255	4.5268478014671	-3.67823424944131	0.00235969380657769	0.0429071304933636
SLC39A7	ENSG00000112473.17	-1.51808642926138	6.46870580042976	-3.6545601335503	0.00247493663258226	0.0437040141764256
F11R	ENSG00000158769.17	-1.52238737306491	7.08812051202071	-4.07308138617007	0.00106977692766693	0.0322808795071132
AGO2	ENSG00000123908.11	-1.52325936884232	4.61064971048913	-5.20676116066822	0.000119357282243982	0.015708020144731
MYBBP1A	ENSG00000132382.14	-1.52362234017032	4.87415665665716	-3.58912167282666	0.00282388781001417	0.0462120240257387
IKBIP	ENSG00000166130.14	-1.52366292427485	2.36262363006667	-3.75757131032988	0.00201153721401608	0.0405194529387982
MAP4K4	ENSG00000071054.16	-1.52436374118604	5.99261415035595	-3.56336403232222	0.00297447200388846	0.0471268259132762
FAM89A	ENSG00000182118.7	-1.52479057262117	2.20796921600788	-3.97078418162555	0.00131191599653947	0.0343577197689042
POLE3	ENSG00000148229.12	-1.52629895800179	4.55495019850794	-3.70973595882792	0.00221469841956528	0.0418388322663593
RPS6KA2	ENSG00000071242.11	-1.52750771454855	3.77973469040857	-4.07330942399949	0.00106929137780921	0.0322808795071132
ALYREF	ENSG00000183684.7	-1.52997208911202	3.60223100926975	-4.21744042222119	0.000803229584150654	0.0282808366950845
PPAT	ENSG00000128059.8	-1.53214030781322	2.70749960137369	-5.2549538578032	0.000109097335902255	0.0151088802603758
MED9	ENSG00000141026.5	-1.5342870526855	4.40125315283482	-3.88320807783487	0.00156318739520812	0.0366354072882699
FTSJ1	ENSG00000068438.14	-1.5363828227323	3.61977616862244	-3.96352192529622	0.00133109450392003	0.0345709303911966
DUSP16	ENSG00000111266.8	-1.53658676620947	5.64051060723796	-4.92988865333174	0.000201188509770347	0.0184588796914631
NOL6	ENSG00000165271.16	-1.54376427814203	4.95463603333565	-3.59182708943797	0.00280852353363494	0.0461343322803488
SACS	ENSG00000151835.14	-1.54477455838888	2.46765613370653	-3.54245434559243	0.00310263681311779	0.0478251920573206
PCBP2P2	ENSG00000253341.1	-1.54523614391435	-0.54757108115236	-4.20427359194258	0.000824441542907421	0.0283770967109299
ZDHHC9	ENSG00000188706.12	-1.54602234804196	5.68140796299532	-4.44022502808901	0.000518017082444484	0.0245095635291935
ABCF2	ENSG00000033050.7	-1.54963618762959	4.27180025704225	-3.8013816474695	0.00184203565636872	0.039107793745578
ZBTB42	ENSG00000179627.9	-1.5501067897131	3.00715063698298	-4.50340764063869	0.000457827379483318	0.0236671069912684
CCNJ	ENSG00000107443.15	-1.55047465397761	1.6299435985144	-4.27911004726586	0.00071106177559296	0.0267691382571104
TNFAIP1	ENSG00000109079.9	-1.55422442799755	6.11758992098351	-3.64345755313008	0.00253092233395817	0.0441389472963461
BECN1	ENSG00000126581.12	-1.55447354136308	3.50183656906796	-3.65225266132732	0.00248646851630363	0.043704358511595
PRKDC	ENSG00000253729.7	-1.55705878487961	5.17670519111322	-4.28078772898254	0.000708711386842816	0.0267691382571104
JAK1	ENSG00000162434.11	-1.56572690442032	6.11765211393584	-4.32160300547139	0.000653915613180847	0.0263942588093434
CAMSAP2	ENSG00000118200.14	-1.57064622434835	3.90969572771465	-3.82359144355822	0.00176170513240575	0.0383728290383956
HEG1	ENSG00000173706.12	-1.57271684486761	3.45710558295415	-4.37366421495728	0.000590260070496563	0.0256612105325295
DPH2	ENSG00000132768.13	-1.57327723244547	3.91821777274737	-4.04416440502842	0.00113320548288969	0.032744642284515
MFAP3	ENSG00000037749.11	-1.57375803508634	2.09802589679659	-3.98722360339891	0.00126953323783536	0.0339411003685211
PIGA	ENSG00000165195.15	-1.57620016755824	3.15059073398846	-4.13336143353597	0.000948933587838091	0.0304871747749726
STK24	ENSG00000102572.14	-1.57806185041028	3.95590155455462	-5.25651980094519	0.000108779730138924	0.0151088802603758
EEF2KMT	ENSG00000118894.14	-1.58554703280254	2.2112051044524	-4.12258670007852	0.000969463982946074	0.0306104343486259
UBE4A	ENSG00000110344.9	-1.5900973702391	3.87450274852701	-4.20628029985443	0.000821172095175169	0.0283770967109299
CHPF2	ENSG00000033100.16	-1.59208174894847	4.45777290636149	-3.94678142213474	0.00137639676382583	0.034992074253412
MAK16	ENSG00000198042.10	-1.59727748075093	2.81180223819707	-5.24128677749109	0.00011191048529491	0.0151088802603758
RTCB	ENSG00000100220.11	-1.60068845963079	5.40573689403314	-3.98286792506029	0.00128062521451924	0.0340882118563359
NOP14	ENSG00000087269.15	-1.60147537167824	4.28919783577082	-3.51659616413132	0.00326883872601415	0.0488744690456699
SNHG16	ENSG00000163597.14	-1.6053760114159	3.37108942519897	-5.00096001341253	0.000175791648333963	0.0182757073981657
ARHGEF5	ENSG00000050327.14	-1.60619978419567	3.19347422773875	-4.96101035231335	0.000189630061940848	0.0183931479888126
XPO5	ENSG00000124571.17	-1.6078795619678	4.2789206096261	-5.5716180780548	6.09030396408219e-05	0.0128137321443221
PRPF4	ENSG00000136875.12	-1.61219810890328	4.12406391041314	-6.03474439072582	2.66073892469585e-05	0.0103182067965811
CREM	ENSG00000095794.19	-1.61293014084318	4.16279606853191	-3.55500239364011	0.00302507275094789	0.047182969370141
SSR1	ENSG00000124783.12	-1.61342369634317	6.53196929435804	-3.50065868980522	0.00337570189250739	0.0499505709723462
KYNU	ENSG00000115919.14	-1.61407330047998	5.23648546188386	-4.39718840921849	0.000563615331195872	0.02500606332778
SLC36A4	ENSG00000180773.14	-1.61412765052987	2.64334038260157	-4.03517804683891	0.00115368711615676	0.0330308846912817
EIF3A	ENSG00000107581.12	-1.61741097270498	6.42105582480909	-3.99787898282303	0.0012428088563363	0.0338853944093908
ANKLE2	ENSG00000176915.14	-1.61964979148694	5.09781481958479	-6.9377609129744	5.76321084556855e-06	0.00644697464660351
ZBTB47	ENSG00000114853.13	-1.62059524898898	2.91461864856734	-4.7215985843014	0.000299833835568385	0.0219260077939036
TFIP11	ENSG00000100109.16	-1.62127890328875	4.01434539737073	-4.00039804126168	0.00123657498159838	0.0338853944093908
LYN	ENSG00000254087.7	-1.62336630405302	4.05829423300808	-4.57453274544805	0.000398595825393012	0.0232997858502036
CHUK	ENSG00000213341.10	-1.62344580953845	4.15985701901438	-6.23075725222916	1.89085097396556e-05	0.00925394284477331
FURIN	ENSG00000140564.11	-1.63002991644111	9.05419645194173	-3.89379868904676	0.00153037061125498	0.036366945186892
IPO7	ENSG00000205339.9	-1.63404893208085	5.64344106595415	-3.71342838059108	0.00219830300611085	0.0417304525802449
NFKB1	ENSG00000109320.11	-1.63573397852689	4.73988023932869	-3.59014442454185	0.00281806959815058	0.0461650501847659
RIC8B	ENSG00000111785.19	-1.639378358624	3.76685186196319	-6.70164377481479	8.50532228440102e-06	0.00740010290533358
RTL6	ENSG00000188636.3	-1.64108969473988	2.9092502993786	-4.93721192477645	0.000198404717397573	0.0183931479888126
NDST1	ENSG00000070614.14	-1.64324174142252	6.90453733994839	-3.88501857531702	0.00155752707249059	0.0366252724959085
PDCD11	ENSG00000148843.13	-1.64328192905507	4.73421504173567	-4.49369801914558	0.000466588107855997	0.0236671069912684
PTPN2	ENSG00000175354.18	-1.64364728817445	4.24485054952622	-3.5100230821653	0.00331249433460287	0.0492086383573176
GOLT1B	ENSG00000111711.9	-1.6438416198357	4.13249719547658	-3.53814896107656	0.00312970816765271	0.0480532937388324
HIVEP1	ENSG00000095951.16	-1.64681629488389	4.29127118005979	-3.5093494878851	0.00331700100866514	0.0492086383573176
MYO1E	ENSG00000157483.8	-1.6478460296399	5.23571131282836	-6.08194463218962	2.44945580239986e-05	0.0103182067965811
WDR4	ENSG00000160193.11	-1.64857991786659	2.43427403723323	-4.21721578207386	0.000803586765169058	0.0282808366950845
DPH3	ENSG00000154813.9	-1.65921797327123	3.64134580737793	-3.65837798992588	0.0024559747584501	0.0435102044028134
NIFK	ENSG00000155438.11	-1.66014672654104	3.31914235832822	-3.90427069089984	0.00149860876637542	0.0361634594286865
FAM86EP	ENSG00000251669.5	-1.66147387428223	0.765366234879203	-3.74261714058145	0.00207293909365352	0.0409902766991259
CDYL2	ENSG00000166446.14	-1.66692901557395	2.53051291546669	-4.71725603643186	0.000302354692819269	0.0219260077939036
ATG101	ENSG00000123395.14	-1.67012357666807	2.8364675926065	-4.18595513710764	0.00085490897173171	0.0289173421302167
PITRM1	ENSG00000107959.15	-1.67037318480791	5.42191171814784	-4.13112288367341	0.000953162145756899	0.0304871747749726
NAA15	ENSG00000164134.12	-1.67116526338275	4.11291327767275	-5.00616795965472	0.000174066208028588	0.0182757073981657
URB1	ENSG00000142207.6	-1.67706982393549	4.20739163924509	-4.262989879027	0.000734056344182103	0.0271774383126145
TRMT6	ENSG00000089195.14	-1.67980343906578	2.75706907147972	-5.76101646574465	4.32532581139213e-05	0.0118884610692338
ITPR1	ENSG00000150995.18	-1.68156776571627	2.86957892273559	-4.55640505547284	0.000412900926649953	0.0232997858502036
RBBP8	ENSG00000101773.18	-1.68559894092605	2.84019518794726	-4.20137217782733	0.000829192235822147	0.028434540883559
LITAF	ENSG00000189067.12	-1.69034783643467	6.49832275311803	-3.93630736083033	0.00140553500970402	0.0352193340591594
MORF4L1P1	ENSG00000218283.2	-1.69114032746808	1.62525935610863	-4.37163646231405	0.000592616442524319	0.0256612105325295
PPM1G	ENSG00000115241.10	-1.69222338962012	5.4411119072792	-4.17803604450132	0.000868433904281501	0.029185715396894
WDR43	ENSG00000163811.11	-1.69311009445129	4.03202522633031	-5.2325073768219	0.000113757192944473	0.0151885163075418
IL4R	ENSG00000077238.13	-1.69612437137958	6.82219834488281	-4.39572612283996	0.00056523506915485	0.02500606332778
NOP16	ENSG00000048162.20	-1.69788876554421	3.37397554281176	-3.95345314530213	0.00135815718388906	0.0347721168124502
TRIM8-DT	ENSG00000272933.1	-1.71224331130543	-0.0635473160916227	-4.0163234482758	0.00119789427251513	0.0336204698958055
RUVBL1	ENSG00000175792.11	-1.71377347100611	3.79135978088069	-3.6606378746447	0.00244481986629072	0.0434451812453893
CRYBG3	ENSG00000080200.9	-1.71459471166565	2.09113112556178	-5.15442715640738	0.000131639419115296	0.0163500390048511
UTP4	ENSG00000141076.17	-1.71506803473232	3.9926270591902	-4.26426608479921	0.000732208483451972	0.0271732631737946
SNCAIP-AS3	ENSG00000250328.5	-1.71655395301577	2.01351168722685	-4.45239802695827	0.000505819269442271	0.0242376552659967
UTP14A	ENSG00000156697.12	-1.71770236538753	2.68739789926082	-3.62261526134196	0.00263949364552553	0.0447576514150443
FLNB	ENSG00000136068.14	-1.72260726663611	6.6843112984818	-4.70269261228003	0.000310969423829154	0.0220085583199986
DCUN1D5	ENSG00000137692.11	-1.72267875519784	2.94877505216019	-5.01472867026642	0.000171267944351025	0.0182757073981657
POLR1A	ENSG00000068654.15	-1.72660761670141	4.64100171825823	-4.25639379340029	0.000743683369379836	0.0272122085230318
CYB561D2	ENSG00000114395.10	-1.72977281906158	3.78878103101442	-5.49018996598459	7.06619150611277e-05	0.0136621759478064
VPS9D1-AS1	ENSG00000261373.1	-1.73022944327937	0.865516200089587	-3.89251491951609	0.00153431105269602	0.036366945186892
SEMA3F	ENSG00000001617.11	-1.73537649341681	2.78026503326777	-4.16841890045368	0.00088515321282793	0.0294318141530748
DDX10	ENSG00000178105.9	-1.73727133006656	3.12136835675074	-5.81101414059248	3.95495222640116e-05	0.0112615466941216
SLC30A7	ENSG00000162695.11	-1.74033452402483	4.80800199697535	-4.28071908930504	0.000708807393091821	0.0267691382571104
ZNF749	ENSG00000186230.6	-1.74254131719324	0.977889592799504	-3.73770788531742	0.00209350703027156	0.0410461211637472
DLGAP1-AS1	ENSG00000177337.7	-1.74333233654125	1.54502399709312	-4.05262761891631	0.00111425483492429	0.032744642284515
PLGLB2	ENSG00000125551.18	-1.74692649816744	1.61224037686813	-4.14281631455067	0.000931283699963355	0.0301964283962149
PLEKHA1	ENSG00000107679.14	-1.75288929765996	5.62829483490528	-4.25408292648012	0.000747086561563493	0.0272730131483587
PUM3	ENSG00000080608.9	-1.75808376880089	3.9498178964055	-3.78737619486048	0.00189458939972097	0.0397905099782153
LYAR	ENSG00000145220.13	-1.75808765059032	2.81147535090468	-4.58617725034175	0.000389676599289295	0.0232997858502036
ABCE1	ENSG00000164163.10	-1.76349601905482	4.67164562367628	-5.61851391879879	5.59296818247886e-05	0.0126552537597547
M6PR	ENSG00000003056.7	-1.7785613176266	4.1685792516653	-3.7343210463246	0.00210781676977078	0.0410578587454977
URB2	ENSG00000135763.9	-1.7786857150178	2.18428351625275	-4.54161190901509	0.000424965309107934	0.0232997858502036
SRP72	ENSG00000174780.15	-1.77903326199009	5.20064415457228	-4.40904165981424	0.000550660208847864	0.0249625774445178
PAK1IP1	ENSG00000111845.4	-1.77991633795835	3.00654177657097	-5.13009706476368	0.000137788667357048	0.0168586587459276
SHROOM4	ENSG00000158352.15	-1.78159393934573	0.835269540411688	-3.91252643619421	0.00147404122443743	0.0359019589672077
H2BC15	ENSG00000233822.4	-1.78401638434882	-0.0832599730786976	-3.85712243241144	0.00164709714447645	0.0374385898108064
LPGAT1	ENSG00000123684.12	-1.78909025615417	6.54329464588191	-3.84395786764686	0.00169116383556708	0.0378902958924406
BYSL	ENSG00000112578.9	-1.79640447466135	2.98358095816822	-4.29494673873964	0.00068918898516135	0.0267691382571104
CMSS1	ENSG00000184220.11	-1.80547599755052	2.62386831969409	-4.10290121360117	0.00100815106075948	0.0311572690765121
FRG1CP	ENSG00000282826.1	-1.80978121042747	2.19794632895807	-4.01316408133992	0.00120546880878511	0.0337415724735199
CPM	ENSG00000135678.11	-1.81034648094377	5.08452882710765	-3.91468957012329	0.00146767202544414	0.0358583644157266
FYTTD1	ENSG00000122068.12	-1.81064414706835	5.07573563556509	-4.54125197718557	0.000425263322481128	0.0232997858502036
AMD1	ENSG00000123505.15	-1.81267180653523	5.01187948004937	-4.68720198449805	0.000320410656852033	0.0220085583199986
MTHFR	ENSG00000177000.10	-1.81432407170565	4.43293664027514	-3.53167932116688	0.00317083503130662	0.048116440159958
NUCLEOLIN	ENSG00000115053.15	-1.8197025612749	7.51071078256341	-3.63799512250855	0.00255893410869287	0.0442154337941552
SSBP3-AS1	ENSG00000198711.5	-1.82048452019143	0.236990978018456	-3.63683834796945	0.00256490613165684	0.0442154337941552
GTPBP4	ENSG00000107937.18	-1.83284777094072	4.3473331745394	-4.02945524916003	0.00116692656565441	0.0332277035358431
ENSG00000278864	ENSG00000278864.1	-1.83584299724667	0.677462291074118	-4.0540229489053	0.00111116158192501	0.032744642284515
DKC1	ENSG00000130826.17	-1.84275068599671	4.42166278133128	-4.75189187288926	0.000282840654265063	0.0212262726279368
RFLNB	ENSG00000183688.4	-1.84321760294695	1.88985777526694	-5.02274546173569	0.000168689672683452	0.0182757073981657
ETF1	ENSG00000120705.12	-1.84672946938559	5.674244113963	-5.17224772852828	0.000127316355939407	0.0159611245278905
MCM4	ENSG00000104738.16	-1.85463269099666	3.19449338599112	-3.60222119592596	0.00275027336690552	0.0455788689937643
EPOP	ENSG00000273604.1	-1.85712440256269	2.34349290208691	-3.8218434060335	0.00176789689327562	0.0384008782879189
P4HB	ENSG00000185624.14	-1.86229911668579	9.66075223432856	-3.52560994596367	0.00320991111924466	0.0482441631847319
CEBPZ	ENSG00000115816.14	-1.86917666244011	3.38505387094483	-4.40253914038228	0.000557728926145991	0.02500606332778
GNL3L	ENSG00000130119.15	-1.87509058086427	1.38815842094868	-5.52156246055984	6.6722306979507e-05	0.013227063919064
PSMD7	ENSG00000103035.10	-1.87688812563995	3.92349018382237	-4.04322637189514	0.00113532601752708	0.032744642284515
DNAJC1	ENSG00000136770.10	-1.8855685461103	4.67831026601316	-3.67055274286897	0.00239648055608412	0.0430404609963686
EIF2S1	ENSG00000134001.12	-1.89223671500023	4.79056773312315	-4.3053100008478	0.000675249727774815	0.0267144670198746
ALDH18A1	ENSG00000059573.8	-1.89468453595357	4.8123858057853	-3.64915679441149	0.00250202568309157	0.0439160711336967
ZNF518B	ENSG00000178163.7	-1.89731929103222	2.06199897878207	-5.17191597215832	0.000127395477044014	0.0159611245278905
LRRC8B	ENSG00000197147.13	-1.89816313415495	2.42698483399642	-3.87238761087225	0.00159745427535697	0.0369538130079253
IPPK	ENSG00000127080.9	-1.90886761480462	0.682108554625615	-4.11415680362715	0.000985842066167143	0.0309579725266928
B3GALNT2	ENSG00000162885.12	-1.9165506217457	1.36313007795443	-4.00990423636773	0.00121333534740999	0.0337415724735199
PNO1	ENSG00000115946.7	-1.92627816107535	3.20063277035399	-4.31475589713894	0.000662795878238949	0.0265474328621488
PSMC1	ENSG00000100764.13	-1.92821917262936	2.59709280874133	-3.53219083233404	0.00316756372287979	0.048116440159958
ACSL3	ENSG00000123983.13	-1.92989876013211	5.79949145883869	-4.70758704121505	0.000308046339888882	0.0220085583199986
TGIF1	ENSG00000177426.20	-1.93002451909783	4.97446584193112	-5.3366522998096	9.37436546552175e-05	0.0151088802603758
HSD17B12	ENSG00000149084.12	-1.93447297304333	3.58180152625478	-5.0185454478447	0.000170035386579325	0.0182757073981657
RNASEH1	ENSG00000171865.9	-1.95654349487517	2.85429449540725	-4.87610585497277	0.00022291043438417	0.0191270365229015
SLC2A1	ENSG00000117394.20	-1.96509990595066	1.94892907838581	-3.87877188702565	0.00157714505792037	0.0367554594525162
TNFRSF10A	ENSG00000104689.9	-1.97249647833212	2.19494893482603	-3.64537461164505	0.00252116497245848	0.0441161616018684
RHOD	ENSG00000173156.6	-1.98302873836039	5.5013491243132	-5.36902833422461	8.82964464019746e-05	0.0149191943350144
PCDHGC3	ENSG00000240184.6	-1.98350704355014	1.42513124875239	-5.26418280916609	0.000107239291143858	0.0151088802603758
PSME3	ENSG00000131467.10	-1.98529798156737	5.22561567622874	-3.93163005657349	0.00141874870338471	0.0353338047730556
TRIM15	ENSG00000204610.12	-1.98616736021494	3.74571494326286	-3.59127625735728	0.00281164491461062	0.0461343322803488
ADAMTS9	ENSG00000163638.13	-1.99038268921575	3.14691213180109	-3.7598156676989	0.00200248195659024	0.040517919796072
TSR1	ENSG00000167721.10	-1.9982415969682	3.86369739888457	-4.93859257772124	0.000197884367463032	0.0183931479888126
DSEL	ENSG00000171451.13	-1.99974665032871	2.22899368516197	-5.90254472226051	3.36012097966692e-05	0.0103182067965811
CD46	ENSG00000117335.19	-2.00006212827206	7.19139967735935	-5.31599894003078	9.73998749051949e-05	0.0151088802603758
ITGB1	ENSG00000150093.18	-2.00155648053605	6.49936465019161	-3.6245124095798	0.00262941978959482	0.0447576514150443
HEATR1	ENSG00000119285.10	-2.00254320827924	3.49758436703676	-5.30349317257627	9.96854310218797e-05	0.0151088802603758
PTPRG	ENSG00000144724.19	-2.00338783866935	4.02885817640921	-6.39781439513316	1.41921048058172e-05	0.00808671266909998
GAREM1	ENSG00000141441.15	-2.00418384598864	3.47747282489087	-3.5545504126217	0.00302783246389066	0.047182969370141
OR7E14P	ENSG00000184669.7	-2.00583759777221	0.796126161690409	-5.11685536441821	0.000141259768285098	0.016927335190418
GNA13	ENSG00000120063.9	-2.00714805987588	4.64616154960817	-3.84150683558058	0.00169949941621612	0.0379118565486636
RHOQ	ENSG00000119729.11	-2.02482438088621	4.24771961288711	-3.81983458010701	0.00177503963300619	0.0385026256128948
TMEM185B	ENSG00000226479.3	-2.03607064799211	2.33531842803921	-4.75371572823612	0.000281849804146761	0.0212262726279368
TNXA	ENSG00000248290.1	-2.04017162187406	0.163570084288718	-4.10976206798248	0.000994492057795204	0.0309804833354648
STS	ENSG00000101846.6	-2.04443524018423	3.25257095524184	-3.99301573293669	0.00125493447145436	0.0338853944093908
ENSG00000255513	ENSG00000255513.1	-2.05397743555828	-0.600698321955396	-4.13074383395147	0.000953880061281949	0.0304871747749726
CAMSAP1	ENSG00000130559.18	-2.05770581831484	3.74593208566736	-5.91476066050029	3.28810344536168e-05	0.0103182067965811
RECQL	ENSG00000004700.15	-2.06004076534093	2.24337256709624	-5.57818202761592	6.01800860399146e-05	0.0128137321443221
ADRB2	ENSG00000169252.5	-2.06210657379893	2.89160144184539	-3.99371144017273	0.00125319250338755	0.0338853944093908
ENSG00000269981	ENSG00000269981.1	-2.06253154177385	-0.874062009627032	-3.9866269347553	0.00127104689241165	0.0339411003685211
PCDHGB5	ENSG00000276547.1	-2.07545296731759	-0.425095202326108	-5.07084032738194	0.000154042732943894	0.0174816176857559
IFFO2	ENSG00000169991.10	-2.08274123747592	3.81929289439961	-3.73307727678072	0.00211309661137472	0.0411095727089931
BZW2	ENSG00000136261.14	-2.10828872492227	3.38171376060714	-4.62033348375761	0.000364680113781273	0.0226637113568592
UCK2	ENSG00000143179.14	-2.10942572543844	2.23079180237426	-5.42930479310585	7.9013433020192e-05	0.0147313020777289
LRP8	ENSG00000157193.15	-2.11671942703813	-0.295073790686094	-5.24257871043789	0.000111641369679344	0.0151088802603758
NPC1	ENSG00000141458.12	-2.13062867059219	4.30393171362717	-3.64257122236054	0.0025354464055526	0.0441686609091873
ENSG00000241886	ENSG00000241886.1	-2.13795704448748	-0.747071121936256	-3.94173409239705	0.00139036072774644	0.034992074253412
GRIN3A	ENSG00000198785.4	-2.13883178133216	-0.431824203041179	-5.11559916497567	0.000141593732445826	0.016927335190418
EIF3J	ENSG00000104131.12	-2.14484564136393	5.21126531294409	-3.841048682244	0.00170106213893415	0.0379118565486636
OPN3	ENSG00000054277.13	-2.14964811607139	1.64341527465163	-4.95962283123646	0.000190130464756997	0.0183931479888126
SLC16A7	ENSG00000118596.11	-2.15673089043239	3.08442625247312	-4.35996428545359	0.000606368986006793	0.0256612105325295
CIRBP-AS1	ENSG00000267493.3	-2.15955155365679	-0.0473788253390433	-4.53561082759791	0.000429962206162367	0.0232997858502036
NPPA	ENSG00000175206.10	-2.1600268373931	-0.543264169423748	-4.01020968275454	0.00121259604216762	0.0337415724735199
NIPA2	ENSG00000140157.14	-2.16244006348567	3.50846841058881	-6.70434923997275	8.46711462860913e-06	0.00740010290533358
BEND3	ENSG00000178409.13	-2.16308338327908	0.863653940083473	-4.66649575547563	0.000333493987109455	0.0222248907749837
PCDHGB6	ENSG00000253305.2	-2.16664109581694	0.0547491030736989	-4.69653184013603	0.000314689483031589	0.0220085583199986
PCDHGA10	ENSG00000253846.2	-2.16850287163013	0.327515464844466	-5.9150235109403	3.2865716702529e-05	0.0103182067965811
SLC4A7	ENSG00000033867.16	-2.1735337066937	2.81814817042895	-4.20614251704201	0.000821396154896168	0.0283770967109299
ADAMTS9-AS1	ENSG00000241158.5	-2.17405452457081	-0.205179818866434	-3.9942378166061	0.00125187615438028	0.0338853944093908
ATP2A2	ENSG00000174437.16	-2.17563625758949	6.95416410545234	-3.89587729711722	0.00152401223547885	0.036366945186892
GPATCH4	ENSG00000160818.16	-2.17982813575883	3.89749020544453	-4.02057514601876	0.00118777728908861	0.0335042531663694
RTKN	ENSG00000114993.16	-2.18376379166024	6.56394396942055	-6.03121188498692	2.67729898427751e-05	0.0103182067965811
FAM135A	ENSG00000082269.16	-2.18943161417456	2.77354854363958	-5.24663158161164	0.000110801486456381	0.0151088802603758
SPTBN1-AS2	ENSG00000238018.2	-2.19615288649394	1.06327072677659	-4.95390423073198	0.000192207305523924	0.0183931479888126
MTMR11	ENSG00000014914.20	-2.19691084929857	2.33581886275276	-4.36538989061825	0.000599936125957896	0.0256612105325295
PDGFA	ENSG00000197461.13	-2.1969877288405	2.7009715641622	-4.28413340282529	0.000704047893084452	0.0267691382571104
FHIP1A	ENSG00000164142.15	-2.19953206854903	-0.582964644083652	-4.02734062502271	0.00117185771177196	0.0333075564864984
ENSG00000213846	ENSG00000213846.5	-2.20364156948623	-0.946248915992042	-4.88712138778726	0.000218272067854748	0.0189908825259623
IDH3A	ENSG00000166411.13	-2.20980902438235	2.70360089974109	-4.33440390387496	0.000637639088448838	0.0261037089788859
SPTBN1	ENSG00000115306.15	-2.23463079381848	7.80350636414083	-4.94720495556503	0.000194670168565206	0.0183931479888126
GYG1	ENSG00000163754.17	-2.24751203774012	3.60516524144122	-3.99542717865364	0.00124890700533674	0.0338853944093908
EIF5	ENSG00000100664.10	-2.2524293336898	7.76250240216178	-4.59648015356998	0.00038195622718424	0.0231853351702806
DIP2C-AS1	ENSG00000180525.11	-2.25482996457895	2.58602094525464	-4.51932771757865	0.000443827107884428	0.0236671069912684
PMM2	ENSG00000140650.11	-2.29837378347404	2.21369085650542	-5.96877663489438	2.98845230595373e-05	0.0103182067965811
RRP12	ENSG00000052749.13	-2.31310249332215	3.99928343545845	-3.64027277323484	0.00254721633729949	0.0442154337941552
LENG9	ENSG00000275183.1	-2.31482795651944	1.33912946306317	-4.13945230579745	0.000937524739779435	0.0302733504117232
SDCBP2	ENSG00000125775.14	-2.32013162641729	3.30191261414292	-3.75156717679958	0.00203596610277052	0.0408680042882302
NOLC1	ENSG00000166197.16	-2.34898425319264	5.38939389676549	-4.27881607829381	0.000711474439145177	0.0267691382571104
ARL5B	ENSG00000165997.4	-2.36151346352381	5.39551239255346	-4.92894639902805	0.000201549609044134	0.0184588796914631
PITPNM1	ENSG00000110697.12	-2.36382729603197	4.82478779059575	-4.41794636693036	0.000541128935076879	0.0247273617432054
KLHL29	ENSG00000119771.14	-2.37142878586085	2.54055587201245	-3.62238775904492	0.00264070429139269	0.0447576514150443
ZNF165	ENSG00000197279.3	-2.37604787926509	0.32018211425243	-3.72688987359021	0.00213956168758837	0.0411889880734548
ENKUR	ENSG00000151023.16	-2.37785665136334	-0.802539981987443	-5.86607737478663	3.58506775254241e-05	0.010797258860109
RHOQ-AS1	ENSG00000250116.2	-2.37974259768556	-1.73405396014087	-4.65455549790676	0.000341287439984017	0.022270427489957
MARCHF3	ENSG00000173926.5	-2.42450544648591	-0.109854362277442	-4.6374552618602	0.000352776855592485	0.0223677665402182
MLXIP	ENSG00000175727.13	-2.43556181905107	6.3503204045834	-3.56670272209605	0.00295450644191258	0.0470691377501339
SERPINB8	ENSG00000166401.14	-2.4569724419224	2.78649078248335	-4.31614194024597	0.000660988352014046	0.0265474328621488
TAGLN2	ENSG00000158710.14	-2.50678047019055	7.19387673224008	-3.76893029590591	0.00196612916666527	0.0402635056531834
ENTPD7	ENSG00000198018.6	-2.51606653025909	2.51738041770012	-4.96857952681448	0.000186924154043552	0.0183931479888126
CLCF1	ENSG00000175505.10	-2.51808329470139	1.06786053555073	-3.9346836871299	0.00141010776749233	0.035221208527428
ST6GALNAC4	ENSG00000136840.18	-2.53727485990006	2.37146270752958	-3.56039507604353	0.00299234052542437	0.0471268259132762
BATF3	ENSG00000123685.8	-2.54430811066817	-0.29752207448948	-3.55133089082012	0.00304756366041578	0.0473021749115674
GK-AS1	ENSG00000243055.1	-2.56060805164205	-0.0369797676366184	-4.59673470157839	0.000381767488910561	0.0231853351702806
SGMS2	ENSG00000164023.14	-2.60061372980469	4.14938620632434	-3.76481435073568	0.00198246179624925	0.0403736465423401
TSPYL5	ENSG00000180543.4	-2.60078829796723	1.4136112942318	-4.45434296855976	0.000503897853146378	0.0242376552659967
PLEKHN1	ENSG00000187583.10	-2.60303461354922	-0.185100489984523	-5.35083172164966	9.13162533307802e-05	0.0150537246675089
CACNA1D	ENSG00000157388.15	-2.60419056662224	2.71283268494851	-7.23911863358475	3.54533104760038e-06	0.00493499614088838
FJX1	ENSG00000179431.6	-2.60475123650234	1.26809343852058	-4.8740881617492	0.000223771008550616	0.0191270365229015
LINC01503	ENSG00000233901.5	-2.61171087730597	-0.14457438288296	-4.01992717545082	0.00118931350972133	0.0335042531663694
ARHGEF34P	ENSG00000204959.4	-2.61510132611375	0.0843822345018255	-4.84019820300294	0.00023874975320394	0.0195760095687312
RPL7AP34	ENSG00000213312.3	-2.6201516271416	-0.505383484114082	-3.58295146886048	0.00285924620565543	0.0465528688742673
PANX1	ENSG00000110218.8	-2.65905125688812	3.39221949808613	-6.15172334588115	2.16867013302027e-05	0.00998927733918544
CCN4	ENSG00000104415.13	-2.67020365366232	0.717765792437006	-4.22290339075809	0.000794593166752339	0.0281541257568063
MTHFD1L	ENSG00000120254.15	-2.67442407640833	2.24267473228587	-4.13954117860283	0.000937359311777234	0.0302733504117232
WWC1	ENSG00000113645.14	-2.67568960131911	5.31484550089571	-3.89228028406091	0.00153503236225459	0.036366945186892
GPRIN3	ENSG00000185477.4	-2.68610708881075	2.47506716224048	-5.56136744626909	6.20501793844922e-05	0.0128137321443221
LINC00513	ENSG00000233559.1	-2.68639179766426	-1.96595783611223	-4.00224818804918	0.00123201672499691	0.0338853944093908
PLIN3	ENSG00000105355.8	-2.70323935801987	3.89943295605321	-4.6893925561651	0.000319057816381756	0.0220085583199986
MAN2A1	ENSG00000112893.9	-2.7216406532402	3.597439840882	-5.60446800965444	5.73732850356032e-05	0.0126552537597547
MAFK	ENSG00000198517.9	-2.72725393393197	4.54665140281478	-4.29330085452588	0.000691429762990061	0.0267691382571104
GULP1	ENSG00000144366.15	-2.72728175333992	-0.0960990009961503	-4.63233130089347	0.000356296557391028	0.0223956510488431
CCR7	ENSG00000126353.3	-2.73227714280665	0.222945444942736	-5.25557085209011	0.000108972081937668	0.0151088802603758
PCDHGB4	ENSG00000253953.2	-2.75389794366143	-1.02185373050141	-5.54594094408588	6.38191116312573e-05	0.0128137321443221
MT1L	ENSG00000260549.1	-2.76163252417878	3.5220192764509	-3.52760088591031	0.00319703992775191	0.0481431176043488
TNFRSF10D	ENSG00000173530.5	-2.773055459079	4.60784301932189	-3.77000658121315	0.0019618808198121	0.0402635056531834
NOMO2	ENSG00000185164.14	-2.79606044456208	1.70480163812865	-5.93458021002287	3.17466783270555e-05	0.0103182067965811
TLCD3A	ENSG00000167695.14	-2.80751439211961	1.2028350061982	-6.45212748147607	1.29387994970799e-05	0.00804043367886284
PCDH17	ENSG00000118946.11	-2.80913802852752	0.0023359876610245	-5.09002232225787	0.000148574232933349	0.0174816176857559
DDX21	ENSG00000165732.12	-2.81681994264866	5.25513770793202	-3.66829841188392	0.0024073860065653	0.0431373824357199
CD38	ENSG00000004468.12	-2.84885050358174	1.90374658690498	-5.68236779493856	4.98283082353043e-05	0.0126552537597547
ADAM19	ENSG00000135074.15	-2.85743534278571	3.55372277846831	-3.69940828748158	0.00226121520361865	0.0421080752721423
GPR157	ENSG00000180758.11	-2.89516715522372	4.18375461306823	-5.55264465245246	6.3044046327296e-05	0.0128137321443221
ENSG00000263082	ENSG00000263082.1	-2.92619402814719	0.537560953210265	-4.45249781477325	0.000505720505828368	0.0242376552659967
SV2B	ENSG00000185518.11	-2.93102195934	-0.689498174382867	-3.60538142373019	0.00273280531000444	0.0454818958129432
CYTOR	ENSG00000222041.10	-2.96598640883756	0.37741150347389	-3.85934179932176	0.00163978360821782	0.0373808603905375
ZSCAN12P1	ENSG00000219891.2	-3.01219968127332	-1.36814305737802	-3.73092953935128	0.00212224532046288	0.0411852341558478
GJB3	ENSG00000188910.7	-3.01353032057993	-1.01068855351112	-5.31973110595698	9.67283774245489e-05	0.0151088802603758
ZNF469	ENSG00000225614.2	-3.04976517699529	-0.87195998488667	-4.45930397779764	0.000499030706670688	0.0242376552659967
RGS9	ENSG00000108370.16	-3.06479214176913	2.16333686425798	-6.031868933628	2.67421066864612e-05	0.0103182067965811
EHD4	ENSG00000103966.10	-3.07214649067744	4.34180401169763	-4.99500956736979	0.000177784764056864	0.0183176788808852
FAM43A	ENSG00000185112.5	-3.07884378736379	1.75174686318351	-5.60753290141759	5.7055007401452e-05	0.0126552537597547
SOCS2	ENSG00000120833.13	-3.09301253575569	2.96098814701895	-3.7455843418753	0.00206060681894604	0.0409902766991259
ARG2	ENSG00000081181.7	-3.12614029954261	-0.299304991976451	-3.82420008483057	0.00175955441218121	0.0383728290383956
BMAL2	ENSG00000029153.14	-3.14417391426148	2.49521851831303	-3.8322193943172	0.00173146425174227	0.0380057104510626
KLHL5	ENSG00000109790.16	-3.15120559265344	5.01164286654002	-3.75195070998167	0.0020343966961727	0.0408680042882302
ATP1A1	ENSG00000163399.15	-3.16945312485975	6.9600532784165	-3.6137933993438	0.00268685106073081	0.0450952657813017
ITGB3	ENSG00000259207.7	-3.21709432396748	1.53040676457909	-5.40874902466561	8.20595523141367e-05	0.0149191943350144
SFN	ENSG00000175793.11	-3.2180037841822	0.187473078597122	-3.84559478127902	0.00168562003971717	0.0378571845663302
CD274	ENSG00000120217.13	-3.22098317626567	1.94296925014236	-8.07657871798987	9.77507240460963e-07	0.00218696298469416
SIPA1L2	ENSG00000116991.10	-3.2219513232387	3.55915874012137	-4.36117297965616	0.00060492980568977	0.0256612105325295
ARFGEF3	ENSG00000112379.8	-3.23373071758406	0.210886892589578	-5.67035089901773	5.09212049366281e-05	0.0126552537597547
SLC22A4	ENSG00000197208.5	-3.27248764376072	-0.131881981199717	-8.19395212382005	8.21742093767431e-07	0.00218696298469416
FLNB-AS1	ENSG00000244161.1	-3.2839827601043	0.846446740376063	-4.63058158147731	0.000357506721295625	0.0223956510488431
MPO	ENSG00000005381.7	-3.33628891658919	-0.323084008372526	-4.94127925887856	0.000196875832816583	0.0183931479888126
ENSG00000249685	ENSG00000249685.1	-3.34301978965941	-1.78669158073391	-4.81155024929235	0.000252217902544054	0.0199494170290022
CYP51A1	ENSG00000001630.15	-3.34505396642068	-0.226951003595355	-5.1948111583867	0.00012205296983104	0.0157972856241646
MT1DP	ENSG00000205361.8	-3.35160576837331	-0.169132093760682	-4.40699658104295	0.000552873399456457	0.0249625774445178
CA5B	ENSG00000169239.12	-3.35664829578931	1.94290070497503	-5.36966450602841	8.81927671847329e-05	0.0149191943350144
CPP	ENSG00000253525.1	-3.35776639117097	-0.95928418010185	-5.08241399143803	0.0001507187931506	0.0174816176857559
WNT4	ENSG00000162552.14	-3.36565618916719	0.775844406571987	-4.84878602422893	0.000234858752972954	0.0194609678852351
DOC2B	ENSG00000272636.3	-3.37739133815084	1.09651194822186	-4.51773081988482	0.000445211363371108	0.0236671069912684
ENSG00000250899	ENSG00000250899.3	-3.50661773335269	-1.77742187246983	-4.97078829811376	0.000186142089395985	0.0183931479888126
DHRS13	ENSG00000167536.13	-3.52256687017428	1.30548328475091	-4.20103768099359	0.000829741726823731	0.028434540883559
PRG4	ENSG00000116690.12	-3.53259680417557	6.68286585810121	-4.83705341324105	0.000240191202685801	0.0195760095687312
ENSG00000249852	ENSG00000249852.1	-3.60461339887313	-1.42623233539103	-4.43343418193287	0.000524952550707967	0.0246885342241365
NOMO3	ENSG00000103226.17	-3.60780946967107	-0.549011808838068	-5.61215151015014	5.65788503624988e-05	0.0126552537597547
TUBB6	ENSG00000176014.12	-3.66072686195411	2.95225727634547	-5.63299884239951	5.44805218550084e-05	0.0126552537597547
TEAD4	ENSG00000197905.8	-3.70219866180993	1.26455898490503	-5.26654591512197	0.00010676883357916	0.0151088802603758
PFPLP	ENSG00000254704.3	-3.76200856407846	-0.686344018873407	-4.1656021488152	0.000890112076892724	0.0295339941445274
COXFA4L3	ENSG00000166920.12	-3.7953493542368	-1.47317841532844	-4.59180279281149	0.000385441464977588	0.0232997858502036
PDE7B-AS1	ENSG00000237596.6	-3.80841477431291	-0.608683306775316	-4.32772344252007	0.000646080953657629	0.0262812306889146
ENSG00000227066	ENSG00000227066.1	-3.81099687163942	0.330210751414038	-5.38266666882934	8.61012398539975e-05	0.0149191943350144
SIGLEC12	ENSG00000254521.6	-3.83763674945436	-2.36407031638306	-4.40679265369149	0.0005530945899526	0.0249625774445178
FAM239A	ENSG00000234449.2	-3.90674300856834	-2.25750880175336	-3.68634912369599	0.00232145048932297	0.0425717050506875
ENSG00000234292	ENSG00000234292.3	-3.94429788364605	-2.14828655075269	-5.6388705830387	5.39042663873157e-05	0.0126552537597547
ENSG00000237721	ENSG00000237721.1	-3.97880681685799	-2.64093284258316	-4.80460823175604	0.00025559802938884	0.0200322640642645
SLC30A3	ENSG00000115194.10	-4.01201762119009	-2.70414425806011	-4.91959859904538	0.000205168458299001	0.0186308664996946
MMP8	ENSG00000118113.11	-4.10093055893137	-1.92574499338756	-4.50774076142026	0.000453972430213097	0.0236671069912684
NPTX2	ENSG00000106236.3	-4.13912095273928	1.21015787854083	-5.37035147387819	8.80809515682735e-05	0.0149191943350144
SLC7A1	ENSG00000139514.12	-4.16269774161208	1.73466634029737	-4.69374814668453	0.000316385372770304	0.0220085583199986
AHNAK2	ENSG00000185567.6	-4.18405992558964	1.61589917885566	-5.25429880452628	0.00010923047960322	0.0151088802603758
SMOX	ENSG00000088826.17	-4.25475507226583	2.41055497386481	-6.9378238660694	5.76261863300285e-06	0.00644697464660351
LDHAP4	ENSG00000214110.3	-4.2818139445836	-1.08589505755235	-6.38215916861963	1.45764997569823e-05	0.00808671266909998
BHLHA15	ENSG00000180535.3	-4.37222656394952	-1.09574714152502	-4.7983378907048	0.00025869129335819	0.0201045699335183
ITGB1-DT	ENSG00000229656.6	-4.49361775661502	-1.30009117281286	-5.98474979856965	2.90541418313215e-05	0.0103182067965811
TMEM233	ENSG00000224982.3	-4.78925393963324	-1.89084291156933	-4.61395617720937	0.000369218683363188	0.0228550743088968
SYN1	ENSG00000008056.13	-5.00888813450439	0.521759643944344	-8.16475332169403	8.57869387478042e-07	0.00218696298469416
MAB21L3	ENSG00000173212.4	-5.18397927090644	-1.40847998203961	-8.28945442167049	7.14380868566021e-07	0.00218696298469416
ALPK3	ENSG00000136383.6	-5.21835050293411	3.57059450970329	-5.29534359432209	0.000101204754330874	0.0151088802603758
FOSL1	ENSG00000175592.8	-5.21945163944476	-0.898579332581774	-4.58096198991157	0.000393645620034091	0.0232997858502036
WNT9B	ENSG00000158955.10	-5.21961535264432	-3.38137637208638	-7.20079712987596	3.76876080885622e-06	0.00493499614088838
IRF4	ENSG00000137265.14	-5.51575054178197	0.707030025533054	-7.33880835546006	3.02693796617704e-06	0.00493499614088838
HCG20	ENSG00000228022.5	-5.72712111389642	-3.06134447829115	-7.19870708810333	3.78136477176813e-06	0.00493499614088838
CCL20	ENSG00000115009.11	-5.77797122485693	-0.148090873036873	-4.66028985775415	0.000337521457101403	0.022270427489957
C2CD4A	ENSG00000198535.5	-5.7973470153368	-1.41918460387333	-6.80004637024743	7.22520055222156e-06	0.00740010290533358
RAB3B	ENSG00000169213.6	-5.93018221901764	-0.46553958810416	-5.18770807772704	0.000123685130395149	0.0158773182550691
DIO3	ENSG00000197406.7	-6.3928099615618	-1.23076213438278	-9.86759338272611	8.1998936725291e-08	0.00128418534805478
ECEL1	ENSG00000171551.11	-7.07432409042679	-1.35105276698465	-8.50798397487279	5.20667987081713e-07	0.00218696298469416
KRT16P1	ENSG00000214856.11	-7.08347588543006	-2.91948631469982	-5.72580164707617	4.60777006309177e-05	0.0124417736134621
CALCA	ENSG00000110680.12	-7.86461453703057	1.07216814286165	-4.91165174481229	0.00020829775153569	0.0186308664996946
TRIM40	ENSG00000204614.8	-7.90555278917627	-2.65235480412884	-5.96004109153763	3.03490972409042e-05	0.0103182067965811
KRT16P2	ENSG00000227300.12	-11.425170205146	-2.77433453737141	-6.74653814742262	7.89405275856591e-06	0.00740010290533358
