gene_symbol	gene_id	logFC	AveExpr	t	P.Value	adj.P.Val
CXCL8	ENSG00000169429.10	8.27572540267694	3.97308869563994	5.08895312195539	5.6172267672163e-05	0.00436369826758488
GZMH	ENSG00000100450.12	7.09691310642522	3.54266629678313	5.0342891168404	6.36714572115627e-05	0.00458907756628665
GNLY	ENSG00000115523.16	6.62363851730979	6.01524948100112	4.19037823006844	0.000451419323942834	0.00963501050689996
GZMB	ENSG00000100453.12	6.55222741009777	4.6208750265645	5.0677507229368	5.8968200279959e-05	0.00441812505650861
ZNF683	ENSG00000176083.17	6.4719515508068	0.271072157124362	3.10467750703011	0.00558908474205997	0.0355581425831056
KIR3DL2	ENSG00000240403.5	6.0827517660848	1.41017862234407	4.41867565609852	0.000264891705322821	0.00754544246465346
S1PR5	ENSG00000180739.13	6.01980094716985	3.62931967742371	5.25483494608177	3.84651312269457e-05	0.00417459806551263
HBM	ENSG00000206177.6	5.93768622593445	5.2912611462242	3.17301691486243	0.00478500341028088	0.0324272958382671
KIR3DL1	ENSG00000167633.18	5.85665143033057	1.20680675761855	4.15759228491198	0.000487373428353161	0.0100603141538434
FCRL6	ENSG00000181036.13	5.81872537007863	2.06228569220148	3.92513954717465	0.000839127753407659	0.01286305942571
AHSP	ENSG00000169877.9	5.78701479862744	4.69073586846352	3.36332418429115	0.00309451230772862	0.0255882362252518
TKTL1	ENSG00000007350.16	5.77931658955763	1.96590422159816	4.64692850115806	0.000155734765835401	0.00608846580980636
KIR2DS4	ENSG00000221957.8	5.65401547478283	1.6839090448026	3.3415534481847	0.00325343318078886	0.0262551524048352
HRG	ENSG00000113905.4	5.64526368553875	-3.13449681455042	3.68520143817578	0.00146848112390589	0.0174157516585977
TRBC1	ENSG00000211751.9	5.58827691547306	5.07193616368255	4.03833950350018	0.000644073071623435	0.0113678195659177
B3GAT1	ENSG00000109956.12	5.57263577613189	1.42478999403138	4.841366407268	9.92748826079913e-05	0.00527085347947464
G0S2	ENSG00000123689.5	5.48777140202089	5.52545417580694	8.29987257353674	6.6114531016988e-08	0.000253742162113788
CD8A	ENSG00000153563.15	5.45834613690472	4.85967660550687	4.69113653420221	0.000140552068492488	0.00588167601343956
ALB	ENSG00000163631.16	5.45503669506208	2.54863790833416	3.39420407490485	0.00288207089570169	0.0246848217116122
CD5	ENSG00000110448.10	5.42349119312466	4.22362747199627	4.15093313260292	0.000495019366275428	0.0100855338453539
KIR2DL1	ENSG00000125498.19	5.41715105561775	1.38251600973552	4.50853767105871	0.000214846980913283	0.0069091950857159
KIR2DL3	ENSG00000243772.7	5.39988536428315	0.50427676670843	4.09463832205256	0.000564646104296217	0.0107157509251245
TRGC2	ENSG00000227191.8	5.37015002812598	2.18460129114946	3.63668765165136	0.00164388914128374	0.0180857624912697
GZMA	ENSG00000145649.7	5.3446871854541	3.29416027140375	4.82595514951006	0.000102872613525867	0.00532771851102384
HCAR2	ENSG00000182782.7	5.33397763153773	5.24617257183814	4.37284709021558	0.000294778110091343	0.00799802372233129
PTGS2	ENSG00000073756.11	5.29293056021282	3.7014909012246	5.05835630493878	6.02518494907076e-05	0.00449150150748911
SH2D1B	ENSG00000198574.5	5.22246579525613	2.07059863629201	4.0226584599201	0.000668120157679755	0.0115362851334744
FCER1A	ENSG00000179639.10	5.20928995975363	-0.608244352751321	3.36073320672458	0.00311301959343301	0.0256837167127284
LGR6	ENSG00000133067.17	5.20703763202759	1.88948255957066	3.55066023539196	0.0020072876179532	0.0201994664874629
PDZK1IP1	ENSG00000162366.7	5.19278542271344	4.57192382580789	3.05108182643796	0.00630995670380943	0.0380920085677821
TRGV10	ENSG00000211694.2	5.12035051602676	0.00886146598320916	3.80614413893473	0.00110784089487386	0.0148382319494901
CD8B	ENSG00000172116.21	5.09568636776107	2.89732028538281	3.85775403405496	0.000982136881030452	0.0138853834904305
TTC16	ENSG00000167094.15	5.08131103486011	1.23421114663327	4.37038868020883	0.000296473962269204	0.00801457084815649
HILPDA	ENSG00000135245.9	5.07978182521053	4.26059541639231	3.77594303290564	0.00118868366955033	0.0154173734293172
SLC1A7	ENSG00000162383.11	5.07404809793214	-0.443521893026715	4.46930599232574	0.00023540420340829	0.00719356267155619
TRBV24-1	ENSG00000211750.2	5.06662393499232	-0.922765180683737	3.94095400982019	0.000808690149535726	0.0126309699546532
TRAV8-2	ENSG00000211786.3	5.0588434513677	-0.617154234986006	4.74852689956711	0.000123049444223791	0.00568031151137136
PRF1	ENSG00000180644.7	5.04883726270923	6.64580151573557	5.18628603670596	4.49671705498421e-05	0.00431430134116629
GZMM	ENSG00000197540.7	5.03153320282921	4.13434888947088	5.18962299117847	4.46261408938847e-05	0.00431430134116629
LINC02446	ENSG00000256039.1	5.0203625371527	-0.0176652204481977	4.46665784092983	0.000236861209917094	0.00719356267155619
HSPA1B	ENSG00000204388.6	5.01736954144171	6.68007265651562	7.00778905934343	8.49925605044646e-07	0.00161936906144874
TRBV7-2	ENSG00000282939.1	5.00969135118043	0.764990018905829	4.23140226401469	0.00041015072194476	0.00915858495598283
CD3D	ENSG00000167286.9	4.93002506831205	3.13757269643927	4.09799165191688	0.000560236901079489	0.0106835874159344
TRIM58	ENSG00000162722.8	4.92715470097189	4.09507097487397	2.97756048250349	0.00744662709860883	0.0417875770591801
TMC5-AS1	ENSG00000260592.1	4.91404351010519	2.47068892562323	3.92309976204426	0.000843135872633919	0.012869374850131
TRGC1	ENSG00000211689.7	4.90091777080555	1.84263941794894	3.64698627468281	0.00160499919644167	0.0180150480148129
PI3	ENSG00000124102.4	4.88402460439041	3.82823327213109	3.01704805939967	0.00681358359419976	0.0398398881611105
PPP2R2B	ENSG00000156475.18	4.88118952557174	0.748486771651466	4.39607550948338	0.000279228553329192	0.00770734422406925
CLEC4F	ENSG00000152672.7	4.87225947745352	-2.91312382001667	3.09595420717234	0.00570071641536241	0.0360045247286047
TRBV19	ENSG00000211746.3	4.85492844163031	0.8279090756916	4.00601064705595	0.000694631553968307	0.011744286067093
EOMES	ENSG00000163508.12	4.84124359509019	2.53725241135704	4.2119250587814	0.000429249995806399	0.00940963858043437
ENSG00000270640	ENSG00000270640.1	4.79992281013683	-0.143637378821323	3.56812050875709	0.00192762886465909	0.0197150261343854
COXFA4L3	ENSG00000166920.12	4.79452575774332	-1.30654415583219	3.33584945714953	0.00329637513841463	0.0265147122850136
TRBV20-1	ENSG00000211747.3	4.78996929663785	1.17156757928263	4.2702994329602	0.000374520947689122	0.00867806779888767
KLRB1	ENSG00000111796.3	4.77109893071043	3.15147801635666	4.57038304922589	0.000186049665016519	0.00656960061158807
BAG3	ENSG00000151929.9	4.75661279649563	3.77148196382201	6.4773028703883	2.58741142821597e-06	0.00213641637155401
HDC	ENSG00000140287.10	4.73477757757437	-0.540011998394774	3.16041614701608	0.0049242833616072	0.0329170334825328
H2BC18	ENSG00000203814.6	4.72789564512563	3.91967735664525	4.57951295480676	0.000182141506932648	0.00652526369496575
CD2	ENSG00000116824.4	4.71304730694095	4.28319233400886	3.50491256899487	0.00223171632506901	0.0213160601040183
TRBV6-2	ENSG00000283063.1	4.68939235396099	-0.504825461722113	4.80163868019727	0.000108819848343986	0.00551796504494873
MATK	ENSG00000007264.14	4.68816871402335	4.17793669756919	5.4443212800658	2.50377385601491e-05	0.00357836536908022
ZNF365	ENSG00000138311.15	4.65009019425611	-1.9565379966575	4.22028051769551	0.000420949794378879	0.00927346114183918
SELENBP1	ENSG00000143416.20	4.64107195807059	5.88027866675322	3.06934341146989	0.00605476719543474	0.0372058134074175
CD247	ENSG00000198821.10	4.63961507854957	5.56668097329949	4.35541815451881	0.000307014738665917	0.00807760702800167
TRBV5-1	ENSG00000211734.3	4.6169750985875	0.676923680882835	4.46729706400027	0.00023650868135494	0.00719356267155619
TRBV11-2	ENSG00000241657.1	4.60657547863837	-0.758168486804006	4.78684897456464	0.000112606154737477	0.005521968416303
OLIG2	ENSG00000205927.4	4.59757200351103	-2.10917548970362	3.21883133234009	0.00431018101053041	0.0307315098146353
PDZD4	ENSG00000067840.12	4.59469885131033	3.82068627519671	4.89672364125857	8.73706845952133e-05	0.00513781396265079
FGFBP2	ENSG00000137441.7	4.5865510506059	4.0889509439033	5.44883030662793	2.47843120147892e-05	0.00357836536908022
GATA1	ENSG00000102145.13	4.58001577894009	3.91255930596306	3.2994782015251	0.0035835308367234	0.0278183855454428
OR2W3	ENSG00000238243.3	4.56729241162696	2.72391787452554	3.08522701793113	0.00584095737975737	0.0364807060679234
JUN	ENSG00000177606.6	4.56596947871937	5.55637707854223	6.15521050014312	5.17842888215749e-06	0.00248515905447183
PRSS57	ENSG00000185198.11	4.56148166284652	0.425408839624428	3.90853138581207	0.000872322185037315	0.0130402967933386
TRBV2	ENSG00000226660.2	4.55927412190614	-0.127599051785292	4.73905868877059	0.000125777342500867	0.00568031151137136
TRBV6-5	ENSG00000211721.2	4.54772985620522	-0.319065372266118	4.55500444242573	0.000192824923263452	0.00664879470400914
CLIC3	ENSG00000169583.12	4.54321310381541	2.54886184153354	4.34558763812565	0.000314140558031316	0.00814888336826401
CTSW	ENSG00000172543.7	4.53888295022381	5.83093029378583	5.5312945170116	2.05842815382507e-05	0.00329195536944173
HBBP1	ENSG00000229988.1	4.53586098594296	0.977474397074159	4.12529147640996	0.000525599096553069	0.0102752882981765
MMP23B	ENSG00000189409.13	4.53094476393982	-2.07149979874382	4.06298343101022	0.000608016387016355	0.0110768110137357
KLRC3	ENSG00000205810.8	4.5041564154517	-0.329128409363769	3.34205104893383	0.00324971311884304	0.0262394779180105
PRDX3P1	ENSG00000229598.1	4.50343389501691	0.701673434183205	3.2422704597418	0.00408533537850976	0.0298908905176933
DNTT	ENSG00000107447.7	4.48197143001723	-4.21824081308157	3.64003190672688	0.00163115940296637	0.0180857624912697
TRBV29-1	ENSG00000232869.2	4.47712383856406	1.01734672383715	3.92069066634794	0.000847894246713246	0.0129152931697498
PLAU	ENSG00000122861.15	4.46746161518543	2.39818339939383	3.55926821544684	0.00196761793298104	0.0199066521452501
KLRD1	ENSG00000134539.16	4.46235994663384	4.24019013041364	3.9077919936324	0.000873830024619781	0.0130402967933386
HCAR3	ENSG00000255398.2	4.40392039261694	4.17760650458144	4.34121745458518	0.000317361515352025	0.00816072468048063
TRBV7-9	ENSG00000278030.1	4.39577948547367	0.221550902767592	4.17867152378559	0.000463941633342309	0.00982464635313124
WNT7A	ENSG00000154764.5	4.3872172991085	-0.849352446373535	4.17237928557898	0.000470815446659353	0.0099017610554913
NR4A1	ENSG00000123358.19	4.38511816986685	3.58100652674925	4.25572156811164	0.000387495157325119	0.00879996468758739
TRAV12-2	ENSG00000211789.2	4.38059228487737	0.0512910061274728	4.50294502269196	0.000217663099769698	0.00693889277019598
LINC01871	ENSG00000235576.1	4.37468105369722	-0.799300816837893	4.43105220769899	0.000257356726300813	0.00746725957687175
PTGDS	ENSG00000107317.12	4.3707311383858	3.15453234302179	4.71653241664551	0.000132515949301425	0.00572626016845018
TRBV9	ENSG00000211716.2	4.36294141850695	-0.333681593768593	4.49660126685206	0.000220902495615132	0.00699682582677972
PRG2	ENSG00000186652.9	4.3546687137359	3.4125633143521	2.97848657657321	0.00743115100491688	0.0417524890873898
CYP4F29P	ENSG00000228314.1	4.35372725511004	-0.242506045772215	3.57000597672033	0.0019192156490478	0.0196719604027399
EPB42	ENSG00000166947.11	4.34796138997904	5.1834469507928	2.87360453288274	0.00939583919261325	0.0481711893288476
CD3E	ENSG00000198851.9	4.34665086524084	6.08856802023057	3.63253549054375	0.00165983086869072	0.0181474841643519
TRBV30	ENSG00000237254.2	4.33788714961663	-0.903256858066326	4.20403189837281	0.000437241617799894	0.00944902822653944
TRBV3-1	ENSG00000237702.2	4.32634290192708	-0.274784843493026	3.92334543955461	0.00084265211497295	0.012869374850131
TRBV4-2	ENSG00000211745.3	4.31860411766148	-0.475360325528506	4.65529157815717	0.000152740584174969	0.0060279439102207
GYPB	ENSG00000250361.7	4.31168292252867	1.34936123645308	3.18050539688593	0.00470405413509499	0.0322189508278432
HBEGF	ENSG00000113070.7	4.30385924917667	2.3572633562599	5.02935600619466	6.43963792460239e-05	0.00458907756628665
TRBV5-6	ENSG00000211728.2	4.29624141872986	-1.10368986537143	4.36779822851781	0.00029827151535448	0.00802109805085054
TRGV2	ENSG00000233306.2	4.27896972908644	-1.79411365337849	3.6662867238524	0.00153455084448855	0.01774083488621
TRAV13-1	ENSG00000211788.2	4.2756206949966	0.0487577288145668	3.71296954962685	0.00137655677864957	0.0168334532335274
ABCC13	ENSG00000243064.8	4.26794866654849	1.2613673554986	3.30299683971759	0.00355471490817075	0.0277779317046892
LINC00944	ENSG00000256128.5	4.24646351562594	-0.873141557224848	3.51960855811823	0.002157050763651	0.0209242035830671
FASLG	ENSG00000117560.7	4.24075598762769	0.142771506093665	3.87503531426777	0.000943299928837296	0.0135835189752571
PRKCQ	ENSG00000065675.14	4.22188733584852	2.95867243193578	4.50358184271605	0.000217340567813334	0.00693889277019598
TRBV14	ENSG00000275743.1	4.22064891539404	-1.17191595882434	3.54298195742279	0.00204333758685978	0.020298137666806
KLRF1	ENSG00000150045.11	4.21631426052825	1.57675056549377	4.33671355232126	0.00032071576268146	0.00818001397178784
CD7	ENSG00000173762.7	4.20567486954029	5.88555881949048	4.44205806421895	0.000250837639918847	0.00740472713040435
TRBV6-1	ENSG00000211706.2	4.20429356135156	-0.846919332450359	3.87228931768305	0.000949367428334951	0.0136575665128888
SAMD3	ENSG00000164483.16	4.18860803734989	2.68595361469222	4.01012415885643	0.000687984739412889	0.0116989110066063
CD40LG	ENSG00000102245.7	4.17583429896916	1.83278439251347	4.44761630466248	0.00024760877730308	0.00733876617066959
SNAI1	ENSG00000124216.3	4.17372195989934	1.01091304640119	4.66002054896499	0.000151073309984064	0.00602552785321948
TRAV2	ENSG00000211776.2	4.16907683858848	-1.05000867553502	3.75075615537725	0.00126056206532636	0.0159844468077467
PKLR	ENSG00000143627.17	4.16877788839539	-2.04179727568617	2.95185411072734	0.00788882243778761	0.0433019781263463
CLEC10A	ENSG00000132514.13	4.16822190786411	1.88216339025766	3.48978924625733	0.00231120918187828	0.0217556720792756
KLRK1	ENSG00000213809.8	4.16705635959213	4.48925815153007	5.57918140482697	1.84863591990585e-05	0.00326408764393466
CLC	ENSG00000105205.6	4.16468124076425	3.69592412287052	3.36928152801189	0.0030523671230264	0.0254741381149325
RHOB	ENSG00000143878.9	4.15343143322388	7.18105608844491	5.86457060784804	9.79323070137987e-06	0.00301141844067431
RHAG	ENSG00000112077.15	4.15176205183018	0.889846443674431	2.94900364333055	0.0079393853724947	0.0434502514267786
LINC00570	ENSG00000224177.6	4.1377300903659	0.757874833606316	3.65581717091927	0.00157237725662433	0.0179208265435068
SIRPG	ENSG00000089012.14	4.1324891882996	1.85499265981168	3.47317875840666	0.00240173170740005	0.0222244460983218
SNCA	ENSG00000145335.15	4.12994296024143	5.72039064321049	2.95878627798812	0.00776714707105656	0.0429837256940721
DNAJB1	ENSG00000132002.7	4.12985848694009	8.49865411630186	8.28860327668099	6.75386812366359e-08	0.000253742162113788
GYPA	ENSG00000170180.19	4.12462110974864	0.80616978511033	3.0198697099446	0.00677039416141197	0.0397536760046295
TRBV5-5	ENSG00000211725.3	4.12357608892137	-1.82099173467482	3.76315194105066	0.00122466366681107	0.0156638091179649
TRBV27	ENSG00000211752.3	4.11989642505014	-0.269254539075004	3.77096188374443	0.00120256868544525	0.0155126298044573
TRAV19	ENSG00000211799.3	4.11936728013502	-0.454396088525283	3.35623263890459	0.00314542514169074	0.0257971842431587
PRSS23	ENSG00000150687.11	4.11369543193628	1.60597987335542	4.16930380981199	0.000474212206792469	0.00991412488988221
SH2D2A	ENSG00000027869.11	4.11052550160345	4.72333427275468	7.61905701399516	2.46927592408757e-07	0.000728930252790651
TRGV9	ENSG00000211695.2	4.10570374973882	-0.428077177586007	3.30108498321565	0.00357034386018998	0.0278183855454428
SNORD3A	ENSG00000263934.4	4.09470171687084	-1.36079646056664	3.48048728889467	0.00236148042624856	0.0220350989380252
KIR2DP1	ENSG00000242473.1	4.09360278975662	-1.02690214559128	4.23295452395317	0.000408665755664742	0.00915858495598283
TRBV4-1	ENSG00000211710.3	4.08986794901842	-1.15379953635065	3.16803522553878	0.00483960345728052	0.0326741426001896
TRAV8-4	ENSG00000211790.2	4.08173585264886	-1.01657826404523	4.2432804347888	0.000398923804125275	0.00900323447842363
KLF1	ENSG00000105610.4	4.08014159626814	3.87717853660911	3.1651580050648	0.00487141372516094	0.0327572057327451
TRBV7-6	ENSG00000211727.3	4.07734117372052	-1.1658207421061	3.81200337101972	0.00109280125979851	0.0147573161890448
TRAV8-1	ENSG00000211782.2	4.07490516165091	-1.60770738710083	4.83558212566171	0.000100610027607107	0.00530615557370546
LINC02084	ENSG00000272282.1	4.07339984339871	0.454632259200794	4.40502721657219	0.000273458756161618	0.00768809760180091
TRBV28	ENSG00000211753.4	4.04489859560096	0.037593829376359	3.72300699549467	0.00134475083219511	0.0165031640328494
XCL2	ENSG00000143185.3	4.04180731332472	0.42237884961255	3.24981474464761	0.00401542932147004	0.0296678652828102
AZU1	ENSG00000172232.9	4.02316737579641	4.28150408315081	2.94276896392442	0.00805106882822781	0.0438177639766381
LAIR2	ENSG00000167618.9	4.01986907223194	-0.889315826610031	4.12851920261329	0.000521648081464299	0.0102387309606557
TRBJ2-1	ENSG00000211764.1	4.01749702474483	-1.87365052878703	5.23548467125548	4.01971152124115e-05	0.0042684130973755
OSM	ENSG00000099985.3	4.01579705981981	5.22512701575963	4.64613306842929	0.000156022620069703	0.00608846580980636
TRAV14DV4	ENSG00000211792.2	4.00143132801153	-0.826274186404095	4.64486300114706	0.0001564833515507	0.00608846580980636
NMUR1	ENSG00000171596.6	3.99887067998301	1.84082320245735	3.81282026805118	0.00109072059974453	0.014756220029541
CD3G	ENSG00000160654.9	3.98285510775454	2.1377512851422	3.19153801077314	0.00458721593460151	0.0317725514757008
P2RY2	ENSG00000175591.11	3.98132818802557	1.75482835630972	3.91659267880702	0.000856050001513936	0.0129725852385479
CPA3	ENSG00000163751.3	3.97772836212361	-0.504877021532263	3.65884957023026	0.00156132732451908	0.0178644893875207
CTLA4	ENSG00000163599.14	3.9744019528527	0.649421242441913	3.5136614870498	0.00218696481832564	0.0210427644840199
IFIT1B	ENSG00000204010.3	3.97381152540689	3.07463288792803	3.32817944112234	0.00335499372921679	0.0268399498337343
TRBV10-3	ENSG00000275791.1	3.9723739520927	-0.868369205093023	4.00163335984634	0.000701774995446913	0.0117706806054505
SPTB	ENSG00000070182.19	3.96578248488132	3.8731841992301	3.27056669186739	0.00382910657789612	0.0289220699043844
ENSG00000255438	ENSG00000255438.2	3.9632079689003	-2.39064874255673	4.04409003288108	0.000635472865443358	0.0112578128879864
VMO1	ENSG00000182853.11	3.95643363825127	-0.851743692848089	3.57898055081262	0.00187966391690394	0.0194420738707093
FRMPD3	ENSG00000147234.10	3.95434684022191	-0.581080655407	3.03783033187406	0.00650161808530748	0.0387893151456308
TRAV4	ENSG00000211778.2	3.95284880473649	-0.798381851804499	4.31148754234745	0.000340172054181677	0.00835777461891087
TRAV9-2	ENSG00000211793.2	3.94574431240892	-0.566156518910758	4.08536001028159	0.00057702759369532	0.0108357853472556
TRGV7	ENSG00000249978.1	3.93922307489071	-2.1366678094931	3.02416132816754	0.0067052113853618	0.0395875680191761
ADGRG1	ENSG00000205336.11	3.93853670868272	5.37810534728023	6.35958648593113	3.32910410201505e-06	0.00213641637155401
TRAV29DV5	ENSG00000211810.3	3.93474568641905	-0.527991832221613	3.50420035923784	0.00223539878050726	0.0213280452490544
KIR2DL4	ENSG00000189013.14	3.93321773577373	1.4392319726132	3.96254820087607	0.000768897917125206	0.0123090382394447
CTSE	ENSG00000196188.10	3.92296854215732	-0.299541319257896	3.64925446804635	0.00159655700268544	0.017988589413825
TRBV12-4	ENSG00000276953.1	3.91184017262419	-1.07589003950245	4.0405427373287	0.00064076437051217	0.0113265653997121
TRBV5-4	ENSG00000230099.2	3.88450674925269	-0.718035586072051	4.30382677398164	0.00034631217342667	0.00839337878452817
ADAMTS10	ENSG00000142303.13	3.88363884288958	2.61040900417184	4.5531986706591	0.000193636640459044	0.00664879470400914
ADH4	ENSG00000198099.8	3.87822114821611	-3.43358539983687	3.13721315151614	0.00519113220543831	0.0339031466160485
NKG7	ENSG00000105374.9	3.87644045359719	7.52402115707166	4.12881889554977	0.000521282742957367	0.0102387309606557
KLRC4	ENSG00000183542.5	3.87491052807986	-0.886104232159117	4.00301951178468	0.000699504990576629	0.0117459541079762
OSBPL5	ENSG00000021762.19	3.87398544707201	4.00550811423415	3.46103536633508	0.00247010765803822	0.0224915416611006
FOSB	ENSG00000125740.13	3.8722027375675	1.93865395979397	3.90236203448965	0.000884983121813111	0.0131148101184353
TRAV8-3	ENSG00000211787.1	3.8574028656463	-1.27049771681147	4.31323924741876	0.00033878348955246	0.00835777461891087
TRBV7-3	ENSG00000211714.3	3.85674608271623	-1.00012722498765	4.92674276207943	8.15312449741092e-05	0.00500533443228665
TRAV3	ENSG00000211777.2	3.8552025627397	-1.07429969446787	3.84066796310931	0.00102209798552364	0.0142143626684527
PRADX	ENSG00000235027.1	3.85159391738377	2.65138816158214	4.52777537464419	0.000205437485955849	0.00675335699935042
LINGO2	ENSG00000174482.10	3.84152509182638	-2.69944419233912	3.60810354672732	0.00175677658988338	0.0186636259604556
MYL4	ENSG00000198336.9	3.83869927130507	4.85467909483883	3.92488063322596	0.000839635458226824	0.01286305942571
NTRK1	ENSG00000198400.11	3.83594653228715	-1.31554719056234	3.95258171351106	0.000787014911412283	0.0124680829471792
TRGV8	ENSG00000211696.2	3.83546759964418	-2.30463553089075	3.45710417937458	0.00249265044208484	0.0225853410222052
GZMK	ENSG00000113088.5	3.83292519626468	1.60750241260059	4.00356727332686	0.000698609980961771	0.0117459541079762
TRAV13-2	ENSG00000211791.2	3.83101251751462	-1.29311547651013	4.63849613897343	0.00015881380175107	0.00613636574305182
RPL10P19	ENSG00000233609.3	3.82704879803233	-0.796311616424232	3.73005253501499	0.00132286151443995	0.0164314717803798
TRAV12-1	ENSG00000211785.1	3.82137261938692	-0.576145821209813	3.82512236060715	0.00105985859859886	0.0144805581957755
TRAV1-2	ENSG00000256553.1	3.81678493372346	-1.47202449237336	4.40317485848165	0.000274642763123834	0.00769502845935956
PID1	ENSG00000153823.18	3.81551378297442	1.06643973048397	5.07174752201418	5.84305375425598e-05	0.00440937914504036
TGM3	ENSG00000125780.11	3.81518578097182	1.53643879070768	3.9924764345068	0.000716956463519008	0.0118966945043286
HSPA1A	ENSG00000204389.9	3.8037026819991	8.3236931373967	4.60770823550782	0.000170587392619273	0.00633996927704905
PRR5L	ENSG00000135362.13	3.79981242843003	2.64790445132992	4.46514364467566	0.000237698395438317	0.00720416492129272
CD160	ENSG00000117281.15	3.79586514327868	0.665904364067351	3.27766944152659	0.00376729428244989	0.0286182519860836
CCL5	ENSG00000271503.5	3.78924279817115	7.64215350239951	6.36506487896295	3.29015180491094e-06	0.00213641637155401
TRAV8-6	ENSG00000211795.3	3.77389602438129	-0.813116898348144	4.36269865113852	0.00030184227376905	0.00803937529284044
TRAV26-1	ENSG00000211807.3	3.77074597279	-1.14711589472548	3.80310128990798	0.00111573228664093	0.0149033561545884
KRT1	ENSG00000167768.4	3.76884193915253	4.39848177366507	3.9652745814711	0.000764014770041767	0.0123090382394447
ZAP70	ENSG00000115085.13	3.76740691912164	5.9836523845117	4.26002682957258	0.000383617256640434	0.00875145395365195
NCAM1	ENSG00000149294.16	3.76549877542596	1.97057981638736	4.51181124967221	0.000213215673923019	0.00690145470856089
ENSG00000278493	ENSG00000278493.1	3.75842921493867	-3.24744513058817	3.23364502777136	0.00416671434915424	0.0302512069815625
TRAV12-3	ENSG00000211794.3	3.7577231857503	-0.767839590544114	3.48459073648357	0.00233917261361045	0.0219311924793519
HSPB1	ENSG00000106211.8	3.74584886487729	6.81820887781964	6.26363499398643	4.09375498034846e-06	0.00242142539269817
TRAV38-2DV8	ENSG00000211817.2	3.74376360449995	-1.28857663192534	4.30745513821765	0.000343390279043871	0.00835777461891087
FPR3	ENSG00000187474.4	3.73969779674809	-0.361370616833089	4.15730178521024	0.000487704495436158	0.0100603141538434
SYTL2	ENSG00000137501.17	3.739178507038	2.07396921911307	4.69444268169571	0.000139478608090104	0.00588122670830212
CDCP1	ENSG00000163814.7	3.73448656673217	0.0902016340822095	2.88264741120652	0.00920848717833824	0.0475691619526144
ATF3	ENSG00000162772.16	3.73255003138462	2.80802328533566	3.6767229802753	0.00149774106730731	0.0175672537660158
TRAV21	ENSG00000211801.3	3.72663739748292	-0.767048111403341	3.4912760888582	0.00230327194691669	0.0217089999594447
ADAMTSL5	ENSG00000185761.10	3.72633670700792	-0.430413482073738	4.92729387786113	8.14278219148031e-05	0.00500533443228665
TRBV18	ENSG00000276557.1	3.72457481113738	-0.54113547549019	3.74938730024842	0.00126458973123128	0.0160080140934595
TRIM10	ENSG00000204613.10	3.72385752410768	1.84999760503703	2.9583140884976	0.00777537738375581	0.0429837256940721
IGF2BP2	ENSG00000073792.15	3.7230070557514	3.4362925878585	3.17672294727223	0.00474477386880135	0.0322975989272983
PLAUR	ENSG00000011422.11	3.70450181291669	7.17197457312316	4.5653598473847	0.000188235875423315	0.00659943354215706
TRBV6-6	ENSG00000211724.3	3.69711670555499	-1.06670385946271	4.02256865884252	0.000668260419317113	0.0115362851334744
ABTB3	ENSG00000151136.14	3.68684852878669	1.11165329348876	3.37364091260155	0.00302188363131599	0.0252994908668315
TRAV27	ENSG00000211809.2	3.68578268026093	-1.76658744777913	3.32992444281987	0.00334156844536364	0.0267581948628969
C5orf58	ENSG00000234511.8	3.67728598665666	1.27370830438571	3.8595211090007	0.000978093739900829	0.0138414799625467
DDX11L10	ENSG00000233614.6	3.67688939431109	0.0821775305549061	3.36472539959531	0.00308454842438578	0.025580208489151
SERPINH1	ENSG00000149257.13	3.67060084962924	4.27898538106445	4.97513548756469	7.29386183949879e-05	0.00489351821595464
NR4A2	ENSG00000153234.13	3.66811335029811	3.1601118394292	3.88495766431418	0.000921695558902925	0.0134962563982214
SLA2	ENSG00000101082.13	3.66802466483687	4.54049857455016	4.93086663177915	8.07605741873146e-05	0.00500533443228665
COL13A1	ENSG00000197467.13	3.66645139672461	-2.51137009145026	2.85081368280926	0.0098843764190592	0.0496573845967712
SERPINB2	ENSG00000197632.8	3.66557131308261	1.41175019371724	3.94231542605103	0.000806121887269533	0.0126145256240435
ICOS	ENSG00000163600.12	3.64787651480696	1.18956789139014	3.79957507020751	0.00112494712018722	0.0149318520629167
TRAV16	ENSG00000211796.1	3.6382628430693	-1.85524669044838	4.39398743830416	0.000280591936994743	0.00770734422406925
CD6	ENSG00000013725.14	3.636918425229	5.32435675363793	5.03449632601375	6.36411897800742e-05	0.00458907756628665
AREG	ENSG00000109321.10	3.63503343261138	2.66590243433084	4.14034502411524	0.000507424533941708	0.0101210623256481
HBE1	ENSG00000213931.5	3.62816658323945	2.82877165685384	3.42447021946097	0.00268775839030307	0.0236702349885879
CACNA2D2	ENSG00000007402.11	3.62633215591046	1.52795045792261	4.55350764959165	0.000193497506498775	0.00664879470400914
SEC14L4	ENSG00000133488.14	3.61634790513402	-1.24471788152821	3.20718755481169	0.00442631604086498	0.031110678458651
OTOF	ENSG00000115155.16	3.60179706029587	-1.73759837454637	3.48604083362613	0.00233133905244389	0.0218896720191296
TRBV15	ENSG00000276819.1	3.59856426029571	-1.85634947750681	3.52344846819961	0.00213795034631696	0.0208291400076821
SPP1	ENSG00000118785.13	3.59825255650414	1.4885085224576	4.03149896983052	0.000654454959243673	0.0114689383896729
PLXDC1	ENSG00000161381.13	3.59773302366443	1.46421052202806	4.35664675706665	0.000306135663181292	0.00807585374507715
RGPD2	ENSG00000185304.14	3.59750269454052	-0.745042336541251	3.30831802317452	0.00351156687692263	0.02758563351446
MAMLD1	ENSG00000013619.13	3.58088958561887	-0.826965342292209	3.76123000436812	0.00123016245434965	0.0157069185347759
FTH1P22	ENSG00000225079.2	3.57826864706093	-1.9563498597157	3.51591183201262	0.00217559772494459	0.0210204201833223
KLRC1	ENSG00000134545.13	3.57366492710097	-0.495860827131947	3.59046700550346	0.00183021386249354	0.0191724319449288
TRBV10-2	ENSG00000229769.2	3.56975001621197	-2.94648707487813	3.06799385310167	0.00607327903699196	0.0372730139650733
ENSG00000279862	ENSG00000279862.1	3.56596645948023	-1.58096916370859	3.15921150012518	0.00493780325139962	0.0329782696790309
COLGALT2	ENSG00000198756.10	3.56115999802373	-0.0843297740811873	4.46860886236043	0.000235786884891362	0.00719356267155619
LINC00402	ENSG00000235532.1	3.55870379484749	-0.753700439666759	3.74752143459625	0.0012701003435797	0.0160502406431818
NELL2	ENSG00000184613.10	3.55406688906309	2.38224641215793	3.38583536059922	0.00293818876592201	0.0249669926223424
ESPN	ENSG00000187017.15	3.54670535279365	2.62657351943187	3.18179509572414	0.004690247843527	0.0321670894157562
TRAT1	ENSG00000163519.13	3.5438800301873	1.1773897212159	3.3794022341479	0.00298205434199541	0.0251871312238873
KIF19	ENSG00000196169.14	3.54152686462464	-0.820539286990613	2.8755887108549	0.00935442012735472	0.0480891425375303
CCL4L2	ENSG00000276070.4	3.54068922799078	3.06760661851703	3.21075761587069	0.00439038797721165	0.0310259838507121
PLIN2	ENSG00000147872.9	3.53797770834137	7.57482800255265	6.39819734555912	3.06435044944691e-06	0.00213641637155401
FXYD7	ENSG00000221946.7	3.52844647444628	0.0819830650059365	4.23465217489123	0.00040704787405124	0.00914463717046622
KLC3	ENSG00000104892.16	3.52687824170555	1.51403714423237	3.66506978290055	0.00153890097971685	0.0177505866849825
SH2D1A	ENSG00000183918.15	3.52603573983291	2.16772935593596	4.57407466780188	0.000184459337456838	0.00655605449702602
TRAV17	ENSG00000211797.2	3.51058931320209	-1.18856342870718	3.92521857937826	0.000838972839953978	0.01286305942571
APBA2	ENSG00000034053.14	3.48019093056795	3.44420109695234	3.13378101478611	0.00523177785392012	0.0340480780969405
ITLN1	ENSG00000179914.4	3.47928738253592	-0.122511262265362	4.69078683045808	0.000140666099779415	0.00588167601343956
SDS	ENSG00000135094.10	3.47742485717515	-0.501682285044476	3.16437397160525	0.00488011711093472	0.0327627425230915
EDA	ENSG00000158813.17	3.46588341389965	-1.22494558155065	4.26417724180162	0.000379915704752442	0.0087145115842337
SIGLEC17P	ENSG00000171101.13	3.45958417193582	0.849803388910465	4.20433297587991	0.000436934065987189	0.00944902822653944
LINC00092	ENSG00000225194.2	3.4325742600315	-1.02115957618018	3.63555115693171	0.00164823747097912	0.0180857624912697
GNAO1	ENSG00000087258.14	3.43035814845589	0.640002225618045	4.12922093544933	0.000520793041276096	0.0102387309606557
PLA2G7	ENSG00000146070.16	3.42982222208623	0.07804632553687	3.29450693433547	0.00362463262960653	0.0279517124414798
SEZ6L	ENSG00000100095.18	3.42900385397474	-1.77257050710817	3.84929981904218	0.00100171164974737	0.0140611375390376
KNDC1	ENSG00000171798.17	3.42576992225127	-0.81678255495606	4.78223869281595	0.000113813489454052	0.005521968416303
CCL4	ENSG00000275302.1	3.42234086338226	4.80098405910352	4.20861889634627	0.000432579423587959	0.00943112598546274
LAMB3	ENSG00000196878.14	3.41203896410461	2.20657010649881	4.69562311903784	0.000139097347483621	0.00588122670830212
PTGDR	ENSG00000168229.3	3.41073111682808	0.943108621144195	2.9440663745234	0.00802770408094682	0.0437713011580255
SFRP2	ENSG00000145423.4	3.40692641915752	0.508673893225141	2.98517201589629	0.00732034608653124	0.0413819640893148
CXCL1	ENSG00000163739.4	3.40063920326159	2.28025436487354	3.73540459571383	0.0013064699317612	0.016328108545974
DUSP2	ENSG00000158050.4	3.39833256785391	5.77404432408464	3.77806283318373	0.00118282307144	0.015375708624468
TRAV20	ENSG00000211800.3	3.39636740273369	-1.77502851744993	4.16658322538203	0.000477237457457796	0.00994918767242525
MT1L	ENSG00000260549.1	3.39449183461089	-1.96821768422526	2.89238634481218	0.00901072437919544	0.0468964357676039
FBXW4P1	ENSG00000230701.2	3.39059316383672	0.232243639407659	3.90481502527736	0.00087992725078347	0.0130529911774513
ST6GALNAC1	ENSG00000070526.14	3.38955562674711	-1.54232654312369	3.71990429843766	0.00135450388298977	0.0165912674796092
ACSL6	ENSG00000164398.12	3.38878050403641	1.87773509973664	2.88382112595919	0.00918443433535597	0.0475657020315278
HBG1	ENSG00000213934.6	3.38463227784557	2.94787776578627	3.00717871380477	0.00696675116387389	0.0403060984042893
ENSG00000229512	ENSG00000229512.1	3.38339922914365	-0.743027205400028	3.6789393502101	0.00149003692175052	0.017538233624432
SLC6A8	ENSG00000130821.15	3.38320293321494	5.15596894037174	3.5515750283315	0.00200303463928262	0.0201807448981649
RORC	ENSG00000143365.17	3.38149177189285	0.44743243261656	3.15139322099314	0.00502642973712106	0.0333139213829847
IGF2	ENSG00000167244.18	3.38047934183591	0.560958115597476	3.28298285071835	0.00372169216402551	0.0284034003831523
HEATR9	ENSG00000270379.5	3.37848382150477	-1.16742482061741	2.97238278976477	0.00753372640530588	0.0421203794478465
CARMIL3	ENSG00000186648.14	3.37694817193034	0.467652341078201	4.72498898676428	0.000129944421822522	0.00572531243612068
SOX13	ENSG00000143842.14	3.3748077236294	0.974470731184413	3.78167254528282	0.00117290924887235	0.0153035892308508
AK5	ENSG00000154027.18	3.37337064163294	0.0206958865927565	3.64347489080211	0.00161815567701317	0.0180737046666513
ENSG00000279766	ENSG00000279766.1	3.36446281374114	-0.0596233088493152	3.82504059811678	0.00106006082244095	0.0144805581957755
PLEK2	ENSG00000100558.8	3.36337784138581	2.08634686302034	2.95813944695202	0.00777842353176603	0.0429837256940721
FAM178B	ENSG00000168754.14	3.34799527377568	-1.57663511358791	3.5674048396627	0.00193083179539573	0.0197150261343854
CXCL2	ENSG00000081041.8	3.34586359767999	-1.39947638047385	3.41909872580114	0.0027212794539593	0.0238233005577932
CDKN1C	ENSG00000129757.12	3.34536483397312	1.88236118067367	5.00362962826677	6.83149886181261e-05	0.00474825988097031
FOS	ENSG00000170345.9	3.33406908215194	7.93588743959937	3.27190795415535	0.00381735876659618	0.0288796593515939
NUAK1	ENSG00000074590.13	3.3313241510308	-1.16893610064919	3.26473371094587	0.00388060821431139	0.029134169503172
TRDV1	ENSG00000211804.3	3.33087554550849	-1.74847663470859	3.54229086531172	0.0020466134427153	0.0203147373332063
ACTRT3	ENSG00000184378.2	3.32574223021728	-1.20293237282667	3.36410389169456	0.00308896401124431	0.0255809377632452
BFSP1	ENSG00000125864.13	3.32569672304345	-1.74205972534771	2.91341572511435	0.00859750825446564	0.0455690822378935
TRDC	ENSG00000211829.9	3.32264427247505	2.63718702443845	3.93963412636332	0.000811187846566115	0.0126435265366223
SPOCK2	ENSG00000107742.12	3.32218409154762	6.46182605839969	3.46022376479296	0.00247474518333721	0.0224967329582467
DUSP8	ENSG00000184545.10	3.3054276365565	1.53046401077608	4.27656620572	0.000369078406384125	0.0086643168472164
ETNK2	ENSG00000143845.14	3.30530488374137	-1.76527790142941	4.42743168445397	0.000259538338261903	0.00751134484852096
MAF	ENSG00000178573.6	3.29403423797004	2.97131898596414	3.96380693927741	0.000766639569274726	0.0123090382394447
LINC00299	ENSG00000236790.5	3.29003952631279	-0.648282182374576	4.07483242056419	0.000591405262168446	0.0109250834413095
LINC02273	ENSG00000245954.6	3.27827594727836	0.571291088406112	3.13864370756395	0.00517428130650598	0.0338126353654176
BCAM	ENSG00000187244.10	3.27703352122551	1.30098239560033	3.35892814735166	0.00312597713279624	0.0257618215969137
PLXNA4	ENSG00000221866.9	3.27584471110195	-0.890371233399634	4.69722068477918	0.000138583038917578	0.00587783234029728
ITK	ENSG00000113263.12	3.27337787367794	4.61336891131975	3.87093076071122	0.000952383610569375	0.0136876164479104
SBK1	ENSG00000188322.4	3.26447972923366	2.2728642422125	4.53842326535242	0.000200409186942703	0.00672669688379759
TRAV23DV6	ENSG00000211803.2	3.2629599329031	-1.35465973053411	3.45344760683076	0.00251379996834598	0.0227072751118645
CCR3	ENSG00000183625.14	3.26027899839001	1.18894625245082	3.06682443460966	0.00608936421184706	0.0373406795873962
MAFF	ENSG00000185022.11	3.25628229907517	3.98849540990378	5.5377659232693	2.02871281940345e-05	0.00329195536944173
DDIT4	ENSG00000168209.4	3.25560792917902	6.5941890306147	5.15345386310057	4.84672881482531e-05	0.00431430134116629
SPON2	ENSG00000159674.11	3.24562332468981	5.22289094225178	5.94878348671754	8.13368943304457e-06	0.00267718588042553
TRBV12-3	ENSG00000274752.1	3.23189567753879	-1.94784660529556	3.25867474056299	0.00393482112508243	0.0293619614793815
SWINGN	ENSG00000260910.1	3.22605808696237	-0.463020982591778	3.00899120116212	0.00693837520394456	0.0402398499057845
NLRP3	ENSG00000162711.16	3.21544565423769	5.25218488945167	2.99695806690325	0.00712887279350209	0.0408788509837183
LPAL2	ENSG00000213071.11	3.21074857718068	-0.296752959942683	5.1005083889492	5.47055932240218e-05	0.00436369826758488
LLGL2	ENSG00000073350.13	3.21010222324845	4.02822046054679	5.52314066341408	2.09650274205639e-05	0.00329195536944173
PI16	ENSG00000164530.13	3.20916808315793	0.304317021698431	3.10253064340768	0.00561635978691074	0.0356855232263463
BOK	ENSG00000176720.4	3.20677388726361	-0.0812193211755905	3.6092034005088	0.00175229452877453	0.0186607988778586
GFRA2	ENSG00000168546.10	3.19782290587517	-0.434321244827882	3.47090646410746	0.00241438319559841	0.0222587732461165
TAMALIN	ENSG00000161835.10	3.19553980973031	2.47632619069225	4.55903386392306	0.000191026000490114	0.00663380699257993
LAG3	ENSG00000089692.8	3.18337672883323	2.65318612907962	3.85593713436867	0.000986311355444585	0.0139044466154366
EBF4	ENSG00000088881.20	3.18209964161461	0.865603484086954	5.69988006601189	1.41145450770114e-05	0.00319934323120511
BNC2	ENSG00000173068.17	3.16754993347835	-0.961217645489574	3.15463549095594	0.00498948994500486	0.0332358044785561
DTHD1	ENSG00000197057.9	3.16381028166231	0.35709365269466	4.0436598803028	0.000636112191638256	0.0112578128879864
TNS1	ENSG00000079308.16	3.16162503185854	5.71492642195405	2.97930942984996	0.00741742620440126	0.0417219726752443
CRTAM	ENSG00000109943.8	3.1608777009346	1.22128493597468	4.53071608687984	0.000204036198691673	0.00672669688379759
H1-4	ENSG00000168298.6	3.15380548860929	0.159364032539861	2.85453238539472	0.00980303501989853	0.0494062805254017
TNFRSF25	ENSG00000215788.9	3.15280412864848	3.18118219881498	4.40282042649857	0.000274869899369649	0.00769502845935956
ARL4C	ENSG00000188042.7	3.14546097161606	6.10698836077524	6.85123026433694	1.17592680647866e-06	0.00161936906144874
SPON2-AS1	ENSG00000273179.1	3.13758990721371	0.997856584228756	3.92597110880717	0.000837499210341445	0.01286305942571
CABP5	ENSG00000105507.2	3.12821811832769	-1.03202113104427	3.01957330741074	0.00677491856889045	0.0397536760046295
PDE2A-AS2	ENSG00000256633.1	3.12114746723275	-1.53321248244573	4.2756277686092	0.000369888334172111	0.0086643168472164
AVPI1	ENSG00000119986.6	3.11532768246626	1.77529341089309	4.85010451828334	9.72918808796358e-05	0.00525907683486014
KIR3DX1	ENSG00000104970.10	3.11290789296682	1.43562851863065	2.92856310160871	0.00831121735787202	0.0447550412995954
CYP4F22	ENSG00000171954.12	3.11213309708776	-0.949931356804342	3.24234547302412	0.00408463448976178	0.0298908905176933
RASGEF1B	ENSG00000138670.17	3.10079315188365	2.57208626937505	4.07362394435892	0.000593078443114864	0.0109340646530485
AMPD2-AS1	ENSG00000228703.1	3.08631630755931	-0.499515425481704	3.30982298473642	0.00349945673832921	0.0275477234441275
VWCE	ENSG00000167992.12	3.0848552163147	3.20371554950254	5.15064192510826	4.87796536950108e-05	0.00431430134116629
ENSG00000282024	ENSG00000282024.1	3.08444706729861	-1.3346032150279	2.86401507097145	0.0095985071890438	0.048765060702592
C1orf21	ENSG00000116667.12	3.07943116254703	2.92720847858387	4.70843759874024	0.00013502567732496	0.00579911939279586
TBX21	ENSG00000073861.2	3.07692352870926	4.25340113440754	5.05103144402446	6.12723861537853e-05	0.00452190209814935
ZDHHC11B	ENSG00000206077.10	3.07645653730185	-0.018562098903099	4.13322676749633	0.00051593884542864	0.0102179180901033
DNAJA4	ENSG00000140403.12	3.07025965885667	4.71546672177687	6.12762691727287	5.49880764314351e-06	0.00248515905447183
NEURL1	ENSG00000107954.10	3.06736121976093	1.29333488350812	4.83324119714934	0.000101155524854589	0.00531336493542256
ZNF703	ENSG00000183779.6	3.06153236977665	1.74147733804816	5.02879384871196	6.44795187262235e-05	0.00458907756628665
GJB6	ENSG00000121742.16	3.0594819006564	1.24234332086354	3.1570385487204	0.00496228183396397	0.0331117901759983
TGFBR3	ENSG00000069702.10	3.05909331807365	2.56700962553105	4.38167342112598	0.000288769539889067	0.00787844437848914
SLC2A14	ENSG00000173262.11	3.05455749188944	2.01681224709426	3.00639416443677	0.00697906863730338	0.040317437607279
ADGRB2	ENSG00000121753.12	3.03329459950939	-0.301815878656536	4.19837984306801	0.000443055654287081	0.00950508932743795
PCDH1	ENSG00000156453.13	3.02864794861929	0.784384383787408	2.9720897381798	0.00753868537942378	0.0421251351766531
GOLGA7B	ENSG00000155265.10	3.02667198177845	1.45382673101255	3.56568666243701	0.00193854283504961	0.0197417109101141
CRIP2	ENSG00000182809.10	3.02523404980493	1.90002812323856	4.04927865803106	0.00062781151174245	0.0111937833021949
CCR5	ENSG00000160791.13	3.02327491201589	1.52879861136331	2.96445913957307	0.00766892220967048	0.0426500722738268
SLC2A3	ENSG00000059804.15	3.02200279503902	10.3560246827936	4.50851341437601	0.000214859115470433	0.0069091950857159
IFITM3P6	ENSG00000258352.1	3.01981551712884	0.417217951327766	5.28741929881232	3.57184396134802e-05	0.00408494358967848
TMIGD2	ENSG00000167664.8	3.00798754256516	2.06993646037822	4.15404752981802	0.000491428624994655	0.0100603141538434
GATA2	ENSG00000179348.11	3.00688153827851	0.997281382347916	4.18525242788437	0.000456860013031571	0.00971650402355329
GADD45G	ENSG00000130222.10	3.00407712362632	3.13193950200137	4.72763700827636	0.000129149615831631	0.00572019543182017
CYTL1	ENSG00000170891.10	2.99760148480151	-1.58683143227731	3.61156925194882	0.00174269159229294	0.0186257262145139
ST8SIA1	ENSG00000111728.10	2.99502067152969	-0.910319311661994	3.92332220244457	0.000842697858764075	0.012869374850131
LYNX1	ENSG00000180155.19	2.98021239771925	-0.226745075784806	3.76623120435664	0.0012159044820205	0.0156058696996719
CD4	ENSG00000010610.9	2.9652651919127	5.58202334346458	3.37906480550487	0.00298437280546845	0.0251871312238873
RTP5	ENSG00000188011.5	2.96192905872519	0.0968980170589178	3.09002168310001	0.00577786632975985	0.0363053669762688
ENSG00000280138	ENSG00000280138.1	2.96093699131459	3.83229633951495	4.47767258958727	0.000230859974668491	0.00715859921451035
AKR1C3	ENSG00000196139.13	2.96062998131373	1.75361737261363	3.67239663529933	0.00151289329098087	0.0176524149999032
NCR3	ENSG00000204475.9	2.96035930824146	3.55157806103557	5.77655713208959	1.19012062359365e-05	0.00313681792932899
GFI1B	ENSG00000165702.13	2.95798559266354	3.09848533837482	3.10508569119568	0.00558391347854138	0.0355405618556579
SHISA4	ENSG00000198892.6	2.94308294171229	2.06655514008319	3.57353413575686	0.00190356973078141	0.0195841570481822
GK-IT1	ENSG00000229331.1	2.93817073768893	-1.66225122606496	3.31897915740995	0.0034266541103931	0.0272507622141176
GLB1L2	ENSG00000149328.14	2.93705628830919	0.298506104507563	3.87847184532849	0.000935760969279773	0.0135543002027178
PPP1R14BP3	ENSG00000179967.11	2.936442064127	0.428131769678518	4.56077010090423	0.000190256091113936	0.00662306581330589
TOGARAM2	ENSG00000189350.12	2.93449607533277	2.10456163803312	3.39427742647561	0.00288158370166258	0.0246848217116122
TRBC2	ENSG00000211772.11	2.93213787807224	6.54260613765822	4.56332653780861	0.000189128170002076	0.00661500423988302
ENSG00000283525	ENSG00000283525.1	2.92985807600695	-0.964941390084817	2.89807778135957	0.00889704598305116	0.0464686478095665
CHMP4BP1	ENSG00000258469.1	2.92729280724944	0.234128346437468	4.32223065148666	0.000331745176774993	0.00829925221898117
THBS1	ENSG00000137801.10	2.92610401087101	6.04923971934441	2.88869857750603	0.00908512536012258	0.0471687580218176
ARAP1-AS2	ENSG00000245148.2	2.92423714182424	0.869017389959554	3.90944518456648	0.00087046225815259	0.0130402967933386
LINC01451	ENSG00000279141.3	2.92082177386813	0.119598406005881	2.98211671807628	0.00737078566858597	0.0415259576241603
RHCE	ENSG00000188672.17	2.91720967755823	1.62570708645523	2.87499545661311	0.00936678572853427	0.0481049955995706
TIGIT	ENSG00000181847.11	2.91668062234253	2.63247565782297	4.57998188899128	0.00018194302600923	0.00652526369496575
ENSG00000261888	ENSG00000261888.1	2.91047572865893	0.228226310162435	2.86638185451681	0.0095481004787258	0.0485965389882734
ENSG00000274307	ENSG00000274307.1	2.91022002149093	-0.488377655360616	3.67398454784462	0.00150731437936209	0.0176431088337704
COL6A2	ENSG00000142173.14	2.90738494652683	4.29689949611041	5.23774413360646	3.99908496210388e-05	0.0042684130973755
PYHIN1	ENSG00000163564.14	2.90499499459423	3.62906773276284	5.36938991151451	2.96585295149352e-05	0.00386823236015519
HSPH1	ENSG00000120694.19	2.90251597602732	5.94884317307909	4.48631933467031	0.000226256416290176	0.00709032845953927
SMIM1	ENSG00000235169.7	2.89838510988471	3.64533344004893	3.14514297790449	0.00509839132340138	0.0335501366435783
C19orf33	ENSG00000167644.11	2.88852550288075	-0.8493064275178	3.35764168002437	0.00313524421517843	0.0257851403254793
TJP3	ENSG00000105289.14	2.88462043873829	0.408213021564435	4.76320182540128	0.000118939207629898	0.00560876263456005
SNHG22	ENSG00000267322.2	2.88309001259398	-0.925370219546913	5.08342564686886	5.68879224355196e-05	0.00437325903723057
SGSM1	ENSG00000167037.18	2.87373562828041	-0.782206012566693	3.63653408225221	0.00164447604810401	0.0180857624912697
CAPN5	ENSG00000149260.15	2.85984519390936	2.29360915185183	3.89459673509237	0.000901179700526788	0.0132616274972835
NDRG1	ENSG00000104419.14	2.84635236685473	6.70759066339545	3.25001117525221	0.00401362485429655	0.0296678652828102
WHRN	ENSG00000095397.13	2.84110768117304	2.13372456304726	4.03022456177286	0.0006564075191546	0.0114689383896729
PRSS30P	ENSG00000172460.15	2.84067127977928	-1.46037550164404	3.29333604956219	0.00363438019201265	0.0279692586261253
C17orf107	ENSG00000205710.3	2.83911279659826	0.852133329973454	3.67255990615023	0.00151231872012442	0.0176524149999032
CSF1R	ENSG00000182578.13	2.83898984672584	5.26603724256578	2.95875965445401	0.0077676108987571	0.0429837256940721
H2AC20	ENSG00000184260.5	2.83310415026514	1.1106938255951	4.58806707266499	0.000178555013447208	0.00647536117562848
WNT10B	ENSG00000169884.13	2.83228248028425	1.27822965717736	4.74031558232756	0.00012541172449243	0.00568031151137136
SLC25A39	ENSG00000013306.15	2.82936759209464	10.1067073896704	3.64200502129712	0.00162369460623168	0.0180737046666513
PLAAT4	ENSG00000133321.10	2.81946155879149	4.39707149137964	8.27909649662382	6.87648135809722e-08	0.000253742162113788
ENSG00000265625	ENSG00000265625.1	2.81944771848178	0.696798081806472	3.16695636618	0.00485150748019293	0.032699895403531
METRNL	ENSG00000176845.12	2.81582478069573	6.01036243532422	3.48329874106143	0.00234617390759003	0.0219591165986232
ENSG00000275056	ENSG00000275056.1	2.80865345087741	-1.35455536629312	4.01739159927638	0.000676396446721127	0.0116009550466313
BHLHE40	ENSG00000134107.4	2.808144422837	6.29303303389567	4.1506722658523	0.000495321322088521	0.0100855338453539
KLRG1	ENSG00000139187.9	2.79748039601628	2.03619376104586	4.49690437741069	0.000220746614622419	0.00699682582677972
DAB2	ENSG00000153071.14	2.79473831286099	2.76795466384736	3.02198963558554	0.00673811975489768	0.0396707808465456
ATP1A3	ENSG00000105409.16	2.79443460598188	1.82450898574918	4.84713456571079	9.79613309423103e-05	0.00525907683486014
PCSK1N	ENSG00000102109.8	2.79232189407754	1.59508323763289	2.98878578904742	0.00726111637267371	0.0413072763825433
ENSG00000230615	ENSG00000230615.6	2.77988569017348	1.37533331039367	2.97657088873918	0.00746319868628662	0.0417875770591801
TNFRSF4	ENSG00000186827.10	2.77870690583472	2.07992576712126	4.43195137177529	0.000256817786157744	0.00746725957687175
FOSL2	ENSG00000075426.11	2.77538603035813	8.05020210378082	2.91234353029036	0.0086181284199696	0.0456090267044644
LINC02937	ENSG00000230537.1	2.76774877248516	-1.51657857092665	3.31809096311197	0.00343365093678781	0.0272770117475716
GPRIN3	ENSG00000185477.4	2.76487244439151	3.29957853409533	3.96516980631264	0.000764201857385135	0.0123090382394447
PODN	ENSG00000174348.13	2.75721935479005	-0.355063041282427	3.08680640883358	0.00582010143887055	0.0364177480845268
THEMIS	ENSG00000172673.10	2.7501684883136	1.22927495014293	3.63570005227198	0.00164766713758173	0.0180857624912697
BCL11B	ENSG00000127152.17	2.75005498990463	3.31126066839268	3.79623203300222	0.00113375303264489	0.0149938085965746
SLC4A3	ENSG00000114923.16	2.74727946236281	-1.43231221622402	3.29910365154922	0.00358661163231556	0.0278183855454428
CHN2	ENSG00000106069.21	2.74198276222718	0.488509503786827	2.88326893569982	0.0091957428077745	0.0475668931539388
CAMK2N1	ENSG00000162545.5	2.73519642662677	0.376288531958176	4.73613482462993	0.000126632043206701	0.0056811214520696
ENSG00000279433	ENSG00000279433.1	2.72538536615698	-0.705433307992965	3.36854254091817	0.00305756436304823	0.0254741381149325
MBP-AS2	ENSG00000278330.1	2.71896056995344	2.30626155986677	4.37119150076232	0.000295919087241756	0.00801424904162995
PRR29	ENSG00000224383.7	2.71339373737763	1.28897193534363	4.92259477408381	8.23139486321673e-05	0.00500533443228665
ASTL	ENSG00000188886.3	2.71083506011905	-0.650430057893357	3.58251897461317	0.00186429182275842	0.0193372784988857
LINC01550	ENSG00000246223.8	2.71043363212518	-0.544028355939588	2.92787619855434	0.00832399924371258	0.0448072521393665
CSRNP1	ENSG00000144655.14	2.70850165579251	7.22775545770455	5.65489974912718	1.56047076254804e-05	0.00326408764393466
AUTS2	ENSG00000158321.15	2.69903533745332	2.90975305592555	2.89818325122133	0.00889495242326732	0.0464686478095665
S100B	ENSG00000160307.9	2.69790052522662	0.74288073316222	3.2124375811473	0.0043735797382778	0.030976025401622
PLCH2	ENSG00000149527.17	2.69549816692775	3.28573283770812	4.61879640659443	0.000166248879024224	0.00625977922040192
SIGIRR	ENSG00000185187.12	2.66000229838952	5.78641831517074	5.14181700238674	4.97733350543981e-05	0.00431430134116629
FBLN7	ENSG00000144152.12	2.65837841584614	-0.584237163364297	3.65204797283845	0.00158621993325322	0.017954452618725
ENSG00000237513	ENSG00000237513.1	2.65540136576616	1.96312378370197	4.95899410026961	7.56974859188197e-05	0.00495298883175772
PRKCQ-AS1	ENSG00000237943.6	2.65305448643532	2.43750708422827	4.91243845211857	8.42627229095938e-05	0.00501499108929679
HSPA7	ENSG00000225217.1	2.64973216819978	4.37605091815279	5.33153293134073	3.2314991289944e-05	0.00391049678313832
ENSG00000272196	ENSG00000272196.2	2.64898356390297	-1.17639141529222	3.43848199140191	0.0026022140260127	0.023179649380777
TLE2	ENSG00000065717.14	2.64849421526686	1.35771281097333	5.45461200473372	2.44631808158722e-05	0.00357501533507202
TOMM20P2	ENSG00000255987.1	2.63573986364636	-0.902763184112221	3.71019191000307	0.00138548927913217	0.0168588802638012
TRAV41	ENSG00000211820.1	2.63190654032115	-1.84400012634708	3.47454228260056	0.00239417131878039	0.0222244460983218
ENSG00000280137	ENSG00000280137.1	2.61079417981824	-0.0733078723989306	4.92093679496602	8.26289284756783e-05	0.00500533443228665
DHRS3	ENSG00000162496.8	2.60985798829208	3.55954455258765	5.41774980231996	2.65858142967558e-05	0.00359442986459937
ENSG00000225720	ENSG00000225720.6	2.60975399047809	-0.142398303095926	4.38628159007558	0.000285681604256691	0.00780863051634954
TSPOAP1	ENSG00000005379.15	2.60935708961555	4.13240726094865	5.60247051847699	1.75463202984693e-05	0.00326408764393466
PDGFRB	ENSG00000113721.13	2.60275384264181	1.88999406298251	3.52606241721964	0.00212504350155197	0.0207831585421197
FAAHP1	ENSG00000232022.7	2.60254763453938	-0.727732118619218	3.34339170814683	0.0032397110674361	0.0262044877180296
IGSF9B	ENSG00000080854.14	2.59847728115196	-0.467407319626189	3.84186913240178	0.001019236600003	0.0142057905722797
ARHGAP8	ENSG00000241484.9	2.59711096123592	-0.772930936886982	2.92992771656069	0.00828588059258675	0.0446838134989333
HSD11B1-AS1	ENSG00000227591.5	2.58546397057346	-0.426920589378952	4.07092767766576	0.000596828602157212	0.0109567041888563
TSPAN5	ENSG00000168785.7	2.58066193237001	4.50476503279456	3.15394602916912	0.00499732296001071	0.0332377931144776
STK39	ENSG00000198648.10	2.57940596301255	2.76020073997695	4.15609072689201	0.00048908710244729	0.0100603141538434
NEFL	ENSG00000277586.2	2.57558182821828	-1.41649256702407	4.6191698037866	0.00016610473339681	0.00625977922040192
EVA1C	ENSG00000166979.12	2.57480059150328	1.45467381244325	3.14284489485821	0.00512510094156556	0.0336695918709831
UBXN10	ENSG00000162543.5	2.57055142580527	-0.729497698024904	2.95079397580601	0.00790759129217387	0.0433533047364005
NFIX	ENSG00000008441.16	2.54846427144876	4.50112258261184	3.29076276160433	0.00365589280276894	0.0280316767630491
USP7-AS1	ENSG00000260979.1	2.54677773916843	0.345039773607403	3.56043204181716	0.00196231414700777	0.0199063620686149
EREG	ENSG00000124882.3	2.5431251659951	1.11602436342013	3.00734938551558	0.006964074388433	0.0403060984042893
FKBP8	ENSG00000105701.15	2.53766642892772	11.458726276969	3.39573302353568	0.00287193245758308	0.0246848217116122
MCOLN1	ENSG00000090674.15	2.53715893360937	6.1108199690444	4.53333892962941	0.000202794513432964	0.00672669688379759
ENSG00000271109	ENSG00000271109.1	2.53248142400184	0.559393156992103	4.75818911061947	0.000120327337701708	0.00565615128814397
CDK20	ENSG00000156345.17	2.53190814744702	-0.822805383928179	3.16253640552909	0.00490057481663063	0.0328336288213655
FBXO2	ENSG00000116661.9	2.52472086718626	0.511517952119669	6.93078686410125	9.96672102681337e-07	0.00161936906144874
B4GALNT4	ENSG00000182272.11	2.52246648526094	-0.695785990045866	4.53520140158913	0.00020191742584202	0.00672669688379759
SHISA7	ENSG00000187902.11	2.52033275542942	-0.576384639827878	3.16124603113925	0.00491499041897567	0.0329152715898733
CD96	ENSG00000153283.12	2.51740226745481	4.70492841537889	5.55659357680979	1.94472692930242e-05	0.00326408764393466
VEGFA	ENSG00000112715.21	2.51739771286407	5.14149371911611	3.63751830390057	0.00164071816740244	0.0180857624912697
SLC38A5	ENSG00000017483.14	2.51726190473015	5.83194692003591	5.2175938399979	4.18690799122387e-05	0.00431430134116629
CEROX1	ENSG00000260807.6	2.51398753508463	1.29379657051573	4.42236741292794	0.000262621173915092	0.00753136373629246
IL2RB	ENSG00000100385.13	2.5106260904831	6.1564327670821	4.36243901573768	0.000302025217751705	0.00803937529284044
NPRL3	ENSG00000103148.15	2.50473299744621	6.98994040188364	4.14309762545868	0.00050416992230694	0.0101107989853946
ENSG00000275092	ENSG00000275092.1	2.50472049800957	-1.33054218286839	2.87045077890939	0.00946203492391714	0.0483345666609874
TNFRSF18	ENSG00000186891.13	2.49899030817104	2.24867054558643	4.29130738710217	0.000356587000084294	0.00854820967530829
EMD	ENSG00000102119.10	2.49886087211923	5.91949531853559	6.11744798836776	5.62211167479908e-06	0.00248515905447183
C13orf46	ENSG00000283199.1	2.49679416939914	-0.577887025821226	2.95939911933828	0.00775647769384321	0.0429837256940721
FKBP1B	ENSG00000119782.13	2.4945754742828	0.550789406122225	3.08819906920406	0.0058017711682101	0.0363936006981645
TAGAP-AS1	ENSG00000271913.5	2.49065384442267	0.406276067927486	3.25956057028669	0.00392684923244562	0.0293298357718772
CARNS1	ENSG00000172508.10	2.4865932671562	1.75254548201741	4.2557924496888	0.000387430994400809	0.00879996468758739
ACE	ENSG00000159640.15	2.48198028357698	0.206731933935236	3.24703616680722	0.00404103906546634	0.0296971256575953
UBASH3A	ENSG00000160185.14	2.48186840868823	2.46417767340607	4.25568051915076	0.000387532320252832	0.00879996468758739
TSPYL2	ENSG00000184205.14	2.47389842217306	5.30462370594838	5.57206641879759	1.87836898603737e-05	0.00326408764393466
PTGER4	ENSG00000171522.5	2.46854122141084	4.04744427665824	4.58600055837874	0.000179414860138904	0.0064905964109074
GLB1L3	ENSG00000166105.15	2.46693495696164	-1.2549756795983	3.17678242845766	0.00474413088180881	0.0322975989272983
ATG2A	ENSG00000110046.12	2.4648249999708	6.87207847324499	4.72724311115912	0.000129267532369033	0.00572019543182017
CX3CR1	ENSG00000168329.13	2.46333777081023	3.69254995945925	2.91580177738752	0.00855179035800692	0.0454535202319705
RALGDS	ENSG00000160271.14	2.462289274881	6.12358991719104	6.00474822178004	7.19287074406282e-06	0.00265416930455918
AZIN2	ENSG00000142920.16	2.45483971320163	0.367186767899813	5.17806585668089	4.58186116965494e-05	0.00431430134116629
FLT3LG	ENSG00000090554.12	2.44921057702096	4.27792985914122	6.37302326764618	3.2343990157322e-06	0.00213641637155401
ASAP1-IT2	ENSG00000280543.1	2.4456790773307	-1.16326132412748	3.82736233745682	0.00105433333259498	0.0144627880939609
GYPC	ENSG00000136732.14	2.44429950873249	9.21965092677421	3.42846982906691	0.00266306230742406	0.0235660657966826
IGFBP3	ENSG00000146674.14	2.44041534665083	0.667238304107914	3.83100544613259	0.00104540809007406	0.0144303497362336
ENSG00000225460	ENSG00000225460.1	2.43998827417935	-1.20547254558282	4.15800618178015	0.000486902120791	0.0100603141538434
SUSD4	ENSG00000143502.14	2.43907440173158	-0.462568773842907	3.07980023213606	0.00591317167429613	0.0366716024842903
CXCR4	ENSG00000121966.6	2.43876210094271	8.93946819394768	4.00334420042657	0.000698974330713456	0.0117459541079762
GUK1	ENSG00000143774.16	2.43629118506746	8.95870969192313	5.19928298406294	4.36536707895564e-05	0.00431430134116629
SPTBN5	ENSG00000137877.9	2.4358512794481	1.3662137774772	4.02515656796153	0.000664230086504362	0.0115270085411839
SDC2	ENSG00000169439.11	2.43304536914424	0.807748419562077	3.18939322994862	0.00460970631024408	0.0318535885483159
H3C13	ENSG00000183598.3	2.43051187625546	-1.76836897080996	3.02392532392545	0.00670878010004218	0.0395928005904128
FCGBP	ENSG00000275395.4	2.42898407083035	1.80126395764667	4.94871697322372	7.75089840936366e-05	0.00495298883175772
TSEN54	ENSG00000182173.12	2.42877798883496	4.42453840655963	6.65073259672958	1.79070183403817e-06	0.00203313531310795
SNORD10	ENSG00000238917.1	2.42079259996479	-0.457188913833323	2.92998341518107	0.00828484801753521	0.0446838134989333
MYBL1	ENSG00000185697.16	2.42039536829897	2.74204198452538	3.47628244089032	0.00238455658493363	0.0221637627163856
GJC2	ENSG00000198835.3	2.41916865331152	-0.617454005811455	3.62597503227463	0.00168533096037698	0.0183283711899133
MID2	ENSG00000080561.13	2.41775155297061	-1.00892171030521	3.51039803170648	0.00220355339071953	0.0211334945074856
CARD19	ENSG00000165233.17	2.40896027520468	6.70607196285177	4.68363718297065	0.000143018066301656	0.00592059577476196
PAGE2B	ENSG00000238269.8	2.40378767525878	-0.906812181967144	3.44230995384947	0.00257931253709232	0.0230741651575361
ENSG00000273149	ENSG00000273149.1	2.40230834661546	-1.5665577874377	2.90448125254545	0.00877079209666875	0.0461193057879696
AQP1	ENSG00000240583.11	2.39315679638469	3.10453038772219	2.98972709496393	0.0072457644251829	0.0413072763825433
ENSG00000266709	ENSG00000266709.1	2.39035496130021	0.489008558610857	3.01630989591627	0.00682492609592214	0.0398509515381423
TSPAN32	ENSG00000064201.15	2.38857832058116	3.87637115532364	3.35117971217812	0.00318220169214717	0.0259929701029841
RUNX3	ENSG00000020633.18	2.38820852342184	6.82285924058551	4.74226711290858	0.0001248461727985	0.00568031151137136
DRAXIN	ENSG00000162490.6	2.38663468688398	0.861719198338048	3.37751443891233	0.00299504806689682	0.0252243611234794
DBH-AS1	ENSG00000225756.1	2.38051613537378	-0.617597933519601	3.13509432255064	0.00521618841768467	0.0340065994015131
P2RY6	ENSG00000171631.14	2.38025304546145	-1.00731892532592	4.30800504756119	0.000342949607008081	0.00835777461891087
LDOC1	ENSG00000182195.7	2.37644310747099	0.989289565036392	5.33901903352357	3.17710974388698e-05	0.00391049678313832
CASZ1-AS1	ENSG00000272078.1	2.3690220920888	0.922001984385308	6.19111961809918	4.78983326823301e-06	0.00243785996686618
KRTAP5-1	ENSG00000205869.2	2.36414062603944	-2.16903341710905	3.40790555827697	0.00279245504006747	0.0243165996409415
ENSG00000223461	ENSG00000223461.1	2.36245360784889	-1.39338465261232	3.48952070076662	0.00231264562956528	0.0217556720792756
KCNK7	ENSG00000173338.12	2.36225025831076	1.05129370891858	3.39841691412509	0.00285422015739607	0.0246076457495129
H2BC21	ENSG00000184678.10	2.35767047591266	6.10640324133655	3.34102235041063	0.00325740826615106	0.0262728666712511
CXCL3	ENSG00000163734.4	2.35690340710283	-1.21856097385525	3.24169044446166	0.00409075872938621	0.0298908905176933
GTPBP1	ENSG00000100226.15	2.35326987437315	7.92250143186115	5.52810943661637	2.07321620732413e-05	0.00329195536944173
ALS2CL	ENSG00000178038.16	2.3532276165072	1.53621921323842	3.22143524757493	0.00428461869505265	0.0306251680091899
DOK2	ENSG00000147443.12	2.34957658385127	6.4715816518277	4.3425026049512	0.000316410890585763	0.00816072468048063
GLUL	ENSG00000135821.17	2.34757749194989	9.83912742425123	3.86789531614688	0.000959157203371148	0.0137181786063548
SATB1-AS1	ENSG00000228956.8	2.34651808898725	-0.252943197910539	3.29116893120247	0.00365248898542965	0.0280316767630491
TRGV4	ENSG00000211698.2	2.34447144904625	-0.798705931847985	3.00910253738552	0.00693663578786495	0.0402398499057845
CLDND2	ENSG00000160318.6	2.34014678886434	1.19527084258304	4.00630747970156	0.000694149778791104	0.011744286067093
NPDC1	ENSG00000107281.9	2.33894207336544	3.55406223135778	4.1679387848848	0.000475727686142845	0.00993174066119999
CCR4	ENSG00000183813.6	2.33379955773809	1.82589383123931	3.66560580934505	0.0015369833724969	0.0177505866849825
RAB11FIP5	ENSG00000135631.16	2.33176443382754	2.46978430582208	5.97653494464184	7.65234730578151e-06	0.00267718588042553
USP36	ENSG00000055483.19	2.3257854435742	5.43347327696369	4.54985216062066	0.000195150063082567	0.006683097287932
SYN1	ENSG00000008056.13	2.32534962953666	1.08684212893373	3.70127909968242	0.00141454115132387	0.0170159962457541
FBXO7	ENSG00000100225.17	2.31948565269453	9.14213233214088	3.58358796259835	0.00185967223430816	0.0193370083291763
ARK2C	ENSG00000141622.13	2.31384698821773	0.146416839789264	3.17331404949409	0.00478176577297054	0.0324272958382671
FTH1P8	ENSG00000219507.4	2.31234282491978	1.20882024063851	3.66928082411949	0.00152389971647703	0.0177103471553877
ZFYVE28	ENSG00000159733.13	2.30994363022708	2.77874110395536	4.74677482300251	0.000123549685121563	0.00568031151137136
TMPRSS9	ENSG00000178297.12	2.30822871643893	1.11954942053458	3.20551393562015	0.0044432572986053	0.0311555713669426
EVC2	ENSG00000173040.12	2.30729610201475	-1.42893904186657	3.76543377155172	0.0012181668545245	0.0156213229998103
RBFOX3	ENSG00000167281.18	2.30363363035734	-0.930310424248808	3.16048002256325	0.00492356748457478	0.0329170334825328
SLC22A17	ENSG00000092096.16	2.29981350792715	0.833824047812115	4.32329428419179	0.000330922359725124	0.00829925221898117
EVPL	ENSG00000167880.7	2.29261137156168	-0.354591325686464	2.9956441319576	0.00714997693590611	0.040968035548903
ENSG00000273096	ENSG00000273096.1	2.28687613981366	-0.734925844079028	4.3496038691265	0.000311209453681838	0.0081156387567914
FRMD4B	ENSG00000114541.14	2.28098469512923	4.077332458961	3.91003999167862	0.000869253722631573	0.0130402967933386
UBXN6	ENSG00000167671.11	2.27591815589884	8.57077029269351	3.42703615419355	0.00267188898016699	0.0236008865034499
CNRIP1	ENSG00000119865.8	2.27323759772741	-0.843426821316485	2.90099736336009	0.00883926713281464	0.0462815121959362
ENSG00000251161	ENSG00000251161.3	2.27258136991465	-1.0467431965575	2.85654847294428	0.00975920440912016	0.0492632890145737
APBB1	ENSG00000166313.18	2.27186056879011	3.62308477143057	4.53063981445762	0.000204072421456458	0.00672669688379759
FTH1P11	ENSG00000237264.4	2.26502336947687	0.141554266703983	3.83072085816983	0.00104610258927981	0.0144303497362336
FTH1P2	ENSG00000234975.6	2.26354027295594	0.6166115492926	3.69404660014033	0.00143855874109147	0.0171789053547817
PIGHP1	ENSG00000259657.1	2.25990782016229	-1.53013777510466	3.93962386650187	0.000811207292017707	0.0126435265366223
SEMA3F	ENSG00000001617.11	2.25443671913789	-1.2168829431379	2.98711046515246	0.00728851721593658	0.0413445480811775
MAP1LC3A	ENSG00000101460.12	2.25334833168778	3.50881059197044	3.47638150160951	0.00238401039804502	0.0221637627163856
XPNPEP2	ENSG00000122121.10	2.25092458981745	-0.298878436057011	3.48570055782178	0.00233317493325279	0.0218929828447623
LAT	ENSG00000213658.11	2.24686374443745	4.83976294205797	5.27750890817079	3.65320158426531e-05	0.00408494358967848
LONRF3	ENSG00000175556.16	2.24343182366039	1.34258789591693	3.62117933938021	0.0017042161042403	0.018401045865828
RILP	ENSG00000167705.11	2.23917507422473	4.73704410125268	3.31597653421998	0.00345036381367038	0.0273655937075631
DCTN6-DT	ENSG00000271869.1	2.2343091707429	-0.0402384378314917	4.30705579595157	0.000343710649978245	0.00835777461891087
ENSG00000174171	ENSG00000174171.5	2.22826298743029	0.843419096367905	2.96749572522245	0.00761683700255154	0.042424344965155
TENT5C	ENSG00000183508.4	2.22820948881595	6.31870843436893	2.86765011293152	0.00952119419319433	0.0485422715056175
PPP1R15A	ENSG00000087074.7	2.22465297102168	8.3248065510645	4.94860581368021	7.75288162194487e-05	0.00495298883175772
STAT4	ENSG00000138378.17	2.22163894353204	4.07926062512429	5.61857268404029	1.69250599425563e-05	0.00326408764393466
PER1	ENSG00000179094.15	2.22137293481423	7.54783588135325	3.41266009015807	0.00276200121821708	0.0241083015853839
ZNF331	ENSG00000130844.16	2.22022263494975	3.39775868074218	4.01054256345379	0.000687312228133872	0.0116989110066063
DDIT3	ENSG00000175197.11	2.20782794918066	4.67722432122817	5.64155820268243	1.60769358633024e-05	0.00326408764393466
DLEC1	ENSG00000008226.19	2.20604430468755	1.79584159337093	3.57770470749696	0.00188523723385248	0.0194860655263744
ENSG00000280194	ENSG00000280194.1	2.20371306884935	1.49625140974927	6.53725419459738	2.27728753514443e-06	0.00213641637155401
PDGFD	ENSG00000170962.12	2.20226268938252	1.37002272696452	3.72613396909885	0.00133499188886519	0.0165029148070772
TMPRSS6	ENSG00000187045.16	2.19948613920348	-1.00589640306375	4.1834974758351	0.000458737834246993	0.00972840579523796
ENSG00000236194	ENSG00000236194.3	2.19666742071515	-1.49890916516055	2.847676127929	0.00995350848511217	0.0498689019824357
STRADB	ENSG00000082146.12	2.19664402205041	6.58205930739541	3.20604865082445	0.00443783777510467	0.0311323600572932
PMP22	ENSG00000109099.13	2.19634259489835	0.131759463553551	3.65076446301421	0.00159096118019593	0.0179620228860047
RRN3P2	ENSG00000103472.9	2.19613935125021	1.44651494363595	3.7407641559139	0.00129025717927795	0.016180285442772
ENSG00000272908	ENSG00000272908.1	2.19605233384239	-0.0275785981682922	3.17940645779562	0.00471584952765089	0.0322548373624314
ENKUR	ENSG00000151023.16	2.19383213157071	-0.779148044787869	2.8568345433965	0.0097530003463597	0.0492632890145737
WNK2	ENSG00000165238.16	2.19087107680632	-1.19249214917684	3.83911098692982	0.0010258188499712	0.0142437311623471
PROC	ENSG00000115718.17	2.18669539252518	-1.26131310214862	3.34426230392021	0.00323323209508843	0.0261923741621872
AK1	ENSG00000106992.17	2.18525210452194	4.51990284295053	5.02750914391259	6.46699277633892e-05	0.00458907756628665
TFR2	ENSG00000106327.12	2.18296001769876	2.62781145868643	2.89101632723786	0.00903829605009254	0.0469877136968344
TRCR1	ENSG00000260708.1	2.18173806277459	1.09699235279953	4.12632396982564	0.00052433198867505	0.0102641116085461
NR3C2	ENSG00000151623.14	2.17988182591099	0.0779288807339229	3.0056149037995	0.00699132388900245	0.0403275884722262
ZNF831	ENSG00000124203.6	2.17626955272059	2.92789512780913	3.4626662453422	0.00246081456676885	0.0224587159674018
MROH7	ENSG00000184313.19	2.174976403677	-1.45306611020386	4.68562040860605	0.000142361703352384	0.00592059577476196
FLNA	ENSG00000196924.14	2.17171547593735	9.86315670809588	4.98950957678009	7.05677837865301e-05	0.00479991008612527
IL32	ENSG00000008517.16	2.16429892705051	6.40646272780078	6.03267966908196	6.76580999355807e-06	0.00262798303960308
HOPX	ENSG00000171476.21	2.16400089918449	3.37360537483725	3.00679150430086	0.00697282775152559	0.0403129407021221
CCDC180	ENSG00000197816.13	2.15999058052418	0.53286613710643	2.98743049938528	0.00728327518525684	0.0413357679607167
CD244	ENSG00000122223.12	2.15817918607954	4.18914390638555	3.90119338436345	0.000887401994458762	0.0131277510204141
TRNP1	ENSG00000253368.3	2.15631230899584	-1.45931658180574	3.06513759719714	0.00611263908221165	0.0373747112068948
YBX3	ENSG00000060138.12	2.15385262058969	8.49625679493447	4.03791260045752	0.000644716143186963	0.0113678195659177
TMA7B	ENSG00000225528.3	2.15197754977203	0.724590714038538	3.86189261444576	0.000972693642049926	0.0137915063944831
LDB2	ENSG00000169744.12	2.14802585004451	-1.23099459075222	2.92579810464888	0.00836278360688483	0.0449082544716415
P3H3	ENSG00000110811.19	2.14570207000481	-0.460754827439482	4.52572670036917	0.000206419436774622	0.00675554520353309
SERPING1	ENSG00000149131.15	2.14406405189491	2.67717710965793	3.23566926819862	0.00414747530668771	0.0301780271606028
PITPNM2	ENSG00000090975.12	2.1400804514062	3.32899677412481	3.50374402434491	0.002237761387855	0.0213367946283849
H2AC8	ENSG00000277075.2	2.13942946991347	1.59482086469692	3.21382846979876	0.00435971119418736	0.0309371813587526
KLRK1-AS1	ENSG00000245648.1	2.13753825053902	-0.72790025035097	3.58298209140367	0.00186228909334776	0.0193370083291763
FTH1P23	ENSG00000242960.1	2.1364389114245	-0.163641347538188	3.64798186602075	0.00160128819298229	0.0179941761802143
TRAC	ENSG00000277734.7	2.13449565944306	6.72303537268702	5.630517871759	1.64787445973125e-05	0.00326408764393466
FKBP4	ENSG00000004478.7	2.13318390940214	5.72263497329304	4.34227927932809	0.000316575878696009	0.00816072468048063
JAG2	ENSG00000184916.8	2.12845933380454	-0.161025080308876	3.46042394491195	0.0024736005510782	0.0224967329582467
FXYD1	ENSG00000266964.5	2.12610286283465	-1.03797912565653	3.17807597180577	0.00473016872606491	0.0322975989272983
CHN1	ENSG00000128656.13	2.12554595926144	-0.81524253490106	4.32431678281346	0.000330133296642699	0.00829925221898117
CEP126	ENSG00000110318.13	2.12502996658534	-0.901201307015066	3.60617522796238	0.00176466211098958	0.0186961709158774
COLQ	ENSG00000206561.12	2.11772493799869	2.06232699509359	3.49218698576282	0.00229842254969985	0.0216909954178835
DKK3	ENSG00000050165.17	2.11661051298523	0.21934475620138	4.5580503144785	0.000191463535151697	0.00663380699257993
NFKBID	ENSG00000167604.13	2.11542598169694	5.70893624265455	6.38960304035161	3.12134610730236e-06	0.00213641637155401
SARDH	ENSG00000123453.17	2.11331752161626	-0.399794813891147	4.449275243848	0.000246653209007319	0.00732515365180689
JUND	ENSG00000130522.5	2.11053046125039	7.66548161384859	5.20026757304634	4.35557711024413e-05	0.00431430134116629
LGALS9C	ENSG00000171916.16	2.10844614151353	0.899964707375959	3.12786766869499	0.00530253362085577	0.0343095522981892
LCK	ENSG00000182866.16	2.10822686572232	6.36034781086788	8.44484391151525	5.03352744416366e-08	0.000253742162113788
IFITM10	ENSG00000244242.1	2.1072683066776	1.74201490816587	3.96561605707456	0.000763405345461594	0.0123090382394447
CDK18	ENSG00000117266.15	2.10725285905974	0.566020629979497	4.85061171203316	9.71780197604505e-05	0.00525907683486014
CDHR3	ENSG00000128536.15	2.1057342153744	-0.881303628490401	3.96792044286976	0.00075930540904756	0.0123090382394447
FTH1P10	ENSG00000223361.5	2.10390260809989	-0.947736326881296	3.59910070640039	0.00179389266273531	0.0188992546052628
RGS9	ENSG00000108370.16	2.10372753552307	1.95720828671904	3.14015241197588	0.00515656743760866	0.0337820396711512
FLT4	ENSG00000037280.15	2.10050166354427	1.16513863675617	3.29496240253724	0.0036208477843009	0.0279471609369613
PPDPF	ENSG00000125534.9	2.09581245894733	7.11120086905157	4.3615113256729	0.000302679796863931	0.00803937529284044
GDPD5	ENSG00000158555.14	2.09352156580166	4.62860336752754	4.43679230969964	0.000253935692918794	0.0074392611318266
ENSG00000279491	ENSG00000279491.1	2.09236360055121	0.282849213200981	4.26316284732703	0.000380817071262245	0.0087145115842337
PLEKHA5	ENSG00000052126.14	2.09183505134745	-0.613038789449903	3.32604768913137	0.0033714661419088	0.026942523148118
ENSG00000279861	ENSG00000279861.1	2.08550280696167	2.65240809481666	4.9184337423514	8.31067711829341e-05	0.00500533443228665
FTH1	ENSG00000167996.15	2.0843643865023	10.4329255485537	5.14029013484932	4.99473371139575e-05	0.00431430134116629
ENSG00000279821	ENSG00000279821.1	2.08236233033548	1.05945337598603	3.2128984348662	0.00436897981361965	0.0309583015117744
NFATC2	ENSG00000101096.19	2.0802020748093	3.85373500376643	4.35666531283699	0.000306122405786281	0.00807585374507715
HAVCR2	ENSG00000135077.8	2.07955544500484	4.61958621689469	4.40820536347262	0.000271439272098326	0.00764588484002156
ENSG00000273038	ENSG00000273038.2	2.06461244849724	-0.267234180884798	3.39039568882391	0.00290747712821651	0.0248347004701827
SHISAL2A	ENSG00000182183.14	2.05849972494742	2.14952959779468	3.46197546365238	0.00246474658204377	0.0224638928061432
FTH1P7	ENSG00000232187.1	2.05416453783763	1.12756981189782	3.57429119125758	0.00190022893988159	0.0195724906857308
BCL2L1	ENSG00000171552.12	2.04837142726995	7.84364530097636	2.86374205358877	0.00960433817496173	0.048765060702592
LTBP3	ENSG00000168056.15	2.04739691762009	4.72751890007203	5.11195259641346	5.32913673904429e-05	0.00436369826758488
CROCC	ENSG00000058453.16	2.04357565777161	3.85103872082079	4.97765168640826	7.25178391186211e-05	0.00488750367758378
UBBP4	ENSG00000263563.5	2.04334969410167	2.08563610210119	4.22540440111941	0.000415939595222971	0.00923198259472338
UBA52	ENSG00000221983.7	2.04088731656251	10.1578959945277	5.15437593890449	4.83653024344378e-05	0.00431430134116629
PDE4A	ENSG00000065989.15	2.04019012871578	4.49562935762084	4.39311709387345	0.000281162194633457	0.00770734422406925
FTH1P20	ENSG00000226564.1	2.03752628365315	1.39732572539719	4.31815504707849	0.00033491710139414	0.00832218251949075
ADGRB1	ENSG00000181790.10	2.02273458320553	0.319648349814916	5.46363556680163	2.39704479912663e-05	0.00353803812351091
LTK	ENSG00000062524.15	2.0216295467977	1.55803451938416	2.84867561222198	0.00993143600211383	0.0497921179997283
H2BC8	ENSG00000273802.2	2.02102661864116	2.73866123421065	2.91162964045372	0.00863188410593998	0.0456327397577629
ZFAND2A	ENSG00000178381.11	2.01038657391087	4.02375493099827	4.78359334403766	0.000113457381889682	0.005521968416303
RTKN2	ENSG00000182010.10	2.00839503677739	0.0182421677937332	2.88653057138286	0.00912913987883543	0.04736242692851
SCARF1	ENSG00000074660.15	2.0016871723532	3.7308640494751	5.18686533041817	4.49077783181918e-05	0.00431430134116629
GBP5	ENSG00000154451.14	1.99879008469565	4.70938076373168	3.86478417712508	0.000966149442893831	0.0137398475604143
FKBP8-AS1	ENSG00000268938.2	1.99853681035503	-0.27218664647348	4.15337946305144	0.000492196668238334	0.0100620814725731
C9orf78	ENSG00000136819.15	1.997253049096	6.81402493227383	3.5875567633418	0.00184261985424537	0.0192477487959389
CABP4	ENSG00000175544.13	1.99467451007269	-0.973565494225927	4.65893426240615	0.00015145466351927	0.00602552785321948
CCRL2	ENSG00000121797.9	1.98315141393992	2.67693301672248	3.10256409248344	0.00561593384158347	0.0356855232263463
SERPINE1	ENSG00000106366.8	1.97847076373675	1.8892687653357	2.8708792082901	0.00945301622637749	0.0483342013218667
FCRL3	ENSG00000160856.20	1.9783194049691	3.4648592192406	3.2897003207587	0.00366481102604934	0.028085467676266
C19orf84	ENSG00000262874.1	1.97456692308083	-1.10508103369656	2.84619877285949	0.00998622026533461	0.0499480213881189
FMNL1-AS1	ENSG00000233175.2	1.9735477149734	2.39458198275973	4.17316714893524	0.000469949206422365	0.0099017610554913
INPP4B	ENSG00000109452.12	1.97112288076708	2.09227539922828	4.29383319926446	0.000354489670326015	0.00852160836158304
AMOT	ENSG00000126016.15	1.97028979783497	-0.684923906634447	4.27994879748144	0.000366173770470379	0.00866141803228013
ADARB1	ENSG00000197381.15	1.97004215821727	3.21708859568177	3.81408958413046	0.00108749542121656	0.0147322316027532
PRRT1	ENSG00000204314.10	1.96436538517668	-0.608130133059995	3.89603966571679	0.0008981479254692	0.0132302029739774
HEXIM2-AS2	ENSG00000267288.2	1.96392737687304	-0.154407375772905	4.05435598173397	0.000620403844906797	0.0111285660491276
PLCB1	ENSG00000182621.17	1.96196136123955	0.702116987548267	3.42509106133278	0.00268391023316718	0.0236504567412224
ARHGAP32	ENSG00000134909.18	1.95729616544312	0.310244249863945	2.87393766506316	0.00938887290316819	0.04816814878372
ARVCF	ENSG00000099889.13	1.956871773459	1.33667456307469	2.99449444860334	0.00716849234647837	0.0410104445868297
ENSG00000269191	ENSG00000269191.1	1.95670883289905	-0.296464287905695	3.54630126123973	0.00202767559944741	0.0202630276559538
PHLDB1	ENSG00000019144.18	1.95592094275143	-0.264877250715685	3.54852164544903	0.00201726494020154	0.0202044129763544
PRKCA	ENSG00000154229.11	1.95082950608606	2.75880478204904	3.01134384515939	0.00690170905469754	0.0401262724534924
RTL5	ENSG00000242732.4	1.95027127452895	0.939660564076837	3.94892897099494	0.000793760872635334	0.0125303855402113
LTBP4	ENSG00000090006.17	1.94846881448954	4.69521896338525	5.5616102018066	1.92295393897072e-05	0.00326408764393466
RBKS	ENSG00000171174.13	1.94630040347187	1.23313331752805	5.73880385165797	1.29427681532191e-05	0.00319934323120511
ASCC2	ENSG00000100325.14	1.94577140916051	7.33156317044346	3.76917496693802	0.00120758886485918	0.0155126298044573
LMNTD2-AS1	ENSG00000254815.5	1.94481735279481	0.450914668404694	3.60560122172696	0.00176701615363476	0.0186961709158774
PAXX	ENSG00000148362.10	1.94195580789373	4.70765059122586	7.14407092612661	6.42400319826469e-07	0.00158030478677311
KCNA3	ENSG00000177272.8	1.93914147496663	2.09114400821331	4.1080882364568	0.000547168029222619	0.0105025027355736
ERRFI1	ENSG00000116285.12	1.93731907914031	1.0102533105177	3.26142114215988	0.0039101565863914	0.0292518556589645
ADORA2A-AS1	ENSG00000178803.10	1.93502843062854	0.65195796560334	4.12033950299164	0.000531719034332611	0.0103537901672155
SORBS3	ENSG00000120896.13	1.93434785842337	3.73027165788102	5.65182331123369	1.57123260357487e-05	0.00326408764393466
CARD11	ENSG00000198286.9	1.93339801681618	5.60714463200681	4.90523867001173	8.56724839485283e-05	0.00507841712080433
MLC1	ENSG00000100427.15	1.9330033818525	3.55175879554007	3.02713976671991	0.00666033058053587	0.0394330041591294
LIPC	ENSG00000166035.10	1.93245168690574	-0.856802600978811	3.08221786886224	0.00588089395095393	0.0365965460684274
H1-10	ENSG00000184897.5	1.93235571600814	6.29849554246154	5.32609339272026	3.27161390384129e-05	0.00391049678313832
NRP1	ENSG00000099250.17	1.9305642718765	-0.363188361629813	3.58211477655892	0.00186604149769879	0.019341834625024
PLEKHB1	ENSG00000021300.13	1.92972077576392	2.32604100774867	4.15664053536433	0.000488458926758065	0.0100603141538434
RAB20	ENSG00000139832.4	1.92950879330861	4.96219447353605	3.88067328814393	0.000930963046348324	0.013537945383351
ENSG00000267364	ENSG00000267364.1	1.92922277139706	0.815222295653074	4.68458158496318	0.00014270512896884	0.00592059577476196
SH3D21	ENSG00000214193.10	1.9270707461607	2.70635254840786	3.50577290290331	0.00222727596338911	0.0213056339725362
FYN	ENSG00000010810.17	1.9267641546996	6.26223757767039	5.1271214860399	5.14739497203001e-05	0.00434606991189643
CLEC11A	ENSG00000105472.12	1.92328934926358	2.15271951372802	3.5297504962308	0.00210696342423207	0.0206773804133413
FOXP3	ENSG00000049768.14	1.92157636989892	1.49766390632924	2.916838540127	0.00853199839194097	0.0454301213077376
PHLDB2	ENSG00000144824.20	1.92127853257388	0.104008735582352	3.47699551376797	0.00238062768954585	0.0221606717100598
MRAS	ENSG00000158186.12	1.91612161145486	0.545772492747865	3.11073308105702	0.0055128414913817	0.0351749101744263
PPFIA3	ENSG00000177380.13	1.91405417051114	0.131839510443439	5.61123618094752	1.72052834063668e-05	0.00326408764393466
HCN2	ENSG00000099822.2	1.91256370260955	-0.0105812997344437	5.14114524048901	4.98498130737823e-05	0.00431430134116629
RPL13AP8	ENSG00000226945.1	1.91205781934214	-1.61353904402949	3.07256403957626	0.00601081046279585	0.0370589639481394
KLF2	ENSG00000127528.5	1.91057441238631	7.57403964616594	3.27321368582014	0.00380595597265826	0.0288377362199363
CD28	ENSG00000178562.17	1.91041898718472	3.26248184033338	2.98741756308055	0.00728348700612665	0.0413357679607167
SHB	ENSG00000107338.9	1.90908084416166	1.13411022112443	3.64528523717001	0.00161135939457898	0.0180452690925537
HGD	ENSG00000113924.11	1.90574391459909	0.131912046030713	3.38587140609254	0.00293794477382878	0.0249669926223424
RCAN3	ENSG00000117602.11	1.9057293400367	3.33566190275613	2.91464389328367	0.00857394671098125	0.0455221055590228
BEX5	ENSG00000184515.10	1.9053069745474	-0.461190184927325	4.30839977715117	0.000342633639112106	0.00835777461891087
PHF1	ENSG00000112511.17	1.90143533672914	6.02764660901356	6.79712308955675	1.31656021255995e-06	0.00161936906144874
CREM	ENSG00000095794.19	1.89938598312129	4.12941596748831	3.86924670236837	0.000956135686988963	0.0137015172232593
PDE4D	ENSG00000113448.18	1.89457741636147	4.02316260608624	3.36620973667746	0.003074027760988	0.0255476631487517
NINJ1	ENSG00000131669.9	1.89425364485955	7.77262275642473	3.05876411125769	0.00620135988775196	0.037652024657844
DRC2	ENSG00000139537.10	1.89277489278488	0.0941800601413784	4.84636834793988	9.81347983813026e-05	0.00525907683486014
RASGRF2	ENSG00000113319.12	1.8869434971194	1.51484596875992	3.5526462017991	0.0019980659218442	0.0201582043789613
LYPD3	ENSG00000124466.8	1.88646333723371	-0.261022021277748	3.26958702332561	0.00383770957364483	0.0289594035311849
PCED1B-AS1	ENSG00000247774.6	1.8850642970565	4.88305206705208	4.7431258630257	0.000124598125966459	0.00568031151137136
FSD1	ENSG00000105255.10	1.88449048466002	0.793480303043354	2.95949527672909	0.00775480490540907	0.0429837256940721
LY9	ENSG00000122224.17	1.87632623060336	4.81368109901197	4.86093676550723	9.48892483716258e-05	0.00525907683486014
ENSG00000280287	ENSG00000280287.1	1.87590730162069	1.37990923239577	4.05992685798299	0.000612376543848802	0.0110768110137357
KLHL25	ENSG00000183655.12	1.87521811373364	1.87188002311169	4.02939698457187	0.000657678590220887	0.0114689383896729
RORA	ENSG00000069667.15	1.87377436338338	3.8578437868309	3.56108136163504	0.00195936119944382	0.0199037655222236
PHLDA2	ENSG00000181649.5	1.87303325382233	-1.00131756662961	3.16814711311679	0.00483837052809357	0.0326741426001896
RNF112	ENSG00000128482.15	1.87293294775853	-0.271883173441341	3.11859051403378	0.00541541440581583	0.0347377299564718
CFH	ENSG00000000971.15	1.8713820454326	-0.021511059273712	3.40697165843506	0.00279847547871553	0.0243214093859824
SEPTIN4	ENSG00000108387.14	1.8694748452854	0.531359667645939	3.23282488692408	0.00417453398171711	0.0302781924177615
PRR5	ENSG00000186654.20	1.86938834712273	4.79721312832106	4.19264748289673	0.000449031447196338	0.00961930937680398
SOX8	ENSG00000005513.9	1.86889705989536	-1.06800797873035	3.71177092313079	0.00138040437406748	0.0168386517035009
NR1D1	ENSG00000126368.5	1.86847611537639	2.7750642083408	3.68392349221282	0.00147285494122565	0.0174157516585977
SMPD3	ENSG00000103056.11	1.86743794645563	2.02174666240471	4.4806407864504	0.000229269154178114	0.00713926733263495
CACNB3	ENSG00000167535.7	1.86742764465452	1.50239977948199	4.50508656912977	0.000216580377439004	0.00693433052277593
ADAMTS17	ENSG00000140470.13	1.86576155729177	-0.574155754305644	3.10677534076579	0.00556255671419614	0.0354401944237672
POMGNT2	ENSG00000144647.5	1.86264475769455	1.87807190835536	3.22035305150936	0.00429522448899559	0.0306550638443938
HMOX1	ENSG00000100292.16	1.86119518239565	6.75631865089429	3.19069061038018	0.00459608906374555	0.0318067920964025
ATP10A	ENSG00000206190.11	1.86085111010442	2.63157497662104	3.18624200821258	0.00464294511346249	0.0320025227810153
ABLIM2	ENSG00000163995.19	1.85586710288731	-1.2005847767288	3.57534633237461	0.0018955823833919	0.0195519189230359
TPM2	ENSG00000198467.13	1.85099176899256	3.37755510516368	4.50745907925958	0.000215387221333106	0.00691112040625358
ENSG00000276533	ENSG00000276533.1	1.84869661143064	0.0169492389924858	3.42267184627553	0.00269893582816014	0.0237120790616926
GPSM1	ENSG00000160360.12	1.84728626086897	1.18042393409556	3.80113060353089	0.00112087286926263	0.0149318520629167
PACSIN1	ENSG00000124507.10	1.8421051642787	-0.35742442113783	3.46854975135619	0.00242757394027541	0.0223524587389052
AFAP1	ENSG00000196526.10	1.8411894412834	1.85411044037821	3.33551385875531	0.0032989188688415	0.0265207203181375
DLG3	ENSG00000082458.11	1.84090373442503	1.90190819422873	5.36150024459868	3.01931633013128e-05	0.00387465381838852
PLEKHF1	ENSG00000166289.5	1.84042200017147	3.39461341851055	5.08992091179609	5.60479101340084e-05	0.00436369826758488
EMP1	ENSG00000134531.9	1.83927206807697	1.71344684123237	3.92661663799492	0.000836237167292559	0.01286305942571
OSBPL7	ENSG00000006025.11	1.83879859390662	4.27480916835423	4.51361638089642	0.000212321477943658	0.00690145470856089
GZF1	ENSG00000125812.15	1.83652257263054	4.33752291249234	4.06104175199464	0.000610782555468433	0.0110768110137357
PDE4B	ENSG00000184588.17	1.83596925941706	4.90585300724726	4.66869802205279	0.000148061605533187	0.0059708989124193
ADCY9	ENSG00000162104.9	1.83403097129299	2.25925410382159	3.92468607216203	0.000840017174730146	0.01286305942571
SYTL3	ENSG00000164674.15	1.83177877365937	6.05065778681563	3.67906561964478	0.00148959918961992	0.017538233624432
CERCAM	ENSG00000167123.18	1.82620747697412	1.67619328448826	2.94324212935178	0.00804254013659003	0.0437940689873724
TNFRSF1B	ENSG00000028137.18	1.82238866286901	9.61983753852378	3.50011691307158	0.0022566278587385	0.021461228862745
LINC02019	ENSG00000273356.1	1.82045847660625	1.2416809087831	3.79084909472203	0.00114807631563742	0.0150895871939522
SNORA70	ENSG00000207165.1	1.81895249747494	0.644272253935869	4.78204084420488	0.000113865594041423	0.005521968416303
LINC02328	ENSG00000258733.5	1.81076917565069	-1.15769614157555	4.91968266696287	8.28679972100822e-05	0.00500533443228665
GPR25	ENSG00000170128.4	1.80924086871839	-0.997538585430967	3.05807882471619	0.00621097315673984	0.0376793932566708
PDCD1	ENSG00000188389.10	1.80507240576608	2.33008049661455	2.98870983323289	0.0072623565184756	0.0413072763825433
UBB	ENSG00000170315.13	1.80415286598811	8.50155209544124	3.96679445097976	0.000761306010108377	0.0123090382394447
TAF5LP1	ENSG00000267369.1	1.80127497178173	2.71226871270022	4.09285465676865	0.000567005519818579	0.0107157509251245
MTSS1	ENSG00000170873.18	1.79689933966361	4.26426931441338	3.56422474755139	0.00194512770435738	0.0197749058837859
SPIRE2	ENSG00000204991.10	1.7968503453797	-0.414776576812961	3.16787662860803	0.00484135161697931	0.0326741426001896
GATA3	ENSG00000107485.15	1.79609038783336	2.5908710569413	4.09414013735597	0.000565304108320628	0.0107157509251245
MXI1	ENSG00000119950.20	1.7936006920292	6.48705885342206	3.01940192730098	0.00677753591631726	0.0397536760046295
PITPNC1	ENSG00000154217.14	1.79110425812382	5.17570502026011	3.60939011688559	0.00175153475523556	0.0186607988778586
SNPH	ENSG00000101298.13	1.78760502627405	1.7355635873388	4.53043284729854	0.00020417074552448	0.00672669688379759
STARD8	ENSG00000130052.13	1.78535646115286	2.26886210597463	3.20843072886344	0.00441377271613109	0.0310947968083391
SLC3A2	ENSG00000168003.16	1.78407122050545	6.80763721771447	4.34242053774547	0.000316471510005434	0.00816072468048063
CLN8-AS1	ENSG00000253982.1	1.78368918375296	3.91824356207499	3.47129842321993	0.00241219621053874	0.0222535796248052
NKX3-1	ENSG00000167034.9	1.78317325031667	-0.81727148672435	2.98190065855644	0.00737436523232726	0.041528283414403
STX1A	ENSG00000106089.11	1.78107794448752	2.07391565452188	5.32580936339983	3.27372241196126e-05	0.00391049678313832
TP53I13	ENSG00000167543.15	1.77857693411635	4.54634782222785	6.48225888877761	2.5602010988063e-06	0.00213641637155401
ANXA2R	ENSG00000177721.4	1.77833346677501	2.95318767235612	5.24670089528055	3.91837353086687e-05	0.0042215469573427
CCSER2	ENSG00000107771.15	1.77544044408261	4.45689040837283	5.41440053625041	2.67877564434913e-05	0.00359442986459937
HSP90AB1	ENSG00000096384.19	1.77491251730469	8.58366795389995	3.12587891447529	0.00532653802516128	0.0344068714448055
SHARPIN	ENSG00000179526.16	1.7699371214539	6.36149174344642	3.90623312249667	0.000877017533966504	0.0130491721787758
RPL7AP30	ENSG00000241741.1	1.76797669340579	-0.510331332269787	3.88414300164399	0.000923450649538422	0.0135085545958247
OBSCN	ENSG00000154358.20	1.76775650988413	3.3748217577472	3.46756675008549	0.00243309681368631	0.0223753949968909
NDRG2	ENSG00000165795.23	1.76294937367057	1.78400741055442	3.60515907746019	0.00176883153486493	0.0187012947375026
IL18BP	ENSG00000137496.17	1.76289608541411	3.49123740742508	4.45625288707245	0.000242674492165896	0.00722188275318135
GIPC3	ENSG00000179855.5	1.75574815652603	0.545878884331725	2.91178134738976	0.00862895915545764	0.0456327397577629
HAGH	ENSG00000063854.12	1.75423012244691	6.00343945212738	3.24692048128223	0.00404210877006158	0.0296971256575953
ABI3	ENSG00000108798.8	1.75329830162589	5.42907209444845	4.55306259270891	0.000193697948694033	0.00664879470400914
HSPA5	ENSG00000044574.7	1.7481735868893	8.56542689274213	3.6861321789014	0.0014653037244189	0.0174021612294578
EGFL8	ENSG00000241404.6	1.74654388004826	1.41438040773164	3.94292629136524	0.000804972155596821	0.0126145256240435
CD1C	ENSG00000158481.12	1.74184652097731	1.26915234525614	2.95593416293119	0.00781698776240599	0.0431161208419703
BAG1	ENSG00000107262.18	1.74176630846011	7.017926321329	3.23794107442879	0.00412598647265494	0.0300887155812188
CRYAB	ENSG00000109846.7	1.74164226348805	0.560951955713292	4.07782881643034	0.000587276965789374	0.0109079913282497
ENSG00000267342	ENSG00000267342.1	1.74114458325113	-0.353615876402558	4.96472383265708	7.47062456843711e-05	0.00495298883175772
PFKFB3	ENSG00000170525.19	1.74073642739209	8.17869707126439	2.85117281071228	0.00987649288447205	0.0496346731272753
ENSG00000274712	ENSG00000274712.1	1.74021201020797	2.00235168363866	3.30033655125208	0.00357648038425743	0.0278183855454428
ADAM12	ENSG00000148848.14	1.73991728848873	-1.36056663716937	3.09775703379296	0.00567746993380441	0.0359037944399971
ZFP36	ENSG00000128016.5	1.73822941184818	9.01620212036897	3.98635002859603	0.000727296096553965	0.0119942909331134
CNOT6L	ENSG00000138767.12	1.73736842580552	5.43856038811319	4.01235663130348	0.000684404017632254	0.0116648998848176
ENG	ENSG00000106991.13	1.73475020993814	3.9099601107968	4.48763533073746	0.000225563930530892	0.00708366726518292
DNAJB2	ENSG00000135924.15	1.73188003997726	6.58856155146336	3.80002842053713	0.00112375818940109	0.0149318520629167
JAKMIP1	ENSG00000152969.17	1.72978844761537	1.70430491661254	3.06221830363764	0.0061531229435392	0.0375054244150326
PRKAG2-AS1	ENSG00000239911.2	1.7277790176207	0.262913076274813	3.66783549067904	0.00152903214056628	0.0177103471553877
ENSG00000277476	ENSG00000277476.1	1.72443108384315	1.52401957067749	3.85657060796284	0.000984853898601807	0.0139044466154366
BCL9L	ENSG00000186174.12	1.72248465794959	4.05822220062356	3.87896642819359	0.000934680914704676	0.0135519551090776
BLVRB	ENSG00000090013.9	1.72193975204463	7.38947540098222	2.93842647444834	0.00812974871163307	0.0441400304655438
BHLHE40-AS1	ENSG00000235831.6	1.72138352810648	-0.538195995700278	2.94959776837516	0.00792882082976159	0.0434085294685761
F2R	ENSG00000181104.6	1.71945153379405	2.96951660865133	3.6750104392557	0.00150372088242229	0.0176150160512325
LINC00239	ENSG00000258512.1	1.71931614579272	-1.00833176211902	3.16388476868804	0.00488555530442577	0.0327627425230915
ZNF618	ENSG00000157657.14	1.71467108067096	-0.681345000631466	3.22064676736524	0.00429234347273799	0.0306506964961842
ME3	ENSG00000151376.16	1.71264849570233	-0.035757445014198	3.90059888896886	0.00088863500619155	0.013127931205917
LINC-PINT	ENSG00000231721.6	1.70861595246572	4.25291272127199	3.77054174773181	0.00120374715381151	0.0155126298044573
HIP1R	ENSG00000130787.13	1.70677610085687	4.6092723859558	5.07316832456256	5.82406087951047e-05	0.00440937914504036
DOCK4	ENSG00000128512.20	1.70527512745018	2.88923528172192	3.57246169754478	0.00190831218783171	0.0196023455191804
ITGB7	ENSG00000139626.15	1.7044833400188	4.44980121875652	3.66760358834823	0.00152985722378857	0.0177103471553877
GNA15	ENSG00000060558.3	1.70251216293935	5.26045474656982	5.01352462581569	6.6779916270573e-05	0.00467142921399837
ENSG00000272084	ENSG00000272084.1	1.69732468333982	-0.080100798585748	4.23922074852831	0.000402725803697201	0.00907516467568045
SAT1	ENSG00000130066.16	1.69655885883422	9.83973891211363	3.21026309278545	0.00439534771218422	0.0310259838507121
LMTK3	ENSG00000142235.8	1.69599713141503	1.05167820791931	4.45660349439467	0.000242476286706343	0.00722188275318135
NRXN2	ENSG00000110076.18	1.69224567518373	-0.797975142065277	3.66121375736576	0.00155276565082239	0.0178356583705357
NOD2	ENSG00000167207.11	1.69167612078384	5.1727465787577	4.57125126795441	0.000185674401619405	0.00656960061158807
ENSG00000241990	ENSG00000241990.5	1.69088452905816	0.748530717978111	3.57445929439353	0.00189948790714409	0.0195724906857308
ENSG00000279700	ENSG00000279700.1	1.68918784493049	-0.716403907071061	3.04208466461679	0.00643948056886303	0.0385898226538442
ADGRL1	ENSG00000072071.16	1.68713943098537	3.11282231977833	3.53516802229486	0.00208067961607114	0.0205423619620134
FXYD5	ENSG00000089327.14	1.68596930562613	7.96464419627925	4.07339125947631	0.000593401146979015	0.0109340646530485
OPTN	ENSG00000123240.16	1.68314248301649	6.20893767866305	3.57160090398871	0.00191212715768295	0.019626562480807
ST6GALNAC4	ENSG00000136840.18	1.6820054180555	5.39611866757121	3.45152082209737	0.00252501530192655	0.0227528851382392
PHACTR1	ENSG00000112137.17	1.6817970007445	4.74379935446427	3.36582567557394	0.00307674652698113	0.0255486757292507
GBP4	ENSG00000162654.8	1.68096195066209	3.59640876519493	3.96264303516447	0.000768727540703479	0.0123090382394447
ASAP3	ENSG00000088280.18	1.68014998330795	-0.649273852199238	2.97684615386439	0.00745858557219773	0.0417875770591801
SH2D3A	ENSG00000125731.12	1.67778587240377	3.16750974174914	4.85968665722962	9.51634298975647e-05	0.00525907683486014
RHOC	ENSG00000155366.16	1.67392493752532	5.65349076747971	3.90021783196406	0.000889426233463211	0.013127931205917
HCST	ENSG00000126264.9	1.66958963253108	3.97733634557404	5.36615457021539	2.98765913995726e-05	0.00386823236015519
CACNA1H	ENSG00000196557.12	1.66908085350283	0.252407437859545	3.7475570091992	0.00126999505585879	0.0160502406431818
MBNL3	ENSG00000076770.14	1.66657895940812	5.73783614758216	3.21545583142673	0.00434353916540238	0.0308966930512478
CYTIP	ENSG00000115165.9	1.65915067423363	8.15338181243465	4.91949201402147	8.29044018915093e-05	0.00500533443228665
CDC34	ENSG00000099804.8	1.65906272545024	6.96721824714738	2.87803025786424	0.00930369392402853	0.0479143483317031
CDKN1A	ENSG00000124762.13	1.65903521527345	5.78770581959217	2.95477067052098	0.00783740811645406	0.0431642327607693
TESK1	ENSG00000107140.15	1.6589352634962	4.34163449147164	6.41087947763147	2.98219247894601e-06	0.00213641637155401
BIN1	ENSG00000136717.14	1.6566752144309	5.43114907741405	6.21832715674337	4.51542671408386e-06	0.00242142539269817
CCDC9	ENSG00000105321.12	1.65648420038399	5.20902799829658	5.33201920842946	3.22793749492846e-05	0.00391049678313832
GFUS	ENSG00000104522.15	1.6527043558933	6.02348817872479	3.01270934603501	0.00688051350291142	0.040077497751765
ANKH	ENSG00000154122.12	1.6522371825261	5.14782472405453	3.6687162109365	0.00152590264337083	0.0177103471553877
ICAM2	ENSG00000108622.10	1.64805066145286	4.3174830577227	5.95924327565499	7.94872422860434e-06	0.00267718588042553
LZTS3	ENSG00000088899.14	1.64625288265593	0.793992648665219	3.65088017585081	0.00159053316622876	0.0179620228860047
CACNB1	ENSG00000067191.15	1.64382698774735	2.61449128053091	4.88822482775989	8.9099690032283e-05	0.00516913574744401
MORC4	ENSG00000133131.14	1.64168417549131	0.705453220357817	4.71615547852818	0.000132631761753126	0.00572626016845018
CCDC85C	ENSG00000205476.8	1.64079635649361	3.44708608433936	4.14720783146704	0.000499348970302658	0.0101107989853946
JOSD1	ENSG00000100221.10	1.63843512556739	6.25283754821705	5.72142551566526	1.34531191758905e-05	0.00319934323120511
PCOLCE	ENSG00000106333.12	1.63839304350844	1.57620266742728	4.33323474309662	0.000323330947764029	0.00822821515344322
SSBP3	ENSG00000157216.15	1.6352166024866	5.02258574501828	3.78511333898846	0.00116353614270148	0.0152458689125476
ZSWIM5	ENSG00000162415.6	1.63347213897422	-1.14106081291089	3.26357905475052	0.00389088300559786	0.029151996529251
CA11	ENSG00000063180.8	1.6334386410673	1.80904859855376	5.87969100268797	9.4715373487679e-06	0.00297446577165562
LCP2	ENSG00000043462.11	1.63322487160034	7.57200882208588	2.90374628238121	0.00878519522472403	0.046152550668895
TOX	ENSG00000198846.5	1.63175669957632	1.83862692675532	3.17041212465682	0.00481347713541424	0.0325714649757916
CYP4F35P	ENSG00000265787.2	1.62805019550452	-0.000554626185404273	3.78277624802912	0.00116989450313621	0.015281099881673
TUBB4A	ENSG00000104833.11	1.62707351858833	0.250134963875879	3.029755177794	0.00662115958219122	0.039283529979675
ZFPM1	ENSG00000179588.8	1.62699029163512	3.06378444879937	4.4137827611947	0.000267931443578978	0.00757644232990904
PCGF5	ENSG00000180628.14	1.62634229841715	6.81571327836002	3.63255388662956	0.00165975990318225	0.0181474841643519
ANK3	ENSG00000151150.21	1.62593263591735	0.654876494884633	3.09938701327484	0.00565653135163821	0.0358327908799056
ANO9	ENSG00000185101.12	1.6255742443479	3.89635596364636	3.90108088260098	0.000887635197721766	0.0131277510204141
FHL3	ENSG00000183386.9	1.62481968870015	5.58550264392807	3.03422949008301	0.00655466355264496	0.0389950963470535
PCDH12	ENSG00000113555.5	1.62046914289356	0.742627523314902	3.59579057711358	0.00180773317308042	0.0190314847608181
PI4KAP1	ENSG00000274602.4	1.61659234210655	2.9157632223771	3.30643374125651	0.00352678712020813	0.0276863516636918
AJM1	ENSG00000232434.2	1.61293548493592	1.85551633123903	2.88294297381133	0.00920242455014132	0.0475668931539388
CAMK1	ENSG00000134072.10	1.61260927636763	3.39529780828776	2.87554303060153	0.00935537171526793	0.0480891425375303
ODAD1	ENSG00000105479.15	1.61100001290401	-0.598687289873096	4.06620235596345	0.00060345817488001	0.0110235676500358
RAMP1	ENSG00000132329.10	1.6096812170219	0.397868079129859	3.29913020242949	0.00358639315744052	0.0278183855454428
SMAGP	ENSG00000170545.16	1.60900766087102	1.44357234102091	3.79968872192198	0.00112464894639081	0.0149318520629167
MYH6	ENSG00000197616.11	1.60517232953818	-0.455172174411407	4.88655548259364	8.94433577005697e-05	0.00516913574744401
CIB2	ENSG00000136425.12	1.60287483111565	-0.650231660945424	3.73379597949753	0.00131137531022351	0.0163478881578538
CLEC2B	ENSG00000110852.4	1.60146734027071	4.03035672084312	4.3076424017352	0.000343240150857515	0.00835777461891087
ERFL	ENSG00000268041.2	1.60006808449829	0.913712635550521	4.66994900505435	0.000147632456850894	0.0059708989124193
CDC42BPG	ENSG00000171219.8	1.59691578711128	1.25245834924974	3.15364816628356	0.00500071069304028	0.0332377931144776
LRRC75B	ENSG00000178026.12	1.59466162329068	1.26221119746959	4.48521708086871	0.000226838077706768	0.00709349581981333
SELENOM	ENSG00000198832.10	1.58958223167909	1.75452136474581	4.79597078358219	0.000110255410881888	0.00551796504494873
KRT18	ENSG00000111057.10	1.58766703959678	0.278195447235928	3.57243289057721	0.00190843973652183	0.0196023455191804
FTH1P16	ENSG00000227376.1	1.58323139325908	-0.0382840785299861	3.35780406501535	0.00313407299049801	0.0257851403254793
KIFC2	ENSG00000167702.11	1.58137318316022	4.0663575122312	4.88430420727694	8.9908956249178e-05	0.00516913574744401
ENSG00000255139	ENSG00000255139.1	1.57983703609491	-0.122997950299305	3.00871867093198	0.00694263474620037	0.0402487387485929
FGFRL1	ENSG00000127418.14	1.57952884361308	2.58628788986466	3.38713014984477	0.0029294367827865	0.0249500790039981
TRIM46	ENSG00000163462.17	1.57593447811514	1.23264703633962	3.70196610525129	0.00141228051120657	0.0170096195841563
ARRDC2	ENSG00000105643.9	1.56924614352072	6.13291449568081	3.2466388838621	0.00404471376007729	0.0297014801486272
CCDC107	ENSG00000159884.11	1.56436472619567	1.87686706835348	5.179429412037	4.56762489305987e-05	0.00431430134116629
NPTXR	ENSG00000221890.3	1.56143709019914	1.52832050499869	3.50947405445479	0.00220827255449227	0.0211650018859129
STXBP1	ENSG00000136854.19	1.55466071598071	0.842516011236538	5.50176038732231	2.19979003468606e-05	0.00338217717832981
LIME1	ENSG00000203896.9	1.55439418454005	5.57296251031882	5.05246138270666	6.10717896164107e-05	0.00452190209814935
PTPN4	ENSG00000088179.8	1.55357053651422	4.05704332350641	4.86610570848177	9.37640350829237e-05	0.00525907683486014
CTSF	ENSG00000174080.10	1.55238280712812	2.21456095357702	4.06695897399622	0.000602391720269286	0.011022623632161
PLCG1	ENSG00000124181.14	1.55096430209569	5.49468966612563	5.20060556603253	4.35222153085263e-05	0.00431430134116629
PCBP4	ENSG00000090097.21	1.55036987161297	2.95404264095637	4.43901104547597	0.000252625653343852	0.0074392611318266
TCEA3	ENSG00000204219.9	1.54796386640504	0.558381784558832	3.22120317110774	0.00428689095102096	0.0306265781399174
PLCD1	ENSG00000187091.13	1.54766833521667	3.64838393468786	4.94493058775335	7.81874253251726e-05	0.00495298883175772
NOS3	ENSG00000164867.10	1.54665163302491	-0.489773131719778	3.7924121686836	0.00114389877254131	0.0150749516809908
SSBP4	ENSG00000130511.15	1.54576894758882	5.00021189231919	5.42244252962635	2.63054777475051e-05	0.00359442986459937
NSMF	ENSG00000165802.21	1.54413018580821	5.02643325430861	4.67404730888363	0.000146235321717021	0.00596252306227414
ENSG00000273284	ENSG00000273284.1	1.54313175455423	0.00950428539751191	3.11969936025528	0.00540180066398976	0.0346984175552603
CLIC5	ENSG00000112782.15	1.54311618003717	-0.311210979893221	3.06516118014455	0.00611231309344412	0.0373747112068948
ENSG00000273271	ENSG00000273271.1	1.54287756860196	0.121885968197712	3.19245642127918	0.00457761808738221	0.031720959140733
H2AC25	ENSG00000181218.5	1.54085899991278	2.56095922132668	3.62222664495134	0.00170007411274344	0.0183889574029385
WDR86	ENSG00000187260.15	1.53359315277708	0.254478952122824	4.49529376574318	0.000221576177944196	0.00700313573116987
MYG1-AS1	ENSG00000257605.2	1.5315374736635	-0.036122761626547	4.30771493076801	0.000343182022422243	0.00835777461891087
TPPP	ENSG00000171368.11	1.53152584064407	0.220604544216427	3.30310480265905	0.00355383433590365	0.0277779317046892
RGCC	ENSG00000102760.12	1.53009394947756	3.83299156025072	2.86734918426711	0.00952757185310122	0.0485422715056175
LINC01278	ENSG00000235437.7	1.52868515862565	3.30175945655919	4.60088759845005	0.000173312736376981	0.00637929174295321
ID1	ENSG00000125968.8	1.52625574914477	0.182914776693878	3.30985107292571	0.00349923110670448	0.0275477234441275
ATP2B1-AS1	ENSG00000271614.1	1.52613113359677	1.61144975649463	3.04471406932438	0.0064013638412984	0.03844959860935
CBLB	ENSG00000114423.18	1.52595154975697	4.48331553680843	3.72943704367151	0.00132475958120948	0.0164314717803798
ZBP1	ENSG00000124256.14	1.5252750594777	4.5156501829299	3.63855467093146	0.00163677036517099	0.0180857624912697
DOCK3	ENSG00000088538.12	1.52214531534009	-0.119341120806314	4.28140492133597	0.000364930470810167	0.00865976487002905
AMPD2	ENSG00000116337.15	1.52190280085288	7.04762148478454	3.04381004316749	0.00641444422589702	0.0384866653553821
PBX4	ENSG00000105717.13	1.52183394039671	2.07571815260708	3.79105431538345	0.00114752697085474	0.0150895871939522
FAM110A	ENSG00000125898.12	1.51968366863829	4.76531163890261	3.61494645804335	0.00172907360049722	0.0185204109893606
ZC3H12A	ENSG00000163874.10	1.51819104062441	5.86169182999906	5.72582161954319	1.33221044280103e-05	0.00319934323120511
EMP3	ENSG00000142227.10	1.51705651822905	7.24226596888634	3.96106011214598	0.000771576308514663	0.0123274293324588
RTN4R	ENSG00000040608.13	1.51652035568342	-0.53749053312718	3.62362779309846	0.00169454826156183	0.0183875624942042
BICDL1	ENSG00000135127.11	1.50668965623651	2.8810530040923	3.98975361042348	0.000721533585846503	0.0119354716675597
ENSG00000274653	ENSG00000274653.1	1.50553589346441	0.0278133538320101	4.12135646208443	0.000530456425676434	0.0103428491981297
FBXO44	ENSG00000132879.13	1.50046507689304	4.15566611274463	6.81239378418983	1.27519682519539e-06	0.00161936906144874
PLK3	ENSG00000173846.12	1.50038213660161	5.89019142250928	3.82741012530328	0.00105421576852005	0.0144627880939609
ZBTB4	ENSG00000174282.11	1.49898943424977	5.39202890603702	5.00007489257677	6.88751627881324e-05	0.00474825988097031
MAP3K7CL	ENSG00000156265.15	1.49762651190384	3.00675547413324	3.49707045316123	0.00227259498597679	0.0215575205610652
GPRASP1	ENSG00000198932.12	1.49734205998209	1.83890221192739	3.03528132015986	0.00653912550875951	0.0389183437537461
EVL	ENSG00000196405.12	1.49684406125692	6.90188950749866	5.15825093672944	4.79390907190803e-05	0.00431430134116629
HK2	ENSG00000159399.9	1.49673010730609	6.93437715741962	3.24865860474083	0.00402606600009952	0.0296678652828102
IDUA	ENSG00000127415.12	1.4958764103739	2.9733914871703	4.28621227561755	0.00036085576285755	0.00859069525770556
BMP1	ENSG00000168487.17	1.49022504606879	1.84459664873377	3.35218156724922	0.00317487660583331	0.0259762631386362
ENSG00000278600	ENSG00000278600.1	1.48999570554713	4.84928805161355	3.40679766462844	0.00279959854653009	0.0243214093859824
SEMA4C	ENSG00000168758.10	1.48960572174993	3.55446457337947	4.20886730852381	0.000432328366328175	0.00943112598546274
CCDC136	ENSG00000128596.16	1.48805620878657	0.283598684358989	3.70179030734465	0.00141285864567586	0.0170096195841563
RPS12	ENSG00000112306.7	1.48691103819791	9.32415990679	4.46783588142573	0.00023621193656407	0.00719356267155619
RDH16	ENSG00000139547.7	1.48316902591519	-0.522448221689313	3.8649644070295	0.000965742998726145	0.0137398475604143
TPRG1	ENSG00000188001.9	1.48111567931874	0.124767955146758	2.97738787567003	0.00744951499014878	0.0417875770591801
EZR	ENSG00000092820.17	1.47147707942324	7.175007018091	3.44804852218502	0.00254535099573213	0.0228385292990919
ENSG00000249684	ENSG00000249684.5	1.471429811265	-1.05605373791198	3.21296287812534	0.00436833696109517	0.0309583015117744
JMJD6	ENSG00000070495.14	1.4708501520987	6.30659466116537	4.73146364501789	0.000128009725684522	0.00572019543182017
ST6GALNAC6	ENSG00000160408.14	1.47023983162259	5.31267051052649	5.56707126892628	1.89953488241702e-05	0.00326408764393466
PCNX2	ENSG00000135749.18	1.46869973193652	3.06723706100883	4.08133308121168	0.000582485484445515	0.0108691349562779
AMIGO1	ENSG00000181754.6	1.46686591744244	1.56600352684072	3.035506380888	0.00653580545172715	0.038914275299513
KIF5A	ENSG00000155980.11	1.46666012934114	-0.580913790178405	3.66347133305378	0.00154463341781088	0.017782143598385
HSP90AA1	ENSG00000080824.18	1.46599669379712	8.69389287898121	3.28034179326891	0.00374429112385183	0.0285421266144042
IVNS1ABP	ENSG00000116679.15	1.46205476163177	8.25562850388623	3.27624927135412	0.00377957498013504	0.0286820188723872
ATN1	ENSG00000111676.14	1.46132789794562	4.82922926061488	3.79587631480918	0.00113469405165134	0.0149938085965746
ANKRD13B	ENSG00000198720.12	1.46032706889017	0.24393884794216	3.37725777805849	0.00299681894830608	0.0252243611234794
SEPTIN1	ENSG00000180096.11	1.45770304416649	5.23610127230024	5.73439390027574	1.30703702404294e-05	0.00319934323120511
PPT2	ENSG00000221988.12	1.45655165033568	2.283097454013	3.04607296200099	0.00638175050042144	0.0383907261322653
SCNN1D	ENSG00000162572.20	1.4563106485521	1.68250237735642	3.86211205136482	0.000972195468997839	0.0137915063944831
SESN3	ENSG00000149212.11	1.44283855586278	5.29431326841255	3.20164056455469	0.00448270816546803	0.0313874632458767
MECP2	ENSG00000169057.21	1.44271891986188	6.43369116313483	5.28293629493985	3.60841531810532e-05	0.00408494358967848
MAN1C1	ENSG00000117643.14	1.43830802867468	1.8514093457861	3.18575942711313	0.00464805588712806	0.0320136747055577
MRPL55	ENSG00000162910.18	1.43681535152639	4.24002436330157	4.79188026737339	0.000111303354297009	0.00551796504494873
PPP2R5B	ENSG00000068971.13	1.43521337790939	5.33748943251305	3.22240234030537	0.00427516254022189	0.0305723832818193
ENSG00000248544	ENSG00000248544.2	1.43391718907421	-0.850272528990997	3.06891807784247	0.00606059557695134	0.0372261301355812
SEMA6C	ENSG00000143434.15	1.43269653334934	1.21844966485243	3.46013545715271	0.00247525029296698	0.0224967329582467
MVD	ENSG00000167508.11	1.43085289566201	5.06304665569458	4.36282122550655	0.000301755944285069	0.00803937529284044
GGT7	ENSG00000131067.16	1.4305787908141	3.05455584947313	4.88770618403778	8.92063195101902e-05	0.00516913574744401
PRKCH	ENSG00000027075.14	1.42962343298689	5.87381841733968	4.57333311877953	0.000184777687721058	0.00655605449702602
GADD45B	ENSG00000099860.8	1.4279810373108	7.55179799307707	3.68607251319655	0.00146550720922873	0.0174021612294578
ENSG00000275888	ENSG00000275888.1	1.42686228918119	2.2200673006291	3.09252475667455	0.00574519230709521	0.0361616368668338
TRIB1	ENSG00000173334.3	1.42574636143498	6.42897498317679	3.83685514957776	0.00103123375444361	0.0142786212153731
DPP4	ENSG00000197635.9	1.42438674681541	2.65471758630874	3.46348240847164	0.00245617681238789	0.0224427788352558
PLXNA3	ENSG00000130827.6	1.42410729473585	3.96516185228828	3.17477066026854	0.00476592505630874	0.0323723211371914
CASTOR1	ENSG00000239282.7	1.41989508009913	2.54567146899416	5.69383581560256	1.43060063183968e-05	0.00319934323120511
IL11RA	ENSG00000137070.17	1.41978138685593	3.83531472188332	4.36282480017699	0.000301753427006852	0.00803937529284044
RPS27P3	ENSG00000227081.5	1.41524697575981	-0.586402821100472	3.34353970143438	0.00323860880553556	0.0262044877180296
SKAP1	ENSG00000141293.15	1.41271249265156	4.35854713109544	3.6166449183876	0.00172226464259168	0.0185011834968364
CXCR3	ENSG00000186810.7	1.40787652445284	1.99993123811444	3.96260148227119	0.000768802188744041	0.0123090382394447
GRAP2	ENSG00000100351.16	1.40746228144475	5.14906140897482	3.0021570894	0.00704595520728356	0.0405609589935669
COL6A1	ENSG00000142156.14	1.40619544284956	2.05906744629291	3.31275233697061	0.00347600180376899	0.0274803460266808
GPR68	ENSG00000119714.10	1.40509672681627	1.86489339410531	4.27892678495361	0.000367048946458982	0.0086643168472164
CD99	ENSG00000002586.18	1.40404376687351	7.0340316954911	4.60675363148241	0.000170966207278265	0.00633996927704905
RASA3	ENSG00000185989.10	1.40039599976184	5.93097169119388	4.29756635177345	0.000351412476439509	0.0084679378791341
CHASERR	ENSG00000272888.5	1.40021370714734	5.46117401664542	4.70427690468238	0.000136334310928195	0.00579911939279586
ZFP36L1	ENSG00000185650.9	1.39789062375162	8.49402287159251	4.39677894051135	0.000278770757910035	0.00770734422406925
SH3GL1P1	ENSG00000266777.1	1.39661471394318	0.587206690444571	3.06570664118817	0.00610477784125301	0.0373747112068948
NLGN2	ENSG00000169992.9	1.39198916478005	1.35303195017675	3.6424281662786	0.00162209814450671	0.0180737046666513
RPLP2	ENSG00000177600.8	1.39191811349178	9.43252928719993	5.69633889346727	1.4226397180172e-05	0.00319934323120511
BAG6	ENSG00000204463.12	1.39137081755302	8.15100621492328	3.44993716951142	0.00253427015826398	0.0228084314243758
HSH2D	ENSG00000196684.12	1.38937845129446	6.4895359965108	3.99861444230317	0.000706744341153904	0.0118137559178161
ENSG00000227615	ENSG00000227615.1	1.38624091368139	1.56580840847656	3.34326269409177	0.00324067227067725	0.0262044877180296
GRIK5	ENSG00000105737.9	1.38565880805494	-0.2862306149057	3.56751552785299	0.00193033607456225	0.0197150261343854
PSMF1	ENSG00000125818.17	1.38496921787401	7.2387250168767	3.53959377015131	0.00205944758215283	0.0204044326293569
P3H4	ENSG00000141696.12	1.38460088469507	0.296780145752772	3.66619039968639	0.00153489472558876	0.01774083488621
CYSLTR2	ENSG00000152207.7	1.38175799290657	0.337573003852815	3.4106167088119	0.00277504937374903	0.0241838246147971
MAMDC4	ENSG00000177943.13	1.38173416362229	2.67408045422113	3.27926789201306	0.00375351855099421	0.0285797172310638
RYR1	ENSG00000196218.12	1.37937296602757	0.491664149023211	2.98886238564478	0.00725986597155611	0.0413072763825433
MTFP1	ENSG00000242114.5	1.37920387109398	3.79810051651618	3.19694140062256	0.00453102794467904	0.0316058470999351
STIP1	ENSG00000168439.16	1.37514695424723	6.34569151590441	3.16441585156702	0.00487965182856044	0.0327627425230915
MLLT6	ENSG00000275023.4	1.37191621851887	6.83728263240113	5.59204105627906	1.7961102814026e-05	0.00326408764393466
TTYH2	ENSG00000141540.10	1.37155949038651	3.0542343310596	3.34627786724541	0.00321828092453224	0.0261718052044605
LRRC56	ENSG00000161328.10	1.37073923579475	0.450926323986949	3.99326716004272	0.000715632674498851	0.0118966945043286
PCED1B	ENSG00000179715.12	1.37071575360088	4.27182416184547	4.0821103133262	0.000581428059696265	0.0108631369128062
RASAL3	ENSG00000105122.12	1.36824164621009	7.02075146273016	5.85269667915268	1.00536843335048e-05	0.00302841593392921
TSPY26P	ENSG00000235217.6	1.36768713178857	0.138350139931463	3.72504021365643	0.00133839737228244	0.0165031640328494
TGIF1	ENSG00000177426.20	1.36536497822135	3.93566241435295	3.90804988755728	0.000873303808017311	0.0130402967933386
RNF125	ENSG00000101695.8	1.36380219760868	3.39026868310669	3.46682863646103	0.00243725193590793	0.0223996504196768
SLC26A11	ENSG00000181045.14	1.36306698203603	3.74347762291072	3.64203610805633	0.00162357726775702	0.0180737046666513
TLE3	ENSG00000140332.15	1.36119234655819	7.90382045131063	2.98401226601446	0.00733945295132237	0.0414265107309821
ZBTB20	ENSG00000181722.16	1.36070201766591	-0.179824404743198	3.14528063558712	0.00509679568808534	0.0335501366435783
ABCB1	ENSG00000085563.14	1.35956675972758	1.739469050001	3.03268516390821	0.00657754162971219	0.0390996836305082
CAPN2	ENSG00000162909.17	1.35693184913348	6.22290076786858	3.12525883049683	0.00533404403097105	0.0344252251408538
HAPLN3	ENSG00000140511.11	1.3567120460632	3.42910250843746	3.19284679078977	0.00457354445430567	0.031720959140733
SYAP1	ENSG00000169895.5	1.35383583822533	5.61067109090317	4.3364906871025	0.000320882661901433	0.00818001397178784
IL12RB1	ENSG00000096996.15	1.35133305939712	4.55103036481994	4.20667570918291	0.000434548351470868	0.00944902822653944
RELA	ENSG00000173039.18	1.35119692504105	6.86117188652971	5.51300788214597	2.1448219487593e-05	0.00333237599617761
ABHD17A	ENSG00000129968.15	1.34722401867243	6.63469214609862	4.88155385690483	9.04811068891476e-05	0.00517143455461073
ATP6V0C	ENSG00000185883.11	1.34653259032583	8.74591458024232	2.96918867715894	0.00758794672095252	0.042311331167835
TTC38	ENSG00000075234.16	1.34240861709637	5.44247847106179	4.39863892239889	0.000277563909638515	0.00770734422406925
RLF	ENSG00000117000.8	1.34231023666087	4.91106524141778	3.34478066788909	0.00322938045889183	0.0261899206446393
LIN7B	ENSG00000104863.11	1.34056174195594	0.267459135464015	5.14934423273288	4.89244982339597e-05	0.00431430134116629
CCDC92	ENSG00000119242.8	1.33936078282333	4.21138741999804	4.61562573125353	0.000167477982547812	0.00627404828021753
SNTA1	ENSG00000101400.5	1.33919893685689	1.45489349182858	3.95963100692494	0.000774157292646654	0.0123348294074586
LHPP	ENSG00000107902.13	1.33805550290939	4.09136969476317	3.25708829526695	0.00394913759573668	0.0294093193305113
SH3BP1	ENSG00000100092.20	1.33635815859036	5.9456386099507	3.81464820178042	0.00108607904530971	0.0147322316027532
ATG9B	ENSG00000181652.19	1.3359376255723	0.265549199922289	2.85004388363268	0.00990129527412498	0.0497085436211172
GPR35	ENSG00000178623.11	1.33386678813903	2.76931478920722	3.37079038062105	0.00304178234902914	0.0254228241628936
GALM	ENSG00000143891.16	1.32837029160065	3.26279046502767	4.41375730362081	0.000267947350691905	0.00757644232990904
TXK	ENSG00000074966.10	1.32826280642158	2.74083523345729	2.95036912490773	0.00791512500423854	0.0433533047364005
KIF5C	ENSG00000168280.16	1.327078597227	0.577032194450581	3.17782259785126	0.00473290042385165	0.0322975989272983
DGKA	ENSG00000065357.19	1.32286092631047	6.55433000288373	3.91343752615961	0.000862382538403398	0.0130284199251117
CSPG4P10	ENSG00000276710.4	1.32045211730653	-0.758115311354422	2.8886840984363	0.00908541863523221	0.0471687580218176
MORN3	ENSG00000139714.12	1.31621286120292	0.843986095676106	2.99379226754023	0.0071798235738626	0.0410593552693576
PHLDB3	ENSG00000176531.10	1.3158246326048	1.72465882217434	2.95413937065939	0.00784850949440532	0.0431950599737102
MAP4K1	ENSG00000104814.12	1.31512590137566	5.57097072402686	3.29233093384987	0.00364276816575729	0.0280183731769555
DOC2GP	ENSG00000231793.5	1.31508069210835	-0.253000648165994	3.63664300277407	0.00164405975764003	0.0180857624912697
RPS27	ENSG00000177954.11	1.31460476776959	8.29652058377266	3.35320998021846	0.00316737451860764	0.0259302827756547
ERBB2	ENSG00000141736.13	1.31427567976468	2.45084470176095	2.8477338269885	0.00995223298974409	0.0498689019824357
YPEL1	ENSG00000100027.14	1.3098262320734	1.27754534572835	2.91441976858044	0.00857824175197892	0.0455233337285625
PTMS	ENSG00000159335.15	1.30953093376135	5.35191671221203	3.15314685578299	0.00500641737018948	0.0332377931144776
ERF	ENSG00000105722.9	1.30865065307776	6.05026111671413	3.68039938211512	0.00148498326578729	0.017506671727652
CASZ1	ENSG00000130940.14	1.30864477803861	2.12291750368772	3.63445882887309	0.0016524275305431	0.0181067782856838
KLF11	ENSG00000172059.10	1.30740461135	2.32012584635538	3.35126399343225	0.00318158483069478	0.0259929701029841
MIB2	ENSG00000197530.12	1.30692300397659	5.29856761983483	5.31852800747674	3.32825135613375e-05	0.00392999920132274
FBXW4	ENSG00000107829.13	1.30680605566529	5.08685495159673	5.15263469695912	4.85580750533096e-05	0.00431430134116629
SF3A2	ENSG00000104897.9	1.30646990138479	6.10462648253216	4.68308487115279	0.000143201401869243	0.00592059577476196
STMN3	ENSG00000197457.9	1.30594331848024	3.97519570065217	3.05492564068074	0.00625539249853779	0.0378555117992692
SNED1	ENSG00000162804.13	1.30487631717991	1.21115607519502	3.21843639432568	0.00431407102546913	0.0307315098146353
ZFHX2-AS1	ENSG00000157306.14	1.30347990114395	0.160877423947094	3.53652947213003	0.0020741253396051	0.0204913587768214
PHC1	ENSG00000111752.10	1.30270705500776	2.00842009157187	3.64110256855367	0.00162710461492959	0.0180853806448803
UBC	ENSG00000150991.14	1.30115994363201	9.99881697593008	3.42268182938335	0.00269887365429942	0.0237120790616926
ITM2A	ENSG00000078596.10	1.30031673339874	4.20924678414721	2.88329296068072	0.00919525051501016	0.0475668931539388
DHCR7-DT	ENSG00000254682.1	1.30001272258465	1.8433350971849	3.18903901063334	0.00461343099924759	0.0318644087734649
ENSG00000245156	ENSG00000245156.1	1.29745148712255	0.134517019688259	2.92882998907214	0.00830625621200671	0.0447446502515398
CHST12	ENSG00000136213.9	1.29622364522298	4.60571375719442	3.29885609953116	0.00358864924923805	0.0278195708606899
PIEZO1	ENSG00000103335.21	1.29317545692733	5.83462656273844	4.00536047964615	0.000695687976689351	0.0117459541079762
PRKD2	ENSG00000105287.12	1.2887118197016	7.25251755915431	4.08991524446724	0.000570915277744997	0.0107483539534645
MXD4	ENSG00000123933.16	1.28823198351567	6.00802785480386	3.46473633617171	0.00244906825015202	0.0224427788352558
TOM1	ENSG00000100284.20	1.28676243558287	7.14022426799343	2.95483719160911	0.00783623922732448	0.0431642327607693
CYB561	ENSG00000008283.15	1.28531450817482	2.48478660579469	3.27846823836638	0.00376040394728139	0.0285806190843838
ENSG00000255050	ENSG00000255050.1	1.28527570529653	0.688301392337062	2.99968632639692	0.00708524390052929	0.0406985160144521
LINC00649	ENSG00000237945.7	1.27856428918407	2.56332838833613	4.1720504034747	0.000471177519075158	0.0099017610554913
TGFB1	ENSG00000105329.9	1.27746904348564	8.68897942787251	3.46954665122841	0.0024219855705517	0.0223149232342966
NOP53	ENSG00000105373.18	1.27696929555101	8.40811398274432	5.58653455536956	1.8184125294992e-05	0.00326408764393466
ITPR3	ENSG00000096433.10	1.27685061553947	5.04613292874414	3.56002000946952	0.00196419024523227	0.0199066521452501
SFXN3	ENSG00000107819.13	1.27586837836208	4.82417797401615	2.91349593101273	0.00859596766344901	0.0455690822378935
PLA2G4B	ENSG00000243708.10	1.27402558783705	4.85376906208446	4.30546394309024	0.000344990694546376	0.00837510304523768
TMEM191A	ENSG00000226287.8	1.27293489823212	0.53341339733974	4.54470316367512	0.000197501976349849	0.0066860760801004
ABCA3	ENSG00000167972.13	1.27191682023081	2.22322495697009	4.60801707187831	0.000170465018872199	0.00633996927704905
ADORA2A	ENSG00000128271.21	1.2717661675132	5.71984419145238	5.47445141263522	2.33931677896749e-05	0.0035036765588511
CADM4	ENSG00000105767.2	1.27107009356601	0.978564903444469	3.07060768307058	0.00603747480204276	0.0371459475106924
CDC25B	ENSG00000101224.17	1.26727956676499	6.1572372561817	4.59224698772922	0.000176828503858513	0.00644946266681873
MAPK7	ENSG00000166484.19	1.26598142730428	4.35656880216871	3.83636279608411	0.00103241937034133	0.0142816400245904
TTC39B	ENSG00000155158.20	1.26359901847283	1.9929063417877	3.16855210263292	0.00483391035712593	0.0326741426001896
RANGAP1	ENSG00000100401.19	1.2634391735786	6.03458667584905	4.05736479290581	0.000616055355282805	0.0111082372746257
DDX24	ENSG00000089737.16	1.26342883439726	6.27358755850688	3.81402277749792	0.0010876649323397	0.0147322316027532
MB	ENSG00000198125.12	1.25960894525885	-0.216447233077385	3.06303057740806	0.0061418325943436	0.0375034240209261
RGS12	ENSG00000159788.18	1.25602145333368	2.16325062076302	3.31275217220568	0.00347600311868652	0.0274803460266808
RGS10	ENSG00000148908.14	1.25551262052188	5.32719824313218	3.35615347725006	0.00314599807843399	0.0257971842431587
ASIC3	ENSG00000213199.7	1.25231394954189	1.20379547746202	4.22329171988343	0.000417998116639238	0.00924985337570487
BEX2	ENSG00000133134.11	1.25051163863378	0.844146966601448	3.72292641468494	0.00134500324831815	0.0165031640328494
NMB	ENSG00000197696.9	1.24851009701163	0.0412056876261862	3.65802193568898	0.00156433554462143	0.0178850446464851
ZHX2	ENSG00000178764.7	1.24550475744321	4.87719221389631	5.08559318946559	5.66061878883085e-05	0.00437325903723057
ENSG00000215022	ENSG00000215022.7	1.24323454585422	1.49844953187458	2.87724319051195	0.00932001734847689	0.047981672850896
IRGQ	ENSG00000167378.8	1.24223457736847	4.31085549129631	3.80664960018215	0.00110653540048903	0.0148382319494901
ROBO3	ENSG00000154134.14	1.24175504976407	1.53313932592923	3.33921031272885	0.00327100656910225	0.0263250037949559
TLE5	ENSG00000104964.14	1.24152592578676	7.72758064756453	4.9529729257214	7.67535320523556e-05	0.00495298883175772
NAALADL1	ENSG00000168060.15	1.2401537589295	1.99695096752401	2.98096139883534	0.00738994590045645	0.041600153123851
ANO8	ENSG00000074855.10	1.23889920619956	2.85983381030942	4.02436180111689	0.000665465243588873	0.011528482388934
JUNB	ENSG00000171223.5	1.23811156874619	8.77244783436521	3.26651263525177	0.00386483014896619	0.0290661630196857
ENSG00000243679	ENSG00000243679.1	1.23681157665966	4.47801375135752	4.27502972153979	0.000370405415351867	0.0086643168472164
RHPN1	ENSG00000158106.13	1.23567753158573	3.09947253185964	3.17643148540107	0.00474792577462254	0.0322975989272983
MED15	ENSG00000099917.17	1.23551404422462	6.9044303160179	5.10203534948332	5.45147141296735e-05	0.00436369826758488
RELT	ENSG00000054967.12	1.23517370358022	6.34205450089318	3.19279693581849	0.00457406451055557	0.031720959140733
OVGP1	ENSG00000085465.12	1.23312740905406	1.1342321743346	3.6302032311682	0.00166885222571505	0.0182056606441641
NXT1	ENSG00000132661.3	1.23278381400853	3.18469207758896	3.85616257669255	0.000985792426007206	0.0139044466154366
LINC00869	ENSG00000277147.4	1.23168491723949	2.59013428321418	3.66820769525634	0.00152770879761774	0.0177103471553877
REEP6	ENSG00000115255.10	1.22919400102481	0.017724649764489	4.57372167923981	0.000184610807922843	0.00655605449702602
POMZP3	ENSG00000146707.14	1.22907174942629	2.00545076882791	3.21302864766111	0.00436768097333956	0.0309583015117744
CIZ1	ENSG00000148337.20	1.22831177636816	6.23334699687579	4.13668059332274	0.000511789931222716	0.0101669170724728
MAL	ENSG00000172005.10	1.2273993656548	3.67055044210219	2.90545862686745	0.00875167373553588	0.0460698606240307
MADD	ENSG00000110514.19	1.22527353613732	5.68930213496571	4.60462271030404	0.000171814885556885	0.00633996927704905
MTUS1	ENSG00000129422.14	1.22131729005723	-0.248945438163939	3.70570690970385	0.00140003377703746	0.0169525901591172
TBC1D10A	ENSG00000099992.15	1.22086825463753	4.76025733611199	5.35774304275773	3.04512088708041e-05	0.00387465381838852
SELENOW	ENSG00000178980.14	1.22011160219859	5.01544092285356	5.41546999723713	2.67231044187586e-05	0.00359442986459937
ULK4	ENSG00000168038.10	1.21993178173421	1.22895556612591	3.34702092486196	0.00321278612301993	0.0261718052044605
PRSS53	ENSG00000151006.7	1.21966068746544	1.34310323057458	3.91499397913914	0.000859252855926704	0.0130051025305293
PLEKHG5	ENSG00000171680.21	1.21667771354014	0.247480554279082	3.46384966726082	0.00245409271063705	0.0224427788352558
ELL	ENSG00000105656.12	1.21456056011263	6.61435225728246	3.08721242131514	0.00581475169300954	0.0364177480845268
RPS15	ENSG00000115268.9	1.21321404938911	8.348054231589	5.09374137574535	5.55597203896684e-05	0.00436369826758488
VAMP2	ENSG00000220205.8	1.2115692056389	6.93302391254011	3.98196365673334	0.000734790307635623	0.0120908639249741
RASSF7	ENSG00000099849.14	1.20930812604891	4.11982790315837	6.46048588685464	2.68198040856161e-06	0.00213641637155401
SYTL1	ENSG00000142765.17	1.20718920188003	6.6598146827635	3.1106134070567	0.00551433843918947	0.0351749101744263
RNF126	ENSG00000070423.17	1.20659044673541	5.26451738310363	5.02079549429822	6.56743023236895e-05	0.00461596524903646
TCF7	ENSG00000081059.19	1.20583739692086	5.80778280735439	3.09225646394944	0.0057486858950611	0.0361682028180315
MYO1G	ENSG00000136286.14	1.20437415427477	8.07215139134934	4.81863730528728	0.000104626918163786	0.00539962696537579
ENSG00000182109	ENSG00000182109.7	1.1982587653032	1.91968498253545	2.91337808668765	0.00859823130301716	0.0455690822378935
GIPC1	ENSG00000123159.15	1.19812087917751	3.38389484006154	4.12419392890685	0.000526949401060037	0.0102880597349817
CLCF1	ENSG00000175505.10	1.19682558198352	1.44636268214719	3.22305370993129	0.00426880496693054	0.0305565282792894
RPL13	ENSG00000167526.13	1.19603335658869	10.0380026533251	5.21018579767062	4.2581955800937e-05	0.00431430134116629
PTPN7	ENSG00000143851.15	1.18800934025674	5.97900061789116	4.99982740810079	6.89143359065772e-05	0.00474825988097031
UCP2	ENSG00000175567.8	1.18792386362604	8.18434661868999	3.11516909709972	0.00545763066652593	0.0349477781509426
NOXA1	ENSG00000188747.8	1.18746548133443	1.31870552489717	3.15356476766179	0.00500165962419961	0.0332377931144776
RPS26	ENSG00000197728.9	1.18217667359959	6.87673869835858	3.95887664526127	0.000775523149737237	0.0123348294074586
EPS8L1	ENSG00000131037.14	1.17989017585915	0.590380127220664	3.70324560983206	0.00140807974552953	0.0170057207955516
FOXD2-AS1	ENSG00000237424.1	1.17912989630785	1.51311842116481	4.20327024912716	0.000438020614538773	0.00945202378741563
NFATC1	ENSG00000131196.17	1.17892673755324	4.63516599045933	4.23196341211421	0.000409613277234848	0.00915858495598283
KCTD17	ENSG00000100379.17	1.17850474605388	2.82890810406442	4.32730051800799	0.000327841535243411	0.00829925221898117
ECSIT	ENSG00000130159.13	1.17463654561489	5.11224531927126	3.06273672851855	0.0061459146842411	0.0375034240209261
ENSG00000272449	ENSG00000272449.1	1.17380800453104	2.10802153671673	3.34522850218239	0.00322605650196874	0.0261832223848185
DENND1C	ENSG00000205744.9	1.17353332118623	7.00135470495932	4.66753007135139	0.000148463407917201	0.0059708989124193
TVP23C	ENSG00000175106.16	1.17341378994298	0.945217008697446	3.31026799935741	0.00349588362092289	0.0275477234441275
REC8	ENSG00000100918.12	1.17266562601899	4.34617023972353	3.44736174634287	0.00254939215528094	0.0228608919878169
WASH7P	ENSG00000227232.5	1.17091956879408	1.15524349358034	2.95896840491431	0.00776397482251833	0.0429837256940721
SFI1	ENSG00000198089.15	1.17074028159184	5.06350331093626	4.19009077253936	0.000451722714822139	0.00963501050689996
FBXL14	ENSG00000171823.6	1.17072741118202	2.95020765092171	2.90003378303009	0.00885829653981765	0.0463318415760838
ZNF217-AS1	ENSG00000197670.6	1.165789454605	-0.411345250902231	2.90879063862979	0.00868679687521097	0.0458556466791624
HABP4	ENSG00000130956.13	1.16495289139681	2.25661399365315	2.95312281394778	0.00786641742610657	0.0431950599737102
ENSG00000279738	ENSG00000279738.1	1.16444290193713	0.68745556905824	3.4421777082207	0.00258010040826051	0.0230741651575361
TMC6	ENSG00000141524.15	1.16324548858677	7.18876707102777	4.80090675941468	0.000109004159604927	0.00551796504494873
EFNB1	ENSG00000090776.5	1.1626431119089	1.1841813875123	3.63605847645531	0.00164629501825663	0.0180857624912697
CELSR2	ENSG00000143126.7	1.16221637551099	0.815543273509411	3.23306504068473	0.00417224275552285	0.0302764518542366
PTOV1-AS2	ENSG00000269352.1	1.16182395360622	3.51707610111071	2.93528594819603	0.00818711117137185	0.0443781714614207
DTX3	ENSG00000178498.15	1.16179716781036	3.2490512010955	2.87328527099144	0.00940252008512262	0.0481711893288476
ITGAL	ENSG00000005844.17	1.15871440991451	8.25387619733442	3.72962371466331	0.00132418363576329	0.0164314717803798
HEIH	ENSG00000278970.1	1.15828420336131	5.32394886883864	3.94359383746693	0.000803717611701367	0.0126145256240435
TOX-DT	ENSG00000167912.5	1.15742300344127	0.622086319519124	3.52618027814124	0.00212446335425638	0.0207831585421197
KANK3	ENSG00000186994.11	1.15544111321933	0.283653915699511	2.94802190925875	0.00795687196013964	0.0435136828942798
SLC2A4RG	ENSG00000125520.13	1.15451767799731	4.74990317592109	4.78751636365936	0.000112432457167965	0.005521968416303
VPS18	ENSG00000104142.10	1.15226337435183	5.43436306968893	3.72376182385086	0.00134238864134659	0.0165031640328494
ENSG00000284048	ENSG00000284048.1	1.15169933923365	1.73114379618716	3.67350821038918	0.00150898578419002	0.0176486768420322
TRERF1	ENSG00000124496.12	1.14911892277746	4.19707111348283	3.74111329474532	0.00128920797665036	0.016180285442772
SH3GLB2	ENSG00000148341.17	1.14650202791823	5.96910401452724	3.22935737972165	0.00420775334883236	0.0303847551021359
TMC8	ENSG00000167895.14	1.14562771455908	7.40420649652594	5.55628634664242	1.94606851399899e-05	0.00326408764393466
CRTC2	ENSG00000160741.16	1.14503576843307	6.85906192619269	4.72666518495077	0.00012944073673631	0.00572019543182017
RPS15P4	ENSG00000233762.3	1.14427762601542	1.37233892923166	4.34989547976788	0.000310997705483324	0.0081156387567914
RPL28	ENSG00000108107.14	1.14264363101776	9.5602710559873	4.77335884405498	0.000116175986360693	0.00554937721256903
ZFAND2B	ENSG00000158552.12	1.14174908265526	5.82195299416028	3.16840083114919	0.00483557584998044	0.0326741426001896
RIPOR1	ENSG00000039523.19	1.14127738685793	5.33606203694778	3.59372170635531	0.00181643714801641	0.0190822863378805
RPL10	ENSG00000147403.16	1.13977983219867	10.2365551287022	4.82987998244529	0.000101944019072426	0.00532771851102384
TECR	ENSG00000099797.13	1.13934627154895	5.57656203509236	4.54552477746631	0.000197124778734899	0.0066860760801004
TLDC2	ENSG00000101342.9	1.13758809556557	1.53354835652412	2.93995739336101	0.00810192651022236	0.0440458325196619
IGSF8	ENSG00000162729.13	1.1366310107032	3.92357137696044	5.07159534885725	5.84509168838514e-05	0.00440937914504036
NAPA-AS1	ENSG00000268061.5	1.1341749054854	0.71353314382492	3.06291391715153	0.00614345290101261	0.0375034240209261
CARMIL2	ENSG00000159753.13	1.13255613138817	4.86036640085782	3.75355829232846	0.00125235680381417	0.0159077335837324
SMPD4BP	ENSG00000152117.17	1.13122460234305	4.25079882646566	3.99427669031412	0.00071394611872084	0.0118966945043286
NXF1	ENSG00000162231.13	1.1310863048723	7.346966042397	3.45215095175757	0.0025213420730967	0.0227475605127795
MAP3K10	ENSG00000130758.7	1.13067735163777	3.64752045331585	4.86497140462188	9.4009795005779e-05	0.00525907683486014
FUNDC2	ENSG00000165775.17	1.13042039139782	5.11438445070999	3.2909883295031	0.00365400209675656	0.0280316767630491
SLC25A29	ENSG00000197119.12	1.1295315192368	4.60646553603037	3.12554869803157	0.00533053395916106	0.0344176208386777
PLEKHA1	ENSG00000107679.14	1.12874454853392	2.64124745303591	3.86946245877392	0.000955654162291403	0.0137015172232593
FCGR2C	ENSG00000244682.7	1.12636821949594	3.15432664565576	3.13031739867797	0.00527310952884069	0.0342246391097201
UBE2F	ENSG00000184182.18	1.12092967254568	5.65967385558402	3.26046259125634	0.00391874782836915	0.0292864394666981
MALAT1	ENSG00000251562.7	1.12007477468707	9.08754174505783	3.24176626607537	0.00409004937132781	0.0298908905176933
REX1BD	ENSG00000006015.17	1.11995651446584	4.13932893994284	4.75215480144095	0.000122020135233301	0.00568031151137136
RPL18A	ENSG00000105640.12	1.11913893151681	8.65373003499229	5.08915230877868	5.61466499789629e-05	0.00436369826758488
ENSG00000230715	ENSG00000230715.3	1.11641546245737	3.33124229018785	3.43916054834035	0.00259813991784436	0.0231573340503519
ENSG00000261526	ENSG00000261526.2	1.11620973675217	0.843475602083094	3.18430588572259	0.00466348271323955	0.0320451605434897
ENSG00000243302	ENSG00000243302.3	1.11513194611951	4.0703851742465	2.86424945690465	0.0095935039838831	0.048765060702592
RPL18AP3	ENSG00000213442.5	1.11506523116552	2.45125927907585	4.54814176614418	0.000195928171984936	0.0066860760801004
NEIL1	ENSG00000140398.13	1.1148984877444	3.2526014434348	3.3029559702103	0.00355504830556625	0.0277779317046892
SPTAN1	ENSG00000197694.15	1.11428894505323	6.67037776901159	3.83763385380082	0.00102936135177332	0.0142786212153731
CENPT	ENSG00000102901.12	1.11418963662984	4.84004783252855	5.47242433257071	2.35002696020501e-05	0.0035036765588511
YBX1	ENSG00000065978.18	1.11385205430381	8.64737674575698	3.12146956186265	0.00538013600650194	0.0346016590222086
NUCB1	ENSG00000104805.15	1.11126192479292	7.69529506809728	3.2002120458567	0.00449734377019307	0.0314451890327095
PORCN	ENSG00000102312.21	1.11116068399318	2.8120459809011	3.97079068693424	0.000754229399546379	0.0122738984975794
RAB3A	ENSG00000105649.9	1.11047030789733	1.92207217788192	3.1605108362389	0.00492322218041783	0.0329170334825328
GALT	ENSG00000213930.11	1.11005927012466	3.99033618553102	5.02375292081056	6.52299281654149e-05	0.00460666861110777
BRF1	ENSG00000185024.16	1.10778907580433	4.23597065994945	4.8838432141522	9.00045993965521e-05	0.00516913574744401
SEMA4F	ENSG00000135622.12	1.10750386417603	1.56259679755495	3.77254732688595	0.00119813186985587	0.0154990590701775
CHD3	ENSG00000170004.16	1.10740734804994	7.19830015477601	4.32561488830862	0.000329134270148127	0.00829925221898117
CA5BP1	ENSG00000186312.10	1.1048572438427	1.82388064162616	4.86118219737621	9.48355128056314e-05	0.00525907683486014
POLR2J3	ENSG00000168255.19	1.10396110194803	2.89662706222666	3.17736130199106	0.00473787772882374	0.0322975989272983
OASL	ENSG00000135114.12	1.10351793864451	4.65093497974114	3.70035970256578	0.00141757210059022	0.017024706431824
ACVR2A	ENSG00000121989.14	1.10303012876515	0.61632979354944	3.15062241216774	0.00503525073193529	0.0333424409167182
ST13	ENSG00000100380.13	1.10151243979134	6.80145457169757	3.62211152128716	0.0017005289285381	0.0183889574029385
EIF4A3	ENSG00000141543.9	1.10057569872636	6.2158729528161	3.52554374654731	0.00212759841173055	0.0207831585421197
CD320	ENSG00000167775.10	1.10003995770983	3.6992562568339	3.38762313202012	0.00292611124916108	0.024939935524019
ENSG00000256594	ENSG00000256594.7	1.09984695464518	3.40744286928015	4.15424631945217	0.000491200318168938	0.0100603141538434
ADAT3	ENSG00000213638.5	1.09946175038922	1.37708987263207	3.62209231942857	0.001700604800475	0.0183889574029385
UPK3BL1	ENSG00000267368.1	1.09934616424619	3.88842333782422	2.85252391505093	0.00984688751515584	0.0495306231102213
SLC41A1	ENSG00000133065.10	1.09902711392515	3.01860174718189	3.09384327712374	0.00572805300974675	0.0361014339446339
NPIPB14P	ENSG00000226232.8	1.09807151804947	2.06381583863306	4.48319308359638	0.000227910071175915	0.00711195063542603
LGALS3	ENSG00000131981.15	1.09702169621487	6.77238838104844	3.60857193783322	0.00175486644658079	0.0186636259604556
USP20	ENSG00000136878.12	1.09698481329466	5.63913076144082	3.51674408608681	0.00217140854417494	0.0210204201833223
PRDX6	ENSG00000117592.8	1.09445465860401	7.47105700314184	3.24997778455634	0.0040139315348636	0.0296678652828102
CLSTN1	ENSG00000171603.16	1.09344160556031	5.05185396446685	3.65292487551064	0.00158298871887891	0.017954452618725
GPS2	ENSG00000132522.15	1.09118850082967	6.17874646102865	3.35953450255848	0.00312161855590995	0.0257402736789
FHIP2B	ENSG00000158863.21	1.09110987371442	5.09155000780052	5.32426099356334	3.28524119992651e-05	0.00391049678313832
RPS28	ENSG00000233927.4	1.08917028535091	7.69145447842525	4.22124971696472	0.000419997480108529	0.00926631211719265
RASSF1	ENSG00000068028.17	1.08865911983189	6.11095259333263	3.86618157603029	0.000963002558387986	0.0137398475604143
ZNF394	ENSG00000160908.14	1.08775375648193	5.50159338010187	5.26710411463579	3.7406505229503e-05	0.00415127832471778
TMEM63A	ENSG00000196187.11	1.08717572592817	6.17565475360781	2.85198069626411	0.00985878028105235	0.0495625330205493
ACP6	ENSG00000162836.11	1.0868357104084	3.67342923529189	3.4069109581659	0.0027988672270269	0.0243214093859824
HSF1	ENSG00000185122.10	1.08530155623431	6.04224762301502	5.57565265121137	1.86332177917965e-05	0.00326408764393466
GSDMB	ENSG00000073605.18	1.08515512412603	3.89400434769758	4.33183803446007	0.000324386938792899	0.00824087989084887
TGFB3	ENSG00000119699.7	1.08413655727526	0.507061211486807	3.87730830367357	0.000938306775129036	0.0135605652449151
RPS19	ENSG00000105372.6	1.08395734382844	9.0089845631339	3.87526967631756	0.000942783877621242	0.0135835189752571
CCDC124	ENSG00000007080.10	1.08328413588105	5.0971491875447	3.37289790669235	0.00302705800673561	0.0253284445461551
IER2	ENSG00000160888.6	1.07966905587123	6.90061660057613	3.3082955119029	0.00351174833154948	0.02758563351446
LMF2	ENSG00000100258.17	1.07740632667215	6.28857954817895	4.51209694821513	0.000213073896857119	0.00690145470856089
CELF6	ENSG00000140488.15	1.07605220487643	1.76021081424522	3.11171362076939	0.00550059120256394	0.0351618562797071
IER3	ENSG00000137331.11	1.07170365058395	4.93582429426832	3.7633969084444	0.00122396455339125	0.0156638091179649
RIPK2	ENSG00000104312.7	1.07150468762173	4.09895616534201	3.25178246088374	0.00399738901618819	0.0296624783874601
DNLZ	ENSG00000213221.4	1.0702351833453	1.87473719612666	4.2282795110864	0.000413154511480596	0.00919782894336892
ENSG00000229413	ENSG00000229413.2	1.06526077690217	2.01878780164146	3.37832234329015	0.00298948046800868	0.0252039107356404
FBXO32	ENSG00000156804.7	1.06519858996097	2.76636267683649	2.98613163174263	0.00730457270535924	0.0413819640893148
RPL3	ENSG00000100316.15	1.06383905670344	10.1270687889233	4.1499061190188	0.000496209211148403	0.010088220325827
PI4K2A	ENSG00000155252.13	1.06307042096432	4.35284246288069	3.34584509053377	0.00322148548412198	0.0261790093494548
SLC25A38	ENSG00000144659.10	1.05955047379791	4.82109436970019	3.24377330931515	0.00407131580207932	0.0298374484799855
C12orf57	ENSG00000111678.10	1.05925783961687	3.38826809795738	3.31634069573353	0.00344747974570031	0.0273574199174927
C1orf159	ENSG00000131591.17	1.05892167692579	2.99965313560537	3.375981633648	0.00300563920543059	0.0252401362275224
ESYT1	ENSG00000139641.12	1.05770106299047	5.98692100475285	3.81234408403741	0.00109193297514022	0.0147573161890448
DIS3L2	ENSG00000144535.19	1.05564195481633	3.35452873216598	3.19521909968098	0.00454886441753965	0.0316405460899553
RPL23A	ENSG00000198242.13	1.05506431881101	7.72343999758003	3.8107929701061	0.00109589143683088	0.0147846168396759
SELENOK	ENSG00000113811.10	1.05314057851729	4.80669565885739	4.35924031906003	0.000304288247635561	0.00806336541310751
RIOK3	ENSG00000101782.14	1.05201476525674	6.68720331289641	2.86380855566799	0.00960291753991362	0.048765060702592
ZNF428	ENSG00000131116.11	1.05078974567122	2.89083174801948	3.59966198274666	0.00179155621862611	0.0188881212763724
MOV10	ENSG00000155363.18	1.04595805012808	4.94102988252737	3.23449646923439	0.00415861139116014	0.0302342218704678
PPP1R13B	ENSG00000088808.16	1.04241313440491	2.47278395349284	3.39728128408917	0.00286170161536952	0.0246433581346873
LUC7L	ENSG00000007392.16	1.04207706197178	4.92156947718469	4.08287475520989	0.000580389908217694	0.0108574842145667
RPS11	ENSG00000142534.6	1.04185792727307	9.66607356308065	4.24866597852909	0.000393935612122409	0.00890427202898432
RPS4X	ENSG00000198034.10	1.04014551424461	9.45901868991757	3.81042747844983	0.0010968262492849	0.0147846168396759
DBN1	ENSG00000113758.13	1.04005953949349	4.46412012216995	3.39612554174674	0.00286933532327895	0.0246802968365952
KLHDC4	ENSG00000104731.13	1.03966402996559	4.72558101506465	3.26932492037426	0.00384001443872767	0.0289619893283701
POU6F1	ENSG00000184271.16	1.03926067193827	2.93990128706689	3.38345899235031	0.00295431832392773	0.0250607692305594
RTEL1	ENSG00000258366.7	1.03876496524749	4.10785695967583	4.31417460408481	0.000338044371920799	0.00835777461891087
TESPA1	ENSG00000135426.15	1.03868138025943	4.29371705145124	3.90552691524535	0.000878465362778043	0.0130529911774513
AKAP8L	ENSG00000011243.17	1.03805254764852	6.16791459204492	3.43481981063642	0.00262431061703717	0.0233232988614646
CCDC88C	ENSG00000015133.18	1.03802628696031	6.01045605615557	4.12704644004121	0.000523447169261882	0.0102603986962887
CIB1	ENSG00000185043.10	1.03567894298733	5.88909466107752	4.3229196251874	0.000331211958512671	0.00829925221898117
AGAP3	ENSG00000133612.18	1.03439862175352	4.26775353416078	3.97889926393028	0.000740071548582861	0.0121371733967589
EIF3G	ENSG00000130811.11	1.03429360832543	6.92012565371577	5.30668849402167	3.41889915353243e-05	0.00394241808641709
PIP4K2A	ENSG00000150867.13	1.03087102680872	7.37361994617332	3.34634306746628	0.0032177984104277	0.0261718052044605
ARHGDIA	ENSG00000141522.11	1.02855925720361	7.54852596081391	4.30822505769416	0.000342773460137387	0.00835777461891087
FAM193B	ENSG00000146067.15	1.02677072024206	7.09350073850299	3.30427848484846	0.00354427524631885	0.027773973612743
ENSG00000242861	ENSG00000242861.1	1.02590817136124	1.35401820799359	2.85768773269455	0.00973451950655615	0.0492059958619071
RPL18	ENSG00000063177.12	1.02408506340562	8.78644493221431	4.27389218254282	0.000371390953422684	0.00867362416537787
SRRT	ENSG00000087087.18	1.0237674875519	6.37354891049549	3.94956018272912	0.000792591031762289	0.0125303855402113
PGAP3	ENSG00000161395.13	1.02325537206006	3.4890807608407	3.91825216466667	0.000852737944719413	0.0129489836049985
NAPA	ENSG00000105402.7	1.02147117139951	6.4202885129201	3.76003434831118	0.00123359565666122	0.0157371407885217
ZNF628	ENSG00000197483.9	1.0214479132652	2.83573476659426	4.09321904216643	0.000566522714245927	0.0107157509251245
NPPA	ENSG00000175206.10	1.0212223598322	-0.29224217359861	3.01988504682274	0.00677016013257818	0.0397536760046295
MFSD12	ENSG00000161091.12	1.02075396983201	4.8348219990172	3.4543337097065	0.00250865863478922	0.0226822485407952
PSD	ENSG00000059915.16	1.02016192926245	0.682396810061841	2.91615597273532	0.00854502375482534	0.0454535202319705
DGCR6L	ENSG00000128185.9	1.01941361276457	3.81022740199576	4.64671474715693	0.000155812067194645	0.00608846580980636
CCDC88B	ENSG00000168071.21	1.01740136836339	8.39622854950339	2.97133421114418	0.00755148480813222	0.0421398547327151
AP1G2-AS1	ENSG00000258727.1	1.016907630699	3.23095175095382	3.72290352601573	0.00134507495470988	0.0165031640328494
ECHDC2	ENSG00000121310.16	1.01565461404639	3.55179744005757	3.44917481420696	0.00253873723725724	0.0228095293190985
ARID5B	ENSG00000150347.14	1.01384898013937	4.40067395455997	2.95609036096252	0.00781425024863718	0.0431161208419703
ZNF575	ENSG00000176472.10	1.01179247025507	0.439452435237278	3.15034961492614	0.0050383761759732	0.0333440648369162
MRNIP	ENSG00000161010.14	1.01169611849322	4.07174436600776	3.9079431579971	0.000873521544799009	0.0130402967933386
ARHGEF1	ENSG00000076928.17	1.01162587996821	8.9082347988835	2.93194353274577	0.00824858887597332	0.0445804364003538
MAN2C1	ENSG00000140400.16	1.01153760936881	5.26536548015545	3.94196685843325	0.000806778672200311	0.0126145256240435
FZR1	ENSG00000105325.13	1.01120503623494	5.70720083225288	3.16022695811328	0.00492640426578014	0.0329170334825328
ZSWIM6	ENSG00000130449.5	1.00963535980387	4.61051808223144	2.90281576997955	0.00880346296371511	0.0461960321069577
RPLP1	ENSG00000137818.11	1.00616602642532	9.62532481624913	4.17093516184013	0.000472407387137932	0.0099017610554913
DPP7	ENSG00000176978.13	1.00543677460435	6.20783767608826	4.91678922535312	8.34222405381109e-05	0.00500533443228665
KLHL24	ENSG00000114796.15	1.00434017983896	4.92527556453267	3.11079331394168	0.00551208821467616	0.0351749101744263
ULK3	ENSG00000140474.12	1.00362450497191	4.86444609257178	4.5327424137071	0.000203076240158075	0.00672669688379759
NLRC3	ENSG00000167984.17	1.00332847202353	4.19172108169894	3.28746817738844	0.00368361714008292	0.0282003054915061
USP11	ENSG00000102226.9	1.00313911685058	4.7122131384947	3.18700014608047	0.00463492709923658	0.0319829471644376
NPC1	ENSG00000141458.12	1.00154713764962	4.37859249382567	3.36683482099214	0.00306960782645109	0.0255396908221071
CUTA	ENSG00000112514.15	1.00040036538556	5.74892685562721	3.78490611735932	0.00116409852740116	0.0152458689125476
ABHD15	ENSG00000168792.4	1.00015171380643	2.95503061927208	3.63614067284992	0.00164598051331009	0.0180857624912697
C12orf42	ENSG00000179088.14	1.00008518956317	-0.397088468451531	3.08678189122972	0.0058204246430487	0.0364177480845268
SERTAD3	ENSG00000167565.12	0.998805483805211	4.93561766819552	3.78138720465499	0.00117368990578069	0.0153035892308508
SNRPN	ENSG00000128739.21	0.998380642452227	3.73301822557551	4.10245044385051	0.000554427445324518	0.010586480068551
CDK2AP2	ENSG00000167797.7	0.998221163555297	5.62027623096655	3.70533998624055	0.00140123035190535	0.0169525901591172
KMT5C	ENSG00000133247.13	0.994685783973249	3.21264689036201	3.6986342214457	0.00142327781663417	0.0170516076083769
ICAM1	ENSG00000090339.8	0.993354474608671	5.04893626896118	3.09686957114929	0.0056889017801263	0.0359452869326474
SLC25A51	ENSG00000122696.13	0.989348281678161	2.84851322386049	3.28407782193782	0.00371236185407832	0.0283615222392319
INF2	ENSG00000203485.12	0.989246886508926	4.93636182924018	4.32743634483512	0.000327737589964583	0.00829925221898117
CDK10	ENSG00000185324.21	0.988805175998145	4.83725921392459	4.00710719870629	0.000692853451363485	0.011744286067093
TIAM1	ENSG00000156299.13	0.987590564499079	2.56120361113413	3.00106849906887	0.00706323937963254	0.0406285477555418
REL	ENSG00000162924.13	0.986496799493569	3.98164884292596	3.42650360902738	0.00267517500134391	0.0236157793180838
RPL32	ENSG00000144713.12	0.985780492180391	8.9305601010225	3.62337622801859	0.00169553907553361	0.0183875624942042
RPL27A	ENSG00000166441.12	0.981459407915455	8.64604679747521	3.51949237524733	0.00215763129088266	0.0209242035830671
ENSG00000258199	ENSG00000258199.1	0.98107304702332	1.16289432534365	3.00366459564052	0.00702208706786466	0.0404551151919135
ATAD3B	ENSG00000160072.19	0.978051069273873	3.6306955827158	3.11550849382657	0.00545342868459389	0.0349477781509426
GNL1	ENSG00000204590.12	0.976423669581233	4.94279778189102	3.74362355607966	0.00128168921670096	0.0161139121281995
SUPT3H	ENSG00000196284.15	0.972371795465822	0.433519827955173	2.97650717483368	0.00746426684705121	0.0417875770591801
FBF1	ENSG00000188878.19	0.972064222491592	3.1435438408849	3.96572880595693	0.000763204231288126	0.0123090382394447
GATAD2B	ENSG00000143614.9	0.971632515581924	6.19023899366841	4.28008247248569	0.000366059456095829	0.00866141803228013
RUBCNL	ENSG00000102445.18	0.970576101859046	5.53557653715919	3.39414448638334	0.00288246673637772	0.0246848217116122
SIK3	ENSG00000160584.15	0.967862870865561	6.01098548497004	3.18611699410208	0.00464426854992783	0.0320025227810153
CSNK1E	ENSG00000213923.11	0.967506104337082	4.83237438705063	3.15811618910753	0.00495012736654998	0.0330456263818533
RPL13A	ENSG00000142541.16	0.966296734671138	10.1999602606478	4.10793927820699	0.000547358604565584	0.0105025027355736
TUBGCP6	ENSG00000128159.11	0.963871948888359	6.44215786230637	4.06676871966358	0.000602659706717747	0.011022623632161
RPL36	ENSG00000130255.12	0.962470735329714	7.27951609693667	3.25019795749253	0.00401190975357293	0.0296678652828102
AP1G2	ENSG00000213983.11	0.961910967761397	5.31769655539551	4.94281958121795	7.85682861773783e-05	0.00495584574349617
BTN3A3	ENSG00000111801.15	0.960636342534435	4.73418620565714	3.05415310399833	0.00626632212422666	0.0378885822026345
PIDD1	ENSG00000177595.17	0.959573461362524	4.42861148822299	3.43669139839286	0.00261299504073405	0.0232476231472179
PNPLA7	ENSG00000130653.15	0.959275221520258	2.34709392181031	2.87335309195129	0.00940110047887945	0.0481711893288476
SLC5A10	ENSG00000154025.15	0.958159666724493	-0.121077613837974	3.03657399630256	0.00652007836160546	0.0388833764110289
LRFN3	ENSG00000126243.8	0.957328102754193	1.34307204272918	2.96949203151523	0.00758278113730974	0.0422985070244489
POLRMT	ENSG00000099821.13	0.956772430830228	4.8600346525206	4.67838160684701	0.000144772269471173	0.00594291497084713
SF3A1	ENSG00000099995.18	0.956123445899137	7.08839526295716	3.68134975641634	0.00148170282420602	0.0174819613791214
PML	ENSG00000140464.19	0.956083472128017	6.05793706794347	4.12955332765592	0.000520388521143148	0.0102387309606557
TNFRSF6B	ENSG00000243509.4	0.954858398742725	0.882102460172024	3.214057763773	0.00435742902259134	0.0309358597274883
MAML2	ENSG00000184384.13	0.954146970179195	3.39527419194651	3.32469888137082	0.00338192946000893	0.0269918999054873
TBC1D25	ENSG00000068354.15	0.953836323834684	5.34629373782561	3.72510719452641	0.00133818857543821	0.0165031640328494
AMDHD2	ENSG00000162066.14	0.952906107032909	4.29976734016448	3.4807720673531	0.00235992553283414	0.0220350989380252
MAD1L1	ENSG00000002822.15	0.952785784021738	4.70329465458899	3.84567050545408	0.00101023347506798	0.0141259730319306
CD81	ENSG00000110651.11	0.949299008556705	6.20545503750845	2.95518490658947	0.00783013201308422	0.0431563661363417
ISYNA1	ENSG00000105655.18	0.947970585968031	3.67368274136611	3.42124460486183	0.00270783904175894	0.0237247596192265
ZBTB46	ENSG00000130584.10	0.945747483530678	0.976263228946909	3.20623286618773	0.00443597218018524	0.0311323600572932
LMF1	ENSG00000103227.18	0.945699819769504	2.73152385718821	3.39494405578423	0.00287715971593449	0.0246848217116122
FAM50A	ENSG00000071859.14	0.945511286527989	5.50127888417938	4.10824568870863	0.000546966658921242	0.0105025027355736
COQ10A	ENSG00000135469.13	0.943836483324593	1.69277079246203	3.80462177745515	0.00111178206665537	0.0148640428476751
UBE2M	ENSG00000130725.7	0.943110830721159	6.14256439367104	3.22325405811378	0.0042668513590022	0.0305565282792894
ABHD14B	ENSG00000114779.19	0.942563325330219	5.18058546742902	3.5047225094905	0.0022326984363694	0.0213160601040183
GPS1	ENSG00000169727.12	0.942222713592137	5.662733645462	4.42137706522145	0.000263228335358758	0.00753136373629246
PDE6G	ENSG00000185527.11	0.941807555174033	1.12160389180479	2.84737335148399	0.00996020422754557	0.0498855155746768
DCUN1D3	ENSG00000188215.9	0.939513514818632	3.06770312054802	3.13246024937822	0.00524750143893197	0.0341203177262713
LMBR1L	ENSG00000139636.15	0.938643997368239	5.42392360299438	3.35851645281146	0.00312893985574236	0.0257718483653779
MCRIP1	ENSG00000225663.7	0.938142396113164	5.44675462294698	3.60825915006849	0.00175614179702501	0.0186636259604556
GDF11	ENSG00000135414.9	0.931589877214338	2.41132897200531	3.29980722880984	0.0035808266145526	0.0278183855454428
DTNB	ENSG00000138101.18	0.931399584206282	2.48717304139922	4.42127404206526	0.000263291577772826	0.00753136373629246
YY1AP1	ENSG00000163374.19	0.929349346509284	6.55899508534506	2.87245607086463	0.00941989326211016	0.0482099946424223
NUDC	ENSG00000090273.13	0.929108308088297	5.70295540878318	3.06569469611482	0.00610494275968852	0.0373747112068948
CPSF1	ENSG00000071894.16	0.929006233566323	6.17915148961617	3.53904830504456	0.0020620528081631	0.0204044326293569
RPL19	ENSG00000108298.9	0.927300686468678	9.50205703008339	3.52859845211362	0.00211259475340347	0.0207188694752394
GPAT4	ENSG00000158669.11	0.927150791329928	6.03986134513311	3.60404583092863	0.00177341052800874	0.0187235617978605
PPARD	ENSG00000112033.13	0.92707022856147	4.83768031824824	4.01906770674458	0.000673751585049936	0.0115904118826772
HDAC10	ENSG00000100429.17	0.926062541732266	0.763209295465331	2.87246623611842	0.00941968009620528	0.0482099946424223
MAP3K12	ENSG00000139625.12	0.925931947545206	3.09376106742993	3.04623778282122	0.006379375544018	0.0383907261322653
RPL13AP5	ENSG00000236552.2	0.925691050071952	3.18172745190409	4.04826286980614	0.00062930409178089	0.0111937833021949
SPRN	ENSG00000203772.7	0.92429223744522	1.50404038480408	3.22509244661756	0.00424896575095766	0.0305329768666675
SQSTM1	ENSG00000161011.19	0.922860435480413	6.69238324815204	3.64781205221763	0.00160192056238493	0.0179941761802143
NFKB2	ENSG00000077150.18	0.9223137328562	6.81422046701027	3.54496160183097	0.0020339824280173	0.0202749133288131
SLC20A1	ENSG00000144136.10	0.921173833701582	5.77484640743273	3.97693344508007	0.000743479401762633	0.0121525536766517
DCXR	ENSG00000169738.7	0.920830300027538	4.73714743946495	4.02311181520738	0.000667412503989799	0.0115362851334744
YJU2B	ENSG00000104957.13	0.920352704547013	5.25460013745673	4.56623792060175	0.000187851857327404	0.00659943354215706
SUPT5H	ENSG00000196235.13	0.919221379728713	6.64417892842801	4.17186410708777	0.000471382739960576	0.0099017610554913
PKN1	ENSG00000123143.12	0.918982859274395	7.52698139936191	3.53894179636308	0.00206256188909217	0.0204044326293569
SGF29	ENSG00000176476.8	0.918911354470706	3.76568374778767	2.92127433071004	0.00844781451629936	0.0451041904962644
ORAI1	ENSG00000276045.2	0.918071820476232	5.67423810068695	3.42845441912219	0.002663157029056	0.0235660657966826
MEF2D	ENSG00000116604.17	0.917549014532205	6.27478731026101	3.82355464136504	0.00106374273939119	0.0144975464759132
STK10	ENSG00000072786.12	0.916815463785358	8.32600098066217	3.01900102892056	0.00678366232309838	0.0397644383990993
CDK16	ENSG00000102225.15	0.916516060380317	5.75892743393273	4.35269095168999	0.000308975154329537	0.00808594552819852
GBP1	ENSG00000117228.9	0.915766363865701	3.88828763887769	2.9446046924466	0.00801802881548082	0.0437508707269859
DIAPH1	ENSG00000131504.15	0.914779512088428	7.76299169908118	3.5469357805794	0.00202469515093961	0.0202469515093961
TRAPPC9	ENSG00000167632.14	0.914683527599423	4.61259107221504	4.00666660557544	0.000693567344218256	0.011744286067093
PLCB3	ENSG00000149782.11	0.914176645000143	3.81205790520407	3.31296225109877	0.00347432696512243	0.0274803460266808
C8orf58	ENSG00000241852.9	0.913100000826138	2.75100899176772	3.05703216837469	0.00622568359842687	0.03773761392722
CA5B	ENSG00000169239.12	0.912771524170822	2.3518255253575	3.25827764192893	0.00393839988045522	0.0293738161877307
RPL12	ENSG00000197958.12	0.911640682065872	8.76214351920113	3.07770403247559	0.00594129676427508	0.0368150882622587
UCKL1	ENSG00000198276.15	0.90974599079405	4.04161046732693	3.39531253676124	0.00287471720688541	0.0246848217116122
CRELD1	ENSG00000163703.17	0.905160022497251	3.63476508043037	3.49898173712645	0.0022625646010954	0.0214761758920695
ABHD14A	ENSG00000248487.8	0.904005624426601	2.31168819817002	4.06024570342711	0.000611920259568832	0.0110768110137357
SAMD4B	ENSG00000179134.15	0.901553007075751	5.69804579302347	3.09482569517906	0.00571531490154511	0.0360504478405153
TBC1D17	ENSG00000104946.12	0.900749412045366	5.68082256262908	3.07125953414003	0.00602857763941274	0.0371066747113145
ZNF34	ENSG00000196378.11	0.89905088746805	1.53250019412429	3.32536666969593	0.00337674515563247	0.0269701074118697
ZNF792	ENSG00000180884.9	0.898185003435364	1.42474058179829	3.65415853786753	0.00157845393413353	0.0179353195287227
CCNI	ENSG00000118816.9	0.895575201103357	8.6482885454621	3.39402800072605	0.00288324069314495	0.0246848217116122
GTF3C1	ENSG00000077235.17	0.895027414006422	5.43150252049564	4.40038976677165	0.00027643267823031	0.00770734422406925
SRSF3	ENSG00000112081.16	0.894943124395908	7.010109956905	3.18442521086717	0.00466221440841136	0.0320451605434897
POLB	ENSG00000070501.11	0.894199744936535	3.38362768705369	3.51496562890661	0.00218037014232158	0.0210204201833223
VILL	ENSG00000136059.14	0.893779751545321	3.76839926308797	3.69690738479246	0.00142901078495266	0.017092543910779
ENSG00000184441	ENSG00000184441.4	0.893537850753622	2.93541456134341	3.35704557414945	0.0031395473901916	0.0257851403254793
METRN	ENSG00000103260.8	0.891593640789898	1.50860693147673	3.30624420694363	0.00352832164494609	0.0276863516636918
TPP1	ENSG00000166340.15	0.891418661873461	7.70929437209354	3.06270220198432	0.00614639449231845	0.0375034240209261
SUPT6H	ENSG00000109111.14	0.891222524625276	6.95913709746293	4.13372466883731	0.00051533867021029	0.0102179180901033
GLA	ENSG00000102393.9	0.889075990266504	5.08973554274541	3.79793303811396	0.00112926388561994	0.0149622396335282
TNFRSF10A	ENSG00000104689.9	0.888466983376542	2.28952218546867	3.66029595208475	0.00155608386390203	0.0178459967608345
BBS9	ENSG00000122507.20	0.886652468761073	2.05239958612257	3.14564155840923	0.00509261441656425	0.0335501366435783
EIF1	ENSG00000173812.10	0.886534815308298	8.91026314128326	3.46618505925946	0.00244088057052135	0.0224190399632204
ATXN2L	ENSG00000168488.18	0.8861506010719	6.65850718268271	3.33948820768268	0.00326891752484541	0.0263225437352527
LPCAT1	ENSG00000153395.9	0.883380668308861	7.56029033107608	3.03961832333216	0.00647543290646949	0.038726657090555
SLC9A9	ENSG00000181804.14	0.881989219942301	2.67789976515696	3.2073409180976	0.00442476676710351	0.031110678458651
CTC1	ENSG00000178971.13	0.881484649508735	5.94425675182436	3.86215487480875	0.000972098279379325	0.0137915063944831
TRG-AS1	ENSG00000281103.1	0.880185817784486	2.46940692689266	3.00574657768809	0.00698925162654913	0.0403275884722262
TMEM109	ENSG00000110108.9	0.879577966940831	4.91816079235122	3.58490666926123	0.00185398905995051	0.0193370083291763
ATXN7L2	ENSG00000162650.16	0.879472076754724	2.37013786689834	3.96712871083748	0.000760711567421373	0.0123090382394447
SERF2	ENSG00000140264.19	0.879415778802223	7.98132706049619	2.9465667899796	0.00798285867846522	0.0436073257195213
RHOF	ENSG00000139725.7	0.879194304226363	2.332340398944	3.29784393091721	0.00359699225371521	0.0278549872323382
SF1	ENSG00000168066.20	0.878881930614701	8.37319473002612	3.8810647445655	0.000930112455908612	0.013537945383351
RPL8	ENSG00000161016.17	0.878852443890354	9.3362088509869	4.00315834125241	0.000699278043317107	0.0117459541079762
EEF1G	ENSG00000254772.9	0.878324281403779	9.62973032498806	3.99010642784221	0.000720938852390014	0.0119354716675597
ZMIZ2	ENSG00000122515.14	0.877888412060181	6.47856706113357	3.2112281153167	0.00438567424451102	0.0310259838507121
SLC25A25-AS1	ENSG00000234771.3	0.877528986079674	3.41527792707595	4.05714519098365	0.000616371702433498	0.0111082372746257
RPL38	ENSG00000172809.12	0.87705482611734	7.47757540578237	3.73657080013647	0.00130292504000072	0.0162976047376361
MAPRE2	ENSG00000166974.12	0.876954537780759	5.32319176950691	3.79891816589267	0.00112667209681237	0.014941311903819
ATXN7L1	ENSG00000146776.14	0.874247304929445	3.22538942054451	2.85245725205815	0.00984834623740949	0.0495306231102213
ACAP3	ENSG00000131584.18	0.87272637769011	5.33847228103516	3.01208218905557	0.00689024052995518	0.0400866969736454
BRD4	ENSG00000141867.17	0.869628739752333	6.99764890609272	3.14788281090095	0.00506672413014742	0.0334907515275307
ENSG00000223804	ENSG00000223804.5	0.869333654153027	1.04638946025444	2.98607538899787	0.00730549627261094	0.0413819640893148
NCAPH2	ENSG00000025770.18	0.867707565359946	4.73848971172667	3.61020306219427	0.00174823056457238	0.0186607988778586
SIRT2	ENSG00000068903.19	0.864649318404927	6.02932147781181	2.98780551217002	0.00727713725548474	0.0413357679607167
XAB2	ENSG00000076924.11	0.864306387526199	5.85815891487584	5.09598983641539	5.52744281072408e-05	0.00436369826758488
ZNF276	ENSG00000158805.11	0.86202420052762	5.40011142068993	3.09716517986995	0.005685091421201	0.0359365950222385
IL2RG	ENSG00000147168.12	0.857942908034369	8.68183651205188	3.06295849141142	0.0061428337555525	0.0375034240209261
WIPF1	ENSG00000115935.17	0.85694036244875	8.47905357901209	3.38432883243437	0.00294840425069999	0.025024983749472
IRF3	ENSG00000126456.15	0.854564836764161	6.19845052268594	4.36904359954053	0.000297405970045654	0.00802109805085054
CLK3	ENSG00000179335.18	0.854175730544434	6.75905939889422	3.40556246685955	0.0028075840312955	0.0243477910117048
RBM19	ENSG00000122965.10	0.853548726767421	4.4115233879435	3.07647069636245	0.00595790516026228	0.0368870302707513
RPS14	ENSG00000164587.11	0.852845246441431	8.67117053685106	3.12889998036596	0.00529011498221113	0.0342510218268546
ZDHHC8	ENSG00000099904.15	0.852336561405668	4.29493001948643	4.03106793468011	0.000655114711483004	0.0114689383896729
SERGEF	ENSG00000129158.10	0.852209772465484	3.01953288957282	3.96831998407869	0.000758596786908263	0.0123090382394447
B4GALT7	ENSG00000027847.13	0.850678547896016	3.93401550459122	2.91070385448705	0.00864975416514045	0.0457108383377992
STX4	ENSG00000103496.14	0.850607121505909	5.94687206036129	3.87906131509495	0.000934473845528809	0.0135519551090776
ATP8B2	ENSG00000143515.16	0.845595926759653	4.75139019732971	3.01447246576713	0.00685323900810319	0.0399659453811154
DENND2D	ENSG00000162777.16	0.845354252820328	6.20730876750266	4.6778552638989	0.000144949145630418	0.00594291497084713
GBP3	ENSG00000117226.11	0.844503911732878	2.31757342483166	3.25011689745133	0.00401265398775487	0.0296678652828102
C3orf18	ENSG00000088543.14	0.844194346405469	1.15258436585847	2.85435844055869	0.0098068254805875	0.0494062805254017
EXOC6B	ENSG00000144036.15	0.843193521437128	1.83938683993587	3.78022078802991	0.0011768864451045	0.0153317245628795
TMUB1	ENSG00000164897.12	0.842089999379787	5.2432038613413	4.34150594377512	0.00031714787056611	0.00816072468048063
RPL30	ENSG00000156482.10	0.841411563204549	8.00793802417946	3.0324086985082	0.0065816454029526	0.0391083277566749
RPL14	ENSG00000188846.13	0.839714428854952	8.32294623961993	2.9823686870848	0.00736661329116221	0.0415259576241603
ENSG00000280378	ENSG00000280378.1	0.839020726359083	-0.173604643635717	2.8936731808713	0.00898490028948264	0.0468115525142124
TICAM1	ENSG00000127666.9	0.837330277265401	4.46760372018389	3.04581638058558	0.00638544936685035	0.0383907261322653
CAPN15	ENSG00000103326.11	0.835772153292701	5.55234025723255	3.49423571014378	0.00228755231729731	0.0216712469353146
LY6G5B	ENSG00000240053.8	0.834564581768198	4.86366694090074	3.11134831806413	0.00550515199099154	0.0351749101744263
NECAB3	ENSG00000125967.16	0.834551449358573	2.0956491085486	3.14513888382146	0.00509843878669012	0.0335501366435783
ENSG00000283041	ENSG00000283041.1	0.83422698515313	2.47439639375994	3.46511640476639	0.00244691762507601	0.0224427788352558
RPL10P16	ENSG00000178464.6	0.832147911433854	2.04937128843282	3.00580510797036	0.00698833067678094	0.0403275884722262
MARCHF9	ENSG00000139266.5	0.829369987990423	3.81192512354595	3.22888294801723	0.00421231848861349	0.0303879867507014
SBF1	ENSG00000100241.20	0.828253661672308	7.00316024581294	3.51370914091184	0.00218672350081875	0.0210427644840199
RPL29	ENSG00000162244.10	0.826571662485698	8.56229546416286	3.47199193268082	0.0024083314597272	0.0222535796248052
LINC01588	ENSG00000214900.9	0.826538836314369	1.87978642890518	3.12986579032395	0.00527852192365431	0.0342246391097201
AKR1B1	ENSG00000085662.13	0.826248481280667	5.03537483014615	3.11906079610165	0.00540963650656196	0.0347308546484796
POMT1	ENSG00000130714.15	0.826088470961284	3.91598236037807	3.91943661167679	0.000850381795300807	0.0129265039120905
WASH4P	ENSG00000234769.7	0.825225608165096	0.0088325935350984	3.1452918553516	0.00509666565750267	0.0335501366435783
PHF20	ENSG00000025293.16	0.820893325063674	5.15041647123046	3.26636456176226	0.00386614108496526	0.0290661630196857
ATP5F1D	ENSG00000099624.7	0.820562311631419	5.38739119185787	3.70371001728505	0.00140655810381125	0.0170031102475463
PKD1	ENSG00000008710.19	0.820061924284929	4.4676476137984	3.19839268117783	0.00451605108797589	0.03151627142247
MAP4K2	ENSG00000168067.11	0.816490631362449	6.03785008681227	3.85232126447905	0.000994671684062304	0.0139822419588187
CDK11A	ENSG00000008128.22	0.814538015744599	4.58223295205947	3.45526650019378	0.00250325757808799	0.0226536369421083
ZRSR2	ENSG00000169249.12	0.814044139780325	4.10975159374151	4.90106909931352	8.64998228772111e-05	0.00510694954267054
KRI1	ENSG00000129347.19	0.813197624884371	4.73045923307162	4.0304600960609	0.00065604621206853	0.0114689383896729
ANKS3	ENSG00000168096.14	0.81239208111642	2.59822933901376	3.26484164599194	0.00387964910138156	0.029134169503172
PACS2	ENSG00000179364.13	0.811194673256072	4.37279631801065	3.19617811177347	0.00453892429055329	0.0316161031281579
DDX27	ENSG00000124228.14	0.811050639664121	4.97538837239943	3.36644455211654	0.00307236666390965	0.0255476631487517
CYLD-AS1	ENSG00000261644.2	0.807883154661213	1.88684163337486	3.16632744447582	0.00485846006910186	0.032699895403531
EEF2	ENSG00000167658.15	0.805077396515845	10.5583604921303	3.21107067356363	0.00438725103698149	0.0310259838507121
SHFL	ENSG00000130813.17	0.803303215582352	4.58097334873128	3.02137929820831	0.0067473964525293	0.0397095580699093
SGSM2	ENSG00000141258.12	0.801499361689827	5.49051667981701	3.61565392642602	0.00172623420463435	0.0185122520895484
FBL	ENSG00000105202.8	0.800091928566375	5.95930321146988	2.91016020236032	0.00866026461571405	0.0457500020500857
RPS5	ENSG00000083845.8	0.799477300628675	8.42741089775617	3.19065432834505	0.00459646934563865	0.0318067920964025
TSC22D1	ENSG00000102804.14	0.799423450184447	3.7973687353159	3.47498794253006	0.00239170532942398	0.0222162181638124
RPS3	ENSG00000149273.14	0.79888060619647	9.43945891577171	3.32216698677381	0.00340165639012843	0.0270957627189938
PTPN23	ENSG00000076201.14	0.798591920227277	5.40679031178519	3.97419793728423	0.000748247612070723	0.0122034638167557
RPS16	ENSG00000105193.8	0.798504390981323	8.52065165547041	3.12966443528689	0.00528093684333576	0.0342246391097201
PEX14	ENSG00000142655.12	0.797737626387402	3.46070779055593	3.94439718382856	0.000802210436766006	0.0126145256240435
TMEM259	ENSG00000182087.12	0.795399123569242	7.15201424165292	3.41380974780654	0.00275468648933317	0.0240586820015133
TRMT1	ENSG00000104907.12	0.795219398140874	4.78482757787618	4.32046137540459	0.000333118429181535	0.00831950594707184
ACTR5	ENSG00000101442.9	0.793478950310771	2.78113627672687	3.51546980637689	0.00217782591243559	0.0210204201833223
RPTOR	ENSG00000141564.13	0.790671910614814	3.71683705053524	2.8666481124846	0.00954244573933213	0.0485965389882734
PJA1	ENSG00000181191.11	0.790285084901531	2.5055547653439	3.47311561388823	0.00240208239572986	0.0222244460983218
RPS9	ENSG00000170889.13	0.790240633702618	9.36533464210464	3.68450620721479	0.0014708589803312	0.0174157516585977
APOL6	ENSG00000221963.5	0.789496354588462	4.70158315344373	3.86630137747211	0.000962733245513576	0.0137398475604143
BABAM1	ENSG00000105393.15	0.789492927322354	5.96385641451506	2.89377399731825	0.00898288011970818	0.0468115525142124
PARP6	ENSG00000137817.16	0.788601150798149	5.55126632443542	4.29110625060066	0.000356754550134817	0.00854820967530829
FAM3A	ENSG00000071889.16	0.788331559937663	4.7506162310279	3.45154874627094	0.00252485241160381	0.0227528851382392
LZTR1	ENSG00000099949.18	0.786761733626208	5.24813091419389	3.54961074411486	0.0020121777925906	0.0202044129763544
BAZ2A	ENSG00000076108.11	0.785830850936697	7.25439006564718	3.00903926747622	0.00693762420783319	0.0402398499057845
TCEA2	ENSG00000171703.16	0.784460604159996	3.33672002368118	3.52456460797764	0.00213242978390264	0.0208028179844038
EXT2	ENSG00000151348.13	0.78404688982492	3.97305321426858	3.57343327167947	0.00190401526857327	0.0195841570481822
TOMM40L	ENSG00000158882.14	0.782674348898865	3.32655362463915	4.02491890254077	0.000664599205186144	0.0115270085411839
PCED1A	ENSG00000132635.16	0.779914805310516	4.7923095986366	3.96904554945043	0.000757311617570487	0.0123090382394447
TMEM161A	ENSG00000064545.14	0.779067790550875	3.14532734721211	2.85462200035343	0.00980108275337367	0.0494062805254017
CLASRP	ENSG00000104859.14	0.777546200915701	6.01669754032016	3.91224006462954	0.000864798093494668	0.013038222533178
SP140L	ENSG00000185404.16	0.777168402294012	4.60707203822231	4.43079824089624	0.000257509154785076	0.00746725957687175
OTUD5	ENSG00000068308.13	0.77239894853477	6.82331698410023	2.9884102322189	0.00726725015690151	0.0413191881031842
TSSC4	ENSG00000184281.14	0.77177949441266	4.93531045669043	3.04142934940421	0.0064490143513753	0.0386294957485082
CC2D1A	ENSG00000132024.17	0.768866515888588	4.83432572301614	3.63115872857723	0.00166515044339827	0.0181787134205314
RMC1	ENSG00000141452.9	0.768223231121668	4.93024965489126	4.35627560981378	0.000306400955097778	0.00807585374507715
ALDH16A1	ENSG00000161618.9	0.76453484525969	4.7809906106525	2.84647192675768	0.00998016431022499	0.0499480213881189
MINK1	ENSG00000141503.15	0.763663263216848	6.34600265732562	3.23563931242357	0.00414775938371142	0.0301780271606028
PATL1	ENSG00000166889.13	0.763095071760228	6.19666737402233	2.95904866023064	0.00776257734843345	0.0429837256940721
DVL1	ENSG00000107404.19	0.762142134816572	4.32688580370975	4.15815907740303	0.00048672813283036	0.0100603141538434
ATP13A1	ENSG00000105726.16	0.7609623867686	6.04916111331348	3.77785808916688	0.00118338787245228	0.015375708624468
ARF6	ENSG00000165527.6	0.760798770596863	6.57855357517184	4.00825372311393	0.000690999174121579	0.0117366488032618
CFAP410	ENSG00000160226.15	0.759809982773536	2.81495283484124	4.07712004959313	0.000588250863363246	0.0109079913282497
MYO9B	ENSG00000099331.13	0.758497290821913	8.13988037940702	3.05922759239315	0.00619486629228209	0.037628076738306
P4HTM	ENSG00000178467.17	0.758471091077139	3.53823323029152	3.43156397096545	0.00264411015614673	0.0234256097867501
FBRSL1	ENSG00000112787.12	0.756699049956146	5.67306863412984	3.24912910560627	0.00402173400112461	0.0296678652828102
BTBD6	ENSG00000184887.13	0.755033487838241	4.51050844564329	3.50831947256176	0.00221418350885	0.0212078835760065
MROH1	ENSG00000179832.17	0.752177463747622	4.96340907622093	3.93863198053795	0.00081308940228086	0.0126594932253855
ZBTB17	ENSG00000116809.11	0.750880441169777	5.23867936526999	3.51297686254776	0.00219043462950912	0.0210520175639448
INO80B	ENSG00000115274.14	0.748699134187012	4.31373613017422	4.03745330478837	0.000645408726032454	0.0113678195659177
LLGL1	ENSG00000131899.10	0.747979241133134	3.16557571767273	3.19842825954155	0.00451568453401497	0.03151627142247
ISG20	ENSG00000172183.14	0.74640476754151	6.41965474384756	3.23739484946024	0.00413114323541641	0.0301114440270352
TTC28-AS1	ENSG00000235954.6	0.746083434205835	1.83775580895783	3.6926163666057	0.00144335584788223	0.0172222573280046
SPNS1	ENSG00000169682.17	0.744603533060379	4.72987990281942	2.93354056685373	0.00821915911501992	0.0444865377842662
NTMT1	ENSG00000148335.14	0.740091190975771	2.74180446931097	3.315436598432	0.00345464431389581	0.0273848281810431
PCBP2	ENSG00000197111.15	0.739189274330341	8.95084645176635	2.99453051457844	0.00716791080921457	0.0410104445868297
PILRB	ENSG00000121716.20	0.73874306553808	6.11106443821934	3.00089775626707	0.00706595407103494	0.0406285477555418
MAGED2	ENSG00000102316.16	0.738127940614292	5.28959744193826	3.66317535885202	0.00154569717051002	0.017782143598385
ZNF767P	ENSG00000133624.13	0.737777583844483	4.35456920273923	4.30031736266737	0.000349162029687843	0.00843474886774561
ATP6V0E2	ENSG00000171130.17	0.737655110261241	3.35468300877833	3.29968766888092	0.00358180902750517	0.0278183855454428
BCL7C	ENSG00000099385.11	0.736132110627194	3.38285355946945	4.11233544368297	0.000541762044652812	0.0104497857146743
RABGGTA	ENSG00000100949.14	0.735579202411515	4.50990027426249	4.09168033182067	0.000568564285636943	0.0107314691253213
MICA	ENSG00000204520.12	0.728986861210903	3.42275822027459	3.44877732375347	0.00254106943114412	0.0228139810241406
BBLN	ENSG00000171159.4	0.726081360547404	5.55560423007617	3.13952722874354	0.00516390062638264	0.0337850945236737
DDX56	ENSG00000136271.10	0.725816829174479	5.53478957958696	4.12859217737703	0.000521559098511392	0.0102387309606557
TMEM94	ENSG00000177728.16	0.722987140946685	5.23614493380948	3.81893010986667	0.00107528295289344	0.0146413066279587
SMG9	ENSG00000105771.13	0.722092797132714	4.42061768371508	2.92095482042438	0.00845385150240121	0.0451116587763709
PQBP1	ENSG00000102103.15	0.71842549729421	5.127546289875	3.82857863282486	0.00105134514444243	0.0144627880939609
PAF1	ENSG00000006712.14	0.716378351494773	5.85288283948159	3.29728366724223	0.00360161848890919	0.027869956894582
CRY2	ENSG00000121671.11	0.714590171774624	4.19490361652783	3.15264992558562	0.00501208042997214	0.0332486773691635
RRBP1	ENSG00000125844.15	0.714311294928275	5.87059480464709	3.16291884906563	0.00489631019647025	0.0328199539054954
TBX19	ENSG00000143178.12	0.714278769278121	2.53547311933065	2.97758170180876	0.00744627215210803	0.0417875770591801
SSR4	ENSG00000180879.13	0.713474749092291	6.45277402387912	2.98902972524721	0.00725713495882779	0.0413072763825433
LZTS2	ENSG00000107816.17	0.707041615670511	3.57010484577657	2.85752135477868	0.00973812076464506	0.049207347650175
PRKCSH	ENSG00000130175.9	0.705034671947971	7.58806752454239	2.94723539258898	0.0079709080929241	0.0435742975746518
ZNRD2	ENSG00000173465.7	0.704685708084225	3.22974501084076	3.04071884794278	0.00645936642711417	0.0386619012425812
ZNF414	ENSG00000133250.13	0.702861354998506	3.37509197321874	3.51600179587688	0.00217514450515097	0.0210204201833223
STK11IP	ENSG00000144589.21	0.702323865354372	4.88293029494999	3.01966230039636	0.00677355983742666	0.0397536760046295
NIPAL3	ENSG00000001461.16	0.70068737145452	3.59065812686808	2.86255523419167	0.00962972522721007	0.0488435547606944
EDF1	ENSG00000107223.12	0.69952807239493	6.55268949094571	3.30118458958391	0.00356952794670343	0.0278183855454428
CARINH	ENSG00000197536.11	0.696208651217316	4.10701774351219	2.8973308871295	0.00891188525859934	0.046529687448506
GGA1	ENSG00000100083.18	0.695712598642705	6.01604029649599	3.34216695518333	0.0032488472022029	0.0262394779180105
PGPEP1	ENSG00000130517.13	0.695076132111557	5.33741774858703	3.60979255589705	0.00174989828422123	0.0186607988778586
FAU	ENSG00000149806.10	0.694570055584208	7.94527332238678	3.29332315604692	0.00363448767241927	0.0279692586261253
ZNF76	ENSG00000065029.14	0.6938863068656	4.48227212022667	3.12252086630945	0.00536730952642563	0.0345601775220436
TMEM214	ENSG00000119777.18	0.692883814703711	5.51102747935139	3.06163353062922	0.00616126353877046	0.0375232424558486
COMMD7	ENSG00000149600.11	0.69155673256551	4.65843395821562	3.24775888192739	0.00403436261431991	0.0296971256575953
LEPROTL1	ENSG00000104660.17	0.687053717703763	5.22718791648086	3.27716524139871	0.0037716498049331	0.0286366003707883
KDELR1	ENSG00000105438.8	0.686799710644407	5.7283099367956	3.22635325133064	0.00423674169825697	0.0304868434507552
USE1	ENSG00000053501.12	0.685351656543294	3.49339169561785	3.52472915969529	0.00213161707995218	0.0208028179844038
FBXO31	ENSG00000103264.17	0.684389076355313	3.94449209161835	2.97685791846946	0.00745838847276292	0.0417875770591801
UBA7	ENSG00000182179.12	0.684366104053582	6.17783764736758	3.06623817579097	0.00609744362751036	0.0373746959892247
PCBP1	ENSG00000169564.6	0.683907915329874	7.38902689073601	2.85941255729877	0.00969726070533538	0.0490680726810936
ADCK5	ENSG00000173137.11	0.679355100214666	2.92797595317066	3.05829326692943	0.0062079633903088	0.037676619918157
ILF3-DT	ENSG00000267100.1	0.679204941445049	3.62864112145733	3.74578794410281	0.00127524133822331	0.0160917126321136
NSUN5P1	ENSG00000223705.9	0.678888347142184	4.26799963240891	2.98681288623776	0.00729339470256335	0.0413563218631714
RHOT2	ENSG00000140983.13	0.677859878199039	6.5467213241711	3.52309091827672	0.00213972180738248	0.0208308512015509
THAP4	ENSG00000176946.11	0.67594561549326	4.15999709994429	2.8676463254206	0.00952127443746594	0.0485422715056175
APOL3	ENSG00000128284.19	0.675487564989623	4.85623357135669	3.06086105781544	0.00617203307555883	0.0375449369462137
CENATAC	ENSG00000186166.8	0.673021564837906	3.29229269185341	3.46246879752806	0.00246193783436694	0.0224587159674018
CYFIP2	ENSG00000055163.19	0.672564089769667	7.70230571342731	3.28891258723515	0.00367143705216865	0.0281216455059726
PLA2G6	ENSG00000184381.18	0.67151081946888	4.61901561056725	2.94317508659997	0.00804374803690831	0.0437940689873724
HDAC6	ENSG00000094631.18	0.671324674492409	5.06084792225459	3.01240833305208	0.00688518047286793	0.0400866969736454
DPH7	ENSG00000148399.12	0.670983060150594	3.81809317716811	3.46810666750115	0.00243006182544023	0.0223614167976919
ADPRM	ENSG00000170222.11	0.670517576610234	2.40663592319461	3.17987242147668	0.00471084462652341	0.0322396764944462
EHMT2	ENSG00000204371.11	0.668513342166989	4.69569869788215	2.90804077579518	0.00870135687280929	0.0458849687183513
RUSC1	ENSG00000160753.15	0.666236928967668	3.49728076997697	2.95576312803767	0.00781998636515597	0.0431165479079948
TRAF3IP3	ENSG00000009790.14	0.664858148377924	5.96522912224411	2.95818149682905	0.00777768998068586	0.0429837256940721
UBXN1	ENSG00000162191.13	0.664243721735253	6.62528213733563	3.65680245834608	0.00156877845425083	0.0178942581025829
GATAD2A	ENSG00000167491.17	0.663916019128741	6.87651338296984	2.87036308481155	0.00946388195462422	0.0483345666609874
PPP1R37	ENSG00000104866.10	0.661164577756888	3.69344521608015	3.02109440185108	0.00675173089918099	0.0397139234315209
RAD9A	ENSG00000172613.7	0.660314407646975	4.14381151926402	2.90172877333781	0.00882484899241561	0.0462468600702481
SURF2	ENSG00000148291.9	0.659899138772417	2.59260065612065	3.39678968627405	0.00286494619362765	0.0246569130133785
DCAF5	ENSG00000139990.17	0.658975359478768	5.73827594557585	3.88233561554585	0.000927356324851659	0.0135254736707614
TBCD	ENSG00000141556.20	0.656054423418083	5.3254184439486	3.14538333178707	0.0050956056187584	0.0335501366435783
DLGAP4	ENSG00000080845.17	0.653087985281192	5.38159064706546	2.9215547234333	0.00844252005160621	0.0451041904962644
RACK1	ENSG00000204628.11	0.652719695383446	9.52272445539091	3.10111893593571	0.00563436526144368	0.0357537537656529
NUMA1	ENSG00000137497.17	0.651365161548124	6.88045658665004	3.30897465160052	0.00350627808208608	0.0275728757910439
MZF1	ENSG00000099326.8	0.651264543414514	3.90848106373831	3.14417399341865	0.00510963687908033	0.0335938709733744
KDM5C	ENSG00000126012.11	0.650048199441257	6.67236059527797	2.94357225920485	0.00803659477697226	0.0437940689873724
NAA10	ENSG00000102030.15	0.649148705572673	4.9352299285408	3.07198182258306	0.00601873390035485	0.0370615404126982
EEF1D	ENSG00000104529.17	0.647306736291704	6.80066422478548	3.17515877313993	0.00476171292847302	0.0323586016686288
ITFG2	ENSG00000111203.11	0.646258159936084	3.51817775369612	2.998876322898	0.00709817008325538	0.0407344441791794
TMCO4	ENSG00000162542.13	0.644401583530639	3.47450232239007	2.98554885687783	0.00731414796909047	0.0413819640893148
CDK5RAP3	ENSG00000108465.14	0.636248351502719	6.5649681097803	3.29531444373202	0.00361792504256697	0.0279471609369613
COG1	ENSG00000166685.11	0.633659797569279	3.95950063872071	3.17693649870341	0.00474246578852897	0.0322975989272983
ARFGAP1	ENSG00000101199.12	0.631761699562229	6.27404275989767	2.89088236433612	0.00904099640237194	0.0469877136968344
MIGA2	ENSG00000148343.18	0.630589538334119	5.18155571660778	3.13630690680555	0.00520183466450955	0.0339580184202392
IDH3G	ENSG00000067829.18	0.618699047851734	5.58640154883008	3.22396079493202	0.00425996687919954	0.0305525321365331
MYG1	ENSG00000139637.13	0.615528264628275	4.19210209256052	2.99298817086778	0.0071928206591577	0.0411177509408085
AIP	ENSG00000110711.9	0.612721235096933	5.97723931775106	3.01847032943205	0.00679178053948242	0.0397962210253118
ENTPD6	ENSG00000197586.12	0.612382831821299	4.71536983757177	2.98453326151783	0.00733086361429858	0.0414219977224457
RABGEF1P1	ENSG00000229180.6	0.607675838959253	4.09867064528864	2.85054411590252	0.00989029788065447	0.049670226852147
INTS11	ENSG00000127054.20	0.605391297736449	6.00063228183804	3.31227278099907	0.00347983099273792	0.0274940199593402
RING1	ENSG00000204227.4	0.603239151934588	4.40951365182179	3.84039860846268	0.00102274072858379	0.0142143626684527
SGSM3	ENSG00000100359.20	0.603210763988276	5.61669777708966	3.77071489017982	0.00120326135590649	0.0155126298044573
PANK4	ENSG00000157881.13	0.600158591377328	4.56565283049362	3.09376754809633	0.00572903605977832	0.0361014339446339
DUS1L	ENSG00000169718.17	0.598242344080484	5.76444294176063	3.29400550534256	0.00362880387108213	0.0279686424864583
ACADVL	ENSG00000072778.19	0.597428537375793	7.43863379208242	3.08404706267765	0.00585658599364765	0.0365355914058492
SAP130	ENSG00000136715.17	0.59723271251069	4.62472617854346	2.93267114315596	0.00823516809686752	0.0445568479141366
KAT7	ENSG00000136504.11	0.596106890367858	5.30377796576488	3.70756051487996	0.00139400443594788	0.0169345724070706
SPPL2B	ENSG00000005206.16	0.595819174792536	5.34387901836934	2.9036800096588	0.00878649507991836	0.046152550668895
DXO	ENSG00000204348.9	0.592972858803332	3.20088311668736	2.95688034858128	0.00780041912848373	0.0430730214502132
ACSF3	ENSG00000176715.15	0.592865285438691	4.18352183605155	3.08051915805931	0.00590355545038002	0.0366581735160324
IDH3B	ENSG00000101365.20	0.591001277582773	5.68321976898961	3.0553560196048	0.00624931162491841	0.0378497495214591
DYNLL2	ENSG00000264364.2	0.587514443267183	5.83659604010012	2.88207399727164	0.00922026006931926	0.0476009229182065
POLG	ENSG00000140521.12	0.585120689071978	5.60330243072755	3.26767150372554	0.00385458534067966	0.0290273875655264
MTA2	ENSG00000149480.6	0.584471411067256	6.34917945201917	3.3753902635983	0.00300973516913347	0.0252407335775057
ABCF3	ENSG00000161204.11	0.58358265524206	4.85515729145051	4.11190086519237	0.000542312727468868	0.0104497857146743
CREB3	ENSG00000107175.11	0.580993068076648	4.10221272990598	3.24617677007305	0.00404899221308138	0.0297181129115272
ESS2	ENSG00000100056.11	0.57741144473069	4.24033591861447	3.41719096578436	0.00273328342280956	0.0239000375122447
CDK11B	ENSG00000248333.8	0.574580369639027	5.1608543689351	3.34567927855447	0.00322271409132516	0.0261790093494548
APBA3	ENSG00000011132.11	0.574106109461902	4.03910649581297	3.11309646810949	0.00548335959108927	0.0350820925723787
HNRNPL	ENSG00000104824.16	0.57092380277575	7.65120549794126	2.98422828745995	0.00733589035951221	0.0414222424278501
NUB1	ENSG00000013374.15	0.570697819963699	5.39816664730268	3.85429581851502	0.000990097579801112	0.0139445040819317
PIGT	ENSG00000124155.17	0.566571616390926	5.76349970575737	3.20970426541748	0.00440095894474928	0.0310373891944305
DCAF15	ENSG00000132017.10	0.565966752949352	5.34843446802487	3.12238190805699	0.00536900318821449	0.0345601775220436
EIF3K	ENSG00000178982.9	0.565237750805789	6.78307392864344	3.11382288979195	0.00547432866885419	0.0350395018006452
STK25	ENSG00000115694.14	0.565201093590511	5.41401293184674	3.67172254764239	0.00151526777903787	0.0176661551489724
DHX30	ENSG00000132153.14	0.563360303487484	5.26656408914815	3.1510184941555	0.00503071616509142	0.0333273656179306
E4F1	ENSG00000167967.15	0.560197653805368	4.52087139388097	3.70289030419951	0.00140924501342218	0.0170057207955516
EDC4	ENSG00000038358.14	0.555977599019776	5.66597756795756	3.2607317209476	0.00391633383050176	0.029283225601928
TAF6	ENSG00000106290.14	0.55445909072501	4.05299899843427	3.14089304240289	0.00514789318052721	0.033758112533891
CSNK2B	ENSG00000204435.13	0.554095093620517	6.60072117382872	3.26265617289938	0.00389911442762602	0.0291840410505883
ACD	ENSG00000102977.13	0.551051092030103	4.07337328700271	2.92197563401689	0.00843457827230338	0.0450903206444034
CHKB	ENSG00000100288.19	0.550079664240932	5.72841165929185	2.99961415350305	0.00708639472609363	0.0406985160144521
PYGB	ENSG00000100994.11	0.546181141386176	5.14426236902035	2.93481757815504	0.00819569935982905	0.044408415033435
CDK9	ENSG00000136807.13	0.545002590597063	5.68569640862824	3.40694104934225	0.00279867301741368	0.0243214093859824
ANKZF1	ENSG00000163516.13	0.544003328526578	5.8821595308448	3.05166429910762	0.00630165881022602	0.0380574811943274
GTPBP6	ENSG00000178605.13	0.540111412089809	4.8704661367458	3.19292277952019	0.00457275189755261	0.031720959140733
NELFE	ENSG00000204356.13	0.539927979184011	5.47346985007724	3.19656844706873	0.0045348845367936	0.0316161031281579
FASTK	ENSG00000164896.19	0.535803581771058	5.31025492148905	3.16045535714391	0.00492384390711861	0.0329170334825328
CAPN10	ENSG00000142330.19	0.535028081673369	4.25571163361605	3.31042051291713	0.00349465987807403	0.0275477234441275
THADA	ENSG00000115970.18	0.528971094131205	4.36603360082787	2.90262094842178	0.00880729230006633	0.0461960321069577
GLG1	ENSG00000090863.11	0.524848408148961	6.44243117305601	2.90129743312195	0.00883334918210306	0.0462669389381977
RCE1	ENSG00000173653.7	0.523921442782296	3.51686061583241	2.92543779317892	0.00836952590868293	0.0449082544716415
DPP9	ENSG00000142002.16	0.521319086137872	5.51783904122856	3.17342072852029	0.0047806038972466	0.0324272958382671
CC2D1B	ENSG00000154222.14	0.514482402090773	5.12634875113266	2.91684386904951	0.00853189677578036	0.0454301213077376
CRTC3	ENSG00000140577.15	0.510338058214778	4.98508648337936	2.87358989437718	0.00939614541920663	0.0481711893288476
DHPS	ENSG00000095059.15	0.50681893113238	5.06606749033509	2.9466310084549	0.00798171009078436	0.0436073257195213
SNHG7	ENSG00000233016.6	0.458682843927881	3.89459585892785	3.01129425001002	0.00690248006500117	0.0401262724534924
ALDH9A1	ENSG00000143149.12	-0.424720244416394	4.67498317033314	-2.93163422443014	0.00825430044060778	0.044594976026124
ZNF7	ENSG00000147789.15	-0.460679456077795	3.17741060683357	-2.91539342983252	0.00855959788469503	0.0454786410288332
EFCAB14	ENSG00000159658.10	-0.472464033568603	5.64146752554055	-3.07513191937019	0.00597598434693549	0.0369834502980159
RAE1	ENSG00000101146.12	-0.48004387353009	4.28650857841549	-2.92423040740569	0.00839215715132007	0.0449612484767638
SETDB1	ENSG00000143379.12	-0.484351956793478	4.52310239949907	-3.36570355940654	0.00307761148012247	0.0255486757292507
UBE3B	ENSG00000151148.13	-0.486808876343937	4.64348000958473	-3.12690281915219	0.00531416627895411	0.0343490811258393
UBE2Q1	ENSG00000160714.9	-0.499969629700911	5.4626201608029	-3.04657425815383	0.00637452981605882	0.0383907261322653
STAMBP	ENSG00000124356.15	-0.501434091664255	4.22850707252019	-3.08243817059135	0.00587796121610073	0.0365965460684274
ABT1	ENSG00000146109.4	-0.502761812188815	4.21708866374137	-2.91240031105715	0.00861703523664761	0.0456090267044644
HARS2	ENSG00000112855.14	-0.502804211358628	4.21657860621063	-3.17872283818466	0.00472320162760418	0.0322752111219619
TTI1	ENSG00000101407.12	-0.506150762603863	3.77686377771187	-3.18817088277869	0.00462257193304683	0.0319126107258051
BAG5	ENSG00000166170.9	-0.506520324891991	3.71313180768217	-2.95605941754746	0.00781479248702209	0.0431161208419703
AGO3	ENSG00000126070.19	-0.526361397906049	3.54078750693493	-3.09790672037586	0.00567554394303007	0.0359037944399971
TUG1	ENSG00000253352.8	-0.528439709280272	5.60050449946045	-3.21414263950179	0.00435658454644384	0.0309358597274883
RINL	ENSG00000187994.13	-0.532697644445862	4.43496739699661	-2.89558620298152	0.00894664124927576	0.0466616342188375
KDM4A	ENSG00000066135.12	-0.532929650888808	3.91213461837385	-3.13327463932558	0.00523780079005336	0.0340722519441109
CASP2	ENSG00000106144.19	-0.535805296335422	5.03478594150143	-2.96700928563644	0.00762515769511056	0.0424546690229468
NOL7	ENSG00000225921.6	-0.537671091017	4.51260063756273	-2.89198355451854	0.00901882216321146	0.0469204646939688
CNOT4	ENSG00000080802.18	-0.541122964819042	3.25041238844268	-2.86315523552873	0.00961688267228989	0.0488090813691994
LRRC59	ENSG00000108829.9	-0.545329409380336	4.77215701153084	-3.09838960205751	0.00566933510666238	0.0358830987025458
PSPC1	ENSG00000121390.18	-0.548514485449333	4.54924871240416	-2.94441790942564	0.00802138462131502	0.0437530070253547
NUDT3	ENSG00000272325.1	-0.55639878862348	4.66352653171526	-3.43400715293568	0.00262923890154467	0.0233499194866422
USP22	ENSG00000124422.11	-0.557422294651036	5.48914097509889	-3.22652663582327	0.00423506334331822	0.0304868434507552
UPF2	ENSG00000151461.19	-0.562350157616748	4.6933927158501	-2.98932275387769	0.00725235506524448	0.0413072763825433
ZNF8	ENSG00000278129.1	-0.564660762335719	2.5137597761448	-3.44912519893692	0.00253902822976144	0.0228095293190985
FAM120B	ENSG00000112584.13	-0.566144191498054	4.35272456650779	-3.18158607636475	0.00469248272622903	0.0321670894157562
YTHDF2	ENSG00000198492.15	-0.566450188218509	4.75818610240631	-3.20947412006842	0.00440327188164888	0.0310373891944305
ATXN7L3B	ENSG00000253719.3	-0.566500440626065	4.90435300597234	-2.92474543911405	0.00838249620793578	0.0449421155209343
VAPB	ENSG00000124164.15	-0.569449223893035	3.98510981188229	-3.62896469325257	0.00167366266910675	0.0182446536159643
TRNAU1AP	ENSG00000180098.9	-0.571379873859518	3.38245332757209	-2.91582389972933	0.00855136757859602	0.0454535202319705
NCBP3	ENSG00000074356.16	-0.571766840990183	4.84431456471308	-3.33289320486636	0.00331884879457843	0.0266374161000422
GLYR1	ENSG00000140632.16	-0.573914448135146	5.90181240173208	-3.73089669410388	0.00132026265981728	0.0164170824422098
AP3B1	ENSG00000132842.13	-0.576712686513663	4.78532532780361	-2.85960424207491	0.0096931284737568	0.0490639836325962
TRAPPC11	ENSG00000168538.15	-0.578133258370077	4.07840268147202	-3.08539305792181	0.00583876141100776	0.0364807060679234
MED17	ENSG00000042429.11	-0.58090560186802	3.70499258688795	-3.08094520466758	0.00589786387852947	0.0366557378780238
GGPS1	ENSG00000152904.11	-0.58248117545421	3.39171492528994	-3.01598922740237	0.00682985911719494	0.0398610994740203
VPS33A	ENSG00000139719.9	-0.585781807983508	4.12859213479429	-3.05463285890259	0.0062595325180752	0.0378650409699959
DHX29	ENSG00000067248.9	-0.586823173620528	3.36880261568998	-2.91805625275016	0.0085088082864038	0.0453557278105165
SMARCE1	ENSG00000073584.18	-0.587272881197116	5.15950728718836	-3.19387139753491	0.00456286912815542	0.031720959140733
COX19	ENSG00000240230.5	-0.587441287715512	2.99214503118188	-3.09055571653579	0.00577088021361443	0.0362769130975081
TNFAIP1	ENSG00000109079.9	-0.588814284920116	3.58092650605832	-3.5813021691553	0.00186956398311019	0.0193647469408466
CSTF1	ENSG00000101138.11	-0.589164945803395	3.81072926908739	-3.00412715990328	0.00701477901285053	0.0404445852459664
CNOT11	ENSG00000158435.7	-0.589858091006987	4.53355113028967	-3.31511197968513	0.00345722032445177	0.0273905378362362
ZC3H13	ENSG00000123200.16	-0.595924470722808	4.35280107005063	-2.937584541321	0.00814508876779591	0.0441828409454861
SNX19	ENSG00000120451.10	-0.601344338135771	4.89926305928439	-2.99806866823663	0.00711108144155486	0.0407926786153711
UQCRFS1	ENSG00000169021.5	-0.60539970075577	4.89824061109904	-2.84970506389252	0.00990875073395793	0.0497121552798161
BCAP29	ENSG00000075790.10	-0.60574833434482	3.20688461258811	-2.88286612758366	0.00920400046393288	0.0475668931539388
DCAF7	ENSG00000136485.14	-0.609057511243846	5.41636572638077	-3.49294693542663	0.00229438444928371	0.021673764640573
PLAA	ENSG00000137055.14	-0.609493841633845	3.74818448630146	-2.92959936360297	0.00829197031648575	0.0447003220859495
UBXN7	ENSG00000163960.11	-0.612630758499224	5.01006686471363	-3.92017575231897	0.000848914754265989	0.0129175069824392
ZNF839	ENSG00000022976.15	-0.61270874869474	2.76372900975849	-2.84626458763046	0.00998476079806514	0.0499480213881189
ISY1	ENSG00000240682.9	-0.612938941341604	5.03937334823912	-2.98594955626713	0.00730756299127406	0.0413819640893148
PSMD7	ENSG00000103035.10	-0.615426869814713	4.36956074512401	-3.75432559382442	0.00125011923323742	0.0158929887016231
NDUFS2	ENSG00000158864.12	-0.616062906841316	5.88594077826565	-3.13395854559048	0.00522966785782624	0.0340480780969405
RBM48	ENSG00000127993.15	-0.618487975046864	2.7912464790387	-3.22721407989852	0.00422841528873851	0.0304594483464033
ZNF134	ENSG00000213762.11	-0.619482661956477	2.71831992224345	-3.16405172145587	0.00488369872251721	0.0327627425230915
MTHFSD	ENSG00000103248.18	-0.62288537208482	3.02709826263101	-2.90824934356836	0.00869730478506327	0.0458799923615203
ALDH3A2	ENSG00000072210.18	-0.623467767945093	3.43528940948417	-3.0421628478219	0.00643834403942854	0.0385898226538442
MPLKIP	ENSG00000168303.6	-0.624082126579766	3.34120637602721	-2.92674600706402	0.00834507098822953	0.0448718571170375
HADHB	ENSG00000138029.13	-0.625189751727499	6.05562962080889	-3.29573280075335	0.00361445472702711	0.0279462293194972
PHKB	ENSG00000102893.15	-0.625374772088179	4.58431057962048	-4.23145568861217	0.000410099523603042	0.00915858495598283
FBXL12	ENSG00000127452.8	-0.626210114049194	2.93847496190012	-2.88317135315498	0.00919774261900163	0.0475668931539388
DYNC1I2	ENSG00000077380.15	-0.627722069131252	4.27873536867274	-3.26430862948466	0.00388438774788402	0.0291477189419258
CD47	ENSG00000196776.14	-0.62883334392191	5.63260359008168	-2.87083310195118	0.00945398639676349	0.0483342013218667
ZCCHC8	ENSG00000033030.13	-0.630691364377604	3.71534053171107	-3.01627775214941	0.00682542042604498	0.0398509515381423
TRIM52	ENSG00000183718.5	-0.63123829023635	3.53046103787772	-2.86167935419779	0.00964850226247666	0.0489051831710699
MAPKAP1	ENSG00000119487.16	-0.631424956733006	4.99008300003573	-3.32278944252664	0.00339679619518483	0.0270755473109954
PSMD1	ENSG00000173692.12	-0.631838654822328	5.27247142391011	-2.88563661815601	0.00914734830001936	0.0474235549379297
C15orf40	ENSG00000169609.13	-0.632158271321448	2.86848955026979	-3.34431188501658	0.00323286349473071	0.0261923741621872
PIK3C3	ENSG00000078142.12	-0.632274919125944	4.46608426471056	-3.08489760708114	0.00584531638554464	0.0364807060679234
DPP8	ENSG00000074603.18	-0.632330036693114	4.27010999974488	-3.52029984680014	0.00215359980351451	0.0209209591736443
DESI2	ENSG00000121644.18	-0.633729088228353	3.05546832335971	-2.90864706003332	0.00868958291067867	0.0458556466791624
BECN1	ENSG00000126581.12	-0.635495968499058	4.73892386682083	-3.22273643578462	0.00427190051094741	0.0305638640531187
GLE1	ENSG00000119392.14	-0.636768383639581	4.6728950919973	-3.98037757803361	0.000737519079527373	0.0121222512403386
MED1	ENSG00000125686.11	-0.641293148975195	3.71692097465635	-3.09894019286749	0.0056622637091599	0.035853716150665
PSMD5	ENSG00000095261.13	-0.642520474681617	3.87059111236032	-3.08021777407837	0.00590758486266549	0.0366622651248101
ANAPC7	ENSG00000196510.12	-0.643643669592864	4.44835129240373	-3.71658594369211	0.0013650124145333	0.016706122088318
LMBR1	ENSG00000105983.20	-0.644683719664675	3.7652436226132	-2.93079797008793	0.00826976143379555	0.0446458225174917
TAF11	ENSG00000064995.16	-0.644987208596469	3.35485178582651	-2.9372572605239	0.00815105935161266	0.0441989845811179
MRPS10	ENSG00000048544.5	-0.64728585693063	3.49811055476496	-3.17639137122174	0.00474835973389141	0.0322975989272983
NFS1	ENSG00000244005.12	-0.647614513259676	3.1432504373027	-3.06120605966626	0.00616722093474304	0.0375373942254875
MON2	ENSG00000061987.14	-0.648411081213025	4.22366291891523	-2.87982751175482	0.00926652243061363	0.0477896125352401
RAB22A	ENSG00000124209.3	-0.651481707350123	3.77451658708546	-3.84775070854133	0.00100534026673691	0.0140844378936413
SYPL1	ENSG00000008282.8	-0.65546495947769	4.32591329312813	-2.98343905557228	0.00734891433773318	0.0414482138421635
CTNNB1	ENSG00000168036.16	-0.659164235082843	6.1450677332469	-3.03587915676722	0.00653030991100187	0.0388972454747327
LTO1	ENSG00000149716.12	-0.659899212558072	2.84819791444682	-4.11805884852462	0.000534561532678106	0.010381747660959
MAT2B	ENSG00000038274.16	-0.659999818461297	5.51089925009608	-2.86051316541919	0.00967355738036117	0.0489985267447257
PPP2CB	ENSG00000104695.12	-0.663708980285411	3.44184851542179	-3.18141591585771	0.00469430288628312	0.0321670894157562
UBN2	ENSG00000157741.14	-0.665832047734714	3.13061210106457	-3.45538778633801	0.00250255614559547	0.0226536369421083
NKAP	ENSG00000101882.9	-0.665848284067127	3.37035345562345	-2.92613776507665	0.00835643251892166	0.044906500475975
AVL9	ENSG00000105778.18	-0.666493838483131	4.66239578407957	-2.98546511151418	0.00731552493902886	0.0413819640893148
UTP6	ENSG00000108651.9	-0.666807387364746	4.08737643172046	-3.23238429337295	0.00417874072688154	0.0302938178432081
ENOX2	ENSG00000165675.16	-0.667100982172701	1.89856172659771	-2.96599917814365	0.00764246386815483	0.0425349798996853
AMD1	ENSG00000123505.15	-0.668281030860745	5.41155404284404	-3.19354196935712	0.0045662987753419	0.031720959140733
WDFY4	ENSG00000128815.19	-0.668557995076219	5.54023625665322	-3.78424433275413	0.00116589637109447	0.0152558780472999
TRAPPC12	ENSG00000171853.15	-0.669190778594299	4.53396855164501	-3.07379695513593	0.00599406494723747	0.0370332350863227
PGM1	ENSG00000079739.15	-0.67071843408327	5.33772318396345	-3.06984280246662	0.00604793092649069	0.0371947751979178
XRCC5	ENSG00000079246.15	-0.670905406885555	7.61478561004334	-3.39904013448399	0.00285012257968105	0.0245866798808254
CTSC	ENSG00000109861.15	-0.671648277816124	6.67172085414401	-3.10897004695144	0.00553493441126631	0.0352896898100608
KLHL18	ENSG00000114648.11	-0.672092396001663	4.08060737612309	-3.8816958202981	0.000928742827958588	0.0135323239295842
COPG2	ENSG00000158623.14	-0.674685021658237	3.4969369721446	-4.39339107112718	0.000280982556601531	0.00770734422406925
KLHL7	ENSG00000122550.17	-0.67741912298409	2.70227473346216	-3.11637762411368	0.00544268251684959	0.0348974778230669
NCOA5	ENSG00000124160.11	-0.679639074528344	3.92794506066506	-3.2488933543462	0.00402390404308429	0.0296678652828102
NAIF1	ENSG00000171169.8	-0.682654980628592	2.99778547576074	-2.97165822840547	0.00754599304925955	0.0421251351766531
GOLGA5	ENSG00000066455.12	-0.683236991718726	3.71612089475877	-3.63527799590343	0.00164928430306565	0.0180857624912697
AQR	ENSG00000021776.10	-0.683642176312144	4.22097578024899	-3.84509315063797	0.00101159576522701	0.0141259730319306
PAFAH1B2	ENSG00000168092.13	-0.684237663052484	5.20528773416367	-2.96005225703625	0.00774512231030273	0.0429837256940721
CDK13	ENSG00000065883.14	-0.684353713389544	4.57075105903867	-4.49111729408696	0.000223741981439945	0.0070564778761829
SLC25A3	ENSG00000075415.12	-0.68518511638382	7.16384344693039	-3.41866445868642	0.00272400738270296	0.0238330462173656
AFG2B	ENSG00000171763.18	-0.685836194812436	2.58433685367554	-3.42306675119772	0.0026964774694541	0.0237120790616926
PDHB	ENSG00000168291.12	-0.686289841754047	4.21355662738065	-3.38952088876964	0.00291334398322556	0.0248560446198897
ATMIN	ENSG00000166454.9	-0.68728686379531	3.55535483826761	-3.02772209004852	0.0066515897931793	0.0394128724798581
PIK3R4	ENSG00000196455.7	-0.689197993515643	3.29407381496363	-3.69191843504033	0.00144570250823113	0.0172363239268913
CNOT7	ENSG00000198791.11	-0.689556001544332	4.4921614445999	-2.96313002334628	0.00769182777166033	0.042729159920853
RERE	ENSG00000142599.17	-0.692269357409272	6.47657269761909	-3.08351890317537	0.005863594633777	0.0365484192544546
PUM2	ENSG00000055917.15	-0.692294492478688	5.74433761276728	-3.20648732945627	0.00443339642347305	0.0311307950573084
SUCLG1	ENSG00000163541.11	-0.692541769686997	5.15122559432606	-3.3973636079671	0.00286115862478836	0.0246433581346873
CCNYL1	ENSG00000163249.11	-0.693680847190346	2.52863504389879	-3.0735427867828	0.00599751337237782	0.0370333212787507
NACC1	ENSG00000160877.5	-0.694070764715694	5.07719541392285	-2.89412840087408	0.00897578200698574	0.0467970831589931
WASHC5	ENSG00000164961.15	-0.69546753222303	4.13808999297132	-4.13079053224368	0.000518885609207683	0.0102387309606557
ROCK2	ENSG00000134318.13	-0.696444022575912	3.0850862803019	-3.03859267795353	0.00649044101200491	0.0387692874695234
ACTMAP	ENSG00000188493.14	-0.697584383202995	3.38957095398928	-3.24950379790472	0.00401828738462787	0.0296678652828102
TRIM5	ENSG00000132256.18	-0.698701751097069	4.04335436178071	-2.94194763671364	0.00806589372362665	0.0438822673648099
ZNF512	ENSG00000243943.9	-0.699741426111364	3.99851356099636	-4.0561514171729	0.00061780531210999	0.0111204956179798
SNX12	ENSG00000147164.11	-0.699959936130532	4.05826289307585	-3.87682758565761	0.000939360587317357	0.0135605652449151
ZC3H6	ENSG00000188177.13	-0.701316603644381	2.56748964662661	-3.01823616319692	0.00679536561066328	0.0398014271481706
UBE2G1	ENSG00000132388.12	-0.702793734695731	4.87290017135282	-3.26619854503594	0.00386761139367634	0.0290661630196857
RHOQ	ENSG00000119729.11	-0.703092345868606	4.55571013671145	-3.22353451534879	0.00426411806619452	0.0305526129403064
ARID3A	ENSG00000116017.10	-0.70322197799275	5.85804934248936	-2.86869825936643	0.00949901249065088	0.0484636793508493
SH3BGRL	ENSG00000131171.12	-0.706480523417223	6.70961104359289	-2.94034150075461	0.00809496031422736	0.0440241762114944
OIP5-AS1	ENSG00000247556.6	-0.709250083107357	5.48399154040555	-3.5481884241859	0.00201882393872256	0.0202044129763544
GNPAT	ENSG00000116906.11	-0.709268855959179	4.29600216543645	-3.20797592479139	0.00441835755751655	0.0310991690743654
ARPP19	ENSG00000128989.10	-0.709400083701603	5.56274789377432	-3.15671572693668	0.00496592851242922	0.0331211499518551
KIAA0753	ENSG00000198920.9	-0.709445912987844	2.67797589811003	-4.49769192810106	0.000220342118070325	0.00699682582677972
NME6	ENSG00000172113.8	-0.709511101903522	2.95956936268281	-3.20027707439716	0.00449667652352948	0.0314451890327095
SYNE3	ENSG00000176438.12	-0.709609083480269	5.0805646352207	-3.97365938601468	0.000749189937616512	0.0122053460035538
ANXA7	ENSG00000138279.15	-0.709932449730858	5.92188442182578	-3.01212036624261	0.00688964803321193	0.0400866969736454
NSF	ENSG00000073969.18	-0.710708359229443	4.19169554628918	-3.54822089854512	0.0020186719529793	0.0202044129763544
VAMP7	ENSG00000124333.15	-0.710720079014216	4.54446939156272	-2.95850795957893	0.0077719971744026	0.0429837256940721
CES2	ENSG00000172831.11	-0.711750957626895	3.97224039339828	-3.25257151606631	0.00399017708067124	0.0296401679470093
RSPRY1	ENSG00000159579.13	-0.712147481523957	3.53082100636527	-2.90165092938158	0.00882638244023637	0.0462468600702481
ITPR2	ENSG00000123104.11	-0.71225139196547	3.95933131729477	-3.05496903140645	0.00625477916652515	0.0378555117992692
SDHD	ENSG00000204370.9	-0.712853421994328	4.57342260546874	-3.25721902975523	0.00394795589623412	0.0294093193305113
GLT8D1	ENSG00000016864.18	-0.714285482980247	3.65900775915747	-2.9345721442459	0.00820020317756788	0.0444165133581291
GALK2	ENSG00000156958.14	-0.715718285876241	1.96177383102937	-3.0998294668289	0.00565086056212647	0.0358327908799056
ASB1	ENSG00000065802.11	-0.716980414193637	4.1695341723597	-3.483642151621	0.00234431096429417	0.0219556026859022
CBX1	ENSG00000108468.14	-0.718552650727648	4.4031813307218	-3.95832305989539	0.00077652700691886	0.012337501207882
ZNF830	ENSG00000198783.5	-0.718740365032813	2.83094615610841	-3.69597474285953	0.00143211659106015	0.0171158225781764
OCIAD1	ENSG00000109180.14	-0.719243523456012	4.96319578535663	-3.65959036541317	0.00155863959496964	0.0178610316262172
PPP1R10	ENSG00000204569.9	-0.720276251353714	5.7263995077112	-3.20652699846741	0.00443299501261436	0.0311307950573084
VDAC3	ENSG00000078668.13	-0.720662378833887	5.10383131949442	-3.05772510197121	0.00621594085698578	0.0376940374071939
TTF1	ENSG00000125482.12	-0.722245731798961	2.85983387381256	-3.0723814723599	0.00601329394686951	0.0370589639481394
PTGR3	ENSG00000180011.6	-0.72289897871932	3.96099698874505	-3.27915656356913	0.0037544764031865	0.0285797172310638
VPS36	ENSG00000136100.12	-0.723048313775764	3.77781241330365	-3.09085137887939	0.00576701594099707	0.0362680678692445
SLTM	ENSG00000137776.16	-0.723736925737467	5.41715261810716	-3.45418984280144	0.00250949267392402	0.0226822485407952
CLN6	ENSG00000128973.12	-0.72542759133653	4.2169323896433	-2.91898827191601	0.00849109986905408	0.0452940491750048
ZKSCAN5	ENSG00000196652.11	-0.726266264596623	2.82532567478985	-4.04850340348498	0.00062895033609576	0.0111937833021949
GANC	ENSG00000214013.9	-0.726779169069495	3.19411945713146	-3.43157986822197	0.00264401312558952	0.0234256097867501
KPNB1	ENSG00000108424.9	-0.727381039208465	7.27257723956455	-3.51536380151701	0.00217836060169959	0.0210204201833223
DHX57	ENSG00000163214.20	-0.728210678658008	2.70606966551843	-3.52751950842912	0.00211788220610747	0.0207569331753959
RTCA	ENSG00000137996.12	-0.728564453562504	3.69762539956454	-3.4035895808179	0.00282038501294081	0.0244300955346282
PSME3	ENSG00000131467.10	-0.728771300736571	5.89330548874832	-3.75116788677162	0.00125935309369645	0.015982847517592
ZNF426	ENSG00000130818.11	-0.729350257921104	1.95411968363911	-2.91833158101391	0.00850357334244935	0.0453441988925406
EIF2S2	ENSG00000125977.6	-0.732131713836402	5.18115700872412	-3.15020671496804	0.00504001413625746	0.0333440648369162
MORF4L1	ENSG00000185787.14	-0.732845508653883	6.91638523154026	-3.08125141089837	0.0058937765421807	0.0366557378780238
RPRD1A	ENSG00000141425.17	-0.73428772925205	3.89137263677576	-3.4731801893018	0.00240172376116189	0.0222244460983218
SENP2	ENSG00000163904.12	-0.734747358829893	3.88953837720722	-4.0006666156196	0.000703362515708861	0.0117804147583761
WDR11	ENSG00000120008.15	-0.736360360346466	4.17984522488479	-3.03609093069031	0.00652718988522831	0.0388943571683366
ARMC8	ENSG00000114098.17	-0.737328798079823	4.5007519006521	-3.4797331252735	0.00236560303803166	0.0220570441196129
TMEM39A	ENSG00000176142.12	-0.737335439626665	3.54864505159579	-3.42733067030431	0.00267007339802597	0.0235989720687804
SUPT20H	ENSG00000102710.19	-0.739763190483652	5.36225786003334	-2.92427867644257	0.0083912512682507	0.0449612484767638
SRSF9	ENSG00000111786.8	-0.74011554794276	5.10114451756664	-3.98226537661132	0.000734272354475303	0.0120908639249741
MAP3K7	ENSG00000135341.17	-0.740443971511558	4.07554023668538	-2.93108831815406	0.00826439021252495	0.0446331502147341
OXLD1	ENSG00000204237.4	-0.741402123671464	2.9968295799777	-2.92233089953743	0.00842788068013309	0.0450871760923394
SEC22C	ENSG00000093183.13	-0.741473210098835	4.12427883174015	-3.0858366253898	0.00583289891356237	0.0364648826616606
GINM1	ENSG00000055211.12	-0.741657209229692	3.72338101761049	-3.3761519648878	0.00300446046637983	0.0252401362275224
CRLF3	ENSG00000176390.11	-0.742208226136047	4.66367349151504	-2.8862275484322	0.00913530807940764	0.0473777748601745
GTF2H5	ENSG00000272047.1	-0.742383353217035	2.42764201257283	-2.85853767618191	0.00971614234029577	0.0491337497662367
ENSG00000266469	ENSG00000266469.1	-0.744408149268295	1.68257772115167	-3.19980412905048	0.00450153153406204	0.0314595669710017
OARD1	ENSG00000124596.16	-0.744514078983968	3.06793724892115	-2.85565360207095	0.00977863606297444	0.0493276378296318
ZNF79	ENSG00000196152.10	-0.744769078296036	1.44525235319833	-3.04511100875366	0.00639562866539248	0.0384362699923424
HECTD1	ENSG00000092148.12	-0.74516196993159	4.6020982448151	-2.98209539768176	0.00737113881946477	0.0415259576241603
SLC4A1AP	ENSG00000163798.13	-0.745609978524131	3.88990161394757	-3.88594109012229	0.000919581310932448	0.0134786694631211
ZNF671	ENSG00000083814.13	-0.746709598399917	2.89896618730522	-3.60566345232496	0.00176676079145619	0.0186961709158774
MED6	ENSG00000133997.11	-0.746784123060932	3.20358332169634	-3.6048663444889	0.00177003446804141	0.0187012947375026
SNRPB2	ENSG00000125870.10	-0.747971761281359	3.97276948430767	-2.92607537834757	0.00835759869969534	0.044906500475975
RBM15B	ENSG00000259956.1	-0.748380814610099	4.2114979568614	-4.03275269203023	0.000652539752940954	0.0114660556588196
SCYL3	ENSG00000000457.13	-0.749006237961814	3.16303124805729	-3.20824646734084	0.00441562968226821	0.0310947968083391
ALG6	ENSG00000088035.15	-0.75133302055005	2.89174693184813	-3.12956786822169	0.00528209538563296	0.0342246391097201
RMND5B	ENSG00000145916.18	-0.751895785774037	4.05759188527774	-3.47380891826803	0.00239823472014519	0.0222244460983218
TRIM56	ENSG00000169871.12	-0.753188417191228	5.85349648976829	-4.04815641867539	0.000629460714147819	0.0111937833021949
USP33	ENSG00000077254.14	-0.753642466525275	4.15061983508402	-3.22437858696079	0.00425590216763775	0.0305525321365331
SYF2	ENSG00000117614.9	-0.754775840122327	5.10952442669671	-3.25937379060609	0.00392852881578599	0.0293298357718772
NAPG	ENSG00000134265.12	-0.754959233863874	3.31375207882946	-2.87990791779372	0.00926486277601259	0.0477896125352401
FBXW11	ENSG00000072803.17	-0.755331817670917	3.80397211214884	-3.07257965488985	0.00601059809190121	0.0370589639481394
PDPK1	ENSG00000140992.18	-0.758744189415636	3.97543669534711	-3.43166715244748	0.00264348043956023	0.0234256097867501
SLC17A5	ENSG00000119899.12	-0.759048993323844	3.09225997721916	-3.39073637976386	0.00290519541758586	0.024829579828354
SCLT1	ENSG00000151466.11	-0.759641497336131	3.5745711758668	-3.37165953299701	0.00303570148388508	0.0253863761485234
MORF4L1P1	ENSG00000218283.2	-0.760371844442144	2.49715894796287	-3.49396443509635	0.00228898875150105	0.0216712469353146
ARL6IP1	ENSG00000170540.14	-0.761076048401391	5.93316163351741	-3.53091368714518	0.00210129261511105	0.0206581897509374
SORD	ENSG00000140263.13	-0.761352220620769	2.26763650221725	-2.96385252399456	0.00767936826355321	0.04267600736824
RNF20	ENSG00000155827.11	-0.762619145412138	4.50371995053671	-3.9922427752938	0.000717348110355855	0.0118966945043286
CDC5L	ENSG00000096401.7	-0.76310361913772	4.42790444426937	-4.04909565106021	0.000628080157283361	0.0111937833021949
CEP350	ENSG00000135837.15	-0.763659647411007	4.66442931120806	-3.20394364894295	0.00445920998279691	0.0312377500456015
PAM16	ENSG00000217930.7	-0.764048648998515	3.28852774555646	-3.00656903228612	0.00697632138171552	0.0403173467478939
ITFG1	ENSG00000129636.12	-0.764678924988782	3.9827986433719	-4.72096356574621	0.000131162142711106	0.00572626016845018
COQ9	ENSG00000088682.13	-0.764793799371979	3.280607250067	-4.11472930558623	0.000538738639007903	0.0104080920310951
GMDS-DT	ENSG00000250903.8	-0.765599030983017	0.446120617316481	-3.0266890168321	0.00666710404513166	0.0394572797538666
RPRD1B	ENSG00000101413.11	-0.765859806406339	3.73309717752519	-3.65707253012724	0.00156779342961694	0.0178942581025829
ORMDL1	ENSG00000128699.13	-0.766481823175494	4.22813606454667	-3.42568131225671	0.00268025670464149	0.0236323709441507
PGBD2	ENSG00000185220.11	-0.766553904875343	1.21540189654216	-3.12159150706604	0.00537864668557426	0.0346016590222086
HDHD5	ENSG00000069998.12	-0.766621763986226	3.64524955197399	-3.30417301529378	0.0035451332172363	0.027773973612743
NARS1	ENSG00000134440.11	-0.767404744560603	5.07158063976103	-3.68464994621491	0.00147036704615235	0.0174157516585977
PLRG1	ENSG00000171566.11	-0.767679291941227	3.80553540447979	-2.8854327384256	0.00915150588731479	0.0474284504553252
ZNF490	ENSG00000188033.9	-0.767967967293172	1.51224576477754	-3.21214005361889	0.00437655195924346	0.0309822095532055
HERC4	ENSG00000148634.15	-0.768704968003898	4.47140274501991	-2.9994049428874	0.00708973169227207	0.0407018435542341
PANK2	ENSG00000125779.21	-0.772536649018553	4.53139175354408	-3.60758776679128	0.00175888236524347	0.0186636259604556
CDK19	ENSG00000155111.14	-0.773371362679712	4.11622333249611	-4.15436444722423	0.000491064700558142	0.0100603141538434
TMEM107	ENSG00000179029.14	-0.773834047386091	2.23463938994843	-3.36439334004018	0.00308690681632432	0.0255809377632452
SFT2D1	ENSG00000198818.9	-0.775797716828766	5.16472035114313	-3.01732749296872	0.00680929461553717	0.0398355880005266
ZNF24	ENSG00000172466.15	-0.775889408266957	4.72975414164034	-3.4907181377904	0.00230624731633212	0.0217231719138878
TDRD7	ENSG00000196116.7	-0.776762422295762	3.91149793693625	-3.38227938799949	0.00296235708158182	0.0251145264354668
SPRING1	ENSG00000111412.5	-0.776868682831052	3.4590054356661	-3.91764535113993	0.00085394756034317	0.0129540246563877
RPP14	ENSG00000163684.11	-0.776991898817087	2.21673328643227	-3.40065860840437	0.00283950829939225	0.0245478865917937
ENSG00000215271	ENSG00000215271.7	-0.777503040169958	2.41245655442003	-2.86919365959125	0.00948854569067857	0.0484270174254549
ZNF445	ENSG00000185219.16	-0.77822049548336	4.60183227795923	-3.02224199509359	0.00673428767027733	0.0396640407076191
ARID1A	ENSG00000117713.18	-0.778850556363293	5.91915202853502	-4.71849896243779	0.000131913393873772	0.00572626016845018
AHCY	ENSG00000101444.12	-0.780270131066958	4.99796278956994	-3.11192667242863	0.0054979329543242	0.0351600911637024
NPEPPS	ENSG00000141279.15	-0.781866628433066	5.85825982474547	-3.24508627194473	0.00405910603424414	0.0297775373088685
KLHDC10	ENSG00000128607.13	-0.781906654270377	3.89961234415461	-3.33440648114559	0.00330732608089535	0.026559375927103
FCF1	ENSG00000119616.11	-0.783113038564307	3.78891088234751	-3.5012648757835	0.00225063983947035	0.0214318993745693
GMCL1	ENSG00000087338.4	-0.784571176990599	3.5122708657389	-2.89969235752756	0.00886504866632742	0.0463507326656014
ZBED5-AS1	ENSG00000247271.6	-0.785804691016172	1.81375739799975	-2.87430201090079	0.00938125956101017	0.0481458244508032
ANXA2R-OT1	ENSG00000177738.3	-0.786049123130981	0.903085803709065	-3.26369787598822	0.00388982444162943	0.029151996529251
FAM204A	ENSG00000165669.13	-0.786273216224849	3.46184357953961	-4.26198643625304	0.0003818650898	0.00872496706725696
ZNF169	ENSG00000175787.16	-0.787250334944665	1.22997344710509	-3.32454424339709	0.00338313108571487	0.0269918999054873
POC5	ENSG00000152359.14	-0.788502954780809	2.37509194273282	-3.0932796832652	0.00573537302886894	0.0361152328950962
SLC15A2	ENSG00000163406.10	-0.788511986131672	2.60301001443803	-3.12366379896775	0.00535339880415648	0.0345048761350872
CORO1C	ENSG00000110880.10	-0.78899048867041	6.27416354056771	-3.56417852347005	0.00194533626986836	0.0197749058837859
ENSG00000273329	ENSG00000273329.1	-0.790612244307238	0.664876593544236	-3.16477911512135	0.00487561781438396	0.0327627425230915
PPP1R21	ENSG00000162869.15	-0.791879020252928	4.39070710614015	-3.8654445004391	0.000964661149334222	0.0137398475604143
BLOC1S4	ENSG00000186222.4	-0.791920953478583	2.50833401773942	-4.03624735936104	0.000647230738967961	0.0113863238464447
TMED2	ENSG00000086598.10	-0.79227359995332	5.62145961351896	-3.20021764300435	0.00449728633503243	0.0314451890327095
TM9SF1	ENSG00000100926.14	-0.792997907708869	4.1373648135086	-2.97661396650052	0.00746247657305253	0.0417875770591801
EIF4E2	ENSG00000135930.13	-0.793951284897488	4.89389460417871	-2.88186862522965	0.00922448012031347	0.0476060582432961
MED20	ENSG00000124641.15	-0.794345000662289	2.10230335666838	-3.2300844408887	0.00420076668226787	0.0303847551021359
DMAC2L	ENSG00000125375.14	-0.794935124488394	2.66229606864168	-3.42197177430377	0.00270329931983878	0.0237221747686209
PEX13	ENSG00000162928.8	-0.795720247701594	2.38403474785884	-3.66083817714497	0.00155412266831314	0.0178373643734852
RCAN1	ENSG00000159200.17	-0.795764258270868	2.04762602071925	-3.59401914393408	0.00181518325215276	0.0190822863378805
ATL3	ENSG00000184743.12	-0.796504814027536	4.66231428757682	-3.14085478744563	0.00514834087491794	0.033758112533891
SDAD1	ENSG00000198301.11	-0.79812678418535	3.31034026692713	-3.0807458985937	0.00590052575345318	0.0366557378780238
AGPS	ENSG00000018510.13	-0.798764715338905	3.64112762786975	-3.08318797755495	0.00586799013415715	0.0365603775348921
MED4	ENSG00000136146.14	-0.79896699692767	3.37194098495897	-3.69114895585303	0.00144829411235851	0.0172532857937139
DTX3L	ENSG00000163840.9	-0.802154462405341	5.36196585746516	-3.66323349034445	0.00154548818453854	0.017782143598385
WDR53	ENSG00000185798.7	-0.802245032272283	1.95466539528081	-3.64660926841804	0.00160640668229057	0.0180171448560857
DECR1	ENSG00000104325.6	-0.804247660315984	5.45676849541467	-3.00710901712706	0.00696784455599612	0.0403060984042893
AP3M1	ENSG00000185009.12	-0.805223587108522	4.34988844250025	-3.74080305326557	0.00129014024633631	0.016180285442772
SCO1	ENSG00000133028.10	-0.805853391956967	3.41151619660245	-3.38480160458133	0.0029451947274052	0.0250121255330844
MRPS16	ENSG00000182180.13	-0.806345476249337	3.99234898310837	-3.24734764721922	0.00403816028495335	0.0296971256575953
PSMB5	ENSG00000100804.18	-0.806450404732807	3.9744726815073	-2.95344940591601	0.00786065981008173	0.0431950599737102
RAB14	ENSG00000119396.10	-0.808249164969681	5.30616331683115	-4.07648592851	0.000589123560572629	0.0109102431042058
FBXO11	ENSG00000138081.20	-0.808858725203538	3.4075997842419	-2.90528095026953	0.00875514627712778	0.0460698606240307
SPOP	ENSG00000121067.17	-0.808873540249222	4.74173835370648	-3.93083932919127	0.000828028193666991	0.0127975875796071
NLK	ENSG00000087095.12	-0.809029462804393	3.19042009186761	-3.43979642723597	0.00259432773994801	0.0231373277592947
WDR20	ENSG00000140153.17	-0.809458854475051	3.20961646728921	-4.21297626317277	0.000428196786143171	0.0094050365527875
RBBP5	ENSG00000117222.13	-0.809937416805527	3.74643472698544	-4.27583701526218	0.000369707587285205	0.0086643168472164
MED9	ENSG00000141026.5	-0.809970440173478	2.47000570939726	-3.2043892551108	0.00445467736968654	0.0312208157533587
GGNBP2	ENSG00000278311.4	-0.810986789836478	5.49234351238699	-3.38147057042393	0.00296788139497181	0.0251324896097441
MTCH2	ENSG00000109919.9	-0.811425939332839	4.10253526675941	-3.01929738654227	0.00677913296095206	0.0397536760046295
MR1	ENSG00000153029.14	-0.812336058029786	4.85218515369075	-3.58409425234185	0.00185748826811382	0.0193370083291763
CCDC32	ENSG00000128891.15	-0.813950439615023	2.79736619516154	-3.44039690507486	0.00259073284126932	0.0231373277592947
RO60	ENSG00000116747.12	-0.814118304627661	3.55663873451408	-2.8644896533586	0.00958837934079445	0.048765060702592
ZNF75A	ENSG00000162086.14	-0.815867263227374	2.24731255103648	-3.14259637929179	0.00512799746110909	0.0336695918709831
TPTEP2	ENSG00000244627.5	-0.816130455883443	1.48698450018038	-3.02857667456507	0.00663878238130091	0.0393527823084343
BAG4	ENSG00000156735.10	-0.817930249940108	2.79033080351208	-3.00949252546215	0.00693054628805568	0.0402398499057845
ZNF561	ENSG00000171469.10	-0.818098100152405	2.86911670293403	-3.33508747696669	0.00330215348036012	0.0265322729287509
TUBD1	ENSG00000108423.14	-0.818136941911515	1.10252864311988	-3.08851068950859	0.00579767727128427	0.0363936006981645
KATNA1	ENSG00000186625.13	-0.818230234122719	2.88717550425602	-3.70878246111793	0.00139004380718091	0.0169003678698437
PIGM	ENSG00000143315.6	-0.818379508190485	1.43152446069167	-3.03272429474585	0.00657696098261731	0.0390996836305082
TNPO3	ENSG00000064419.13	-0.818532118027501	5.64953249905197	-3.88826239002608	0.000914609917562583	0.0134191276175186
TRAM2	ENSG00000065308.4	-0.818772387034073	3.28292473982846	-2.91699848246182	0.00852894898990642	0.0454301213077376
TRIM66	ENSG00000166436.15	-0.820717882506449	3.78021928531404	-4.57408104479244	0.000184456602188185	0.00655605449702602
KANSL1L	ENSG00000144445.16	-0.820770716250631	1.99027532496113	-2.89277596045131	0.0090028981025663	0.0468722313911388
TFCP2	ENSG00000135457.9	-0.82089111225712	3.81051605320599	-4.39267267660333	0.000281453830404697	0.00770734422406925
RBBP4	ENSG00000162521.18	-0.82157930158961	5.52701952944124	-3.63716023341757	0.00164208434157932	0.0180857624912697
USP8	ENSG00000138592.13	-0.823302124274383	4.55945962321502	-3.40448423286935	0.00281457302237136	0.0243940680036414
FBXO48	ENSG00000204923.3	-0.825467176394861	0.975630957531857	-3.70675471505582	0.00139662234613354	0.0169524225566867
MEAK7	ENSG00000140950.15	-0.825662900715893	1.7619001886417	-3.33030332502103	0.00333866044487814	0.0267527840208477
ZNF814	ENSG00000204514.9	-0.826809632283371	2.54247168203164	-2.92386843764794	0.0083989533703536	0.044981332273737
RPL7L1	ENSG00000146223.14	-0.827066195411547	4.59214087798554	-3.4996341568958	0.00225915070031051	0.0214707469034176
XPC	ENSG00000154767.14	-0.827298350968466	4.12040297050813	-4.95524389661678	7.6353484748755e-05	0.00495298883175772
FBXL4	ENSG00000112234.8	-0.828456483635813	3.12007249903304	-3.476887715525	0.00238122122846578	0.0221606717100598
FITM2	ENSG00000197296.5	-0.829245836952424	0.691387082987417	-3.08496935399442	0.00584436670938887	0.0364807060679234
GTF2B	ENSG00000137947.11	-0.830167999381765	4.31712932652407	-3.24882321853997	0.00402454984923571	0.0296678652828102
SLC25A16	ENSG00000122912.14	-0.830913265469367	2.3248375222474	-3.1245366838199	0.00534279842879228	0.0344666541997264
ADH5	ENSG00000197894.10	-0.830992845263448	4.19102434316868	-3.6211875668071	0.00170418352674033	0.018401045865828
MLEC	ENSG00000110917.7	-0.831193493868031	4.99077836956008	-2.88406722563757	0.00917939868496065	0.0475563090874058
MED19	ENSG00000156603.15	-0.831921089060357	1.75989297498101	-2.91602460729787	0.00854753278006405	0.0454535202319705
VPS26C	ENSG00000157538.13	-0.834007063543228	5.04832711770733	-4.74262788003716	0.000124741905738585	0.00568031151137136
PDS5B	ENSG00000083642.18	-0.834027423952179	4.09914044917596	-3.18155443981006	0.00469282108176276	0.0321670894157562
DUSP11	ENSG00000144048.10	-0.834101541749711	3.31499046837219	-3.82560504589489	0.00105866555004487	0.0144805581957755
SLC38A9	ENSG00000177058.11	-0.834355224248419	1.77090158895413	-3.25381950514381	0.00397879641904845	0.029570511150632
METTL25	ENSG00000127720.7	-0.834525260873234	1.24168912416471	-3.29081223442495	0.00365547804066081	0.0280316767630491
MTREX	ENSG00000039123.15	-0.836767603105275	3.76923697264184	-3.10444422522461	0.0055920422622295	0.0355616302414939
RBBP6	ENSG00000122257.18	-0.839176651383339	4.49663402227976	-3.3749830424534	0.00301255885619408	0.0252500674147783
TMCO6	ENSG00000113119.12	-0.839467495023179	3.38767578233816	-3.05381402918324	0.00627112508950109	0.0378885822026345
PAQR4	ENSG00000162073.13	-0.840981336546838	1.56268481118325	-3.67651861681746	0.0014984534208275	0.0175672537660158
METTL13	ENSG00000010165.19	-0.841670810151919	3.65254011813011	-3.61331274890297	0.00173564806819517	0.0185638880337396
C5orf15	ENSG00000113583.7	-0.8420798355654	3.7601146942217	-2.9026288985031	0.00880713600507147	0.0461960321069577
SNAPIN	ENSG00000143553.10	-0.842248754525599	3.59171826475339	-3.18665271236479	0.00463859986036836	0.0319933336163725
PPM1D	ENSG00000170836.11	-0.844256687577811	3.32827936992591	-3.03902872494739	0.00648405630030635	0.0387468303613449
BTK	ENSG00000010671.15	-0.844259404075186	5.83295787744272	-3.8765961076407	0.000939868444820332	0.0135605652449151
PRDM2	ENSG00000116731.22	-0.844426971931791	5.26950924507931	-4.85677713614135	9.58046768960693e-05	0.00525907683486014
TSPAN3	ENSG00000140391.14	-0.845821124663212	4.23125620781658	-4.9559001838397	7.62382696884051e-05	0.00495298883175772
SCFD1	ENSG00000092108.20	-0.846017595997534	4.05235436493834	-4.62727685372737	0.000163006028915036	0.00624378419617444
SELENOF	ENSG00000183291.15	-0.84611483728389	6.15381889053725	-2.97851115511692	0.00743074069198875	0.0417524890873898
PSMD12	ENSG00000197170.9	-0.846404476865041	4.2148536612288	-3.50683358889975	0.00222181351492522	0.0212671643841091
MRPL20-AS1	ENSG00000224870.6	-0.846571664038906	2.9981573929071	-3.48043673812671	0.0023617565392924	0.0220350989380252
PIGB	ENSG00000069943.9	-0.847096100469551	2.78593288010927	-3.45851249012181	0.00248455154850585	0.0225429257459464
TNFAIP8	ENSG00000145779.7	-0.847326024792599	5.24938081604204	-3.67802970384533	0.00149319411333282	0.0175474085292933
PCNX4	ENSG00000126773.12	-0.847509431376403	3.71746853114071	-3.00268338576939	0.00703761354529228	0.0405287459728888
ASB8	ENSG00000177981.10	-0.848613148279245	4.7269877154336	-3.0055875363444	0.0069917546680506	0.0403275884722262
WSB2	ENSG00000176871.8	-0.8487263715206	4.27806422917597	-3.22016104396313	0.00429710888171075	0.0306550638443938
ENSG00000269044	ENSG00000269044.2	-0.850151578767187	1.58752469262594	-4.08846366196029	0.000572855982650576	0.0107711519795191
MRPS11	ENSG00000181991.15	-0.850165638712566	2.59190765720469	-3.09941210037279	0.00565620967060836	0.0358327908799056
ENSG00000260766	ENSG00000260766.1	-0.851778564200562	0.337059004462904	-3.30358421132906	0.00354992673641215	0.0277779317046892
EXOSC3	ENSG00000107371.12	-0.853374479262603	2.95182478703272	-3.48742328722788	0.00232389494541333	0.0218336660689374
NINJ2-AS1	ENSG00000177406.4	-0.853457534065694	3.36720560027308	-2.85303394046866	0.00983573396604509	0.0495306231102213
MOB1A	ENSG00000114978.17	-0.85407762138311	7.07309241225687	-3.26824044745472	0.00384956538492502	0.029004382379527
TIPRL	ENSG00000143155.12	-0.855527733998407	3.78968716514689	-3.27058418919545	0.00382895309575546	0.0289220699043844
ZNF417	ENSG00000173480.10	-0.856805108225904	1.33581694992473	-3.60188538166592	0.00178233029409527	0.0188042853043933
NSRP1	ENSG00000126653.17	-0.85689278651092	3.38406617658709	-3.57642609142425	0.00189083902344423	0.0195302897033148
SEPTIN7	ENSG00000122545.18	-0.859405053194883	6.06602461209171	-3.28457268229059	0.00370815262310913	0.0283440355862718
RIMS3	ENSG00000117016.9	-0.860471640055076	0.967727072208862	-3.38755715189955	0.00292655611975615	0.024939935524019
RPL32P3	ENSG00000251474.6	-0.860472388634508	2.84005324716783	-3.15458433127304	0.00499007076300923	0.0332358044785561
SLC35D1	ENSG00000116704.7	-0.8612772325337	2.69596943897084	-2.87914604088454	0.00928060007281577	0.0478454967079151
UBE3C	ENSG00000009335.17	-0.861602145380721	4.34603120169144	-3.79326210554601	0.00114163353066534	0.0150585441578377
PIGN	ENSG00000197563.10	-0.861712835653484	2.52222589418299	-3.35191675895717	0.00317681115049808	0.0259776911808043
RTL10	ENSG00000215012.8	-0.861852393478904	2.5973470564866	-3.54466978788243	0.00203535878830803	0.0202749133288131
GART	ENSG00000159131.16	-0.862723825470988	3.97403233869135	-2.90507083880552	0.00875925443931252	0.046075051861815
MIEF1	ENSG00000100335.13	-0.86332196631188	3.89286334185546	-3.62572524283398	0.00168630949023728	0.0183283711899133
ZNF619	ENSG00000177873.12	-0.863646889602741	1.00292248632867	-3.18180037414815	0.0046901914188218	0.0321670894157562
XIAP	ENSG00000101966.12	-0.864022136312716	3.95006811525564	-3.35517445728565	0.00315309224383551	0.02584100028818
SENP6	ENSG00000112701.17	-0.865269990420149	4.62318979832316	-3.31460899779462	0.00346121544615259	0.0274074785328392
SSR3	ENSG00000114850.6	-0.865327350128509	5.13872006111906	-3.17890843036565	0.00472120454384701	0.0322752111219619
KAT14	ENSG00000149474.13	-0.865893170316314	1.85903851160455	-2.87520056133451	0.00936250881943956	0.0480997668551785
TOPBP1	ENSG00000163781.12	-0.866255620371359	4.32311001047272	-3.51689496176862	0.00217064995717629	0.0210204201833223
PDIA5	ENSG00000065485.19	-0.866774366543147	1.9459436558889	-2.98939157121457	0.00725123295480721	0.0413072763825433
ORC3	ENSG00000135336.14	-0.866974513826122	2.72580312249293	-2.99531477970294	0.00715527636374184	0.0409824909308613
SRBD1	ENSG00000068784.12	-0.867820653114217	3.41585839963123	-3.21782378306632	0.00432011182319099	0.0307596963387839
ABRAXAS2	ENSG00000165660.7	-0.868088725601369	2.88149627154611	-4.1563567734587	0.000488783033851259	0.0100603141538434
INTS12	ENSG00000138785.14	-0.870081173360489	2.58519619598754	-3.82633729526035	0.00105685820391103	0.0144805581957755
SMCR8	ENSG00000176994.10	-0.870158261579858	4.95541977485739	-3.09969848904189	0.00565253868906108	0.0358327908799056
DUSP22	ENSG00000112679.14	-0.870309850260836	5.7363495826362	-4.01617848918942	0.000678317172256173	0.0116148044808598
CEP43	ENSG00000213066.11	-0.870324654935944	3.21158188965367	-3.22443234751527	0.00425537940412876	0.0305525321365331
ENSG00000253106	ENSG00000253106.1	-0.87193331092487	-0.215552903629325	-3.07198341143227	0.00601871226382184	0.0370615404126982
SLF2	ENSG00000119906.11	-0.872324957570434	3.43196674803179	-4.14364737312346	0.000503522421421055	0.0101107989853946
SIRAL1	ENSG00000197798.8	-0.872738684754648	2.39219010452239	-3.58923810211056	0.00183544243096014	0.0192135675751572
NEMF	ENSG00000165525.17	-0.872771611301932	3.09560910587177	-2.9302164664934	0.00828052891209094	0.0446838134989333
SLC25A14	ENSG00000102078.15	-0.873572129901366	1.25499907278766	-3.56608129396446	0.00193676907781504	0.0197417109101141
RAP1A	ENSG00000116473.14	-0.873809522207816	6.37568862342435	-3.12681185047406	0.00531526431513665	0.0343490811258393
ARB2A	ENSG00000113391.18	-0.874730811720512	2.9576635400348	-2.87201251175576	0.00942919922591835	0.048240894479915
ZFYVE21	ENSG00000100711.13	-0.874818446295769	2.69122490402059	-4.22661989143214	0.00041475987473749	0.0092196622757912
ZNF606-AS1	ENSG00000176593.7	-0.875342631139356	0.614852979084533	-2.92759942730959	0.00832915474197298	0.0448072521393665
PPP1CC	ENSG00000186298.11	-0.876317793293476	5.61129589453494	-3.6194087655296	0.00171124124204498	0.0184299402535685
GSR	ENSG00000104687.12	-0.877722730437331	5.65137135132077	-3.08824146647488	0.00580121401147961	0.0363936006981645
EID2	ENSG00000176396.10	-0.87848807465199	1.45004310994352	-3.34648720298373	0.00321673198720493	0.0261718052044605
CYB5D2	ENSG00000167740.9	-0.878816472482207	2.58438691566027	-3.02347889320668	0.00671553577769624	0.0396010020290837
ZNF473	ENSG00000142528.15	-0.879010077059175	1.56714987754496	-3.27566822137361	0.00378461078151488	0.0287054754034736
SEC23B	ENSG00000101310.14	-0.879558640796676	5.19531188501703	-4.36769162968961	0.000298345720184075	0.00802109805085054
SIKE1	ENSG00000052723.11	-0.879605001703425	3.21365570721599	-3.16597755819927	0.00486233217689446	0.0327110405337111
ZNF397	ENSG00000186812.12	-0.879775816309975	3.61547607523793	-3.96098202075088	0.000771717120812464	0.0123274293324588
AP3S1	ENSG00000177879.15	-0.879878142310479	4.75175266609632	-2.91191208291315	0.00862643930348445	0.0456327397577629
ASH2L	ENSG00000129691.15	-0.880335243164233	4.73435797978782	-4.4439798210719	0.000249716496277232	0.0073864037776592
SDHB	ENSG00000117118.9	-0.880875260820266	5.391619836614	-3.65494572236598	0.00157556706246136	0.0179208265435068
RIOX1	ENSG00000170468.7	-0.881241596640435	1.9428403758209	-3.1152369995047	0.00545678973334858	0.0349477781509426
LARP4B	ENSG00000107929.14	-0.881858927482829	5.58669651902743	-5.13997996677315	4.99827594403412e-05	0.00431430134116629
CDK14	ENSG00000058091.16	-0.882076364664464	3.0928456238929	-3.29715258035488	0.00360270174490938	0.027869956894582
IARS2	ENSG00000067704.9	-0.882382326816911	4.41622671715207	-3.08893330142428	0.00579212969986377	0.0363795039872295
FUCA1	ENSG00000179163.11	-0.88257733687673	3.50477748131468	-3.10660278332625	0.0055647341613805	0.0354401944237672
ZNF888	ENSG00000213793.5	-0.88262553519132	1.21327553277599	-3.39998519923831	0.00284391993380102	0.0245478865917937
TAF8	ENSG00000137413.15	-0.883201470015171	4.28135574202512	-3.64807097029903	0.00160095647643342	0.0179941761802143
SAXO6	ENSG00000111554.14	-0.883695206681084	2.5637020093996	-3.38194403441258	0.00296464635903945	0.025119506463503
MUL1	ENSG00000090432.6	-0.884396167752696	3.84918383288052	-2.92119060241795	0.00844939611938829	0.0451041904962644
CRNKL1	ENSG00000101343.14	-0.886706613898633	4.09124259249752	-3.42239534516821	0.00270065841016536	0.0237130982355983
C5orf22	ENSG00000082213.17	-0.887416847236745	2.68233637828542	-3.18461154419228	0.00466023454611749	0.0320451605434897
REST	ENSG00000084093.16	-0.889581172789062	3.62981270141364	-3.71083781431047	0.00138340703080775	0.0168588802638012
RER1	ENSG00000157916.19	-0.890114432206821	5.69505837306723	-3.31727000312923	0.0034401305465326	0.0273137852968376
HINT3	ENSG00000111911.6	-0.890490201595392	3.04067620146622	-3.46347365918556	0.00245622648361434	0.0224427788352558
TMEM184C	ENSG00000164168.7	-0.890600869350016	2.99123549202874	-4.13281636759953	0.000516434071491671	0.0102179180901033
CCT5	ENSG00000150753.11	-0.890917703584725	5.82522551723986	-2.98737592304585	0.00728416886624824	0.0413357679607167
PMS2	ENSG00000122512.14	-0.890947951200106	1.78797888330694	-3.32272691352233	0.00339728412059374	0.0270755473109954
CUL2	ENSG00000108094.14	-0.891813159462723	3.39627639899945	-3.5256703104979	0.0021269746937286	0.0207831585421197
CSNK1G1	ENSG00000169118.17	-0.89336078901914	3.45644405106282	-5.52507310120732	2.08741465299037e-05	0.00329195536944173
ENSG00000270012	ENSG00000270012.1	-0.894016393322599	1.21619050159948	-3.19526206408452	0.00454841863988975	0.0316405460899553
PLPBP	ENSG00000147471.11	-0.894226152176415	4.44727955024321	-3.8475724559643	0.0010057586409145	0.0140844378936413
IRF2	ENSG00000168310.10	-0.899982018688028	6.12583419171583	-3.00722555010038	0.00696601649542062	0.0403060984042893
ENSG00000247121	ENSG00000247121.6	-0.900690122985924	0.470497730670526	-2.95779122558079	0.00778450074019974	0.0430012091786483
NIPSNAP2	ENSG00000146729.9	-0.901197082647067	3.57171397031115	-3.38022422596289	0.00297641384532258	0.025161436630562
PPWD1	ENSG00000113593.11	-0.901396546279859	3.47702889317053	-3.37550598315008	0.00300893323879903	0.0252407335775057
MAP2K4	ENSG00000065559.14	-0.90294806632824	4.37817230382332	-3.22944131852925	0.0042069461639984	0.0303847551021359
TSN	ENSG00000211460.11	-0.903822287068823	3.90320316935704	-3.58855263490898	0.00183836526566885	0.0192174776193608
AHR	ENSG00000106546.12	-0.903827353805536	3.86323783737519	-3.229114978527	0.00421008521088005	0.0303867274878189
POLR1HASP	ENSG00000204623.9	-0.904817786495997	1.58363114959835	-3.49294251586904	0.00229440791303309	0.021673764640573
SNX2	ENSG00000205302.6	-0.905397873553937	5.18212852934143	-3.36467924946818	0.00308487609151008	0.025580208489151
ACTR3	ENSG00000115091.11	-0.906104173368271	7.80595097803471	-2.97325132718257	0.00751904760928478	0.0420542412705735
HDAC2	ENSG00000196591.11	-0.90701265633836	4.46889100120152	-3.30101417682777	0.00357092397299396	0.0278183855454428
DR1	ENSG00000117505.12	-0.907877275589788	5.2380801380888	-3.438048770955	0.00260481839689744	0.0231888537624887
FRS2	ENSG00000166225.8	-0.908579121447364	1.95997280003043	-3.17303433894881	0.00478481349517815	0.0324272958382671
PBLD	ENSG00000108187.15	-0.909046614564113	0.445722160382407	-2.95330458028619	0.00786321249614374	0.0431950599737102
ZNF587B	ENSG00000269343.6	-0.909880210688123	2.20684080611923	-3.44945793060772	0.0025370773925882	0.0228095293190985
FAM168A	ENSG00000054965.10	-0.911367011538688	4.89250615000098	-4.2043360838059	0.000436930892360039	0.00944902822653944
MED23	ENSG00000112282.17	-0.911538696117989	3.8378165811447	-3.31206914844411	0.00348145821842864	0.0274940199593402
ENSG00000279789	ENSG00000279789.1	-0.912093547085751	-0.045372358614728	-2.88253055771003	0.00921088515315528	0.0475691619526144
NIPA2	ENSG00000140157.14	-0.912360685708908	4.04550755851562	-3.70259004179218	0.00141023050499696	0.0170057207955516
TRIP11	ENSG00000100815.12	-0.913330626865038	3.06310322501106	-3.62715298604933	0.00168072397979981	0.0182946061518033
SRSF1	ENSG00000136450.12	-0.913549989019411	5.76927041401593	-3.82810854113232	0.00105249906409366	0.0144627880939609
ACTR10	ENSG00000131966.13	-0.913779497949394	4.28730648271869	-3.01785708016557	0.00680117322474396	0.0398040897449263
CPSF3	ENSG00000119203.13	-0.91471189574911	3.86094459853101	-3.75708641144727	0.00124210101275341	0.015804664610552
FIG4	ENSG00000112367.10	-0.914738448857075	4.16271423394237	-3.37706821568166	0.00299812752971942	0.0252243611234794
ENY2	ENSG00000120533.12	-0.915858431072536	3.84740163822246	-3.63688236579059	0.00164314528647609	0.0180857624912697
APPBP2	ENSG00000062725.9	-0.916013564996295	3.28492828271058	-3.65740191824085	0.00156659289039494	0.0178942581025829
LCLAT1	ENSG00000172954.13	-0.917297343603472	1.69150953288121	-2.92202247231854	0.00843369496718505	0.0450903206444034
TIMM17A	ENSG00000134375.10	-0.918528992696334	3.42856838138904	-2.9397111343023	0.00810639571457963	0.0440539030733415
ASF1A	ENSG00000111875.7	-0.91887408860222	2.08426341634449	-3.02464217315412	0.0066979460107511	0.0395700739680877
C2orf49	ENSG00000135974.9	-0.919679982113974	2.91445419996471	-3.81391070678028	0.00108794935277785	0.0147322316027532
UEVLD	ENSG00000151116.16	-0.921076084325844	2.63116217401573	-3.14459643493498	0.00510473127178334	0.0335765746753663
PDF	ENSG00000258429.1	-0.92235016275897	1.6317651604619	-3.04126996754156	0.00645133516396156	0.0386294957485082
PNPO	ENSG00000108439.9	-0.922488104958605	1.65753978173199	-2.98575920675247	0.00731069042683926	0.0413819640893148
IREB2	ENSG00000136381.12	-0.923052982956776	4.13355379386766	-3.44598685293945	0.00255750132429501	0.0229057764239043
H2AZ1	ENSG00000164032.11	-0.923252316041745	6.46697304655359	-3.7743331149528	0.00119315384577603	0.0154482024242581
CCDC71	ENSG00000177352.9	-0.923549705945536	3.21813167240111	-3.72851317442743	0.00132761369913622	0.0164392434557472
FAM174A	ENSG00000174132.8	-0.923856227928382	1.94370029206542	-3.35725481320008	0.00313803627465505	0.0257851403254793
SRP19	ENSG00000153037.13	-0.924180756929694	3.15070839576918	-3.33203010293315	0.00332543839734966	0.0266757993178701
LLPH	ENSG00000139233.6	-0.924246992601665	3.37745847475254	-3.65261795777203	0.00158411890935197	0.017954452618725
RPS6KC1	ENSG00000136643.11	-0.926125258015442	2.40009957068199	-3.93665044058875	0.000816862427899386	0.0126914625639947
UBE2K	ENSG00000078140.13	-0.926448165857177	4.863404041743	-4.3529865958445	0.000308762027514549	0.00808594552819852
EIF3J-DT	ENSG00000179523.4	-0.926831554011956	1.5137400951603	-4.35429322766657	0.000307821858613551	0.00808443173155873
BCL2L2	ENSG00000129473.9	-0.927038274876059	2.13866269200614	-2.85850269317142	0.00971689807368868	0.0491337497662367
VIRMA	ENSG00000164944.11	-0.928687498404645	4.37134808781006	-4.28929825153319	0.000358264196702946	0.00855660120280822
TMEM216	ENSG00000187049.9	-0.92877356052191	3.0717033768126	-2.87545610564004	0.00935718274849505	0.0480891425375303
PNPLA4	ENSG00000006757.11	-0.929307315864006	1.28403706733747	-3.61924644183431	0.00171188672680504	0.0184299402535685
FAF2	ENSG00000113194.12	-0.929575381991071	4.05226925409042	-4.71599324724002	0.000132681638049455	0.00572626016845018
ATL2	ENSG00000119787.13	-0.930020013169662	3.04667223556368	-2.86572000349613	0.00956217067329812	0.0486513750906171
TTC5	ENSG00000136319.11	-0.933232761310918	1.74815934381855	-3.51284368951629	0.00219111020614883	0.0210520175639448
GFM2	ENSG00000164347.17	-0.933942577363395	2.51239689520471	-3.14268808954511	0.00512692836696017	0.0336695918709831
COPB1	ENSG00000129083.12	-0.934085180676743	6.00675501811715	-3.52670658391775	0.00212187462085397	0.0207822623781052
TMEM147-AS1	ENSG00000236144.6	-0.934688860193659	1.68640592126475	-3.02721742015615	0.00665916434613694	0.0394330041591294
C11orf71	ENSG00000180425.11	-0.934917770854194	1.26793058814701	-3.09488049568024	0.00571460516318572	0.0360504478405153
RSRP1	ENSG00000117616.17	-0.937346131376417	6.22441859796732	-3.4928472785979	0.00229491359194221	0.021673764640573
ZKSCAN1	ENSG00000106261.16	-0.93832006550286	4.36677708732434	-4.70444541121138	0.000136281063426874	0.00579911939279586
CRIP3	ENSG00000146215.13	-0.938377554026827	0.136261944803397	-2.85992353761652	0.00968624902784144	0.0490459813553824
RAB11A	ENSG00000103769.9	-0.938932196714561	5.61756424627307	-3.53479164807639	0.00208249515124872	0.0205456321443013
KIAA0586	ENSG00000100578.14	-0.939072217009246	2.48651512122322	-3.56831793425691	0.00192674622240898	0.0197150261343854
N4BP2L2	ENSG00000244754.8	-0.940113150114341	4.9901948626361	-3.35319276061518	0.00316749998946514	0.0259302827756547
CCDC90B	ENSG00000137500.9	-0.941288923501861	2.81320549895438	-2.95924591013334	0.00775914369418718	0.0429837256940721
SOCS5	ENSG00000171150.7	-0.943568073475948	2.2158476302214	-2.87301105941494	0.00940826188868986	0.0481838811509585
MCMBP	ENSG00000197771.12	-0.944936294900685	5.49162875115067	-3.17567721769224	0.00475609198038257	0.0323352914004822
TUBA1C	ENSG00000167553.15	-0.944947288920757	3.84662451438457	-2.95042761219453	0.00791408746239466	0.0433533047364005
LNPK	ENSG00000144320.13	-0.946113320044153	3.56518481397874	-3.22993126989109	0.00420223763216621	0.0303847551021359
TTLL12	ENSG00000100304.12	-0.946188537526497	4.55094705864177	-4.34778583578957	0.000312532860257552	0.00813577604479977
DNAJC14	ENSG00000135392.15	-0.947315783542926	3.47779109610397	-4.94622308062633	7.79551629641286e-05	0.00495298883175772
GET4-AS1	ENSG00000273151.1	-0.947694202825926	1.63596582695318	-2.99257306699699	0.00719953910717566	0.0411402234695752
COIL	ENSG00000121058.4	-0.948237573746294	2.23513888037957	-3.24804222288418	0.00403174804461633	0.029694910747773
CLPX	ENSG00000166855.9	-0.94866985648042	4.18794486369053	-3.66494540577243	0.00153934627078439	0.0177505866849825
GOLPH3	ENSG00000113384.13	-0.948787716422763	4.75652315251138	-4.06776656284416	0.000601255500435309	0.011022623632161
GDI2	ENSG00000057608.16	-0.950049682636196	6.77962901582101	-3.82943919085068	0.00104923601565516	0.0144600593754157
ERLEC1	ENSG00000068912.13	-0.951553802027275	3.36158062232376	-3.42133127880624	0.00270729754328123	0.0237247596192265
MFAP1	ENSG00000140259.6	-0.952376460565751	3.89263921038877	-3.3610029771084	0.00311108758393722	0.0256821324043139
TTC9C	ENSG00000162222.13	-0.953748632458142	3.36172493255326	-3.49280684227819	0.00229512832880865	0.021673764640573
LONP2	ENSG00000102910.13	-0.953766575337844	4.93621166766788	-4.36128705525019	0.00030283825628857	0.00803937529284044
MTMR9	ENSG00000104643.9	-0.954262509508766	2.30652889489532	-3.52220770540263	0.00214410383596311	0.0208478080492856
HIF1AN	ENSG00000166135.13	-0.955639849679072	5.44764601524009	-3.52012704727963	0.00215446192032109	0.0209209591736443
NDUFC1	ENSG00000109390.11	-0.955898638877952	2.96469258543159	-3.37825035868094	0.00298997613130801	0.0252039107356404
PDCL	ENSG00000136940.13	-0.956800224566314	2.39064918032489	-3.18144372514052	0.00469400537109577	0.0321670894157562
UBR7	ENSG00000012963.14	-0.956915895775266	3.75434712612475	-3.26882833537536	0.00384438498464124	0.0289801442151709
GOSR1	ENSG00000108587.15	-0.957455793362804	3.79134393238604	-4.97842468306152	7.2389067628944e-05	0.00488750367758378
ENSG00000280046	ENSG00000280046.1	-0.959147433581471	-0.913630308744374	-2.89315834238452	0.00899522347575042	0.0468487997537319
BTBD7	ENSG00000011114.14	-0.960016441443918	3.17567380742014	-3.90653107857374	0.000876407393115609	0.0130491721787758
TUBGCP3	ENSG00000126216.13	-0.960438112688202	4.51292442023109	-5.09588732469503	5.52874026891648e-05	0.00436369826758488
NDUFC2	ENSG00000151366.12	-0.96057108272697	4.24464011624864	-3.30036602000093	0.00357623856997815	0.0278183855454428
ZC3H8	ENSG00000144161.12	-0.961866386543198	1.71704726520676	-2.90068005571358	0.0088455291896891	0.0462978761843302
KIFBP	ENSG00000198954.7	-0.963972083784741	1.5991624619059	-3.41053552427839	0.00277556903099365	0.0241838246147971
ZNF518B	ENSG00000178163.7	-0.96402008093895	2.31201028850808	-3.66945666285467	0.00152327647194048	0.0177103471553877
LACTB	ENSG00000103642.11	-0.964985341904629	3.90949131226879	-3.15299144317562	0.005008187797195	0.0332377931144776
ABITRAM	ENSG00000119328.11	-0.965538662073672	2.47371673838435	-3.64420400542197	0.00161541508093201	0.0180737046666513
ETFDH	ENSG00000171503.11	-0.966592400764298	2.90634308069152	-4.45960550973036	0.000240785846652783	0.00722188275318135
TSPYL4	ENSG00000187189.10	-0.966720934096505	3.022767610221	-3.23097892564651	0.00419218667989941	0.0303614697719899
ZNF768	ENSG00000169957.9	-0.9671353308579	3.31417654267787	-3.54429945581101	0.00203710680668223	0.0202749133288131
MAP3K20	ENSG00000091436.16	-0.968575219521247	3.3087770317654	-2.86395304719588	0.00959983156778313	0.048765060702592
TAF5L	ENSG00000135801.9	-0.969349831095787	2.50573734451774	-3.25050379972394	0.00400910294574781	0.0296678652828102
ZNF432	ENSG00000256087.6	-0.970627351352967	1.3131936041735	-2.99594580268379	0.00714512623985974	0.0409561410875067
PAQR8	ENSG00000170915.8	-0.971043159753867	2.41346847200407	-3.31178578327123	0.00348372382500702	0.0274971998166329
ZNF585B	ENSG00000245680.9	-0.971642989866305	1.63755896178444	-3.94196473831739	0.000806782668638013	0.0126145256240435
MTRF1	ENSG00000120662.15	-0.971873297249367	1.98059057499607	-3.24210287204591	0.00408690166274621	0.0298908905176933
FCF1P2	ENSG00000228638.1	-0.972284624390363	0.140876332452686	-3.64915049064325	0.00159694304339414	0.017988589413825
SDHC	ENSG00000143252.14	-0.972438451055802	5.24738522286861	-3.87675996273644	0.000939508922228098	0.0135605652449151
PARG	ENSG00000227345.8	-0.972971551858949	2.59514931489332	-3.75741988878284	0.0012411359568842	0.015804664610552
DNAJC13	ENSG00000138246.15	-0.973984463278377	4.50947672481694	-4.47954325973194	0.0002298560884066	0.00714247550501349
PRR14L	ENSG00000183530.13	-0.974006737201457	4.7348316243174	-4.8739885563398	9.20740148113957e-05	0.00520694428588582
FAM114A2	ENSG00000055147.18	-0.974025786463133	3.03749815406031	-4.46045094952394	0.000240311923543278	0.00722188275318135
PUS10	ENSG00000162927.13	-0.974125133897776	1.00580443057717	-3.45818336704636	0.0024864419454201	0.0225429257459464
INTS8	ENSG00000164941.13	-0.974367742320473	4.31090113415795	-4.14365046992428	0.000503518776322533	0.0101107989853946
TRAPPC8	ENSG00000153339.13	-0.974930819640378	4.56532468880693	-3.17364179757644	0.00477819703681749	0.0324272958382671
PPP1R8	ENSG00000117751.17	-0.976043903563151	3.84369446216594	-4.86412913285312	9.41927050693411e-05	0.00525907683486014
HPF1	ENSG00000056050.6	-0.976108506750986	1.85379117347254	-2.97625246601186	0.00746853850149845	0.0417875770591801
PSMD6	ENSG00000163636.10	-0.976267074523195	5.15472639677469	-3.4583979879509	0.00248520905872117	0.0225429257459464
COMMD2	ENSG00000114744.8	-0.976296823548618	2.74987651572878	-3.64107890128142	0.00162719413932256	0.0180853806448803
IMPACT	ENSG00000154059.9	-0.977084135254282	1.66552875505721	-3.32152871829991	0.00340664711718974	0.0271208799620931
COX15	ENSG00000014919.12	-0.97713104450088	4.47405724792787	-4.46833470162109	0.000235937553901577	0.00719356267155619
HEATR3	ENSG00000155393.12	-0.977284704505458	3.05986991859253	-3.6374831528635	0.00164085223213408	0.0180857624912697
SEPTIN7P14	ENSG00000245958.6	-0.97729116271026	2.31532620161303	-3.13175051060459	0.0052559697540154	0.0341474050424616
INIP	ENSG00000148153.13	-0.977333026312802	3.05168022986839	-3.80957259315096	0.0010990158707286	0.0147896153684145
BIRC2	ENSG00000110330.8	-0.977786427933372	4.5854087596836	-3.2785461888339	0.00375973221455406	0.0285806190843838
ZNF350	ENSG00000256683.6	-0.977907568059499	2.38839309857278	-2.92572048574735	0.00836423560332948	0.0449082544716415
TMEM80	ENSG00000177042.14	-0.978237205981136	3.67402546433267	-2.97915103352749	0.00742006627862576	0.0417219726752443
CLCN3	ENSG00000109572.13	-0.979278074784493	3.75526884477551	-3.06862815076098	0.00606457158459874	0.0372350568172535
USO1	ENSG00000138768.14	-0.979361913973007	4.23685216847142	-3.29862426191773	0.00359055854593696	0.0278197607023777
ING3	ENSG00000071243.15	-0.980438020280171	2.78700948590029	-3.80752000870486	0.00110429090842679	0.0148310589703179
ORAI3	ENSG00000175938.6	-0.981118120355283	4.56452506717039	-3.17981615966473	0.00471144865843635	0.0322396764944462
ANAPC15	ENSG00000110200.8	-0.983132856955588	2.72631228341795	-3.00937928566104	0.00693231394791983	0.0402398499057845
YIPF4	ENSG00000119820.10	-0.983842521916849	4.91631362215367	-2.98372892265547	0.00734412833520744	0.0414370543683723
PHAX	ENSG00000164902.13	-0.984158534724009	2.72555766509207	-3.14948619487023	0.00504828082906304	0.0333837925792878
IPO8	ENSG00000133704.9	-0.984358016978339	4.07243560873003	-4.74085078536279	0.000125256365732692	0.00568031151137136
ZKSCAN3	ENSG00000189298.13	-0.987076915479433	0.792539512332832	-3.20771643677963	0.0044209755122644	0.0311027638517743
DDX28	ENSG00000182810.6	-0.987544075220319	2.74129649217225	-4.26795879391066	0.000376574336006415	0.00869833677535945
MAD2L1BP	ENSG00000124688.13	-0.98834568082194	3.37686183732199	-3.81741895698306	0.00107908083458271	0.014665960514218
TOPORS	ENSG00000197579.7	-0.989395116968407	3.37228828494839	-3.93416466953178	0.000821620233966669	0.0127251990066611
SNX6	ENSG00000129515.18	-0.989826873713137	5.11447098175549	-3.7640683677126	0.00122205030255479	0.0156575195014832
ENSG00000260920	ENSG00000260920.2	-0.990707053377886	-0.30133208783107	-2.86074977956476	0.0096684687795162	0.0489895637437896
ZNF140	ENSG00000196387.9	-0.991187269186585	1.60175752032604	-3.54887604636706	0.00201560815375736	0.0202044129763544
NDUFS1	ENSG00000023228.13	-0.991564633849008	4.28430433024633	-4.6932699069773	0.000139858440014502	0.00588122670830212
NKAPD1	ENSG00000150776.17	-0.992075523387431	2.78645062680917	-3.39997871118343	0.00284396247100049	0.0245478865917937
MBD4	ENSG00000129071.9	-0.992867481320961	4.94654736688784	-3.87934563592782	0.000933853652977231	0.0135519551090776
ZNF182	ENSG00000147118.11	-0.992914457580945	2.41509359495565	-4.33896225024307	0.00031903663169733	0.0081729527392499
LRRC51	ENSG00000184154.13	-0.993748617566255	1.01444076339466	-2.93943403984218	0.0081114273682281	0.0440650231707938
RAB3GAP2	ENSG00000118873.15	-0.994302849494177	3.74868017924292	-3.04714415588612	0.00636633059102813	0.0383852285635519
CD99L2	ENSG00000102181.20	-0.994531187520822	4.61669615206028	-3.13607758541712	0.00520454627184152	0.0339606998109553
INTS6-AS1	ENSG00000236778.7	-0.994684503629017	0.53441745435813	-3.13411012479539	0.00522786695667973	0.0340480780969405
FRG1BP	ENSG00000149531.15	-0.99530143053803	0.855589724122691	-2.94868838736572	0.00794499665590441	0.0434648445667713
TM7SF3-AS1	ENSG00000247903.1	-0.995532573275514	1.04285551687047	-3.22760101558902	0.00422467783135242	0.0304473851517391
ALG2	ENSG00000119523.9	-0.995720079985587	2.94460442473547	-3.91002797377861	0.000869278124183426	0.0130402967933386
ZNF689	ENSG00000156853.12	-0.995911617335505	1.87304654985154	-3.78611640061799	0.00116081771529756	0.015229928424704
ZDHHC13	ENSG00000177054.13	-0.996028430357986	2.40297549002206	-3.01290236209601	0.00687752254811016	0.0400758913581152
SSH1	ENSG00000084112.14	-0.997137356760202	5.46085931362114	-3.30309060680659	0.00355395010858464	0.0277779317046892
ARPC1A	ENSG00000241685.9	-0.997680738461399	4.95090027059655	-3.36885303713913	0.00305537961116691	0.0254741381149325
CIAO2A	ENSG00000166797.10	-1.00040521951143	3.52296815971932	-3.04303062235363	0.00642574243932336	0.0385387884617687
NIPSNAP3A	ENSG00000136783.9	-1.001025878828	2.58406012864823	-3.54436088758502	0.00203681673789643	0.0202749133288131
RPAP3	ENSG00000005175.9	-1.0013898779057	2.97992534479061	-3.30896098668137	0.00350638806638139	0.0275728757910439
RASA1	ENSG00000145715.14	-1.00180297459831	3.55580106992811	-2.98027422806427	0.00740136495764465	0.0416485500475925
SLC35F5	ENSG00000115084.13	-1.00271071064347	2.43804525838641	-3.02272862066759	0.00672690419440566	0.039636369624522
PIGV	ENSG00000060642.10	-1.00340500941324	2.94984912215608	-3.61434763219448	0.0017314805692257	0.0185327434385579
DDX59	ENSG00000118197.13	-1.0036798005796	3.48493577303498	-3.27255679904728	0.00381168832023833	0.0288663517735853
MCEE	ENSG00000124370.10	-1.00379317871185	0.777360700441421	-2.91598327899747	0.00854832227983283	0.0454535202319705
IFI16	ENSG00000163565.18	-1.00437827662192	7.33171264820365	-3.64317047325336	0.00161930128169992	0.0180737046666513
PPP4R3B	ENSG00000275052.4	-1.00772819178796	4.78350416567789	-3.54293375745303	0.00204356589247112	0.020298137666806
FGD5-AS1	ENSG00000225733.5	-1.00858144765318	4.98243602112756	-4.21048036264993	0.000430701686364023	0.0094180102084933
AFG1L	ENSG00000135537.16	-1.00859926613294	-0.260052502005877	-2.86642878620203	0.00954710351878435	0.0485965389882734
JPT2	ENSG00000206053.12	-1.00942953126872	3.56771766493285	-3.02492760667131	0.0066936368235203	0.0395667118602962
TBCC	ENSG00000124659.6	-1.01039340858819	4.12531528433991	-3.70591236862601	0.00139936419663308	0.0169525901591172
HEMK2	ENSG00000156239.11	-1.01153417348181	0.812950195714885	-3.0695527018284	0.00605190126516464	0.0372036912427447
ZNF41	ENSG00000147124.12	-1.01161711215981	1.20073997618969	-3.74370519192972	0.00128144543157327	0.0161139121281995
AIMP2	ENSG00000106305.9	-1.01230724699341	1.73679542188114	-3.63821653282706	0.00163805739137736	0.0180857624912697
RBM45	ENSG00000155636.14	-1.01260761858619	1.45916244521792	-3.37002798451756	0.00304712614107	0.0254530740476475
VBP1	ENSG00000155959.10	-1.01288382094419	3.53481864414035	-2.95150698174969	0.00789496335503571	0.0433034779339751
UTP3	ENSG00000132467.3	-1.01363786961541	3.4128183258819	-3.55911217871685	0.00196833009710371	0.0199066521452501
RIOK2	ENSG00000058729.10	-1.01371356014504	2.21561323851015	-3.15440335543791	0.00499212591659613	0.0332358044785561
ZNF264	ENSG00000083844.10	-1.01443749181652	2.96901133177359	-5.03244086334407	6.39420826907442e-05	0.00458907756628665
ENSG00000225963	ENSG00000225963.7	-1.01618788019166	2.25275307226659	-3.61988515600242	0.0017093482501172	0.0184294961079108
PAM	ENSG00000145730.20	-1.01765321107331	4.57152976842544	-4.08287709208791	0.000580386737460008	0.0108574842145667
COPS5	ENSG00000121022.13	-1.01856306805457	4.01715523143777	-3.38114908944411	0.00297007994971215	0.0251366858129308
TANK	ENSG00000136560.13	-1.01897057365593	4.85014496255023	-3.42403642365193	0.00269045039670054	0.0236798138672033
SEC61A2	ENSG00000065665.20	-1.01943161386635	3.2043017201683	-4.45627349167376	0.000242662839453743	0.00722188275318135
PMM2	ENSG00000140650.11	-1.0202383667903	1.18099732630078	-3.24197127164539	0.00408813201818917	0.0298908905176933
LINC01003	ENSG00000261455.1	-1.02080695585922	1.28746226315794	-3.28512127507989	0.00370349179914026	0.0283230771789172
KCTD5	ENSG00000167977.8	-1.02170190253139	4.00814669152741	-4.47257823791699	0.000233616285292717	0.00719356267155619
C14orf119	ENSG00000179933.5	-1.02261078008301	4.79252904278556	-3.25219320616167	0.00399363323363903	0.0296509187769175
PRPF40A	ENSG00000196504.15	-1.0231285297743	5.12370587967648	-3.33178011951119	0.00332734935885262	0.0266766303838482
CEBPZOS	ENSG00000218739.9	-1.02384059464911	3.78668744653329	-3.19321814307133	0.00456967254748389	0.031720959140733
SAMD9L	ENSG00000177409.11	-1.0242886024678	5.03929229368853	-3.3182465762383	0.00343242407214273	0.0272770117475716
ZNF616	ENSG00000204611.6	-1.02514608750717	1.14586386426226	-3.98941062881316	0.000722112208613197	0.0119354716675597
SNHG20	ENSG00000234912.11	-1.02592584340949	1.57014157260579	-3.52998508657728	0.00210581853252389	0.0206773804133413
ATPAF1	ENSG00000123472.12	-1.02904435920638	3.50914294744733	-3.54013309289886	0.00205687488278347	0.0204028718211586
RWDD4	ENSG00000182552.14	-1.02973211459239	1.49456142408357	-3.12341602144023	0.00535641154981652	0.0345092250001274
ME2	ENSG00000082212.12	-1.03049643165422	5.21144054788823	-4.17044407396577	0.000472949969113914	0.0099017610554913
REEP3	ENSG00000165476.13	-1.03101842079433	2.59361257179524	-3.42115227602579	0.00270841598634123	0.0237247596192265
PEX11B	ENSG00000131779.10	-1.03235378301506	3.80708395215236	-3.75036762559061	0.00126170396538206	0.0159851935871581
RNF103	ENSG00000239305.6	-1.03333362096946	3.12833991743481	-4.70591823134731	0.000135816551338641	0.00579911939279586
ZNF136	ENSG00000196646.11	-1.03429668415674	1.49391887738195	-3.1358446754041	0.00520730171786294	0.033963664761669
CASP3	ENSG00000164305.18	-1.03453329172819	3.86626658780293	-3.15531236374404	0.00498181156274151	0.0332120770849434
PTPN11	ENSG00000179295.17	-1.03642560213155	3.97396877493478	-2.90670439201547	0.00872736342313696	0.0460056729019648
FASTKD5	ENSG00000215251.3	-1.03686666043954	2.98010178600898	-4.61730632927928	0.000166825364867111	0.00626550225302432
C2CD5	ENSG00000111731.12	-1.03724009191284	3.67472479257354	-3.46382563065046	0.00245422905919564	0.0224427788352558
NIFK-AS1	ENSG00000236859.6	-1.03835540746894	0.714256761791785	-3.71183953835518	0.00138018383172706	0.0168386517035009
RSBN1L	ENSG00000187257.15	-1.03850791829358	4.15074996588921	-3.46331105962508	0.00245714976949684	0.0224427788352558
GSK3B	ENSG00000082701.14	-1.03907121175562	5.15808478902216	-4.43494510379146	0.000255031580806522	0.0074392611318266
E2F6	ENSG00000169016.16	-1.03985932761775	1.04670638400216	-3.21066145560492	0.00439135197302148	0.0310259838507121
SPCS3	ENSG00000129128.12	-1.04101552936069	5.76070607091771	-3.90825664475632	0.000872882160655243	0.0130402967933386
HARBI1	ENSG00000180423.4	-1.04282543208607	0.69448666825501	-3.19264009574028	0.00457570094475014	0.031720959140733
ENSG00000255455	ENSG00000255455.2	-1.04514335921727	2.16475534097825	-3.25158350369495	0.00399920948448819	0.0296624783874601
SLC35B4	ENSG00000205060.10	-1.04569845099304	2.15778244169779	-3.30080684450042	0.0035726231652233	0.0278183855454428
ENSG00000251615	ENSG00000251615.3	-1.0457566714824	0.0842916581259933	-3.14692887127159	0.00507772808943536	0.0335285416413509
COPB2	ENSG00000184432.9	-1.04804372421203	5.92537623267176	-4.15060970050581	0.000495393769504171	0.0100855338453539
TRAPPC6B	ENSG00000182400.14	-1.04950956437384	3.1948855621365	-3.82484930207014	0.00106053410634372	0.0144805581957755
SLC30A6	ENSG00000152683.14	-1.04959681127835	3.36519172086922	-4.2972364485714	0.000351683327907127	0.0084679378791341
TBP	ENSG00000112592.13	-1.05187971230124	2.51519365274318	-4.82734376160185	0.0001025430999724	0.00532771851102384
KLHL9	ENSG00000198642.6	-1.05243959216268	3.36463390183691	-3.41111476593691	0.00277186342973386	0.0241800852381039
CCAR1	ENSG00000060339.13	-1.05272548898618	3.75933581170028	-2.91316377947286	0.008602349340212	0.0455745428074405
CLTC	ENSG00000141367.11	-1.05313265767123	6.94094803217604	-3.54516403692399	0.0020330281682392	0.0202749133288131
ZNF638	ENSG00000075292.18	-1.05344319698451	4.87174410750757	-4.58998593980074	0.000177760324808705	0.00646241969008988
SBNO1	ENSG00000139697.13	-1.05431438888847	4.66858478914306	-4.41145801395879	0.000269387983390448	0.00760261306853348
TASOR	ENSG00000163946.13	-1.05542491390286	4.29978904546323	-3.55042210666554	0.00200839616584237	0.0201994664874629
COPS7A	ENSG00000111652.9	-1.05576785006783	4.254344673503	-4.72259220828737	0.000130668081743374	0.00572626016845018
LRRC3	ENSG00000160233.7	-1.0573424026192	0.517995520500128	-4.14423054686982	0.000502836460761042	0.0101107989853946
ZSCAN29	ENSG00000140265.12	-1.05842646880687	2.65856813045564	-3.91086933292444	0.000867571446789624	0.0130402967933386
SEL1L	ENSG00000071537.13	-1.058789050767	5.08108998975992	-3.47127763457494	0.00241231215445043	0.0222535796248052
ZNF37A	ENSG00000075407.18	-1.06092027276468	2.20691310612278	-2.94469956554892	0.00801632481133931	0.0437508707269859
SAR1B	ENSG00000152700.13	-1.06111743716995	3.76388167245105	-3.29927052861708	0.00358523869439948	0.0278183855454428
CERT1	ENSG00000113163.15	-1.0617567015253	5.00965767261931	-3.34942762073853	0.00319505195463494	0.0260834993641657
ZNF564	ENSG00000249709.7	-1.06200665374343	2.17684752082232	-3.59502549245779	0.0018109471623074	0.0190517320852867
RHOT1	ENSG00000126858.16	-1.06260914037283	4.34015732324176	-2.96581667774663	0.00764559468180071	0.0425363654366297
HMGCR	ENSG00000113161.15	-1.06397249443044	4.4143123037118	-3.06052268989683	0.00617675621522723	0.0375449369462137
MRFAP1L1	ENSG00000178988.10	-1.06551858444417	3.71121292054996	-4.14117187752522	0.000506444677866332	0.0101210623256481
ACTR2	ENSG00000138071.13	-1.06881774202352	7.80235954391673	-3.0871644400533	0.00581538366055773	0.0364177480845268
GTPBP10	ENSG00000105793.15	-1.06904605401254	1.876581226335	-3.21646909362495	0.00433349933778079	0.0308401399352191
DSN1	ENSG00000149636.15	-1.06920531108212	2.42345206393531	-3.62307189403257	0.00169673849031885	0.0183875624942042
ZNF775	ENSG00000196456.11	-1.07007124648259	2.0330593590451	-3.49936891994938	0.00226053798698583	0.0214707469034176
PLEKHF2	ENSG00000175895.3	-1.07044897608128	3.44817478725867	-3.11059658216685	0.00551454892571967	0.0351749101744263
CNR2	ENSG00000188822.7	-1.07087388701556	2.22858608387246	-3.28109460042875	0.00373783589158014	0.0285118644753089
PHLPP1	ENSG00000081913.13	-1.07177552207868	3.41356179657231	-4.84709282797404	9.79707721284127e-05	0.00525907683486014
THAP6	ENSG00000174796.12	-1.07234476182503	1.83030279374573	-4.07800353984073	0.000587037130782494	0.0109079913282497
TM7SF3	ENSG00000064115.10	-1.07256702230273	4.04953293278356	-4.77817621382811	0.000114888223196856	0.005521968416303
ZNF627	ENSG00000198551.9	-1.07378169862048	1.52999077788318	-2.96864169692383	0.00759726939009042	0.042347317295217
GPRIN1	ENSG00000169258.6	-1.07456474581257	0.592744199633115	-3.1402272864352	0.00515568986393775	0.0337820396711512
SLC35A1	ENSG00000164414.17	-1.07495382061286	3.07177668758031	-3.4152878447604	0.002745309990298	0.0239909860608635
NOAZFP	ENSG00000109445.10	-1.07597112030556	3.41816627817211	-3.96411559612055	0.00076608680744162	0.0123090382394447
C17orf75	ENSG00000108666.9	-1.07670529668418	1.66849340526229	-3.06070126498609	0.00617426312267155	0.0375449369462137
HIBCH	ENSG00000198130.15	-1.07800567543541	2.07984896353447	-3.11966407994254	0.00540223330230272	0.0346984175552603
APIP	ENSG00000149089.12	-1.07902048436769	1.97880192227679	-2.925244878366	0.00837313796110822	0.0449082544716415
ALG11	ENSG00000253710.2	-1.07922365496417	0.110037404928179	-3.13172332994222	0.00525629432631929	0.0341474050424616
LINC01560	ENSG00000196741.5	-1.07939456448628	-1.27525098273202	-2.95033127623253	0.00791579649489155	0.0433533047364005
CARMIL1	ENSG00000079691.17	-1.07942882727935	0.3070719581342	-3.08009835746242	0.00590918216340943	0.0366622651248101
STX7	ENSG00000079950.13	-1.08040224201752	5.49841624892877	-3.39154376555192	0.00289979512024693	0.0248121599854172
KIF9-AS1	ENSG00000227398.3	-1.08145249617177	-0.517829921396963	-3.26624599727664	0.00386719108246447	0.0290661630196857
MARCHF7	ENSG00000136536.14	-1.0815756925905	5.72312940535637	-2.97180792706924	0.00754345711131248	0.0421251351766531
SPTLC1	ENSG00000090054.13	-1.08172388465619	3.85292308817247	-4.39461679730437	0.000280180300225167	0.00770734422406925
KIAA1143	ENSG00000163807.5	-1.08205298315933	3.03335292216689	-4.02859023539342	0.000658920037563863	0.0114689383896729
SCIMP	ENSG00000161929.14	-1.08205616035416	4.34864044547548	-3.07414463175504	0.00598935095987679	0.0370196064354193
HIGD1A	ENSG00000181061.13	-1.08206620198373	3.60798224002638	-2.95362315393745	0.00785759839298716	0.0431950599737102
CLN5	ENSG00000102805.14	-1.08241074473745	1.95221024516421	-4.0615062950695	0.000610119612449417	0.0110768110137357
BMF	ENSG00000104081.13	-1.08278498766137	3.67606073099398	-3.25131614240037	0.00400165712779439	0.0296657253672754
RNF34	ENSG00000170633.16	-1.08295177298776	4.11350449598422	-5.09221322097126	5.57544716376938e-05	0.00436369826758488
TTI2	ENSG00000129696.12	-1.08368233508082	2.50221422053477	-4.06010031125265	0.000612128281116175	0.0110768110137357
LYRM1	ENSG00000102897.9	-1.08403893271674	4.04528657004882	-2.95156714617124	0.00789389868113582	0.0433034779339751
ZNF106	ENSG00000103994.16	-1.08521899554824	5.87714811139185	-2.96265302046918	0.0077000643470906	0.0427588223337311
BTF3L4	ENSG00000134717.17	-1.08554828244281	3.41478465479676	-3.73446941727193	0.00130931948423529	0.0163478881578538
TIMMDC1	ENSG00000113845.9	-1.08931130249178	3.79393967220596	-4.65620519425161	0.000152417031606838	0.0060279439102207
MRPS31	ENSG00000102738.7	-1.08963559982252	2.53655932566183	-3.24895343063006	0.00402335094478387	0.0296678652828102
LAMTOR3	ENSG00000109270.12	-1.08971756311081	3.77212785453588	-3.7693052106668	0.00120722225543769	0.0155126298044573
ADNP	ENSG00000101126.15	-1.09214293945632	4.7495547825582	-4.14036317246939	0.000507403007021857	0.0101210623256481
ENSG00000271895	ENSG00000271895.2	-1.0948765505771	1.11211168171206	-4.26824574625473	0.000376321992911649	0.00869833677535945
RIMOC1	ENSG00000205765.8	-1.09509560436197	3.44161630718838	-4.42244845061354	0.000262571553839671	0.00753136373629246
CTR9	ENSG00000198730.7	-1.09511545845853	4.56133187325278	-4.32466652188432	0.000329863836781109	0.00829925221898117
MRPL44	ENSG00000135900.3	-1.09548008570389	3.50602874338534	-4.09471159889875	0.000564549384630286	0.0107157509251245
FAM241A	ENSG00000174749.5	-1.09651020081796	1.90347181031669	-3.70040949008431	0.0014174078029488	0.017024706431824
BPNT1	ENSG00000162813.17	-1.09676991121745	2.61265677125986	-3.10115072333558	0.00563395921710769	0.0357537537656529
SLC25A12	ENSG00000115840.13	-1.09777697391907	2.99664999840656	-3.72660252889075	0.00133353562435802	0.0164987307757958
ATP6V1A	ENSG00000114573.9	-1.09885479277035	5.49355707086043	-3.63132469128148	0.00166450829947926	0.0181787134205314
SRP54	ENSG00000100883.11	-1.09914798871593	4.6979451009566	-5.2580213174643	3.81873015469203e-05	0.00417459806551263
CCDC112	ENSG00000164221.12	-1.0995223021278	0.70436617423352	-3.13918145492249	0.00516796078602583	0.0337966775373244
PTCD2	ENSG00000049883.14	-1.09990863166655	1.41913526724435	-3.13958610605164	0.00516320958357913	0.0337850945236737
NORAD	ENSG00000260032.1	-1.10016477083194	5.72457659868981	-3.80070713601886	0.00112198056095481	0.0149318520629167
SLC30A9	ENSG00000014824.13	-1.10029664467993	3.21555733776988	-3.0381681483765	0.00649666292259687	0.0387893151456308
GOLPH3L	ENSG00000143457.10	-1.10364989204583	2.84466683275038	-3.90500621634408	0.000879534396270084	0.0130529911774513
ENSG00000274828	ENSG00000274828.1	-1.10385551864005	0.361216088209449	-3.27167636108424	0.00381938472070869	0.0288801836463424
MAN1A1	ENSG00000111885.6	-1.10549477930401	5.34679921753785	-3.55318536674696	0.00199556956558906	0.0201467898687377
ABHD18	ENSG00000164074.14	-1.10596351551525	2.53371211525071	-4.07287784245511	0.000594113811093826	0.0109340646530485
SDCBP2-AS1	ENSG00000234684.6	-1.10617761093683	0.466639113152951	-3.17251543220218	0.00479047250034595	0.0324494603511272
CEPT1	ENSG00000134255.13	-1.10635255254972	3.61460173442087	-3.6279586290648	0.00167758027710107	0.0182738633874626
ZBED1	ENSG00000214717.11	-1.10651031207765	5.18172829048145	-3.55861405854797	0.00197060525901008	0.0199083734585824
SPATA2	ENSG00000158480.10	-1.10739669580929	3.32063517971561	-4.20430973035241	0.000436957803654916	0.00944902822653944
WAC-AS1	ENSG00000254635.5	-1.10763610847656	3.50414389673807	-3.56828381833528	0.00192689871804321	0.0197150261343854
FBXL3	ENSG00000005812.10	-1.10787875904997	3.69270885115116	-2.95315000477129	0.0078659379136372	0.0431950599737102
HSD17B1-AS1	ENSG00000266962.2	-1.10846444219252	1.08490976982861	-3.08614916112633	0.00582877164866799	0.0364545209891269
COQ7	ENSG00000167186.10	-1.10901800778245	2.215604217141	-4.10498023525813	0.000551158158324722	0.0105513546262943
CCDC51	ENSG00000164051.13	-1.11159211594015	1.38881663987476	-2.89635522594924	0.00893130547193692	0.0465981155057579
ZNF124	ENSG00000196418.12	-1.11318464383116	0.169529118460555	-2.92755297538031	0.00833002031642423	0.0448072521393665
PSKH1	ENSG00000159792.9	-1.1134065554363	3.80257210621786	-3.18451260564411	0.00466128570384076	0.0320451605434897
CEP162	ENSG00000135315.11	-1.114171117646	1.74252585712618	-4.13819547519915	0.000509980728733576	0.0101446301295251
GOPC	ENSG00000047932.13	-1.1146847761688	2.76141735664563	-2.89940390258051	0.00887075708381389	0.046364155296421
SMC3	ENSG00000108055.9	-1.11596653838992	4.16529532600804	-3.51262789479223	0.00219220535201783	0.0210520175639448
DIS3	ENSG00000083520.14	-1.11624681273341	3.48324377110565	-2.9149821147698	0.00856746907497232	0.0455040818807454
PTRH2	ENSG00000141378.14	-1.1167733425259	2.39619311638114	-3.34829617181302	0.00320337726551289	0.026137008534533
ENSG00000279672	ENSG00000279672.1	-1.1177254175525	0.0781299628164507	-3.15307392998458	0.00500724804945091	0.0332377931144776
DDX1	ENSG00000079785.14	-1.11872048034798	3.89770044244235	-3.64892865035466	0.00159776698655315	0.017988589413825
SWSAP1	ENSG00000173928.2	-1.1187820533847	1.25853303950666	-2.90953777600916	0.00867231307924154	0.0457972597673006
KBTBD4	ENSG00000123444.13	-1.11934088150445	1.44877970146554	-3.59050133178442	0.00183006802706606	0.0191724319449288
ZNF468	ENSG00000204604.9	-1.11989649856601	1.49298651365434	-3.2703733846912	0.00383080261944929	0.0289220699043844
PIAS2	ENSG00000078043.15	-1.12016248898178	3.16635254314599	-3.44021093854098	0.00259184564924151	0.0231373277592947
ECHDC1	ENSG00000093144.18	-1.12022081122528	4.01630996878779	-3.53919404382372	0.00206135641929536	0.0204044326293569
OSGEPL1	ENSG00000128694.11	-1.12069080023838	0.539010732803757	-2.84910311127967	0.00992200948768936	0.0497617601217448
VSIG10	ENSG00000176834.13	-1.12099933019953	0.397797647063827	-3.02925362896395	0.00662865398103713	0.0393085306388542
H6PD	ENSG00000049239.12	-1.12140623427704	5.51544663768536	-3.4420280467021	0.00258099232216071	0.0230741651575361
CLIC4	ENSG00000169504.14	-1.12213496019874	3.55955182051104	-2.86743196612998	0.00952581702718893	0.0485422715056175
KRABD2	ENSG00000184619.3	-1.12302317840503	-1.11611589793718	-3.0879856944938	0.00580457598401347	0.0363957270705348
TMEM161B-DT	ENSG00000247828.7	-1.12345815266669	0.382723285991104	-3.23573808282172	0.00414682279474308	0.0301780271606028
ASTE1	ENSG00000034533.11	-1.12370852350884	1.72301187738553	-3.69730282461651	0.00142769593885636	0.017090666713317
SLC25A40	ENSG00000075303.12	-1.12504260913851	3.98998678313981	-3.04746224477012	0.00636175862376437	0.0383733376733805
SLFN12	ENSG00000172123.12	-1.12623581316667	1.93101019329281	-2.95346695257178	0.00786035058820169	0.0431950599737102
CPSF2	ENSG00000165934.12	-1.12710320622423	4.47453221664042	-4.41798706716371	0.000265317387476636	0.00754544246465346
ZNF778-DT	ENSG00000259877.2	-1.12942997920859	-0.269415902036398	-3.02097689146271	0.00675351949953371	0.0397139234315209
TMEM167A	ENSG00000174695.9	-1.13003564584792	5.24759195143055	-3.02997781883384	0.00661783539117941	0.039283529979675
SUOX	ENSG00000139531.12	-1.1310869475712	2.90487989910819	-4.56582952645869	0.000188030366726007	0.00659943354215706
MRM2	ENSG00000122687.17	-1.1312964875936	2.98505143829981	-3.13858408045922	0.00517498260775598	0.0338126353654176
MGME1	ENSG00000125871.13	-1.13158355394339	3.35127295872509	-6.07041824541033	6.22973475714483e-06	0.00248515905447183
ZNF852	ENSG00000178917.15	-1.1316616224532	-0.248536842795721	-3.03620222260464	0.00652555081991792	0.0388943571683366
MKKS	ENSG00000125863.18	-1.13206591153569	3.29811565882056	-3.91464280520245	0.000859957999308715	0.0130051025305293
AP1S1	ENSG00000106367.13	-1.13259150755924	2.79799858353009	-3.06155528094737	0.00616235363909059	0.0375232424558486
LSM6	ENSG00000164167.10	-1.13327728603954	3.23029604001113	-3.6158983210825	0.00172525440745932	0.0185122520895484
MRPL51	ENSG00000111639.7	-1.13378845303919	3.98406851412586	-3.50305238180468	0.00224134695378043	0.0213571859508064
LRRK1	ENSG00000154237.12	-1.1341718695148	4.53435289318671	-5.43600969336654	2.55118356657352e-05	0.00357836536908022
SLC39A9	ENSG00000029364.11	-1.13536081964983	4.55790932326543	-4.91427579994801	8.39067415639379e-05	0.00501402228940779
LPGAT1	ENSG00000123684.12	-1.13559732699262	6.03712641935744	-3.38989985394367	0.00291080102557498	0.0248487120517563
PIK3CA	ENSG00000121879.3	-1.13719884907216	3.62113221944629	-3.86987960770084	0.000954723854230508	0.0137015172232593
TXNRD1	ENSG00000198431.15	-1.1376857817301	5.24425272815033	-3.80950035711982	0.00109920108801834	0.0147896153684145
CNEP1R1	ENSG00000205423.11	-1.13809946737418	3.70983020118994	-2.84716450100358	0.00996482536013793	0.0498917307719253
TGS1	ENSG00000137574.10	-1.13900717169419	2.67587829742271	-3.80233065135006	0.00111773972200387	0.0149166711544097
TATDN3	ENSG00000203705.10	-1.13902767340424	2.49302219712586	-6.07299573745878	6.19475023965628e-06	0.00248515905447183
SMC6	ENSG00000163029.15	-1.13927704644468	2.93373595078505	-2.86988521838475	0.00947395294953694	0.0483692651453356
APTR	ENSG00000214293.8	-1.13982097188007	1.36630806489214	-3.30113465297472	0.00356993697359475	0.0278183855454428
ASNSD1	ENSG00000138381.9	-1.13983061481378	3.1983730917807	-3.02521025935788	0.00668937225839867	0.0395573455664921
ACBD6	ENSG00000230124.6	-1.14057289894652	4.13271517467535	-5.69923654135647	1.41348044873675e-05	0.00319934323120511
CCDC77	ENSG00000120647.9	-1.14114682766112	1.59804990167487	-3.69006936469767	0.00145193792890908	0.0172725254406298
ZNF148	ENSG00000163848.19	-1.14184763094449	4.15158651162448	-3.80480106214015	0.00111131720228853	0.0148640428476751
ATPSCKMT	ENSG00000150756.13	-1.14379809748803	0.887238222348182	-3.51140036148509	0.00219844527555851	0.0210982134377397
NANP	ENSG00000170191.4	-1.14467876309785	-0.0302023041011524	-2.96839532517436	0.00760147212692873	0.0423547484309053
NRAS	ENSG00000213281.4	-1.1470188641481	3.91903211213077	-3.29480576479996	0.00362214897509533	0.0279471609369613
DNAJB14	ENSG00000164031.16	-1.14836625525629	3.65603460236388	-3.00778872445185	0.00695718846587022	0.0403060984042893
ZNF844	ENSG00000223547.9	-1.14936839627445	1.64379216870656	-3.48439745182366	0.00234021870968694	0.0219311924793519
STK35	ENSG00000125834.12	-1.15046514732356	4.54907300849703	-3.93698713078674	0.000816220112098311	0.0126914625639947
TNPO1	ENSG00000083312.17	-1.15048051706738	5.17974428737202	-3.88323179121856	0.000925417681410947	0.0135202296927145
TRIM22	ENSG00000132274.15	-1.15055131849386	7.1921533260674	-3.53072556310241	0.00210220874023767	0.0206581897509374
CD58	ENSG00000116815.15	-1.15404964627368	4.19705280852399	-3.15163635606545	0.00502365046061484	0.0333104585798181
ZNF254	ENSG00000213096.10	-1.15421794685957	1.78958900834239	-2.88352604648141	0.00919047569670915	0.0475668931539388
COQ3	ENSG00000132423.11	-1.15536151173008	0.791031119600779	-3.04791270167334	0.00635528953251116	0.03834998916593
INSR	ENSG00000171105.13	-1.15545068686624	3.1896018509131	-3.02629901423566	0.00667297002515548	0.0394761673632445
ZNF701	ENSG00000167562.12	-1.15913440825779	1.97607178128439	-3.97508138254128	0.000746704370659228	0.012191766051914
ADAM17	ENSG00000151694.12	-1.15915472486616	3.58461029217071	-3.36844126760839	0.00305827728588485	0.0254741381149325
ASB7	ENSG00000183475.12	-1.1592516440799	3.19451079232223	-4.56118143639541	0.000190074149426556	0.00662306581330589
CIPC	ENSG00000198894.7	-1.1619494960412	2.4793482470089	-4.0130597438932	0.000683280133588771	0.0116648998848176
ZNF780B	ENSG00000128000.15	-1.16443059738281	2.07524383969302	-3.1962202750431	0.00453848775537495	0.0316161031281579
SLC26A2	ENSG00000155850.7	-1.16456264561348	1.03716742495092	-3.24031697394008	0.00410362918817096	0.0299552753795269
VPS25	ENSG00000131475.6	-1.16859796516652	4.3361942101944	-3.62082478529964	0.00170562058916836	0.0184027484620796
ATP5PB	ENSG00000116459.10	-1.1698848064486	5.79772029372914	-4.25197615408725	0.000390900764802809	0.00886281918354756
PPID	ENSG00000171497.4	-1.1699182954952	3.45465022082198	-3.68435277165334	0.00147138427993441	0.0174157516585977
AASDHPPT	ENSG00000149313.10	-1.17019330059543	2.46951180473863	-3.22406015360847	0.00425899987277719	0.0305525321365331
SMUG1	ENSG00000123415.15	-1.17046639704674	3.1078026739348	-3.9260804969293	0.000837285217438454	0.01286305942571
CHKA	ENSG00000110721.11	-1.17066278571432	3.61494831579027	-4.53650426445551	0.00020130614791449	0.00672669688379759
ITPRIPL2	ENSG00000205730.6	-1.17125806539308	1.32487751854247	-3.23556581628622	0.00414845644368991	0.0301780271606028
USP10	ENSG00000103194.15	-1.17139093606188	6.59983105800217	-3.29104171210486	0.00365355478460666	0.0280316767630491
ENSG00000272630	ENSG00000272630.1	-1.17200980342895	-0.854326867953273	-3.08219236528534	0.00588123355517003	0.0365965460684274
ENSG00000278834	ENSG00000278834.1	-1.17208393879905	-0.481270133499348	-3.28370500510068	0.00371553607823095	0.0283710876951313
CYB5RL	ENSG00000215883.10	-1.17246580111751	1.01320944777897	-3.06514430095625	0.00611254641395824	0.0373747112068948
ZNF436	ENSG00000125945.14	-1.17387896942645	0.96382078413373	-4.53802112244029	0.000200596818317099	0.00672669688379759
SLF1	ENSG00000133302.12	-1.17408571113359	2.41637460834608	-3.53359865820132	0.00208826015952998	0.0205759145224716
MPHOSPH10	ENSG00000124383.8	-1.17443040114197	2.64036884268311	-3.01520277857469	0.00684197207970236	0.0399160110262478
SLC30A5	ENSG00000145740.18	-1.17456215690537	2.76558348666539	-3.61839458389924	0.00171527810999944	0.0184467562288211
PAPSS1	ENSG00000138801.8	-1.17876689677156	4.66851845708044	-4.05427895264355	0.0006205155730645	0.0111285660491276
NFYC-AS1	ENSG00000272145.1	-1.17886092400339	-1.06561926181837	-3.04459698643487	0.00640305646218038	0.03844959860935
CLCN4	ENSG00000073464.11	-1.18074021178937	0.993097319982111	-3.34657474044679	0.00321608448798715	0.0261718052044605
ZC3H4	ENSG00000130749.9	-1.18117966980463	4.06166320648105	-5.15601737660623	4.81842918583002e-05	0.00431430134116629
WASHC4	ENSG00000136051.13	-1.18122086980814	4.79580290546969	-2.95373348301093	0.00785565500538733	0.0431950599737102
CCZ1	ENSG00000122674.11	-1.18159337222655	1.70395366587708	-3.5654970366103	0.00193939571948953	0.0197417109101141
C6orf62	ENSG00000112308.12	-1.18170102734146	6.68323972507977	-4.43557464358476	0.000254657561288277	0.0074392611318266
PCTP	ENSG00000141179.13	-1.18371621489316	4.55935564608335	-2.98965157418656	0.00724699495256275	0.0413072763825433
BLZF1	ENSG00000117475.13	-1.18396529252889	2.08235811748873	-3.73136047334885	0.00131883700917863	0.0164131823401994
CEP97	ENSG00000182504.10	-1.18497950477794	2.08669845306255	-4.22263930058376	0.000418635872965472	0.00925009803139276
NAA20	ENSG00000173418.11	-1.18542078479649	2.48832745956985	-3.21852788961778	0.0043131695213223	0.0307315098146353
TMEM33	ENSG00000109133.12	-1.18561142283733	5.01191652989203	-3.01785443875192	0.00680121370844879	0.0398040897449263
C6orf120	ENSG00000185127.6	-1.18619186771716	2.33490953965287	-3.7881088416497	0.00115543662797846	0.015172815506194
GPN3	ENSG00000111231.8	-1.18624391644779	2.39163706200418	-3.36369160944094	0.00309189654265782	0.0255809377632452
CDC40	ENSG00000168438.14	-1.18665553106583	3.63062529079979	-4.26374193287231	0.000380302247238755	0.0087145115842337
ZNF557	ENSG00000130544.11	-1.18832696180967	1.41831843861641	-3.91291347324385	0.000863438845568552	0.0130310402460039
E2F3	ENSG00000112242.14	-1.18949428688572	4.04710930484991	-3.31088834915292	0.00349090865261136	0.0275391831707877
TP53INP1	ENSG00000164938.13	-1.19012242401709	5.50961528423991	-3.14679657142279	0.00507925603726698	0.0335285416413509
TMEM186	ENSG00000184857.7	-1.19073688784551	1.55262896725232	-3.79124269698068	0.00114702293144873	0.0150895871939522
OSBPL9	ENSG00000117859.18	-1.19171143404334	6.09718350784235	-3.76192005228076	0.00122818536906664	0.0156952519891113
TMEM69	ENSG00000159596.6	-1.19219050971043	3.36801206221851	-5.14796889040537	4.90784873412451e-05	0.00431430134116629
EXOC1	ENSG00000090989.17	-1.1929199151226	4.04788751064169	-4.01836845480955	0.00067485373202664	0.0115958569088629
MTDH	ENSG00000147649.9	-1.19410822461889	4.90734612306021	-3.12884228984838	0.00529080824967672	0.0342510218268546
CAMK1D	ENSG00000183049.12	-1.19423735348852	5.60114785757806	-3.54813533389562	0.00201907243496766	0.0202044129763544
CLP1	ENSG00000172409.5	-1.19614275160932	3.20647885676082	-4.06165996302771	0.000609900473342294	0.0110768110137357
ZNF57	ENSG00000171970.12	-1.1963030609099	-0.40630154071972	-2.87053944848269	0.00946016769898376	0.0483345666609874
QTRT2	ENSG00000151576.10	-1.19706265055451	2.40344681576212	-3.95771729286358	0.000777626973486018	0.0123416926114555
C5orf24	ENSG00000181904.8	-1.19774275876286	2.27265958196392	-3.13952843789897	0.00516388643362526	0.0337850945236737
TOR1AIP1	ENSG00000143337.18	-1.19796494308823	5.37108074336191	-3.16712179925314	0.00484968026224306	0.032699895403531
NIF3L1	ENSG00000196290.14	-1.19813109474682	2.36347807005569	-3.73881828964517	0.00129612025969905	0.0162400127615942
PSMC1	ENSG00000100764.13	-1.19913323309922	3.44590701066244	-4.01988556850571	0.000672464767661529	0.0115887732626444
ZBTB3	ENSG00000185670.7	-1.19992841946661	1.06998497377266	-3.07654660903236	0.00595688160483261	0.0368870302707513
EDRF1	ENSG00000107938.17	-1.2009108287886	2.66392230565352	-2.94324318712608	0.00804252108021052	0.0437940689873724
NXPE3	ENSG00000144815.15	-1.20141368758909	3.6772147407054	-4.17109335158624	0.000472232742864079	0.0099017610554913
PEX2	ENSG00000164751.14	-1.2014927548369	3.50056558322434	-3.22771146888471	0.00422361154092072	0.0304473851517391
YIPF5	ENSG00000145817.16	-1.20238023662264	3.47934813221036	-4.74536731379123	0.000123953037508034	0.00568031151137136
NFE2L3	ENSG00000050344.8	-1.20245740299631	2.34817708851873	-3.51516409878728	0.0021793682549293	0.0210204201833223
WDR5B	ENSG00000196981.3	-1.20256064356071	1.33750173490397	-3.74531322242572	0.001276652811125	0.0160917126321136
BIK	ENSG00000100290.2	-1.20556794075201	1.37996242828127	-3.06038816617433	0.00617863494866891	0.0375449369462137
ZNF93	ENSG00000184635.14	-1.20563995662742	0.600743705844972	-2.87861947094813	0.00929149186175446	0.047868209382023
ZNF217	ENSG00000171940.13	-1.20622440234888	5.02934243279274	-4.15907852497809	0.000485683157332061	0.0100603141538434
CWC22	ENSG00000163510.13	-1.20825670869884	3.4045584683765	-4.73882890875836	0.000125844299743796	0.00568031151137136
CSTF3	ENSG00000176102.11	-1.2084253478193	2.40625811462952	-3.43998969373038	0.00259317017112766	0.0231373277592947
TCEANC2	ENSG00000116205.12	-1.21240196037413	3.02236112955489	-5.62294194631418	1.67603928759388e-05	0.00326408764393466
SPAST	ENSG00000021574.11	-1.21260212718577	3.28090179971466	-3.60780898102982	0.00175797890844011	0.0186636259604556
ZCCHC3	ENSG00000247315.3	-1.21343796424143	3.29763186762535	-5.18145230114079	4.54658766124912e-05	0.00431430134116629
UTP23	ENSG00000147679.11	-1.21409973239132	1.56719301252312	-3.0459756244911	0.00638315346965695	0.0383907261322653
TBCA	ENSG00000171530.13	-1.21456545903804	3.87225792452624	-3.49561498423068	0.00228026260624585	0.0216163622788624
CDC50A	ENSG00000112697.15	-1.2152297654304	5.64059423429425	-3.45968364137386	0.00247783621401112	0.0225063769346487
TBK1	ENSG00000183735.9	-1.21538253463093	3.68435402418933	-4.02963944695501	0.000657305939275532	0.0114689383896729
OMA1	ENSG00000162600.11	-1.21592018823713	2.52583619730619	-5.43278401607745	2.56982878809284e-05	0.00357836536908022
MTFMT	ENSG00000103707.9	-1.21785709159197	2.16243019088019	-5.25983192633225	3.80303402201737e-05	0.00417459806551263
MTERF1	ENSG00000127989.13	-1.2191867776122	1.09298876228459	-2.9903476177265	0.00723566132353938	0.041303662984693
ZCRB1	ENSG00000139168.7	-1.2199429434673	2.75078937995306	-2.99045533436454	0.00723390890947778	0.041303662984693
MMUT	ENSG00000146085.7	-1.22043365341421	2.88435566797508	-4.66139573428753	0.000150591926406469	0.00602367705625878
TSFM	ENSG00000123297.17	-1.22069711254425	2.40111200322177	-3.78367014927798	0.00116745846528101	0.0152627873760388
PPCS	ENSG00000127125.8	-1.22158421441574	3.7346118040707	-4.09113217048274	0.000569293365861875	0.0107315071265917
MCFD2	ENSG00000180398.11	-1.22232812971536	3.684155721602	-4.82738068814123	0.000102534352020839	0.00532771851102384
ZSCAN30	ENSG00000186814.13	-1.22365213660868	2.58037486372091	-3.84280056674734	0.00101702325135871	0.0141883394991064
KCTD18	ENSG00000155729.12	-1.22376788534495	2.39587856744137	-3.96278738214777	0.000768468283520101	0.0123090382394447
RAB10	ENSG00000084733.10	-1.22462808378261	6.02946055816668	-3.24458237212814	0.00406378777196743	0.0297970727840234
FAS	ENSG00000026103.21	-1.22503627053279	4.26709422968017	-3.0138546152133	0.00686278491163718	0.0400058077787381
CDK7	ENSG00000134058.11	-1.22535886574854	2.63904540352492	-4.20002983495184	0.0004413504125199	0.00948747455174319
ERH	ENSG00000100632.10	-1.22554059703128	4.07705056695559	-2.98440115516857	0.00733304065370939	0.0414219977224457
ELAC1	ENSG00000141642.8	-1.22719611939935	0.33840876989475	-2.93220368862077	0.00824378788441223	0.0445804364003538
APOOL	ENSG00000155008.13	-1.22724275607415	1.38828948890128	-3.22618047396091	0.00423841482120255	0.0304868434507552
BRF2	ENSG00000104221.12	-1.22750484695252	1.04859854043552	-4.30710947021939	0.000343667572527911	0.00835777461891087
AASDH	ENSG00000157426.13	-1.22808780806351	1.88128008970577	-4.46212933186547	0.000239373864758654	0.00722188275318135
ZNF304	ENSG00000131845.14	-1.22905238206876	1.02906533165953	-2.96389888191919	0.00767856948632975	0.04267600736824
KIN	ENSG00000151657.11	-1.22910552501981	2.68336023986299	-4.70563038602154	0.000135907208716475	0.00579911939279586
PRICKLE1	ENSG00000139174.11	-1.22928622552297	-1.07900775907914	-3.19556573198704	0.00454526914250744	0.0316405460899553
PSMD10	ENSG00000101843.18	-1.22952452929993	2.88967220215305	-3.85307300097932	0.000992927795450542	0.013971033613775
ZNF605	ENSG00000196458.10	-1.22988790763127	0.861179842568948	-4.15531580292792	0.000489973854442952	0.0100603141538434
ANKRA2	ENSG00000164331.9	-1.23018138186967	1.80766195565063	-3.47412801947137	0.00239646582157428	0.0222244460983218
UBE2J1	ENSG00000198833.6	-1.23105243902264	6.36718604264382	-3.2784706906125	0.00376038281343547	0.0285806190843838
SPPL2A	ENSG00000138600.9	-1.23120005375085	4.8232831951161	-3.2541401942356	0.00397587711027113	0.0295637008300261
COA5	ENSG00000183513.8	-1.23137101721569	2.886342894009	-4.6222214114803	0.000164931416187514	0.00625977922040192
CRLS1	ENSG00000088766.11	-1.23380305953173	3.08632209001708	-3.97768939756687	0.000742167068956143	0.0121518541211199
ZSWIM1	ENSG00000168612.4	-1.23646831340085	2.52295895872003	-3.82854761449802	0.00105142124541876	0.0144627880939609
ZNF576	ENSG00000124444.15	-1.23685977383465	1.71034550873693	-4.11863442469889	0.000533842730902905	0.0103814475732897
EGLN1	ENSG00000135766.8	-1.23916702467415	5.50884196274659	-2.92536049170444	0.00837097308767633	0.0449082544716415
SLC39A1	ENSG00000143570.17	-1.23923757890972	5.38294901319623	-3.27192479707017	0.0038172114673239	0.0288796593515939
ZBED10P	ENSG00000188707.5	-1.24073239345752	2.03380559895448	-4.13957612087611	0.000508337419502442	0.0101255874653928
STAM2	ENSG00000115145.9	-1.24074593044619	3.46994550389902	-3.65212595185586	0.00158593233181161	0.017954452618725
HYLS1	ENSG00000198331.10	-1.24121580261234	1.1204068156699	-2.94464812745844	0.00801724864130069	0.0437508707269859
DHX33	ENSG00000005100.12	-1.24246244542113	2.16089634341092	-2.93792350204658	0.00813890954311411	0.0441655532560163
RIC1	ENSG00000107036.11	-1.24350423136636	4.07372393952532	-4.21756763551159	0.000423626941451633	0.00931853003848898
POLR2B	ENSG00000047315.15	-1.2438760944661	5.078469192139	-4.4367044808018	0.000253987691473843	0.0074392611318266
POLD3	ENSG00000077514.8	-1.24519622753089	3.62541408096051	-6.08894818831845	5.98266362284187e-06	0.00248515905447183
PIGF	ENSG00000151665.12	-1.24524026966539	1.05425089445424	-3.97934258854038	0.000739305177086538	0.0121371733967589
ZNF45	ENSG00000124459.11	-1.24596348859952	1.43116930035508	-3.46183458999069	0.00246554921043036	0.0224638928061432
TM2D1	ENSG00000162604.12	-1.24662334660478	2.73677209299897	-4.39285263211669	0.000281335703243554	0.00770734422406925
GTF2H2C	ENSG00000183474.15	-1.24727604288762	0.765178715152732	-3.43245924900199	0.00263865117756301	0.0234194175471017
DPM1	ENSG00000000419.12	-1.24781358949927	3.0735246317455	-3.65265229675996	0.00158399242020396	0.017954452618725
GPSM2	ENSG00000121957.12	-1.25003466409743	1.68402097115164	-4.04501255383657	0.00063410390678934	0.0112492471925609
ZFP3	ENSG00000180787.5	-1.2504967782179	1.05196062659636	-4.62683491853635	0.000163173432636253	0.00624378419617444
ZNF765	ENSG00000196417.12	-1.25090076495207	1.1719929749055	-3.42581868586353	0.0026794070918785	0.0236323709441507
MRPL15	ENSG00000137547.8	-1.25173690472051	2.64460216294939	-3.13429181497367	0.00522570910283356	0.0340480780969405
GAB1	ENSG00000109458.8	-1.25348307398615	2.83747170639363	-3.0554133804928	0.00624850159840351	0.0378497495214591
TMEM128	ENSG00000132406.11	-1.2536328989598	1.56891041950977	-3.23206381757937	0.00418180319543018	0.0303011365559889
ENSG00000213865	ENSG00000213865.7	-1.25481471424579	0.444376727149852	-5.04748783467304	6.17723848843286e-05	0.00453612139747607
FAM98A	ENSG00000119812.18	-1.25630964893635	2.46274034959947	-2.93834589661387	0.00813121563928276	0.0441400304655438
ZNF12	ENSG00000164631.18	-1.25641375254924	2.56454386469905	-3.53207539208877	0.00209564406208627	0.0206211375709289
ZNF320	ENSG00000182986.12	-1.25646424711531	1.08754524942746	-3.40150094704507	0.00283399942645256	0.0245336255333958
DCP2	ENSG00000172795.15	-1.25665503704161	5.40606861469588	-3.3056103284503	0.00353345845314256	0.027711927082032
ZNF268	ENSG00000090612.20	-1.2570848445523	1.15799726680036	-3.01076784486028	0.00691066873129904	0.040158059241722
THUMPD3-AS1	ENSG00000206573.8	-1.25894848487168	2.28000613265466	-4.27049445002885	0.000374350371740497	0.00867806779888767
PARP4	ENSG00000102699.5	-1.2599813799963	6.29595201214247	-4.1477776129058	0.000498684313465008	0.0101107989853946
ZNF226	ENSG00000167380.16	-1.26119825026841	2.17300225381701	-3.66263539249779	0.00154763971627758	0.0177906247759012
LINC01160	ENSG00000231346.5	-1.26176319681768	-0.300462948969099	-3.1013216280339	0.00563177660934107	0.0357537537656529
PGGT1B	ENSG00000164219.9	-1.26179534959458	2.99611453277777	-4.23673855567151	0.000405068324577387	0.0091140373029912
SLC38A2	ENSG00000134294.13	-1.26321624241674	5.82825219454882	-2.85262030859189	0.00984477859387674	0.0495306231102213
NEK6	ENSG00000119408.16	-1.26516086864003	4.16777847222038	-3.36173888796838	0.00310582319634747	0.0256530220358638
TRIM34	ENSG00000258659.6	-1.26545275201842	3.45461729891856	-3.63780831270503	0.00163961249789146	0.0180857624912697
ZEB1-AS1	ENSG00000237036.4	-1.26574004262583	1.38834605513728	-3.6379388593776	0.00163911502423344	0.0180857624912697
ICAM5	ENSG00000105376.4	-1.26635515228528	0.364875218651329	-3.34310749924828	0.00324182890061803	0.0262044877180296
RNPC3	ENSG00000185946.15	-1.26646608508096	2.52269306873642	-4.06253794053951	0.000608649936009764	0.0110768110137357
LAPTM4B	ENSG00000104341.16	-1.26688366924351	1.54108941345167	-3.00704088963675	0.00696891349103972	0.0403060984042893
FBXO38	ENSG00000145868.16	-1.26833731991179	4.98503894858922	-3.72357587752621	0.00134297016739355	0.0165031640328494
ZNF321P	ENSG00000213801.4	-1.26876090664294	0.211315789435054	-3.89745876288069	0.000895176131438186	0.0131996000999277
PECR	ENSG00000115425.13	-1.26942465602685	3.37269235777642	-3.17185975919112	0.00479763233774543	0.0324830519748269
ENSG00000280063	ENSG00000280063.1	-1.2695049418761	0.541261624669161	-3.2870436379995	0.00368720459995097	0.0282131362857835
CACNA1D	ENSG00000157388.15	-1.27009082167568	-0.241900448578988	-3.19863798731137	0.00451352435589804	0.03151627142247
ARHGAP19	ENSG00000213390.10	-1.27025108488104	4.49750816495644	-4.79862150886602	0.000109581664778524	0.00551796504494873
MAT2A	ENSG00000168906.12	-1.27162731682375	5.35554768006418	-4.16135681658788	0.000483103491927815	0.0100572743876651
ZNF2	ENSG00000275111.4	-1.27301352612419	0.509425154328658	-3.8454620704025	0.00101072507480845	0.0141259730319306
ZKSCAN4	ENSG00000187626.8	-1.27369597963852	1.27258483428632	-4.53281682201396	0.000203041076547713	0.00672669688379759
NSL1	ENSG00000117697.14	-1.273770727796	3.1505480644949	-5.10144889697342	5.4587943960098e-05	0.00436369826758488
TCL1A	ENSG00000100721.10	-1.27399900965495	3.83663572324647	-3.57592709335234	0.00189302965456034	0.0195392431477697
PRMT5	ENSG00000100462.15	-1.27509380301735	3.97280675640162	-4.31956773387634	0.000333814212859817	0.00832186402877841
CHMP5	ENSG00000086065.13	-1.27571801941373	4.12821724323172	-3.16692480533756	0.00485185614757075	0.032699895403531
ZHX1	ENSG00000165156.14	-1.27593115915007	1.98550888198613	-2.90562727250873	0.0087483789204156	0.0460698606240307
NBN	ENSG00000104320.13	-1.27887092744836	4.37695063707805	-3.79359111564797	0.00114075785302678	0.0150585441578377
UHRF1	ENSG00000276043.4	-1.27929069809684	2.22041061062196	-3.02453482082253	0.00669956740150753	0.0395700739680877
PWWP2A	ENSG00000170234.12	-1.28069377962179	2.80366699336412	-4.84143562571217	9.92590145540843e-05	0.00527085347947464
SPRTN	ENSG00000010072.15	-1.28103898188227	1.6402657188705	-5.11816758971582	5.25389745875325e-05	0.00436369826758488
DARS2	ENSG00000117593.9	-1.28271483130615	2.27305236605993	-3.03965823954966	0.00647484949772376	0.038726657090555
HDGFL3	ENSG00000166503.8	-1.28584678512766	2.75756260068785	-3.77547542006838	0.00118998035052492	0.0154206408900332
APC	ENSG00000134982.16	-1.28602078849985	3.37189955814732	-4.72966867349443	0.000128543144586023	0.00572019543182017
CEBPZ	ENSG00000115816.14	-1.28762681689464	2.88926442004326	-3.23385135825536	0.00416474934080947	0.0302512069815625
TMX1	ENSG00000139921.12	-1.28835122057244	3.51390719338323	-3.07451669379446	0.00598431031883554	0.0370160641561193
SUCLA2	ENSG00000136143.14	-1.2883581433177	2.31888269198669	-3.35718585323466	0.0031385342218646	0.0257851403254793
DERA	ENSG00000023697.12	-1.28931579916277	3.0542722796798	-4.51699907218679	0.000210655983150243	0.0068789431665876
ZCCHC9	ENSG00000131732.11	-1.28937952766879	2.34721281449462	-4.05826689112186	0.00061475754058075	0.0111062684197942
CBX3	ENSG00000122565.18	-1.28977417892487	5.45062300876802	-4.02867386598169	0.000658791235918074	0.0114689383896729
CCDC88A	ENSG00000115355.15	-1.29021877456383	3.73168727277573	-3.69939814343888	0.00142074892550334	0.0170489871060401
VTA1	ENSG00000009844.15	-1.29400896341957	3.54231340267164	-4.53964809148187	0.0001998387987435	0.00672669688379759
ACTL6A	ENSG00000136518.16	-1.29426086003388	2.97897904508904	-4.01273191393526	0.000683803921027135	0.0116648998848176
SPA17	ENSG00000064199.6	-1.29439782233547	-1.60806117140656	-2.86225068589302	0.00963625013060914	0.0488598598171731
ZNF174	ENSG00000103343.12	-1.29526165964695	2.39432405156446	-4.74460968416526	0.000124170704053719	0.00568031151137136
PCNA	ENSG00000132646.10	-1.29566698159942	4.57131871111375	-3.01675775037626	0.00681804226211304	0.0398398881611105
SAMD9	ENSG00000205413.7	-1.29581197132371	4.26277342307821	-3.91034348664651	0.000868637722231212	0.0130402967933386
ZNF551	ENSG00000204519.10	-1.29673809461946	0.528464849665115	-3.58524257552123	0.00185254416057491	0.0193370083291763
MIR600HG	ENSG00000236901.6	-1.29828340712213	1.93733306186951	-3.37903573027192	0.00298457266331835	0.0251871312238873
ZNF225	ENSG00000256294.7	-1.30054324232672	0.33902506208353	-3.65539944738731	0.00157390547263798	0.0179208265435068
CCNJ	ENSG00000107443.15	-1.30125267941316	0.982556871210507	-4.27637643936055	0.000369242042470923	0.0086643168472164
FERRY3	ENSG00000047621.11	-1.30324166415362	1.96917410171772	-3.58289993100121	0.00186264423760248	0.0193370083291763
UNC119B	ENSG00000175970.10	-1.30355296498769	3.19736405170088	-5.52381372804522	2.09333280065427e-05	0.00329195536944173
USP6NL	ENSG00000148429.14	-1.30370557074292	2.36770689566188	-3.60982621214248	0.00174976149350411	0.0186607988778586
RMDN1	ENSG00000176623.11	-1.30459839155508	3.21504776910512	-4.59191025826573	0.000176966963418807	0.00644946266681873
RBM12B	ENSG00000183808.11	-1.30615719395494	1.76921387029059	-3.22357746885617	0.00426369959868281	0.0305526129403064
SPTSSA	ENSG00000165389.6	-1.30892740356974	2.95802132645806	-4.65574223090625	0.000152580901122822	0.0060279439102207
VPS4B	ENSG00000119541.9	-1.31341160134398	4.59343523015668	-4.20098965670766	0.000440361479071102	0.00948747455174319
RNF6	ENSG00000127870.16	-1.31538517426142	3.13317641698983	-3.9492651201005	0.000793137664821801	0.0125303855402113
LYSMD1	ENSG00000163155.11	-1.316535147205	1.39650029975127	-3.08073437042531	0.00590067975597457	0.0366557378780238
RBM33-DT	ENSG00000216895.9	-1.3171172956974	0.546270368525025	-3.98686580128868	0.000726419913215031	0.0119932415201945
ZNF189	ENSG00000136870.10	-1.31737024128638	2.00039770814436	-3.73723065946944	0.00130092350269881	0.0162863705681378
GET1	ENSG00000182093.14	-1.31829426368224	2.40170002089911	-4.76821156905583	0.000117568089056838	0.00556187498230427
CCDC121	ENSG00000176714.9	-1.3189465734412	-0.832451334962794	-3.30075747509198	0.00357302788874305	0.0278183855454428
FSAF1	ENSG00000143633.12	-1.31901045609969	1.88942239423237	-4.61918852999394	0.000166097507687251	0.00625977922040192
NLN	ENSG00000123213.22	-1.31929354616932	1.79382677835618	-3.21030591163178	0.0043949180521223	0.0310259838507121
DLD	ENSG00000091140.13	-1.32078838432864	4.3405229892894	-3.94628959346053	0.000798671171932746	0.0125905305976751
ERCC4	ENSG00000175595.14	-1.32397422904507	0.436638153328493	-3.22510372447669	0.00424885625495665	0.0305329768666675
CCNY-AS1	ENSG00000271335.5	-1.32459458157993	-1.03942365817686	-2.93359880743039	0.00821808778288576	0.0444865377842662
RNF32-DT	ENSG00000182648.11	-1.3258899500086	-0.169011477185064	-2.92939421890515	0.0082957771708613	0.0447045166272044
ENSG00000271533	ENSG00000271533.1	-1.32693391885048	1.29728988133148	-2.8524238529249	0.0098490771564024	0.0495306231102213
LINC01547	ENSG00000183250.11	-1.32883192823068	1.04219425108075	-3.18545230326282	0.00465131133169621	0.0320211545036549
SNX14	ENSG00000135317.12	-1.32961005289994	3.92623515054749	-3.54868532826174	0.00201649957373739	0.0202044129763544
TCAIM	ENSG00000179152.19	-1.33164471163793	3.10194576704032	-3.80057336738152	0.00112233069422908	0.0149318520629167
GALNT2	ENSG00000143641.9	-1.33383192052056	5.32510273027898	-2.89637262914046	0.00893095871150463	0.0465981155057579
ABHD6	ENSG00000163686.14	-1.3348751333356	1.80858622621284	-3.83702135578022	0.00103083382586024	0.0142786212153731
RNF32	ENSG00000105982.16	-1.33714635468735	-0.729661323092763	-3.68218481568421	0.00147882634092243	0.0174619814336121
DCAF13	ENSG00000164934.13	-1.33989624161655	2.60027255617024	-3.07437200918409	0.00598626999597946	0.0370160641561193
IPO11	ENSG00000086200.16	-1.34010377735323	2.42253475218019	-3.5885398215273	0.00183841994570037	0.0192174776193608
MRPL35	ENSG00000132313.14	-1.34083189088275	2.53489947533651	-3.58357725170437	0.00185971846492175	0.0193370083291763
GJD3-AS1	ENSG00000266208.1	-1.34171027327881	-1.08845836556635	-3.01675222165109	0.0068181272015559	0.0398398881611105
MAP3K5	ENSG00000197442.9	-1.34265589859665	5.31354621251498	-4.47074154209889	0.00023461814431833	0.00719356267155619
SNX11	ENSG00000002919.14	-1.34280381674412	5.17476490656709	-4.05454347848869	0.000620131971047853	0.0111285660491276
ZNF347	ENSG00000197937.12	-1.34520049305245	0.270814667137045	-3.25792850135117	0.00394154904971805	0.0293824565524436
DGKH	ENSG00000102780.16	-1.34570590643453	2.479799340374	-2.98961753509033	0.00724754964782217	0.0413072763825433
NUP42	ENSG00000136243.16	-1.34717017478605	2.64224204648764	-4.34681110825919	0.000313244724568999	0.00813995094126483
TIMM21	ENSG00000075336.11	-1.34763085140936	1.58336111925697	-3.280181074172	0.00374567068103665	0.0285421266144042
ZNF780A	ENSG00000197782.14	-1.34944619752449	2.8161642205795	-3.67121245288641	0.00151706704958389	0.0176731725744737
ENSG00000264112	ENSG00000264112.1	-1.34951387722979	3.84595802895522	-6.21041799546179	4.59348990484747e-06	0.00242142539269817
SDR42E1	ENSG00000184860.9	-1.35056480996794	-0.141995565871474	-3.04610873098139	0.0063812350209895	0.0383907261322653
FBXO8	ENSG00000164117.13	-1.35291763009041	2.09735845457053	-4.99514305306	6.96600804057764e-05	0.00476010549439472
DICER1-AS1	ENSG00000235706.7	-1.35360250503715	1.65049554682823	-3.80651766252411	0.0011068760187753	0.0148382319494901
EBNA1BP2	ENSG00000117395.12	-1.35401931524604	2.94213219228672	-3.44601352850772	0.00255734375001328	0.0229057764239043
RAB11FIP2	ENSG00000107560.10	-1.3544993305263	1.9899703323969	-3.71031844031517	0.00138508112983741	0.0168588802638012
ZNF597	ENSG00000167981.5	-1.35482274732363	1.00228987627905	-4.28726611427895	0.000359968652132493	0.00858342052580872
HSPA14	ENSG00000187522.14	-1.35737727831924	1.7718037639048	-3.23432120394964	0.00416027809071275	0.0302342218704678
SMIM14	ENSG00000163683.11	-1.35928130289798	3.99113339053448	-4.79675059957651	0.000110056767461716	0.00551796504494873
DICER1	ENSG00000100697.14	-1.359367866355	5.43326681966415	-3.36746433572881	0.0030651628589076	0.0255170918203475
PPIP5K2	ENSG00000145725.19	-1.35969295041769	3.86002202593964	-3.57018317768397	0.00191842681900182	0.0196719604027399
CCP110	ENSG00000103540.16	-1.36006534236229	2.7690066584395	-3.73167478774981	0.00131787167895004	0.0164131823401994
XRN2	ENSG00000088930.7	-1.36014806189834	6.01777343762786	-4.19177912067922	0.000449943703808835	0.00962488270756291
TXNDC9	ENSG00000115514.11	-1.36173133612742	2.0887749691229	-3.368670968511	0.00305666051934865	0.0254741381149325
LAMC1	ENSG00000135862.5	-1.364955059441	2.27625177611766	-2.92126082968304	0.00844806952752454	0.0451041904962644
MIS18BP1	ENSG00000129534.13	-1.36570494680008	3.50675635877699	-4.07711126295776	0.000588262946970648	0.0109079913282497
ZNF613	ENSG00000176024.17	-1.36588606958021	0.845212420317296	-3.61544863357857	0.00172705766445177	0.0185122520895484
FTX	ENSG00000230590.8	-1.36871940858368	3.55911418591758	-4.41574012787793	0.000266711228288171	0.00757049563371809
BRCC3	ENSG00000185515.14	-1.36929652209446	2.07148127373107	-4.14380744032562	0.00050333404845127	0.0101107989853946
ZNF175	ENSG00000105497.7	-1.36955053800838	1.6856100567498	-3.52284347541695	0.00214094859571495	0.0208308512015509
CCDC82	ENSG00000149231.11	-1.37065691500294	2.25251629444714	-2.89184053665507	0.00902169910579156	0.0469204646939688
SLX4IP	ENSG00000149346.14	-1.37131676642831	1.68085946002582	-4.59699137249431	0.000174889246961778	0.00642130667949216
XRCC4	ENSG00000152422.15	-1.37221196867382	1.57069577289043	-2.90174335070766	0.00882456186130339	0.0462468600702481
MYCBP	ENSG00000214114.8	-1.37293655759232	2.69666899112934	-4.84546169706367	9.83404611396611e-05	0.00525907683486014
ERLIN2	ENSG00000147475.14	-1.3743179703509	3.72155061352452	-4.41857833461899	0.00026495182722914	0.00754544246465346
ZNF700	ENSG00000196757.7	-1.37666914777399	3.31034485065417	-4.62542418760212	0.000163708975875305	0.00624378419617444
ENTPD1	ENSG00000138185.18	-1.37700826785048	6.23259025381753	-3.9246399569356	0.000840107675229299	0.01286305942571
KLF13	ENSG00000169926.10	-1.37871687811561	6.76789182402596	-4.76881473474079	0.000117404090902842	0.00556187498230427
TCFL5	ENSG00000101190.12	-1.3790894713695	1.57704624138879	-4.66856808484842	0.000148106252592255	0.0059708989124193
UBA3	ENSG00000144744.16	-1.37984024845541	4.424695178189	-4.27052993002552	0.000374319346769208	0.00867806779888767
ZNF486	ENSG00000256229.7	-1.3806312098479	1.34345757061591	-4.14574686699755	0.000501057258207882	0.0101107989853946
ENSG00000240527	ENSG00000240527.1	-1.38325245090003	-0.179407963984331	-4.48933046686908	0.000224675084893522	0.00707079798087077
RWDD3	ENSG00000122481.16	-1.38343261917212	1.11893121392592	-3.59251918864567	0.00182151527810249	0.0191220238298668
MMADHC	ENSG00000168288.12	-1.38512561884673	5.66192908373945	-3.77052687433077	0.00120378889423197	0.0155126298044573
PLPP6	ENSG00000205808.5	-1.38834052918765	1.38477544877068	-4.0938912282098	0.000565633155591229	0.0107157509251245
LCMT2	ENSG00000168806.7	-1.38961512495734	1.06677215277643	-3.6461669902068	0.00160805940522213	0.0180219869560202
TTC9	ENSG00000133985.2	-1.39332511190337	3.46315551839153	-5.27995821023208	3.63292050149382e-05	0.00408494358967848
LMBRD2	ENSG00000164187.6	-1.39374290484807	1.90657054496408	-3.46386068140116	0.00245403023500829	0.0224427788352558
APH1B	ENSG00000138613.13	-1.39376527423764	4.27016694948094	-3.03217643675678	0.00658509494278076	0.0391130790162753
PUS7L	ENSG00000129317.14	-1.39617105485248	2.06334241533929	-3.23889106040103	0.00411703285979926	0.0300382624867212
PLAGL1	ENSG00000118495.18	-1.39711024793818	3.06220197187345	-3.63749682806378	0.0016408000741482	0.0180857624912697
RMDN2	ENSG00000115841.19	-1.39922133510498	-0.0700507390663042	-3.77930522030034	0.00117940159061047	0.0153509413381045
FEM1B	ENSG00000169018.5	-1.40007418653161	3.62818282149129	-4.37739034123414	0.000291669728415076	0.00792826002100648
TASL	ENSG00000120280.5	-1.40141927607492	3.36163138693772	-4.19979587738209	0.000441591803323006	0.00948747455174319
VRK2	ENSG00000028116.16	-1.40147682165159	1.96848563152933	-3.2471281560104	0.00404018866978957	0.0296971256575953
NMI	ENSG00000123609.10	-1.40200052971403	4.97501429688838	-2.87669532714135	0.00933139600194346	0.0480235024367802
CPNE8	ENSG00000139117.13	-1.402323270837	1.85671653626371	-3.33999684100162	0.00326509731331138	0.0263195840377865
ACOT13	ENSG00000112304.10	-1.40458531725427	2.63293527234434	-4.88028951601334	9.07453624420175e-05	0.00517143455461073
MRPS23	ENSG00000181610.12	-1.40492581455706	2.54302703938603	-3.2407262095514	0.00409979021562587	0.0299420601596427
LARP7	ENSG00000174720.15	-1.40673948440586	3.01903270704965	-3.5846071309013	0.00185527846115645	0.0193370083291763
BLM	ENSG00000197299.10	-1.40706974654621	2.3447967241279	-3.63412041340133	0.00165372779308326	0.0181075832536416
EMC2	ENSG00000104412.7	-1.41051919119433	2.64151304287409	-3.6592662367	0.00155981502480989	0.0178610316262172
WDR12	ENSG00000138442.9	-1.41104116616775	2.1003666142654	-2.87454149184206	0.00937625861112805	0.0481368963826957
TLNRD1	ENSG00000140406.3	-1.41106706269872	3.23590526367131	-4.58087022930946	0.000181567625566512	0.00652526369496575
ADCY3	ENSG00000138031.14	-1.41158126414127	3.1599251634874	-3.34513090776309	0.00322678059064938	0.0261832223848185
SDHAF4	ENSG00000154079.5	-1.41343089566603	0.604351797681452	-3.86017240159352	0.000976607734141106	0.0138337141611542
SH3RF3	ENSG00000172985.10	-1.41466149659046	2.2268823298333	-3.21499593384055	0.00434810349805294	0.0309142618647695
ZNF684	ENSG00000117010.15	-1.4159593072125	-0.285839063600247	-3.38033990344271	0.00297562090807458	0.025161436630562
SEPHS2	ENSG00000179918.18	-1.41822120376666	5.61093411581779	-3.86473624188937	0.000966257572338082	0.0137398475604143
UBLCP1	ENSG00000164332.7	-1.42190822075282	4.1918613613799	-3.70543917664868	0.00140090678198641	0.0169525901591172
RRM2B	ENSG00000048392.11	-1.42434262720527	3.6395888318687	-4.10421911740561	0.000552139728951331	0.0105564538851317
ARL6IP6	ENSG00000177917.10	-1.42448084398412	3.3929327261079	-4.81357064101207	0.000105859271243626	0.00544419109252936
CARD8-AS1	ENSG00000268001.1	-1.42454032975305	2.96180844838933	-3.06735523348576	0.00608205804802424	0.0373113785489766
ZNF763	ENSG00000197054.11	-1.42537618445246	0.839492327313408	-3.48763076423058	0.00232277976301926	0.0218336660689374
NFYB	ENSG00000120837.7	-1.42634015787391	1.40013767998679	-2.98525410532817	0.00731899548366102	0.0413819640893148
FBXO45	ENSG00000174013.7	-1.42653710042371	1.69014636433277	-3.67269950022358	0.00151182764210263	0.0176524149999032
TEFM	ENSG00000172171.10	-1.4278273741556	0.252034829604739	-3.14754344444991	0.00507063615894235	0.0335016068513827
GCNA	ENSG00000147174.11	-1.42997076863821	0.961343523795307	-3.07342611463432	0.00599909696324478	0.0370333212787507
ZNF28	ENSG00000198538.10	-1.43037242969364	0.682224128544946	-3.40066065028282	0.00283949493286509	0.0245478865917937
CYB561D1	ENSG00000174151.14	-1.43386028749769	3.90559098542638	-3.12770454852896	0.00530449853282302	0.0343095522981892
F2RL3	ENSG00000127533.3	-1.43407794416591	0.0325299866764306	-2.97195937424017	0.00754089238902496	0.0421251351766531
DTX4	ENSG00000110042.7	-1.43582919198815	3.00900883445733	-3.14642893666131	0.0050835042437009	0.0335415836553533
ALG14	ENSG00000172339.9	-1.43586970627603	0.0313707931445032	-3.77028650732865	0.00120446365465722	0.0155126298044573
GSTZ1	ENSG00000100577.18	-1.43608015919052	2.11364686088485	-4.28998231380753	0.00035769226421028	0.00855660120280822
UBTD2	ENSG00000168246.5	-1.43918304614104	1.52053803218108	-3.47292682812035	0.00240313116347708	0.0222244460983218
ZNF132	ENSG00000131849.11	-1.43921600415565	-0.647658118809836	-2.91430997723392	0.00858034650629138	0.0455233337285625
LYPLAL1	ENSG00000143353.11	-1.44016681587461	1.96544898282048	-3.48100825104198	0.00235863673148768	0.0220350989380252
ENSG00000261136	ENSG00000261136.1	-1.44063875309247	-0.982099117558705	-3.95932829557174	0.000774705097427151	0.0123348294074586
JRK	ENSG00000234616.8	-1.44131983753652	3.35164905180243	-4.95646295314888	7.61396127361361e-05	0.00495298883175772
NUDT13	ENSG00000166321.13	-1.44700101460144	-0.249298047787994	-3.6424182519278	0.00162213553208382	0.0180737046666513
ZNF546	ENSG00000187187.13	-1.44700418719782	0.220262579861862	-3.55894657850215	0.00196908618780929	0.0199066521452501
THAP5	ENSG00000177683.13	-1.44726816961075	2.31142615637345	-3.56052041872171	0.00196191197256887	0.0199063620686149
FAAP24	ENSG00000131944.9	-1.44748939078475	0.60116601623428	-3.04591937597947	0.0063839643407129	0.0383907261322653
PSMC3IP	ENSG00000131470.14	-1.44760865090065	0.253377986924441	-3.1702637417248	0.00481510410414479	0.0325714649757916
IPP	ENSG00000197429.10	-1.44781127907209	1.00431743146928	-5.38807824808148	2.8430308484937e-05	0.00378046264178081
CBR4	ENSG00000145439.11	-1.44782159894535	2.55816606777679	-5.80508221707367	1.11714173688224e-05	0.00305352074747812
ENSG00000271151	ENSG00000271151.1	-1.44846962853935	-0.715438589241052	-3.05395982098304	0.00626905952497379	0.0378885822026345
UNC50	ENSG00000115446.11	-1.44905111961236	3.07951523647508	-4.77861876933029	0.000114770647747716	0.005521968416303
ZMPSTE24	ENSG00000084073.8	-1.45090077081307	4.08974792213703	-3.76963724078549	0.00120628815821907	0.0155126298044573
GALNT7	ENSG00000109586.11	-1.45153994363757	3.16386814022653	-4.67581931389035	0.000145635380078064	0.00595451027687597
C7orf25	ENSG00000136197.12	-1.45228269805381	2.28628594290732	-3.23045403796821	0.00419721939038857	0.0303830103983008
PRMT6	ENSG00000198890.7	-1.45260148888623	1.16724225387855	-2.97688452441039	0.00745794274610864	0.0417875770591801
ZNF33A	ENSG00000189180.15	-1.45284706143846	4.60007467291486	-4.77185575407412	0.000116580770193588	0.00555074892921727
ZBED5	ENSG00000236287.7	-1.45729003682041	3.65730457394159	-3.99386904251832	0.000714626671117248	0.0118966945043286
ATG4C	ENSG00000125703.14	-1.45754866991062	1.6138579548759	-3.48109298628725	0.00235817451908189	0.0220350989380252
PDCD6	ENSG00000249915.7	-1.45858821672022	4.66738714256987	-4.54742600196709	0.000196254722307865	0.0066860760801004
ABCD3	ENSG00000117528.11	-1.45941274274606	2.43935071310105	-3.7440112558396	0.00128053185722639	0.0161139121281995
UMPS	ENSG00000114491.13	-1.46312839160898	2.2453629010973	-4.04997066109962	0.000626796721477115	0.0111937833021949
PGBD4	ENSG00000182405.5	-1.46332818243997	0.390571483316427	-3.10652283605808	0.00556574327061602	0.0354401944237672
ENSG00000212978	ENSG00000212978.6	-1.46360227715605	0.516210999165146	-3.40580107967588	0.00280603967283923	0.0243477910117048
PIGBOS1	ENSG00000225973.3	-1.46424936876784	1.56360604984998	-4.18413120408895	0.000458058846443993	0.009727983559012
ADM2	ENSG00000128165.8	-1.46569532807436	0.49060006227858	-3.16642595679586	0.00485737039785125	0.032699895403531
SOCS6	ENSG00000170677.5	-1.46715362884377	-0.104864829250253	-3.22939943550378	0.00420734890690025	0.0303847551021359
ENSG00000271976	ENSG00000271976.1	-1.46773150982815	0.465082934460548	-3.00370025648692	0.00702152340061847	0.0404551151919135
ZDHHC12	ENSG00000160446.18	-1.46876422732964	4.74486675542309	-3.386008223758	0.00293701883530868	0.0249669926223424
DHFR	ENSG00000228716.6	-1.46890616969014	2.3277006417334	-3.32974306023709	0.0033429614720313	0.0267581948628969
DSE	ENSG00000111817.16	-1.46974814954583	4.27601665785851	-4.04637302428712	0.000632090434908095	0.011227021443133
LRP6	ENSG00000070018.8	-1.47152448668348	0.534259837853313	-3.53452241856379	0.00208379480487934	0.0205456321443013
TTC32	ENSG00000183891.5	-1.473300714073	1.00321803994378	-3.93282753224251	0.000824190947856417	0.0127516335328729
KLHL12	ENSG00000117153.15	-1.47731523321982	4.25999629608518	-5.33914299003355	3.17621704719144e-05	0.00391049678313832
DHTKD1	ENSG00000181192.11	-1.47842548915268	4.21610450843521	-6.14409805313492	5.30512909739567e-06	0.00248515905447183
SPTLC2	ENSG00000100596.6	-1.47860620884517	6.50276147872096	-2.97629206126682	0.00746787430525779	0.0417875770591801
LIG4	ENSG00000174405.13	-1.48062392891627	1.97871694632036	-3.12996204966787	0.00527736783130716	0.0342246391097201
COL9A2	ENSG00000049089.13	-1.4806892206015	4.66405528736495	-3.74547530897695	0.00127617071091935	0.0160917126321136
DNAAF10	ENSG00000243667.6	-1.48143562135442	0.650960495717237	-3.40036267888382	0.00284144616363373	0.0245478865917937
BKGD	ENSG00000182919.14	-1.48171332538607	2.95365726382057	-4.73655838454896	0.000126507865672127	0.0056811214520696
ENSG00000268573	ENSG00000268573.1	-1.48283507722419	-0.219006464198839	-3.33977448948401	0.00326676679926997	0.0263195840377865
SGMS1-AS1	ENSG00000226200.6	-1.48470639874974	0.733059191733599	-4.27153109231895	0.000373444957881621	0.00867806779888767
ZNF407-AS1	ENSG00000264247.1	-1.48487358409722	1.98061549041179	-4.52610756300615	0.00020623652792486	0.00675554520353309
CUL3	ENSG00000036257.12	-1.48599172957259	4.91267039112198	-4.61888838568675	0.000166213359848496	0.00625977922040192
ARV1	ENSG00000173409.13	-1.48629497659603	1.37086735498912	-4.11675005120713	0.000536199616049284	0.0103821642762974
CCNE2	ENSG00000175305.17	-1.49153302859209	-0.78330607835832	-3.67850538540016	0.00149154229746744	0.0175419635941191
ATP6V1E2	ENSG00000250565.6	-1.49173143298477	1.19169912744542	-4.80474337388558	0.000108041530224813	0.00551796504494873
LXN	ENSG00000079257.7	-1.49248326537363	1.35541080661683	-4.17720844665737	0.000465530914031579	0.00984417806748726
METTL18	ENSG00000171806.11	-1.49399604980971	0.592067727073707	-3.88964777370828	0.000911655677687153	0.0133890923409576
SLC35A5	ENSG00000138459.8	-1.49489484937754	3.17502794389734	-5.37274688469868	2.94339844630344e-05	0.00386823236015519
SYCP2	ENSG00000196074.12	-1.49561356241819	0.758803741659559	-2.85624919830116	0.00976569888063967	0.0492792189669202
ZNF440	ENSG00000171295.12	-1.4959798195012	1.22197903513085	-5.34866781707927	3.10838108115647e-05	0.00391049678313832
RNF170	ENSG00000120925.15	-1.49643073572123	2.02920832720212	-4.60793910431316	0.000170495904481519	0.00633996927704905
CHAMP1	ENSG00000198824.5	-1.49693343640317	2.28745627202432	-3.32687252483384	0.00336508312985998	0.0269060817967136
UFL1	ENSG00000014123.9	-1.49768179600783	2.48692210239592	-3.11865129886169	0.00541466726478728	0.0347377299564718
THAP1	ENSG00000131931.8	-1.49855973224286	1.32452254498666	-4.07145579823705	0.000596092192578742	0.0109567041888563
WDR35	ENSG00000118965.14	-1.49859913816712	1.13177877377249	-3.81827275704834	0.00107693339993448	0.0146502645004911
TMEM38A	ENSG00000072954.6	-1.49931953105217	2.5236528383179	-3.34635176849365	0.00321773402384989	0.0261718052044605
KTI12	ENSG00000198841.3	-1.49979555113647	1.48371284884626	-3.56687581589113	0.00193320278143072	0.0197194699750638
LHFPL2	ENSG00000145685.13	-1.50445443569177	3.28986410224345	-4.7768996093398	0.000115228067223667	0.005521968416303
KCNMB4	ENSG00000135643.4	-1.50702868508617	-0.359633635772688	-3.68997714774534	0.00145224959836189	0.0172725254406298
SLC35B3	ENSG00000124786.9	-1.50735566423452	2.41662980923532	-4.92421583601772	8.20071595663007e-05	0.00500533443228665
ENSG00000228302	ENSG00000228302.2	-1.5074866450095	0.887740910395219	-3.29378762466143	0.00363061781870286	0.0279686424864583
GTF2H2	ENSG00000145736.14	-1.50757904642491	0.163603294677991	-2.93200231659935	0.00824750382664119	0.0445804364003538
DBR1	ENSG00000138231.12	-1.50864485383201	1.78811853410117	-4.79379143464262	0.000110812485856668	0.00551796504494873
ENSG00000277203	ENSG00000277203.1	-1.50888743176444	3.14358799671357	-4.26659476114153	0.000377776177362379	0.00869887110431936
IRAG2	ENSG00000118308.15	-1.50903943886247	5.7758641915732	-4.51537924159661	0.000211451869834451	0.00688969006348013
UGDH	ENSG00000109814.11	-1.51361185920314	1.60244085895844	-3.09363664224725	0.00573073575421933	0.0361014339446339
B3GNT2	ENSG00000170340.10	-1.51452778489832	3.78021317730186	-3.42767264032051	0.00266796680028411	0.0235944817089236
ZFP69B	ENSG00000187801.14	-1.51745661968059	-1.2561999659687	-3.12380916665204	0.00535163203310009	0.0345048761350872
USP6	ENSG00000129204.16	-1.51908664440324	-1.80091734754082	-2.8630271998878	0.00961962179559627	0.0488090813691994
RNF146	ENSG00000118518.15	-1.52940652665822	4.49693029527359	-3.59094358585475	0.00182819013350662	0.0191724319449288
HS2ST1	ENSG00000153936.16	-1.53067800104091	3.11171518986574	-3.37589428358387	0.00300624386774962	0.0252401362275224
TM9SF2	ENSG00000125304.8	-1.53136647613131	6.18224486976528	-3.99303248285544	0.000716025303375637	0.0118966945043286
TRMT61A-DT	ENSG00000260285.1	-1.53224716079019	0.0592050582222942	-4.42178187079606	0.000262979987002216	0.00753136373629246
MFAP3	ENSG00000037749.11	-1.53437960424203	1.58190376376442	-5.1343509705181	5.06300686796057e-05	0.00431965210237561
GMFB	ENSG00000197045.12	-1.53455271997935	3.65791748435342	-3.77725825902192	0.00118504408805892	0.0153836857869391
ENSG00000260822	ENSG00000260822.1	-1.537634131325	4.05084942111651	-4.25089019987501	0.000391893799062162	0.00887170624870784
TMEM44-AS1	ENSG00000231770.5	-1.53830130620099	0.0719079765143616	-3.57986437549989	0.0018758126071221	0.0194158443766636
EDEM3	ENSG00000116406.18	-1.54024938233412	3.40736089908134	-4.31399616312272	0.000338185250600751	0.00835777461891087
CALCRL	ENSG00000064989.12	-1.54082179443189	-0.153679047280181	-3.52348251291492	0.00213778174903578	0.0208291400076821
TIGD7	ENSG00000140993.10	-1.54317607287668	-1.71702089270522	-3.4916906036022	0.00230106392233572	0.0217020469608148
UTP14C	ENSG00000253797.2	-1.54553496232325	1.77361686253993	-5.20944828780715	4.26535991523612e-05	0.00431430134116629
ENSG00000261799	ENSG00000261799.1	-1.54595343623097	1.56469177102361	-4.77903412229093	0.000114660410097005	0.005521968416303
ZNF543	ENSG00000178229.7	-1.54730718508747	-0.450621724308141	-3.88292505385205	0.00092608077366764	0.0135202296927145
SLC71A2	ENSG00000148110.15	-1.55010248725773	5.210059654776	-4.47312427616367	0.000233319270704964	0.00719356267155619
LRRC40	ENSG00000066557.5	-1.55839679165688	1.44315083941401	-2.85432220338441	0.00980761530754926	0.0494062805254017
TRMT5	ENSG00000126814.6	-1.55935300491828	0.889174455612186	-3.37451484673704	0.00301580855249459	0.025262959270613
GIN1	ENSG00000145723.16	-1.56136991117249	0.310785463430082	-3.27491373165012	0.00379115951737572	0.0287403772349592
FBXO30	ENSG00000118496.4	-1.56242403717074	3.17981432817259	-3.35683963271727	0.00314103538653197	0.0257851403254793
ASF1B	ENSG00000105011.8	-1.56614241312742	3.40087522194483	-4.6619036900968	0.000150414508720804	0.00602367705625878
NDUFAF1	ENSG00000137806.8	-1.56853689756183	2.93458777976843	-3.43476195008376	0.00262466120656454	0.0233232988614646
ENSG00000275964	ENSG00000275964.1	-1.56897448440925	-0.231924689534792	-3.07293926667484	0.00600570932112414	0.0370586411286757
TRMT10A	ENSG00000145331.13	-1.56897944470364	0.13850559287372	-3.37690740673801	0.0029992380604137	0.0252243611234794
SLC35E3	ENSG00000175782.9	-1.57005051197296	2.9518997321236	-6.25311619321334	4.18790283420133e-06	0.00242142539269817
MFN1	ENSG00000171109.18	-1.57043749262878	3.84457303002468	-3.89337425273441	0.000903756257103218	0.0132862971661788
NHLH1	ENSG00000171786.5	-1.57304188671816	-0.416575818259043	-3.08704912610633	0.00581690274801956	0.0364177480845268
KRCC1	ENSG00000172086.7	-1.57373754772762	2.8257389232695	-4.59390634129135	0.000176147790777528	0.00644946266681873
NPTN	ENSG00000156642.16	-1.57453055034268	5.04262298398462	-4.0522488943147	0.000623467363645085	0.0111679348148076
PNOC	ENSG00000168081.8	-1.57499205891175	0.598697488214879	-2.98770286548012	0.00727881680388638	0.0413357679607167
ENSG00000280157	ENSG00000280157.1	-1.58051673229224	-1.53748124322137	-3.21466788821273	0.0043513620984526	0.0309225347006068
KCTD3	ENSG00000136636.12	-1.58055530185836	0.859172261786805	-3.93543321826034	0.000819188770966215	0.0127008679196022
NMNAT1	ENSG00000173614.13	-1.58095096879672	2.10906553282531	-3.40630627759676	0.00280277266306081	0.024334661474575
ISL2	ENSG00000159556.9	-1.58157126960271	-0.238521512105154	-2.90532508344656	0.0087542836072937	0.0460698606240307
NLRX1	ENSG00000160703.15	-1.58274680834881	4.2870021808245	-3.39077058496323	0.00290496643202007	0.024829579828354
FADD	ENSG00000168040.4	-1.58643565826884	2.44800185427943	-2.90006065805196	0.00885776526157582	0.0463318415760838
ZNF20	ENSG00000132010.15	-1.58665525158531	1.1826165904456	-4.00403443881909	0.000697847563586348	0.0117459541079762
ZNF439	ENSG00000171291.8	-1.58786382282713	0.358309999196908	-3.09486141096641	0.00571485232556215	0.0360504478405153
TVP23B	ENSG00000171928.13	-1.5880110053788	1.62858662218401	-3.54587397016503	0.00202968509718163	0.0202693856795676
PIK3CD-AS1	ENSG00000179840.5	-1.58801883927032	1.29788285299747	-2.9124429935506	0.00861621357094863	0.0456090267044644
MDM2	ENSG00000135679.22	-1.58835818077683	5.26559213743017	-4.75561066992619	0.000121047737749059	0.00567195114024164
ENSG00000261094	ENSG00000261094.2	-1.59035125538667	-0.203097676525097	-4.26547215380579	0.000378768187454512	0.00870812842185141
HPS6	ENSG00000166189.7	-1.59598482214922	2.97580073841275	-4.42482088735134	0.000261123064663239	0.00753136373629246
AGGF1	ENSG00000164252.12	-1.59626512135583	2.97547162395446	-5.20619014120721	4.29715737901681e-05	0.00431430134116629
JDP2-AS1	ENSG00000259319.1	-1.59801048142584	-0.442446676488302	-3.15355862033865	0.00500172957696208	0.0332377931144776
WBP4	ENSG00000120688.8	-1.6003753132653	2.15846416958126	-4.54630684178215	0.000196766412994763	0.0066860760801004
PGM2	ENSG00000169299.13	-1.6031195499707	4.5032944258626	-3.84909550847629	0.00100218947771461	0.0140611375390376
SAP30L	ENSG00000164576.11	-1.60855921463296	3.98094646965182	-3.2631723336398	0.00389450856371417	0.0291643563675399
CALM2	ENSG00000143933.16	-1.60889175071437	7.70124583538601	-4.96630456938277	7.44351043876417e-05	0.00495298883175772
ZNF180	ENSG00000167384.10	-1.61079500179465	0.8061493937936	-4.39763955702751	0.000278211692504916	0.00770734422406925
TMEM60	ENSG00000135211.5	-1.61220474462334	2.58140563554503	-4.67831876969738	0.00014479337425748	0.00594291497084713
AP5M1	ENSG00000053770.11	-1.61384805866779	3.40233346053091	-5.58017702370136	1.84451380950694e-05	0.00326408764393466
PISD	ENSG00000241878.11	-1.6237886419699	6.21770513143305	-2.90625818752996	0.00873606335312315	0.0460350928568717
FASTKD1	ENSG00000138399.17	-1.62451750098989	1.72596164784963	-2.87627675574136	0.0093400983495275	0.0480515342067013
OLFML2A	ENSG00000185585.19	-1.62553802892163	-1.07834443289459	-3.25475544995211	0.00397028214237849	0.0295449868354015
UACA	ENSG00000137831.14	-1.62635321142666	0.0605809776933314	-3.58282789335959	0.00186295568049381	0.0193370083291763
ZBTB6	ENSG00000186130.4	-1.62907196988972	1.32316458277305	-4.14601632004204	0.000500741750597902	0.0101107989853946
USP1	ENSG00000162607.12	-1.6290935129154	3.28591499481481	-3.55029278811995	0.00200899842842788	0.0201994664874629
PEX12	ENSG00000108733.9	-1.62951106693297	0.418382013711117	-4.80761589681367	0.000107326435819784	0.00550047983576391
SCRN3	ENSG00000144306.14	-1.63447943849959	1.42998825594762	-5.58234955971786	1.83555153747599e-05	0.00326408764393466
APBB2	ENSG00000163697.16	-1.63659680411304	1.21300438315765	-3.6765529107152	0.00149833385853804	0.0175672537660158
SAPCD2	ENSG00000186193.8	-1.63728685192969	0.625081071633139	-3.16649146239988	0.00485664595430944	0.032699895403531
ENSG00000271971	ENSG00000271971.1	-1.65143265169736	-0.976295853673974	-3.94245459601289	0.000805859806583635	0.0126145256240435
C1D	ENSG00000197223.11	-1.6522653985215	2.71166253985328	-4.79224483232721	0.000111209549014576	0.00551796504494873
DHFR2	ENSG00000178700.7	-1.65558316474216	0.665015532909528	-4.84742598124179	9.78954376618939e-05	0.00525907683486014
IKBIP	ENSG00000166130.14	-1.65912901527012	3.20291720815718	-3.95243756889649	0.000787280034334083	0.0124680829471792
PRDX3	ENSG00000165672.6	-1.65960190917801	4.99483199321267	-4.91841678680191	8.31100176028301e-05	0.00500533443228665
FICD	ENSG00000198855.6	-1.66004192865054	0.166536526101425	-4.14360484009149	0.000503572487724721	0.0101107989853946
ENSG00000279519	ENSG00000279519.1	-1.66211162595964	-0.717280423149474	-3.51377378450855	0.0021863961897992	0.0210427644840199
ENTPD1-AS1	ENSG00000226688.6	-1.66329001543917	2.29264154928262	-5.07083590487177	5.85527311943029e-05	0.00440937914504036
LYPLA1	ENSG00000120992.17	-1.66403173656789	4.16990116271877	-3.93567871718615	0.000818719045012576	0.0127008679196022
MTNAP1	ENSG00000141219.15	-1.66434693049089	2.01899056543063	-5.14576412538228	4.93263712731415e-05	0.00431430134116629
ZNF845	ENSG00000213799.11	-1.66455161205683	0.397670421193269	-3.03925720709797	0.00648071323136581	0.0387425383940702
LINC00467	ENSG00000153363.12	-1.67135927535182	0.191276828122221	-3.83560953324186	0.00103423589391019	0.0142933724663993
GOLPH3-DT	ENSG00000272086.1	-1.67280247787998	-0.639245295823132	-2.8788441265646	0.00928684349374159	0.0478609671674671
TMEM177	ENSG00000144120.12	-1.6745970514108	-0.32610449284922	-3.12061533467422	0.00539057993921152	0.0346537281806455
COA7	ENSG00000162377.5	-1.67660021157782	1.12057113969178	-3.84093884189384	0.00102145201049431	0.0142143626684527
ZNF813	ENSG00000198346.10	-1.6792303386375	0.148605771834763	-3.72251104080185	0.00134630513521535	0.0165045380363609
TRMT1L	ENSG00000121486.11	-1.68781463696267	3.20415136326431	-4.83537239811013	0.000100658777820971	0.00530615557370546
GINS3	ENSG00000181938.13	-1.68827860224444	0.148489505788423	-3.08362423811371	0.00586219619799124	0.0365484192544546
TXNDC17	ENSG00000129235.10	-1.69225822790409	2.28716358675213	-3.55168554532355	0.00200252143488161	0.0201807448981649
POU2AF1	ENSG00000110777.11	-1.69402718873378	4.54406305836987	-3.29515128440125	0.00361927934889741	0.0279471609369613
TMEM70	ENSG00000175606.10	-1.69649604868517	3.10173292603978	-3.50511035225829	0.00223069475372849	0.0213160601040183
ZNF441	ENSG00000197044.10	-1.70284320967751	0.060290576363645	-2.99029385824673	0.00723653607577346	0.041303662984693
APOBEC3B	ENSG00000179750.15	-1.70716411817515	2.16698099658008	-3.29083496042267	0.00365528752958677	0.0280316767630491
NUP37	ENSG00000075188.8	-1.71046854577691	1.91287225890257	-3.90738845532686	0.000874654053211737	0.0130402967933386
CD59	ENSG00000085063.14	-1.71197558431596	5.97760092823506	-4.00030842949966	0.000703951613610281	0.0117804147583761
HCG11	ENSG00000228223.2	-1.71750774211888	0.12031415435297	-5.91225638055027	8.81493862642273e-06	0.00282844552447825
KLHL8	ENSG00000145332.13	-1.71754187763855	3.62428590559836	-3.45110250160371	0.00252745673114117	0.0227609892322414
ITGB3BP	ENSG00000142856.16	-1.72126308728876	1.02873565842089	-2.88681818716677	0.00912328899698391	0.047348715047638
ZNF302	ENSG00000089335.20	-1.72383510946539	1.12858496206978	-3.04433285084154	0.00640687655557865	0.0384568922164867
DNAJC3-DT	ENSG00000247400.3	-1.72432511470879	0.182929519774036	-3.00168120018431	0.00705350614463232	0.0405885967620947
ERI2	ENSG00000196678.13	-1.72581589722593	-0.0878765351377672	-2.85655909164163	0.00975897405190948	0.0492632890145737
ENSG00000279259	ENSG00000279259.1	-1.73846577806447	-1.49697954424882	-2.90286057076406	0.00880258260319402	0.0461960321069577
TMEM165	ENSG00000134851.12	-1.74341613155229	3.81615684020559	-4.22399029897258	0.000417316317982778	0.00924863191205075
FAM216A	ENSG00000204856.11	-1.74370799960735	0.65115756931633	-3.06219359745114	0.0061534666663653	0.0375054244150326
MIRLET7IHG	ENSG00000257354.2	-1.74576497636468	0.896845930538624	-4.62639286928553	0.000163341053253305	0.00624378419617444
TMEM185B	ENSG00000226479.3	-1.74833610037849	2.89215438476911	-4.40219788399798	0.000275269310741318	0.00769502845935956
LINC01963	ENSG00000260804.3	-1.74963479765425	1.36677831206797	-4.92383061664541	8.20799578641325e-05	0.00500533443228665
DPY19L3	ENSG00000178904.18	-1.75178702230891	4.00377057527497	-3.94596512001963	0.000799276908538049	0.0125905305976751
ST3GAL6	ENSG00000064225.12	-1.75272308378681	2.09013063613643	-4.08021170431186	0.000584014507476972	0.0108839067302527
ZNF665	ENSG00000197497.10	-1.75474954337351	-1.82092949548917	-3.1296527478932	0.00528107704716861	0.0342246391097201
ZBED8L	ENSG00000221909.2	-1.75529186380627	-0.173307580931929	-3.62403148623872	0.00169295947183322	0.0183871094954071
DCPH1	ENSG00000146476.10	-1.75854045951858	2.63841626113787	-4.31889306588322	0.000334340472158916	0.00832186402877841
TRMT10C	ENSG00000174173.6	-1.7597911571578	1.76419488037336	-3.65483732404825	0.00157596428546557	0.0179208265435068
JKAMP	ENSG00000050130.17	-1.76007230830786	3.41593759357981	-5.10852216631131	5.37113406892117e-05	0.00436369826758488
ZNF624	ENSG00000197566.9	-1.76256408491456	-0.792741884753939	-4.11652790109717	0.000536478156055809	0.0103821642762974
STAG3	ENSG00000066923.17	-1.76638871865976	2.30331655423808	-4.5423326384164	0.000198594354350399	0.00670767201421486
GTF2IP12	ENSG00000283050.1	-1.7678463549269	1.25589380953662	-4.63130750534852	0.000161487212381474	0.00622337142232521
TMED8	ENSG00000100580.7	-1.77068089261106	4.79919861575679	-4.01962709357376	0.000672871184694192	0.0115887732626444
MAIP1	ENSG00000162972.10	-1.77281895538672	1.79350582788337	-5.31462805909647	3.35783716310144e-05	0.00393346639106169
TYW5	ENSG00000162971.10	-1.77448374789417	2.11419978819953	-4.33834290609566	0.000319498220226774	0.0081729527392499
ZNF606	ENSG00000166704.11	-1.77816959547322	1.20829305857505	-5.18552221753503	4.50456034798761e-05	0.00431430134116629
ELMOD2	ENSG00000179387.9	-1.77881144137664	2.3474363961415	-4.50910846496343	0.000214561636989981	0.0069091950857159
BTBD10	ENSG00000148925.10	-1.77893983948808	3.40870929474701	-4.7181089335652	0.00013203267920021	0.00572626016845018
MED31	ENSG00000108590.10	-1.7794376006372	0.353849755534588	-3.95961447368204	0.000774187202229973	0.0123348294074586
ZNF776	ENSG00000152443.12	-1.79073395245439	2.71920842845861	-5.49325702614105	2.24230020222317e-05	0.00341199494688804
TFB2M	ENSG00000162851.7	-1.79137279545753	0.964110775713993	-3.60612522924965	0.00176486703625082	0.0186961709158774
ENSG00000273486	ENSG00000273486.1	-1.79170796932196	-1.30353891685241	-3.36369205810788	0.00309189334984269	0.0255809377632452
ENSG00000279278	ENSG00000279278.1	-1.79851632466798	0.60586419935691	-3.72432589298138	0.0013406261054066	0.0165031640328494
FAM217B	ENSG00000196227.10	-1.79894569495849	2.79613405938192	-3.75913833838348	0.00123617468517937	0.0157564234484003
LINC01355	ENSG00000261326.2	-1.8020410578064	0.29442291360194	-3.51599012390809	0.0021752033009242	0.0210204201833223
MIR4453HG	ENSG00000268471.6	-1.80320230373431	-0.0819192675531338	-3.14144777713681	0.00514140541729635	0.0337426162558
LINC02397	ENSG00000205056.8	-1.80534907689214	1.15451641828916	-3.71199021306552	0.0013796996571278	0.0168386517035009
LINC01410	ENSG00000238113.6	-1.80822607465553	2.25239914926828	-4.02542936337755	0.000663806659680018	0.0115270085411839
ZNF788P	ENSG00000214189.8	-1.80994616163002	0.176235492385515	-3.26382161552109	0.00388872236000248	0.029151996529251
ZNF799	ENSG00000196466.10	-1.8106034307863	0.597317968115564	-3.46463505315404	0.00244964167552581	0.0224427788352558
ZBTB8OS	ENSG00000176261.15	-1.81171432227326	2.35474720614628	-4.4562315231419	0.000242686574903655	0.00722188275318135
STS	ENSG00000101846.6	-1.81240421289295	2.47299710974236	-5.1855365579236	4.50441296527465e-05	0.00431430134116629
ZFAND2A-DT	ENSG00000229043.2	-1.81874431253761	-0.219898954608588	-4.32285909812231	0.000331258767778973	0.00829925221898117
CACNA1E	ENSG00000198216.10	-1.81969165613648	3.097197597062	-3.68366789202075	0.00147373128872551	0.0174157516585977
NT5DC2	ENSG00000168268.10	-1.82278226567866	2.6516208149822	-3.65123762707898	0.00158921169741393	0.0179620228860047
CCDC18	ENSG00000122483.17	-1.83155064811484	0.652518844388693	-2.92295777465831	0.00841607507658016	0.0450403437745914
MRPL20-DT	ENSG00000272455.1	-1.83410536536647	-0.358705590992192	-3.19040357753715	0.00459909837052455	0.0318100712038156
FPGT	ENSG00000254685.6	-1.8343288477431	1.80721311605973	-4.20595792047811	0.000435277918398742	0.00944902822653944
GGH	ENSG00000137563.11	-1.83779854923988	1.8954488563543	-3.99347594661991	0.00071528354273855	0.0118966945043286
RAMAC	ENSG00000169612.3	-1.84380963885629	1.26243322321173	-5.69684726665371	1.42102840538476e-05	0.00319934323120511
FASTKD3	ENSG00000124279.11	-1.8444114804823	0.950710570367174	-4.43653193871843	0.000254089875162561	0.0074392611318266
MREG	ENSG00000118242.15	-1.84628415092058	1.26898053028619	-3.38611942639354	0.00293626646200277	0.0249669926223424
GTF2E1	ENSG00000153767.9	-1.85907297535457	1.65823465625028	-5.14881531657161	4.89836596775701e-05	0.00431430134116629
ENSG00000276073	ENSG00000276073.1	-1.86009018288047	-0.855543120479133	-4.45939298862902	0.000240905126308717	0.00722188275318135
SIRT5	ENSG00000124523.15	-1.86604415298456	3.51142997573501	-4.21149529383467	0.000429681328130946	0.00940963858043437
KLHL2	ENSG00000109466.13	-1.87212084875497	4.5316465033382	-3.07851929197027	0.00593034291579453	0.0367626465506624
MOXD1	ENSG00000079931.14	-1.87589583233414	-1.07789334837588	-3.00050906237682	0.007072137788879	0.0406482685996316
LRIF1	ENSG00000121931.15	-1.88066533176982	2.39973928518445	-4.64413209276534	0.000156749119764662	0.00608846580980636
NETO2	ENSG00000171208.9	-1.88256976292086	2.24457429966854	-4.79148143213335	0.000111406069335686	0.00551796504494873
KLLN	ENSG00000227268.3	-1.88591863020449	-0.130822629021468	-2.84988194737843	0.00990485788251189	0.0497095213688798
ALDH8A1	ENSG00000118514.13	-1.88755480229914	-1.32191242229654	-3.53834337732365	0.00206542446445407	0.0204190657035111
PAPLN	ENSG00000100767.15	-1.89235113102929	1.29415067704762	-5.82578926626103	1.0670470807279e-05	0.00305352074747812
PAK1IP1	ENSG00000111845.4	-1.89311520849737	1.16187431686373	-3.73386663841169	0.00131115945722274	0.0163478881578538
DOLK	ENSG00000175283.7	-1.90440003001	0.8740795693156	-4.78635332940287	0.000112735329252575	0.005521968416303
MOCS3	ENSG00000124217.4	-1.90537119615607	0.958914262374383	-5.30953529162546	3.39687582123276e-05	0.00394241808641709
MEF2A	ENSG00000068305.17	-1.90921733307378	4.84183021582806	-4.64905194264045	0.000154968951709832	0.00608846580980636
ZNF772	ENSG00000197128.11	-1.91624868886563	-0.112986953372077	-3.54352841915221	0.00204075095549446	0.0202974960263465
ZNF518A	ENSG00000177853.14	-1.91775625871117	2.54617844277397	-4.30147063443126	0.000348222913848818	0.00842585280066975
BAZ1A-AS1	ENSG00000258738.1	-1.91816178265028	0.568692513718229	-4.10752046068531	0.000547894790405938	0.0105025027355736
ENSG00000145075	ENSG00000145075.11	-1.92553461702457	-1.2744343038524	-3.66989980444256	0.00152170691512835	0.0177103471553877
ZKSCAN7	ENSG00000196345.12	-1.92771700261906	0.627708950772956	-3.66790803394261	0.00152877412996182	0.0177103471553877
SMAD1	ENSG00000170365.9	-1.93254421973507	0.0208765718129827	-3.06522476692842	0.00611143421265177	0.0373747112068948
CPT2	ENSG00000157184.6	-1.94166098483104	1.62070739568529	-5.77934233788156	1.1827848593412e-05	0.00313681792932899
BRCA1	ENSG00000012048.20	-1.94899758341311	2.22737928476769	-5.61440913168622	1.70835127711714e-05	0.00326408764393466
ZNF137P	ENSG00000123870.10	-1.95698459847298	-0.430690508301316	-5.15814686930594	4.79504870450222e-05	0.00431430134116629
CDC6	ENSG00000094804.9	-1.95923365410968	1.29350720908932	-3.18941249792101	0.00460950378750448	0.0318535885483159
CDC123	ENSG00000151465.13	-1.96021367861338	5.3274345107623	-5.09558900526729	5.5325177642715e-05	0.00436369826758488
SCUBE3-AS1	ENSG00000272374.1	-1.96400235680509	-0.692800111555399	-3.86864077983359	0.000957489274819096	0.013707605913026
DDIAS	ENSG00000165490.12	-1.98521063128505	0.942109241678954	-5.13530317182459	5.05199737515464e-05	0.00431965210237561
HAT1	ENSG00000128708.12	-1.98896581701264	3.44006271596701	-4.84921516579643	9.74918601228595e-05	0.00525907683486014
ENSG00000268970	ENSG00000268970.1	-1.99238996531216	-1.48281070783062	-4.01718550258807	0.000676722377720159	0.0116009550466313
C12orf60	ENSG00000182993.3	-1.99791115306558	-1.38246973712651	-3.45220106722974	0.00252105015942385	0.0227475605127795
EHHADH	ENSG00000113790.10	-1.99928254826289	-1.19556778258344	-3.02349820686914	0.00671524337491045	0.0396010020290837
DRAM1	ENSG00000136048.13	-2.00425109772218	3.93210753521631	-4.08314270863043	0.000580026452498962	0.0108574842145667
IFT56	ENSG00000105948.13	-2.01377887569924	0.288012989077636	-4.94617757155305	7.79633290927623e-05	0.00495298883175772
QNG1	ENSG00000165118.14	-2.02968864158125	1.553272572953	-5.63372873913784	1.63608389214614e-05	0.00326408764393466
ZNF436-AS1	ENSG00000249087.6	-2.03411003041812	-1.35028300986276	-3.17653151199699	0.00474684384477841	0.0322975989272983
BTLA	ENSG00000186265.9	-2.03718570152587	1.49084386730575	-3.0297138644133	0.00662177659819995	0.039283529979675
NUDT5	ENSG00000165609.12	-2.0444899018632	5.04250275274706	-6.96092587885201	9.3634780940138e-07	0.00161936906144874
BCDIN3D	ENSG00000186666.5	-2.05021750780348	0.330626261579695	-5.12665740648725	5.15286066789888e-05	0.00434606991189643
POLI	ENSG00000101751.10	-2.05800717873564	2.00122046192405	-5.11207937073695	5.32759110573905e-05	0.00436369826758488
IRF2BPL	ENSG00000119669.4	-2.06461400436718	4.83225860670139	-3.72501475707499	0.00133847673555462	0.0165031640328494
BBS10	ENSG00000179941.6	-2.06678205129282	0.824559457224533	-5.94719559444437	8.16215207446807e-06	0.00267718588042553
ENSG00000269399	ENSG00000269399.2	-2.08627813535661	-0.452294197323922	-4.34024883514698	0.000318079898979274	0.00816497271118972
PUDP	ENSG00000130021.13	-2.08866537473355	2.53325951078743	-5.97217132272244	7.72605389714013e-06	0.00267718588042553
IDH1	ENSG00000138413.13	-2.08908814141875	4.01687846236893	-4.58362966798268	0.000180406502341023	0.00651051338521639
MASP2	ENSG00000009724.16	-2.08914105939631	-1.15437920549917	-6.21426531325866	4.5553453706111e-06	0.00242142539269817
ENSG00000272335	ENSG00000272335.1	-2.10963545771146	-0.768807842350569	-3.64305697369805	0.00161972861610415	0.0180737046666513
ZSWIM3	ENSG00000132801.6	-2.11438480010019	1.03422731012908	-5.03090023761999	6.41685571726864e-05	0.00458907756628665
C1GALT1C1	ENSG00000171155.7	-2.11751004866766	2.54548475311383	-4.3651056931852	0.000300151522191867	0.00803937529284044
SMG8	ENSG00000167447.12	-2.13353834234662	2.26091649864824	-5.65243810777735	1.56907590345398e-05	0.00326408764393466
TXNDC5	ENSG00000239264.8	-2.13906620480957	5.73209913529554	-5.81224719626156	1.09954132256403e-05	0.00305352074747812
CDK5R1	ENSG00000176749.8	-2.14151650919351	2.70693070587493	-4.27529868912286	0.000370172771904665	0.0086643168472164
LACTB2	ENSG00000147592.8	-2.14275918745343	0.0519989362546096	-3.97743219813136	0.000742613307401773	0.0121518541211199
ZNF396	ENSG00000186496.10	-2.14286469381798	-0.352875150242846	-2.90403385802202	0.00877955693353614	0.0461489531121771
IL17RB	ENSG00000056736.9	-2.15877163739294	-0.146035017298979	-2.92361600266022	0.00840369613428536	0.0449904080312122
NECAB1	ENSG00000123119.11	-2.16757879707832	0.406069542609221	-3.0621304425415	0.0061543453884288	0.0375054244150326
AIM2	ENSG00000163568.14	-2.17552317832007	2.84084429937734	-4.45845793104482	0.000241430644335989	0.00722188275318135
NUDT16	ENSG00000198585.11	-2.17980769378567	5.24759369942373	-3.69896163844316	0.00142219338837111	0.0170516076083769
ENSG00000267194	ENSG00000267194.1	-2.18203842679927	1.83362294360788	-3.02304180197634	0.00672215649221225	0.0396242131889189
BRI3BP	ENSG00000184992.10	-2.19269050969856	2.77294870602584	-4.8880503822923	8.91355403576508e-05	0.00516913574744401
MTFR2	ENSG00000146410.11	-2.20270960053096	0.177037286357301	-3.47139685625589	0.00241164729720713	0.0222535796248052
ZNF443	ENSG00000180855.15	-2.20372647531514	-0.0252274967488258	-3.55910828278532	0.00196834788169955	0.0199066521452501
KIAA1614	ENSG00000135835.11	-2.20579223772498	-0.180065641033408	-4.28234036825467	0.00036413398360736	0.00865477874081262
ZNF594	ENSG00000180626.9	-2.21169070861679	-0.414736633484279	-3.47719204066353	0.00237954598366992	0.0221606717100598
ENSG00000248406	ENSG00000248406.1	-2.21374179849103	-1.34607620234004	-3.92165740133882	0.0008459815754535	0.0128994711298488
CC2D2B	ENSG00000188649.12	-2.21587206858949	-0.660846926891847	-4.09674316967126	0.000561874458733665	0.0107009896914954
ALCAM	ENSG00000170017.12	-2.22532232794494	3.61059290410212	-3.17733225619695	0.00473819129841969	0.0322975989272983
PARS2	ENSG00000162396.5	-2.22931421471761	-0.519427994685893	-3.92501282877165	0.000839376197524182	0.01286305942571
HROB	ENSG00000125319.14	-2.23474273635996	1.22300753835868	-5.82567881494633	1.06730809345512e-05	0.00305352074747812
MED18	ENSG00000130772.13	-2.25401837712501	2.85506657269321	-4.63941418397027	0.000158475620578294	0.00613636574305182
WNT5B	ENSG00000111186.12	-2.2715523923138	-0.271938961438407	-3.2096683389891	0.00440131992366223	0.0310373891944305
ZNF425	ENSG00000204947.8	-2.29514205319512	-0.713307254973915	-4.2283808604591	0.000413056677558871	0.00919782894336892
JCHAIN	ENSG00000132465.10	-2.29733230476996	4.99999746484411	-4.37950017293802	0.00029023746188871	0.00790388364848223
NAT1	ENSG00000171428.13	-2.33117567011809	0.19104652924543	-4.01436738772837	0.000681194839192589	0.011650562950733
PAN3-AS1	ENSG00000261485.1	-2.35858312540929	-0.438204909920674	-4.1888822089145	0.000453000504375286	0.00964832243085025
B3GALT9	ENSG00000214654.7	-2.3626375854344	-1.55005376519001	-4.46937169784594	0.000235368167395671	0.00719356267155619
NPIPB2	ENSG00000234719.8	-2.38042745634916	-1.69321657269223	-3.72853339537509	0.00132755116518124	0.0164392434557472
IFT70B	ENSG00000196659.9	-2.38198121393284	-0.720057029399314	-5.14874707258407	4.89912983453171e-05	0.00431430134116629
ENSG00000274460	ENSG00000274460.1	-2.38383553936177	-0.89191270147041	-3.8239070194301	0.00106286846604527	0.0144975464759132
ARHGEF2-AS2	ENSG00000273002.1	-2.38490662950786	0.535049913901488	-5.44001486741012	2.52822457602921e-05	0.00357836536908022
CENPBD1P	ENSG00000177946.5	-2.39538031777174	-0.0547915341379569	-5.7617309232812	1.22996142771645e-05	0.00318495274966575
NUDT16L2P	ENSG00000246082.2	-2.42342007973758	0.830760461834598	-3.53276096167837	0.00209231764335187	0.0206021403708296
KBTBD6-DT	ENSG00000278390.4	-2.42486796538194	-1.78877677867915	-4.2667621947173	0.000377628445594514	0.00869887110431936
FAM174B	ENSG00000185442.12	-2.44842602063841	0.761182199163902	-3.31979549579004	0.00342023563677475	0.0272143816705096
ENSG00000270091	ENSG00000270091.1	-2.45491251595093	-1.19422971790399	-3.7970382459423	0.00113162313968868	0.014980051607
RMI1	ENSG00000178966.16	-2.49816519748313	1.49712913704255	-5.80943639054834	1.10641184327027e-05	0.00305352074747812
LINC02363	ENSG00000180712.3	-2.51132304124318	-0.904297689346068	-3.65054953150436	0.00159175649965408	0.0179620228860047
HK2-DT	ENSG00000272711.1	-2.55156501578435	-1.5832997359268	-4.27154219313842	0.000373435274217377	0.00867806779888767
FSD1L	ENSG00000106701.11	-2.57584895923285	0.371257179436888	-3.2546370035626	0.00397135866405396	0.0295449868354015
ENSG00000280173	ENSG00000280173.1	-2.58581739764785	-1.75379169761705	-4.94797709043274	7.76410845364752e-05	0.00495298883175772
MAB21L3	ENSG00000173212.4	-2.63827183060527	-1.61248115876921	-4.11635648693483	0.000536693180407513	0.0103821642762974
SPC25	ENSG00000152253.8	-2.66411927458011	-0.615522633506221	-2.88908668719108	0.00907726754193965	0.0471596159517879
DUT-AS1	ENSG00000259488.2	-2.67891833271573	-1.65580047483323	-3.02059614369002	0.00675931792451019	0.0397321913842176
SGO2	ENSG00000163535.17	-2.69231472037617	0.046866712203153	-2.99479006871603	0.00716372703245422	0.0410104445868297
SHCBP1	ENSG00000171241.8	-2.72540565419778	1.22106943591311	-3.80799796692329	0.00110306033824208	0.014828024218992
BCAT1	ENSG00000060982.14	-2.7898982658986	3.62077250678236	-6.07396592320751	6.18163408635204e-06	0.00248515905447183
HECW2	ENSG00000138411.10	-2.79609142877112	1.10079940924593	-4.60535402150998	0.000171523149222634	0.00633996927704905
AFTPH-DT	ENSG00000260101.1	-2.81977381209463	-1.43400538574283	-3.56727098806348	0.00193143142210849	0.0197150261343854
ZNF608	ENSG00000168916.15	-2.87238670192293	1.94730153021631	-4.14175082492897	0.000505759728493192	0.0101210623256481
SAMD15	ENSG00000100583.4	-2.88487250487902	-2.34634810080244	-3.03782625616626	0.0065016778909411	0.0387893151456308
LUNAR1	ENSG00000278090.1	-2.90399554417648	-0.918285353773123	-3.61822645077434	0.0017159482589547	0.0184467562288211
TLR10	ENSG00000174123.10	-2.91791934416261	2.90314628812834	-6.00495696285726	7.18957872746855e-06	0.00265416930455918
ECHDC3	ENSG00000134463.14	-2.96431251634349	2.89756730216057	-3.36262857068111	0.00309947044464028	0.0256148845256946
ADGRG2	ENSG00000173698.17	-2.98335781517704	-3.01474680039931	-3.39411177522362	0.00288268405606028	0.0246848217116122
MACIR	ENSG00000181751.9	-3.09282555259854	2.52316065918334	-4.66867524652778	0.000148069430331822	0.0059708989124193
KBTBD7	ENSG00000120696.8	-3.1364718346542	2.46801989502941	-4.30840173149944	0.000342632075449009	0.00835777461891087
LINC03034	ENSG00000259772.6	-3.20297917805657	0.759905057643203	-4.07539030271125	0.000590634446046792	0.0109245168216174
SMN2	ENSG00000205571.13	-3.32194426771765	-1.93817387501547	-3.16405650237781	0.00488364556684721	0.0327627425230915
MAP10	ENSG00000212916.4	-3.35908231467479	-1.984349207147	-4.99824695511487	6.91650321415052e-05	0.00474825988097031
GPER1	ENSG00000164850.14	-3.42429001755078	1.5905458657907	-5.17933971442973	4.56856000169501e-05	0.00431430134116629
KL	ENSG00000133116.7	-3.53697533194254	-1.53709162249821	-3.50071573409712	0.00225350232590817	0.0214453219409443
TNFRSF17	ENSG00000048462.10	-3.66381220724448	0.122664452307485	-2.95930205258809	0.00775816665433545	0.0429837256940721
KCNMA1	ENSG00000156113.22	-4.07227668129917	1.6771204789248	-4.87498995216198	9.18615449445701e-05	0.00520694428588582
